  4.1108541e+005  4.1184794e+006 -1.7621000e+000
  4.1108539e+005  4.1184794e+006 -1.6729000e+000
  4.1108538e+005  4.1184794e+006 -1.6219000e+000
  4.1108509e+005  4.1184795e+006 -1.4425000e+000
  4.1108564e+005  4.1184794e+006 -1.3871000e+000
  4.1108575e+005  4.1184789e+006 -5.1520000e-001
  4.1108715e+005  4.1184787e+006 -3.3360000e-001
  4.1109004e+005  4.1184771e+006 -3.3650000e-001
  4.1109392e+005  4.1184758e+006 -2.7910000e-001
  4.1109758e+005  4.1184748e+006 -4.9850000e-001
  4.1110123e+005  4.1184742e+006 -4.1780000e-001
  4.1110444e+005  4.1184728e+006 -2.6570000e-001
  4.1110729e+005  4.1184704e+006 -4.1370000e-001
  4.1110959e+005  4.1184667e+006 -2.3680000e-001
  4.1111042e+005  4.1184620e+006 -2.8600000e-001
  4.1110969e+005  4.1184572e+006 -2.8300000e-001
  4.1110733e+005  4.1184528e+006 -1.3270000e-001
  4.1110733e+005  4.1184528e+006 -1.3270000e-001
  4.1109984e+005  4.1184493e+006  5.4151000e+000
  4.1109583e+005  4.1184487e+006  4.9049000e+000
  4.1109222e+005  4.1184485e+006  5.1690000e+000
  4.1108859e+005  4.1184488e+006  5.4280000e+000
  4.1108572e+005  4.1184490e+006  5.4937000e+000
  4.1108142e+005  4.1184501e+006  5.2157000e+000
  4.1107779e+005  4.1184496e+006  5.2201000e+000
  4.1107426e+005  4.1184490e+006  5.9668000e+000
  4.1107006e+005  4.1184494e+006  4.9584000e+000
  4.1106720e+005  4.1184508e+006  4.9368000e+000
  4.1106378e+005  4.1184504e+006  4.8653000e+000
  4.1106124e+005  4.1184501e+006  5.1329000e+000
  4.1105928e+005  4.1184507e+006  5.1520000e+000
  4.1105679e+005  4.1184521e+006  5.0747000e+000
  4.1105455e+005  4.1184534e+006  4.9179000e+000
  4.1105178e+005  4.1184539e+006  4.8612000e+000
  4.1104831e+005  4.1184549e+006  5.1920000e+000
  4.1104494e+005  4.1184546e+006  5.3043000e+000
  4.1104257e+005  4.1184551e+006  5.5063000e+000
  4.1104003e+005  4.1184559e+006  4.8860000e+000
  4.1103814e+005  4.1184572e+006  5.0596000e+000
  4.1103495e+005  4.1184566e+006  5.0758000e+000
  4.1103220e+005  4.1184577e+006  5.1239000e+000
  4.1102956e+005  4.1184580e+006  5.2908000e+000
  4.1102528e+005  4.1184596e+006  5.3319000e+000
  4.1102109e+005  4.1184620e+006  5.3923000e+000
  4.1101730e+005  4.1184645e+006  5.2758000e+000
  4.1101404e+005  4.1184680e+006  5.1068000e+000
  4.1101133e+005  4.1184703e+006  5.0685000e+000
  4.1100826e+005  4.1184726e+006  5.0762000e+000
  4.1100563e+005  4.1184748e+006  5.5770000e+000
  4.1100282e+005  4.1184758e+006  6.0343000e+000
  4.1099949e+005  4.1184769e+006  6.1503000e+000
  4.1099634e+005  4.1184788e+006  5.5918000e+000
  4.1099391e+005  4.1184793e+006  4.9930000e+000
  4.1099052e+005  4.1184812e+006  5.2387000e+000
  4.1098750e+005  4.1184825e+006  5.0801000e+000
  4.1098401e+005  4.1184810e+006  5.8573000e+000
  4.1098119e+005  4.1184823e+006  6.4786000e+000
  4.1097876e+005  4.1184822e+006  5.8798000e+000
  4.1097636e+005  4.1184825e+006  5.6118000e+000
  4.1097539e+005  4.1184818e+006  5.7481000e+000
  4.1097548e+005  4.1184818e+006  5.7074000e+000
  4.1097543e+005  4.1184819e+006  5.7153000e+000
  4.1097486e+005  4.1184817e+006  5.6462000e+000
  4.1097196e+005  4.1184813e+006  5.1028000e+000
  4.1097070e+005  4.1184824e+006  4.7501000e+000
  4.1097079e+005  4.1184826e+006  4.6299000e+000
  4.1097009e+005  4.1184829e+006  4.6756000e+000
  4.1096732e+005  4.1184828e+006  4.8685000e+000
  4.1096613e+005  4.1184829e+006  5.3424000e+000
  4.1096624e+005  4.1184828e+006  5.3042000e+000
  4.1096624e+005  4.1184829e+006  5.2791000e+000
  4.1096605e+005  4.1184833e+006  5.2933000e+000
  4.1096410e+005  4.1184843e+006  4.7477000e+000
  4.1096074e+005  4.1184848e+006  5.2183000e+000
  4.1095819e+005  4.1184863e+006  4.7964000e+000
  4.1095966e+005  4.1184886e+006  5.0648000e+000
  4.1095959e+005  4.1184911e+006  5.3209000e+000
  4.1095659e+005  4.1184919e+006  5.9719000e+000
  4.1095324e+005  4.1184924e+006  5.7863000e+000
  4.1095028e+005  4.1184946e+006  5.5475000e+000
  4.1094679e+005  4.1184948e+006  5.6393000e+000
  4.1094358e+005  4.1184944e+006  5.4819000e+000
  4.1094195e+005  4.1184926e+006  4.9625000e+000
  4.1093843e+005  4.1184921e+006  5.2413000e+000
  4.1093787e+005  4.1184907e+006  5.7770000e+000
  4.1093775e+005  4.1184902e+006  5.9188000e+000
  4.1093673e+005  4.1184908e+006  5.8816000e+000
  4.1093469e+005  4.1184884e+006  7.3756000e+000
  4.1093162e+005  4.1184861e+006  7.0814000e+000
  4.1092991e+005  4.1184828e+006  6.2632000e+000
  4.1092841e+005  4.1184823e+006  5.5100000e+000
  4.1092513e+005  4.1184799e+006  5.8036000e+000
  4.1092188e+005  4.1184771e+006  5.7592000e+000
  4.1091734e+005  4.1184765e+006  5.5092000e+000
  4.1091310e+005  4.1184762e+006  5.4736000e+000
  4.1090971e+005  4.1184744e+006  5.6099000e+000
  4.1090535e+005  4.1184740e+006  5.4448000e+000
  4.1090237e+005  4.1184731e+006  5.3870000e+000
  4.1089984e+005  4.1184726e+006  4.8744000e+000
  4.1089887e+005  4.1184721e+006  4.8848000e+000
  4.1089849e+005  4.1184718e+006  4.8715000e+000
  4.1089855e+005  4.1184719e+006  4.8835000e+000
  4.1089866e+005  4.1184720e+006  4.8866000e+000
  4.1089869e+005  4.1184719e+006  4.8960000e+000
  4.1089866e+005  4.1184721e+006  4.9280000e+000
  4.1089874e+005  4.1184732e+006  5.1696000e+000
  4.1089899e+005  4.1184733e+006  5.1522000e+000
  4.1089878e+005  4.1184731e+006  5.1775000e+000
  4.1090062e+005  4.1184731e+006  5.2049000e+000
  4.1090470e+005  4.1184744e+006  5.3717000e+000
  4.1090969e+005  4.1184746e+006  5.5295000e+000
  4.1091429e+005  4.1184766e+006  5.4386000e+000
  4.1091916e+005  4.1184773e+006  5.4981000e+000
  4.1092310e+005  4.1184795e+006  5.5884000e+000
  4.1092529e+005  4.1184818e+006  5.3795000e+000
  4.1092864e+005  4.1184817e+006  6.1365000e+000
  4.1093073e+005  4.1184845e+006  6.7015000e+000
  4.1093182e+005  4.1184879e+006  7.2476000e+000
  4.1093649e+005  4.1184883e+006  6.9328000e+000
  4.1093987e+005  4.1184868e+006  6.3610000e+000
  4.1094154e+005  4.1184911e+006  4.9939000e+000
  4.1094419e+005  4.1184943e+006  5.4008000e+000
  4.1094658e+005  4.1184951e+006  5.5545000e+000
  4.1094989e+005  4.1184950e+006  5.3733000e+000
  4.1095282e+005  4.1184931e+006  5.4057000e+000
  4.1095565e+005  4.1184919e+006  6.2332000e+000
  4.1095907e+005  4.1184917e+006  5.4512000e+000
  4.1096016e+005  4.1184888e+006  5.5068000e+000
  4.1095900e+005  4.1184877e+006  4.8853000e+000
  4.1095959e+005  4.1184859e+006  4.8641000e+000
  4.1096083e+005  4.1184838e+006  5.2627000e+000
  4.1096263e+005  4.1184845e+006  4.8924000e+000
  4.1096584e+005  4.1184840e+006  5.3689000e+000
  4.1096691e+005  4.1184831e+006  5.3235000e+000
  4.1096756e+005  4.1184828e+006  4.7790000e+000
  4.1096930e+005  4.1184828e+006  4.9540000e+000
  4.1096966e+005  4.1184828e+006  4.8441000e+000
  4.1097126e+005  4.1184822e+006  4.8625000e+000
  4.1097350e+005  4.1184821e+006  5.1749000e+000
  4.1097707e+005  4.1184841e+006  5.0988000e+000
  4.1097909e+005  4.1184826e+006  5.8244000e+000
  4.1098208e+005  4.1184824e+006  6.4639000e+000
  4.1098544e+005  4.1184817e+006  5.5715000e+000
  4.1098854e+005  4.1184810e+006  5.6963000e+000
  4.1098826e+005  4.1184809e+006  5.7881000e+000
  4.1098827e+005  4.1184819e+006  5.4652000e+000
  4.1099139e+005  4.1184800e+006  5.7851000e+000
  4.1099478e+005  4.1184781e+006  5.9346000e+000
  4.1099882e+005  4.1184775e+006  5.8135000e+000
  4.1100137e+005  4.1184765e+006  5.8729000e+000
  4.1100505e+005  4.1184761e+006  5.4855000e+000
  4.1100806e+005  4.1184739e+006  5.0578000e+000
  4.1100860e+005  4.1184723e+006  5.1813000e+000
  4.1101139e+005  4.1184697e+006  5.2098000e+000
  4.1101480e+005  4.1184670e+006  5.1356000e+000
  4.1101863e+005  4.1184635e+006  5.3345000e+000
  4.1102297e+005  4.1184607e+006  5.5580000e+000
  4.1102820e+005  4.1184588e+006  5.3516000e+000
  4.1103205e+005  4.1184582e+006  5.1017000e+000
  4.1108643e+005  4.1184804e+006  3.9948000e+000
  4.1108642e+005  4.1184804e+006  3.9839000e+000
  4.1108643e+005  4.1184804e+006  3.9880000e+000
  4.1108640e+005  4.1184804e+006  3.9890000e+000
  4.1108637e+005  4.1184804e+006  3.9892000e+000
  4.1108642e+005  4.1184804e+006  3.9894000e+000
  4.1108630e+005  4.1184803e+006  3.9798000e+000
  4.1108628e+005  4.1184803e+006  3.9822000e+000
  4.1108629e+005  4.1184803e+006  3.9815000e+000
  4.1108673e+005  4.1184800e+006  4.0476000e+000
  4.1108656e+005  4.1184802e+006  4.3539000e+000
  4.1108647e+005  4.1184802e+006  4.5593000e+000
  4.1108615e+005  4.1184798e+006  4.4952000e+000
  4.1108656e+005  4.1184799e+006  4.4483000e+000
  4.1108625e+005  4.1184797e+006  4.4530000e+000
  4.1108624e+005  4.1184796e+006  4.4311000e+000
  4.1108633e+005  4.1184797e+006  4.3703000e+000
  4.1108648e+005  4.1184798e+006  4.3077000e+000
  4.1108636e+005  4.1184797e+006  4.4131000e+000
  4.1108633e+005  4.1184798e+006  4.0733000e+000
  4.1108641e+005  4.1184800e+006  4.0263000e+000
  4.1108636e+005  4.1184800e+006  4.0676000e+000
  4.1108630e+005  4.1184800e+006  3.9560000e+000
  4.1108645e+005  4.1184801e+006  4.0236000e+000
  4.1108623e+005  4.1184802e+006  4.5702000e+000
  4.1108620e+005  4.1184803e+006  4.6601000e+000
  4.1108618e+005  4.1184803e+006  4.4528000e+000
  4.1108599e+005  4.1184803e+006  4.5402000e+000
  4.1108606e+005  4.1184804e+006  4.5983000e+000
  4.1108612e+005  4.1184802e+006  4.5757000e+000
  4.1108613e+005  4.1184802e+006  4.5790000e+000
  4.1108609e+005  4.1184802e+006  4.5619000e+000
  4.1108605e+005  4.1184802e+006  4.5309000e+000
  4.1108592e+005  4.1184801e+006  4.5636000e+000
  4.1108593e+005  4.1184800e+006  4.5786000e+000
  4.1108593e+005  4.1184801e+006  4.5682000e+000
  4.1108519e+005  4.1184804e+006  4.7907000e+000
  4.1108536e+005  4.1184805e+006  4.7836000e+000
  4.1108367e+005  4.1184839e+006  4.6112000e+000
  4.1108083e+005  4.1184876e+006  4.6414000e+000
  4.1107891e+005  4.1184918e+006  4.6655000e+000
  4.1107620e+005  4.1184953e+006  4.7367000e+000
  4.1107643e+005  4.1184956e+006  4.7081000e+000
  4.1107623e+005  4.1184956e+006  4.6852000e+000
  4.1107522e+005  4.1184986e+006  4.8075000e+000
  4.1107422e+005  4.1185032e+006  4.7887000e+000
  4.1107255e+005  4.1185082e+006  4.8132000e+000
  4.1107072e+005  4.1185127e+006  4.8649000e+000
  4.1107140e+005  4.1185168e+006  4.8897000e+000
  4.1107356e+005  4.1185205e+006  4.9383000e+000
  4.1107687e+005  4.1185247e+006  4.7285000e+000
  4.1108021e+005  4.1185285e+006  4.7795000e+000
  4.1108180e+005  4.1185328e+006  4.6712000e+000
  4.1108193e+005  4.1185378e+006  4.7850000e+000
  4.1107831e+005  4.1185396e+006  4.8418000e+000
  4.1107313e+005  4.1185397e+006  4.9236000e+000
  4.1106870e+005  4.1185391e+006  5.0314000e+000
  4.1106401e+005  4.1185379e+006  5.0191000e+000
  4.1105959e+005  4.1185372e+006  5.0725000e+000
  4.1105555e+005  4.1185373e+006  5.0910000e+000
  4.1105374e+005  4.1185417e+006  4.9537000e+000
  4.1105242e+005  4.1185463e+006  4.8724000e+000
  4.1105106e+005  4.1185506e+006  4.8464000e+000
  4.1105002e+005  4.1185560e+006  4.8533000e+000
  4.1104878e+005  4.1185605e+006  4.8941000e+000
  4.1104732e+005  4.1185645e+006  4.8403000e+000
  4.1104504e+005  4.1185692e+006  4.8363000e+000
  4.1104354e+005  4.1185735e+006  4.8623000e+000
  4.1104143e+005  4.1185777e+006  4.8130000e+000
  4.1103905e+005  4.1185817e+006  4.7472000e+000
  4.1103843e+005  4.1185861e+006  4.8598000e+000
  4.1103531e+005  4.1185894e+006  4.8067000e+000
  4.1103378e+005  4.1185933e+006  4.7632000e+000
  4.1103243e+005  4.1185974e+006  4.7664000e+000
  4.1102942e+005  4.1186006e+006  4.9006000e+000
  4.1102780e+005  4.1186048e+006  4.9771000e+000
  4.1102569e+005  4.1186094e+006  4.9336000e+000
  4.1102339e+005  4.1186134e+006  4.9488000e+000
  4.1102100e+005  4.1186176e+006  5.0306000e+000
  4.1101801e+005  4.1186210e+006  4.8803000e+000
  4.1101497e+005  4.1186249e+006  4.8658000e+000
  4.1101347e+005  4.1186292e+006  4.8914000e+000
  4.1101091e+005  4.1186331e+006  4.8491000e+000
  4.1100818e+005  4.1186363e+006  4.7983000e+000
  4.1100523e+005  4.1186409e+006  4.8296000e+000
  4.1100211e+005  4.1186449e+006  4.7501000e+000
  4.1099984e+005  4.1186493e+006  4.8920000e+000
  4.1099814e+005  4.1186547e+006  4.8466000e+000
  4.1099668e+005  4.1186595e+006  4.8307000e+000
  4.1099453e+005  4.1186647e+006  4.9056000e+000
  4.1099351e+005  4.1186691e+006  4.9455000e+000
  4.1099246e+005  4.1186734e+006  5.0243000e+000
  4.1099070e+005  4.1186781e+006  5.0175000e+000
  4.1098883e+005  4.1186824e+006  5.0802000e+000
  4.1098644e+005  4.1186861e+006  5.0496000e+000
  4.1098344e+005  4.1186898e+006  4.9596000e+000
  4.1098198e+005  4.1186941e+006  5.0288000e+000
  4.1097974e+005  4.1186979e+006  5.0061000e+000
  4.1097824e+005  4.1187019e+006  5.0250000e+000
  4.1097740e+005  4.1187068e+006  4.9536000e+000
  4.1097659e+005  4.1187115e+006  4.9342000e+000
  4.1097497e+005  4.1187164e+006  5.0144000e+000
  4.1097352e+005  4.1187208e+006  4.9627000e+000
  4.1097145e+005  4.1187252e+006  4.9729000e+000
  4.1096937e+005  4.1187298e+006  4.9103000e+000
  4.1096684e+005  4.1187335e+006  4.9300000e+000
  4.1096457e+005  4.1187371e+006  5.0086000e+000
  4.1096184e+005  4.1187404e+006  5.0759000e+000
  4.1096073e+005  4.1187446e+006  4.9399000e+000
  4.1095929e+005  4.1187493e+006  4.9346000e+000
  4.1095620e+005  4.1187540e+006  4.8895000e+000
  4.1095087e+005  4.1187556e+006  4.8936000e+000
  4.1094658e+005  4.1187596e+006  4.9000000e+000
  4.1094283e+005  4.1187641e+006  4.9221000e+000
  4.1093954e+005  4.1187679e+006  4.9260000e+000
  4.1093718e+005  4.1187725e+006  4.9613000e+000
  4.1093424e+005  4.1187767e+006  4.9766000e+000
  4.1093211e+005  4.1187809e+006  4.9816000e+000
  4.1092951e+005  4.1187847e+006  4.9523000e+000
  4.1092616e+005  4.1187884e+006  4.9444000e+000
  4.1092328e+005  4.1187926e+006  5.0254000e+000
  4.1092001e+005  4.1187968e+006  4.8810000e+000
  4.1091886e+005  4.1188014e+006  4.9247000e+000
  4.1091588e+005  4.1188055e+006  4.9217000e+000
  4.1091104e+005  4.1188066e+006  4.9285000e+000
  4.1090696e+005  4.1188098e+006  4.9115000e+000
  4.1090351e+005  4.1188125e+006  5.0910000e+000
  4.1090239e+005  4.1188140e+006  4.9647000e+000
  4.1090153e+005  4.1188160e+006  5.0653000e+000
  4.1089865e+005  4.1188191e+006  4.9579000e+000
  4.1089582e+005  4.1188223e+006  4.9462000e+000
  4.1089238e+005  4.1188258e+006  4.9848000e+000
  4.1088953e+005  4.1188293e+006  5.0306000e+000
  4.1088624e+005  4.1188328e+006  5.0910000e+000
  4.1088275e+005  4.1188359e+006  4.8515000e+000
  4.1087973e+005  4.1188394e+006  4.8264000e+000
  4.1087735e+005  4.1188430e+006  4.7878000e+000
  4.1087424e+005  4.1188467e+006  4.7895000e+000
  4.1087123e+005  4.1188508e+006  4.6753000e+000
  4.1086829e+005  4.1188545e+006  4.8034000e+000
  4.1086496e+005  4.1188579e+006  4.7643000e+000
  4.1086224e+005  4.1188618e+006  4.7561000e+000
  4.1085992e+005  4.1188656e+006  4.8450000e+000
  4.1085787e+005  4.1188689e+006  4.7160000e+000
  4.1085500e+005  4.1188725e+006  4.6707000e+000
  4.1085256e+005  4.1188765e+006  4.7504000e+000
  4.1085011e+005  4.1188803e+006  4.7634000e+000
  4.1084718e+005  4.1188840e+006  4.8151000e+000
  4.1084472e+005  4.1188886e+006  4.7666000e+000
  4.1084219e+005  4.1188929e+006  4.6939000e+000
  4.1083890e+005  4.1188969e+006  4.8209000e+000
  4.1083442e+005  4.1188991e+006  4.6661000e+000
  4.1083164e+005  4.1189026e+006  4.7881000e+000
  4.1082868e+005  4.1189067e+006  4.7815000e+000
  4.1082661e+005  4.1189111e+006  4.6203000e+000
  4.1082535e+005  4.1189160e+006  4.6359000e+000
  4.1082361e+005  4.1189210e+006  4.6330000e+000
  4.1082226e+005  4.1189241e+006  4.6678000e+000
  4.1082064e+005  4.1189276e+006  4.6403000e+000
  4.1081867e+005  4.1189325e+006  4.6583000e+000
  4.1081632e+005  4.1189366e+006  4.5922000e+000
  4.1081387e+005  4.1189413e+006  4.6598000e+000
  4.1081082e+005  4.1189448e+006  4.8126000e+000
  4.1080749e+005  4.1189488e+006  4.6905000e+000
  4.1080422e+005  4.1189523e+006  4.6667000e+000
  4.1080078e+005  4.1189559e+006  4.6748000e+000
  4.1079697e+005  4.1189600e+006  4.6899000e+000
  4.1079277e+005  4.1189634e+006  4.7237000e+000
  4.1078935e+005  4.1189674e+006  4.7142000e+000
  4.1078610e+005  4.1189718e+006  4.6778000e+000
  4.1078355e+005  4.1189754e+006  4.7538000e+000
  4.1078139e+005  4.1189798e+006  4.6642000e+000
  4.1077889e+005  4.1189834e+006  4.7418000e+000
  4.1077594e+005  4.1189861e+006  4.8702000e+000
  4.1077141e+005  4.1189881e+006  4.7095000e+000
  4.1076837e+005  4.1189920e+006  4.7290000e+000
  4.1076688e+005  4.1189965e+006  4.7718000e+000
  4.1076488e+005  4.1190010e+006  4.7379000e+000
  4.1076199e+005  4.1190053e+006  4.7273000e+000
  4.1075891e+005  4.1190095e+006  4.8975000e+000
  4.1075392e+005  4.1190118e+006  4.6597000e+000
  4.1075006e+005  4.1190154e+006  4.4725000e+000
  4.1074589e+005  4.1190183e+006  4.5778000e+000
  4.1074215e+005  4.1190210e+006  4.5241000e+000
  4.1073829e+005  4.1190244e+006  4.5365000e+000
  4.1073540e+005  4.1190287e+006  4.4536000e+000
  4.1073306e+005  4.1190326e+006  4.3931000e+000
  4.1073118e+005  4.1190370e+006  4.3578000e+000
  4.1072832e+005  4.1190409e+006  4.3185000e+000
  4.1072609e+005  4.1190451e+006  4.4746000e+000
  4.1072252e+005  4.1190491e+006  4.5158000e+000
  4.1071910e+005  4.1190520e+006  4.5589000e+000
  4.1071549e+005  4.1190552e+006  4.5644000e+000
  4.1071244e+005  4.1190592e+006  4.6396000e+000
  4.1070886e+005  4.1190622e+006  4.5903000e+000
  4.1070548e+005  4.1190660e+006  4.6446000e+000
  4.1070227e+005  4.1190692e+006  4.6827000e+000
  4.1069872e+005  4.1190717e+006  4.5374000e+000
  4.1069570e+005  4.1190759e+006  4.6695000e+000
  4.1069186e+005  4.1190787e+006  4.6763000e+000
  4.1068752e+005  4.1190817e+006  4.6116000e+000
  4.1068335e+005  4.1190841e+006  4.8058000e+000
  4.1067973e+005  4.1190869e+006  4.9042000e+000
  4.1067626e+005  4.1190895e+006  4.8594000e+000
  4.1067204e+005  4.1190923e+006  4.7186000e+000
  4.1066858e+005  4.1190961e+006  4.8878000e+000
  4.1066393e+005  4.1190977e+006  4.8779000e+000
  4.1066045e+005  4.1191007e+006  4.8067000e+000
  4.1065583e+005  4.1191037e+006  4.8157000e+000
  4.1065224e+005  4.1191073e+006  4.7373000e+000
  4.1064828e+005  4.1191102e+006  4.8151000e+000
  4.1064411e+005  4.1191137e+006  4.7757000e+000
  4.1063972e+005  4.1191165e+006  4.7830000e+000
  4.1063624e+005  4.1191202e+006  4.6563000e+000
  4.1063291e+005  4.1191236e+006  4.7304000e+000
  4.1062876e+005  4.1191279e+006  4.7720000e+000
  4.1062402e+005  4.1191303e+006  4.7255000e+000
  4.1061893e+005  4.1191333e+006  4.7821000e+000
  4.1061434e+005  4.1191373e+006  4.6662000e+000
  4.1061028e+005  4.1191407e+006  4.6987000e+000
  4.1060595e+005  4.1191439e+006  4.7735000e+000
  4.1060143e+005  4.1191465e+006  4.7067000e+000
  4.1059715e+005  4.1191496e+006  4.7106000e+000
  4.1059253e+005  4.1191520e+006  4.6322000e+000
  4.1058850e+005  4.1191551e+006  4.6805000e+000
  4.1058418e+005  4.1191577e+006  4.6732000e+000
  4.1058040e+005  4.1191595e+006  4.6881000e+000
  4.1057615e+005  4.1191619e+006  4.7212000e+000
  4.1057142e+005  4.1191646e+006  4.7540000e+000
  4.1056718e+005  4.1191678e+006  4.7104000e+000
  4.1056372e+005  4.1191715e+006  4.6785000e+000
  4.1056038e+005  4.1191752e+006  4.6569000e+000
  4.1055605e+005  4.1191784e+006  4.6736000e+000
  4.1055177e+005  4.1191810e+006  4.6480000e+000
  4.1054741e+005  4.1191834e+006  4.6548000e+000
  4.1054329e+005  4.1191860e+006  4.6886000e+000
  4.1053864e+005  4.1191882e+006  4.6705000e+000
  4.1053386e+005  4.1191896e+006  4.6630000e+000
  4.1052858e+005  4.1191875e+006  4.6688000e+000
  4.1052344e+005  4.1191866e+006  4.6837000e+000
  4.1052029e+005  4.1191827e+006  4.6745000e+000
  4.1051984e+005  4.1191801e+006  4.6736000e+000
  4.1051976e+005  4.1191801e+006  4.6673000e+000
  4.1051965e+005  4.1191766e+006  4.5746000e+000
  4.1051643e+005  4.1191722e+006  4.6393000e+000
  4.1051364e+005  4.1191694e+006  4.6699000e+000
  4.1051305e+005  4.1191690e+006  4.6553000e+000
  4.1050911e+005  4.1191658e+006  4.6876000e+000
  4.1050493e+005  4.1191628e+006  4.6727000e+000
  4.1049994e+005  4.1191603e+006  4.6775000e+000
  4.1049513e+005  4.1191578e+006  4.7717000e+000
  4.1049071e+005  4.1191545e+006  4.7819000e+000
  4.1048698e+005  4.1191500e+006  4.7513000e+000
  4.1048395e+005  4.1191466e+006  4.7631000e+000
  4.1048170e+005  4.1191437e+006  4.6686000e+000
  4.1047907e+005  4.1191420e+006  4.5978000e+000
  4.1047883e+005  4.1191419e+006  4.6573000e+000
  4.1047878e+005  4.1191419e+006  4.6581000e+000
  4.1047877e+005  4.1191419e+006  4.6521000e+000
  4.1047863e+005  4.1191416e+006  4.7017000e+000
  4.1047845e+005  4.1191415e+006  4.7161000e+000
  4.1047854e+005  4.1191409e+006  4.7176000e+000
  4.1047582e+005  4.1191386e+006  4.7743000e+000
  4.1047286e+005  4.1191366e+006  4.8099000e+000
  4.1046937e+005  4.1191342e+006  4.9648000e+000
  4.1046636e+005  4.1191316e+006  4.9326000e+000
  4.1046348e+005  4.1191282e+006  4.9612000e+000
  4.1046060e+005  4.1191246e+006  4.9706000e+000
  4.1045712e+005  4.1191212e+006  4.9982000e+000
  4.1045414e+005  4.1191161e+006  4.7261000e+000
  4.1045100e+005  4.1191116e+006  5.0250000e+000
  4.1044893e+005  4.1191078e+006  4.7923000e+000
  4.1044652e+005  4.1191042e+006  4.7450000e+000
  4.1044303e+005  4.1191011e+006  4.7406000e+000
  4.1043902e+005  4.1190980e+006  4.8051000e+000
  4.1043579e+005  4.1190939e+006  4.8379000e+000
  4.1043252e+005  4.1190902e+006  5.1410000e+000
  4.1042954e+005  4.1190875e+006  4.8328000e+000
  4.1042569e+005  4.1190838e+006  4.7191000e+000
  4.1042127e+005  4.1190814e+006  4.7354000e+000
  4.1041830e+005  4.1190771e+006  4.9444000e+000
  4.1041540e+005  4.1190749e+006  4.7786000e+000
  4.1041177e+005  4.1190727e+006  4.7749000e+000
  4.1041174e+005  4.1190727e+006  4.7774000e+000
  4.1041172e+005  4.1190728e+006  4.7666000e+000
  4.1040966e+005  4.1190709e+006  4.7510000e+000
  4.1040651e+005  4.1190683e+006  4.8094000e+000
  4.1040571e+005  4.1190667e+006  4.7758000e+000
  4.1040562e+005  4.1190667e+006  4.8055000e+000
  4.1040569e+005  4.1190668e+006  4.8038000e+000
  4.1040347e+005  4.1190642e+006  4.9493000e+000
  4.1040049e+005  4.1190620e+006  5.0147000e+000
  4.1039729e+005  4.1190593e+006  4.8302000e+000
  4.1039472e+005  4.1190562e+006  4.8019000e+000
  4.1039476e+005  4.1190560e+006  4.7797000e+000
  4.1039269e+005  4.1190536e+006  4.8225000e+000
  4.1039081e+005  4.1190504e+006  4.9135000e+000
  4.1039018e+005  4.1190498e+006  4.9226000e+000
  4.1038819e+005  4.1190473e+006  4.8927000e+000
  4.1038520e+005  4.1190457e+006  5.1962000e+000
  4.1038315e+005  4.1190426e+006  5.0395000e+000
  4.1037992e+005  4.1190397e+006  5.0985000e+000
  4.1037643e+005  4.1190379e+006  5.3306000e+000
  4.1037302e+005  4.1190355e+006  5.3691000e+000
  4.1037109e+005  4.1190331e+006  5.2797000e+000
  4.1036758e+005  4.1190307e+006  5.4772000e+000
  4.1036491e+005  4.1190284e+006  5.5007000e+000
  4.1036396e+005  4.1190277e+006  5.3267000e+000
  4.1036353e+005  4.1190273e+006  5.3806000e+000
  4.1036351e+005  4.1190273e+006  5.3733000e+000
  4.1036349e+005  4.1190274e+006  5.3131000e+000
  4.1036338e+005  4.1190270e+006  5.4017000e+000
  4.1036146e+005  4.1190248e+006  5.5213000e+000
  4.1035974e+005  4.1190218e+006  5.3042000e+000
  4.1035964e+005  4.1190218e+006  5.3122000e+000
  4.1036013e+005  4.1190214e+006  5.4853000e+000
  4.1035997e+005  4.1190220e+006  5.3481000e+000
  4.1035991e+005  4.1190220e+006  5.3655000e+000
  4.1035873e+005  4.1190192e+006  5.1510000e+000
  4.1035513e+005  4.1190173e+006  5.0511000e+000
  4.1035182e+005  4.1190147e+006  5.0309000e+000
  4.1034849e+005  4.1190115e+006  4.9194000e+000
  4.1034480e+005  4.1190084e+006  4.9423000e+000
  4.1034065e+005  4.1190058e+006  5.3163000e+000
  4.1033787e+005  4.1190028e+006  5.3849000e+000
  4.1033644e+005  4.1189987e+006  4.8561000e+000
  4.1033317e+005  4.1189959e+006  4.9986000e+000
  4.1033084e+005  4.1189945e+006  5.2136000e+000
  4.1032793e+005  4.1189924e+006  5.7356000e+000
  4.1032619e+005  4.1189904e+006  5.9048000e+000
  4.1032625e+005  4.1189901e+006  5.9083000e+000
  4.1032616e+005  4.1189903e+006  5.7966000e+000
  4.1032634e+005  4.1189902e+006  5.9554000e+000
  4.1032635e+005  4.1189903e+006  5.9172000e+000
  4.1032650e+005  4.1189905e+006  5.9071000e+000
  4.1032517e+005  4.1189876e+006  5.9082000e+000
  4.1032470e+005  4.1189856e+006  5.9277000e+000
  4.1032467e+005  4.1189844e+006  5.6959000e+000
  4.1032432e+005  4.1189831e+006  5.7968000e+000
  4.1032444e+005  4.1189800e+006  5.6469000e+000
  4.1032410e+005  4.1189770e+006  5.4494000e+000
  4.1032370e+005  4.1189756e+006  5.7419000e+000
  4.1032307e+005  4.1189745e+006  5.3854000e+000
  4.1032344e+005  4.1189735e+006  5.7110000e+000
  4.1032230e+005  4.1189710e+006  6.0952000e+000
  4.1032164e+005  4.1189673e+006  6.0199000e+000
  4.1032144e+005  4.1189638e+006  5.8809000e+000
  4.1032225e+005  4.1189618e+006  5.8380000e+000
  4.1032225e+005  4.1189621e+006  5.8078000e+000
  4.1032227e+005  4.1189620e+006  5.8206000e+000
  4.1032228e+005  4.1189621e+006  5.7256000e+000
  4.1032228e+005  4.1189621e+006  5.7476000e+000
  4.1032232e+005  4.1189621e+006  5.7817000e+000
  4.1032235e+005  4.1189621e+006  5.7804000e+000
  4.1032236e+005  4.1189620e+006  5.7816000e+000
  4.1032218e+005  4.1189621e+006  5.7426000e+000
  4.1032233e+005  4.1189620e+006  5.7601000e+000
  4.1032251e+005  4.1189611e+006  5.7503000e+000
  4.1032356e+005  4.1189590e+006  5.5675000e+000
  4.1032464e+005  4.1189574e+006  5.9265000e+000
  4.1032690e+005  4.1189562e+006  6.0387000e+000
  4.1032832e+005  4.1189546e+006  5.8840000e+000
  4.1032866e+005  4.1189525e+006  6.0962000e+000
  4.1032824e+005  4.1189498e+006  6.4319000e+000
  4.1032768e+005  4.1189468e+006  6.5231000e+000
  4.1032707e+005  4.1189440e+006  6.7041000e+000
  4.1032688e+005  4.1189415e+006  6.6392000e+000
  4.1032576e+005  4.1189395e+006  6.9966000e+000
  4.1032339e+005  4.1189379e+006  7.4590000e+000
  4.1032067e+005  4.1189358e+006  7.4259000e+000
  4.1031958e+005  4.1189353e+006  7.2413000e+000
  4.1031891e+005  4.1189344e+006  6.7595000e+000
  4.1031830e+005  4.1189333e+006  6.6865000e+000
  4.1031653e+005  4.1189317e+006  6.4697000e+000
  4.1031438e+005  4.1189305e+006  6.6293000e+000
  4.1031206e+005  4.1189285e+006  6.5654000e+000
  4.1030947e+005  4.1189263e+006  6.4556000e+000
  4.1030699e+005  4.1189244e+006  6.6466000e+000
  4.1030475e+005  4.1189223e+006  6.6731000e+000
  4.1030199e+005  4.1189201e+006  6.9175000e+000
  4.1030029e+005  4.1189177e+006  6.8318000e+000
  4.1030013e+005  4.1189173e+006  6.8496000e+000
  4.1030010e+005  4.1189172e+006  6.8275000e+000
  4.1030009e+005  4.1189172e+006  6.8384000e+000
  4.1030005e+005  4.1189171e+006  6.8018000e+000
  4.1030003e+005  4.1189174e+006  6.7793000e+000
  4.1030021e+005  4.1189175e+006  6.7896000e+000
  4.1029788e+005  4.1189160e+006  7.0527000e+000
  4.1029526e+005  4.1189126e+006  6.7637000e+000
  4.1029457e+005  4.1189080e+006  6.0149000e+000
  4.1029323e+005  4.1189040e+006  5.7872000e+000
  4.1029240e+005  4.1189003e+006  5.6377000e+000
  4.1029151e+005  4.1188968e+006  5.6424000e+000
  4.1029127e+005  4.1188931e+006  5.6685000e+000
  4.1029124e+005  4.1188896e+006  5.6110000e+000
  4.1029124e+005  4.1188880e+006  5.0717000e+000
  4.1029169e+005  4.1188876e+006  4.8256000e+000
  4.1029163e+005  4.1188878e+006  4.6554000e+000
  4.1029162e+005  4.1188878e+006  4.6625000e+000
  4.1029163e+005  4.1188878e+006  4.6644000e+000
  4.1029191e+005  4.1188879e+006  4.9748000e+000
  4.1029156e+005  4.1188873e+006  5.0410000e+000
  4.1029099e+005  4.1188865e+006  5.0734000e+000
  4.1029133e+005  4.1188861e+006  5.0577000e+000
  4.1029178e+005  4.1188853e+006  5.4132000e+000
  4.1029138e+005  4.1188825e+006  5.5496000e+000
  4.1029095e+005  4.1188793e+006  5.4956000e+000
  4.1029040e+005  4.1188757e+006  4.6567000e+000
  4.1029000e+005  4.1188751e+006  4.8215000e+000
  4.1029000e+005  4.1188751e+006  4.8160000e+000
  4.1029008e+005  4.1188749e+006  4.7981000e+000
  4.1029049e+005  4.1188748e+006  5.2134000e+000
  4.1028965e+005  4.1188732e+006  5.1224000e+000
  4.1028955e+005  4.1188732e+006  4.9614000e+000
  4.1028935e+005  4.1188726e+006  5.6457000e+000
  4.1028819e+005  4.1188718e+006  5.8994000e+000
  4.1028725e+005  4.1188705e+006  5.9258000e+000
  4.1028649e+005  4.1188683e+006  6.1269000e+000
  4.1028575e+005  4.1188657e+006  6.1817000e+000
  4.1028508e+005  4.1188632e+006  6.2115000e+000
  4.1028476e+005  4.1188602e+006  6.1376000e+000
  4.1028392e+005  4.1188567e+006  6.1993000e+000
  4.1028371e+005  4.1188530e+006  5.7484000e+000
  4.1028342e+005  4.1188489e+006  5.4323000e+000
  4.1028251e+005  4.1188449e+006  5.4876000e+000
  4.1028122e+005  4.1188410e+006  5.4969000e+000
  4.1028153e+005  4.1188368e+006  5.0880000e+000
  4.1028224e+005  4.1188329e+006  4.8788000e+000
  4.1028259e+005  4.1188296e+006  4.9148000e+000
  4.1028257e+005  4.1188296e+006  4.8765000e+000
  4.1028256e+005  4.1188296e+006  4.8369000e+000
  4.1028254e+005  4.1188295e+006  4.9063000e+000
  4.1028240e+005  4.1188270e+006  5.0230000e+000
  4.1028208e+005  4.1188240e+006  4.9462000e+000
  4.1028405e+005  4.1188209e+006  5.2404000e+000
  4.1028633e+005  4.1188181e+006  5.3168000e+000
  4.1028873e+005  4.1188158e+006  5.2140000e+000
  4.1029017e+005  4.1188135e+006  5.3569000e+000
  4.1029228e+005  4.1188103e+006  5.3230000e+000
  4.1029494e+005  4.1188068e+006  5.1487000e+000
  4.1029816e+005  4.1188036e+006  4.9504000e+000
  4.1030287e+005  4.1188015e+006  5.0162000e+000
  4.1030629e+005  4.1187985e+006  4.9451000e+000
  4.1030834e+005  4.1187963e+006  4.9593000e+000
  4.1031067e+005  4.1187938e+006  4.9247000e+000
  4.1031309e+005  4.1187905e+006  4.9532000e+000
  4.1031591e+005  4.1187864e+006  4.8355000e+000
  4.1031727e+005  4.1187818e+006  5.0456000e+000
  4.1031730e+005  4.1187767e+006  4.9108000e+000
  4.1031869e+005  4.1187719e+006  4.7692000e+000
  4.1032264e+005  4.1187717e+006  4.9979000e+000
  4.1032560e+005  4.1187687e+006  4.9417000e+000
  4.1032651e+005  4.1187640e+006  4.8368000e+000
  4.1032662e+005  4.1187594e+006  4.8111000e+000
  4.1032723e+005  4.1187543e+006  4.8018000e+000
  4.1032836e+005  4.1187487e+006  4.8049000e+000
  4.1032992e+005  4.1187435e+006  4.9047000e+000
  4.1033201e+005  4.1187381e+006  5.2200000e+000
  4.1033300e+005  4.1187334e+006  4.9844000e+000
  4.1033363e+005  4.1187279e+006  4.9338000e+000
  4.1033440e+005  4.1187222e+006  4.8443000e+000
  4.1033194e+005  4.1187178e+006  4.9057000e+000
  4.1032996e+005  4.1187127e+006  4.8317000e+000
  4.1032733e+005  4.1187083e+006  4.9921000e+000
  4.1032417e+005  4.1187034e+006  4.9118000e+000
  4.1031987e+005  4.1187028e+006  5.0034000e+000
  4.1031745e+005  4.1187010e+006  5.0898000e+000
  4.1031992e+005  4.1186979e+006  5.2246000e+000
  4.1032226e+005  4.1186947e+006  5.2943000e+000
  4.1032441e+005  4.1186913e+006  5.2402000e+000
  4.1032513e+005  4.1186871e+006  5.0306000e+000
  4.1032389e+005  4.1186824e+006  5.0134000e+000
  4.1032184e+005  4.1186786e+006  4.7993000e+000
  4.1032309e+005  4.1186750e+006  4.8691000e+000
  4.1032271e+005  4.1186702e+006  4.8454000e+000
  4.1032246e+005  4.1186649e+006  4.8181000e+000
  4.1032128e+005  4.1186598e+006  4.7661000e+000
  4.1032034e+005  4.1186554e+006  4.7012000e+000
  4.1032045e+005  4.1186551e+006  4.6852000e+000
  4.1032058e+005  4.1186546e+006  4.6227000e+000
  4.1032168e+005  4.1186508e+006  4.8366000e+000
  4.1032562e+005  4.1186470e+006  4.8154000e+000
  4.1032603e+005  4.1186424e+006  5.1128000e+000
  4.1032647e+005  4.1186375e+006  5.1063000e+000
  4.1032490e+005  4.1186336e+006  5.0445000e+000
  4.1032090e+005  4.1186307e+006  4.7685000e+000
  4.1031689e+005  4.1186278e+006  4.7516000e+000
  4.1031332e+005  4.1186243e+006  4.7824000e+000
  4.1030980e+005  4.1186211e+006  4.8552000e+000
  4.1030609e+005  4.1186183e+006  4.9659000e+000
  4.1030455e+005  4.1186152e+006  4.8535000e+000
  4.1030754e+005  4.1186137e+006  5.3278000e+000
  4.1031241e+005  4.1186136e+006  5.2215000e+000
  4.1031642e+005  4.1186163e+006  5.1722000e+000
  4.1032021e+005  4.1186187e+006  5.0314000e+000
  4.1032447e+005  4.1186198e+006  4.9824000e+000
  4.1032860e+005  4.1186201e+006  4.9285000e+000
  4.1033086e+005  4.1186163e+006  4.8430000e+000
  4.1033095e+005  4.1186120e+006  4.8858000e+000
  4.1032948e+005  4.1186065e+006  4.8856000e+000
  4.1032750e+005  4.1186014e+006  4.8532000e+000
  4.1032484e+005  4.1185973e+006  4.7849000e+000
  4.1032180e+005  4.1185933e+006  4.8790000e+000
  4.1031957e+005  4.1185880e+006  4.7771000e+000
  4.1032204e+005  4.1185838e+006  5.2299000e+000
  4.1032385e+005  4.1185792e+006  5.0366000e+000
  4.1032549e+005  4.1185744e+006  5.0550000e+000
  4.1032758e+005  4.1185704e+006  5.3194000e+000
  4.1032891e+005  4.1185664e+006  5.2264000e+000
  4.1032890e+005  4.1185615e+006  5.2018000e+000
  4.1032893e+005  4.1185571e+006  5.1839000e+000
  4.1032888e+005  4.1185524e+006  5.2174000e+000
  4.1032892e+005  4.1185474e+006  4.8397000e+000
  4.1032650e+005  4.1185442e+006  5.1999000e+000
  4.1032408e+005  4.1185405e+006  5.3612000e+000
  4.1032212e+005  4.1185362e+006  5.2289000e+000
  4.1032012e+005  4.1185321e+006  5.1645000e+000
  4.1031817e+005  4.1185274e+006  5.1557000e+000
  4.1031655e+005  4.1185231e+006  5.2285000e+000
  4.1031586e+005  4.1185196e+006  5.3722000e+000
  4.1031514e+005  4.1185158e+006  5.5548000e+000
  4.1031482e+005  4.1185123e+006  5.7466000e+000
  4.1031463e+005  4.1185091e+006  5.8629000e+000
  4.1031534e+005  4.1185064e+006  6.0991000e+000
  4.1031542e+005  4.1185041e+006  6.2801000e+000
  4.1031581e+005  4.1185013e+006  6.5259000e+000
  4.1031620e+005  4.1184986e+006  6.7647000e+000
  4.1031722e+005  4.1184958e+006  7.0746000e+000
  4.1031864e+005  4.1184932e+006  7.2323000e+000
  4.1032015e+005  4.1184904e+006  7.5459000e+000
  4.1032186e+005  4.1184878e+006  7.8175000e+000
  4.1032395e+005  4.1184854e+006  8.1108000e+000
  4.1032597e+005  4.1184832e+006  8.2675000e+000
  4.1032814e+005  4.1184807e+006  8.3908000e+000
  4.1033089e+005  4.1184787e+006  8.4486000e+000
  4.1033350e+005  4.1184765e+006  8.5758000e+000
  4.1033612e+005  4.1184745e+006  8.6212000e+000
  4.1033901e+005  4.1184727e+006  8.4883000e+000
  4.1034180e+005  4.1184703e+006  8.4992000e+000
  4.1034482e+005  4.1184686e+006  8.2983000e+000
  4.1034806e+005  4.1184674e+006  8.1004000e+000
  4.1035131e+005  4.1184656e+006  7.9231000e+000
  4.1035433e+005  4.1184639e+006  7.7952000e+000
  4.1035747e+005  4.1184626e+006  7.6654000e+000
  4.1036066e+005  4.1184609e+006  7.4593000e+000
  4.1036385e+005  4.1184593e+006  7.3165000e+000
  4.1036720e+005  4.1184584e+006  7.0455000e+000
  4.1037045e+005  4.1184577e+006  6.7593000e+000
  4.1037346e+005  4.1184565e+006  6.5516000e+000
  4.1037621e+005  4.1184547e+006  6.5550000e+000
  4.1037940e+005  4.1184538e+006  6.4676000e+000
  4.1038222e+005  4.1184525e+006  6.3012000e+000
  4.1038496e+005  4.1184506e+006  6.3459000e+000
  4.1038791e+005  4.1184491e+006  6.3179000e+000
  4.1039063e+005  4.1184476e+006  6.3840000e+000
  4.1039332e+005  4.1184454e+006  6.3960000e+000
  4.1039647e+005  4.1184431e+006  6.4605000e+000
  4.1039927e+005  4.1184408e+006  6.4736000e+000
  4.1040165e+005  4.1184383e+006  6.5244000e+000
  4.1040399e+005  4.1184359e+006  6.5873000e+000
  4.1040639e+005  4.1184335e+006  6.6215000e+000
  4.1040764e+005  4.1184304e+006  6.8031000e+000
  4.1040965e+005  4.1184277e+006  6.8890000e+000
  4.1041194e+005  4.1184250e+006  6.9274000e+000
  4.1041430e+005  4.1184219e+006  6.8650000e+000
  4.1041580e+005  4.1184192e+006  6.9635000e+000
  4.1041774e+005  4.1184160e+006  6.9205000e+000
  4.1041989e+005  4.1184133e+006  6.9010000e+000
  4.1042158e+005  4.1184104e+006  6.8532000e+000
  4.1042259e+005  4.1184078e+006  7.0500000e+000
  4.1042294e+005  4.1184072e+006  6.1552000e+000
  4.1042294e+005  4.1184072e+006  6.1518000e+000
  4.1042293e+005  4.1184072e+006  6.1537000e+000
  4.1042294e+005  4.1184072e+006  6.1470000e+000
  4.1042294e+005  4.1184072e+006  6.1481000e+000
  4.0627366e+005  4.1165706e+006  9.5832780e+002
  4.0627491e+005  4.1165704e+006  9.5821240e+002
  4.0627491e+005  4.1165704e+006  9.5822030e+002
  4.0627490e+005  4.1165704e+006  9.5821260e+002
  4.0627501e+005  4.1165703e+006  9.5819600e+002
  4.0627500e+005  4.1165702e+006  9.5817280e+002
  4.0627487e+005  4.1165702e+006  9.5820170e+002
  4.0627463e+005  4.1165706e+006  9.5814000e+002
  4.0627508e+005  4.1165703e+006  9.5813870e+002
  4.0627483e+005  4.1165706e+006  9.5814330e+002
  4.0627486e+005  4.1165705e+006  9.5814210e+002
  4.0627506e+005  4.1165703e+006  9.5815580e+002
  4.0627499e+005  4.1165703e+006  9.5817640e+002
  4.0627519e+005  4.1165701e+006  9.5812200e+002
  4.0627514e+005  4.1165702e+006  9.5811190e+002
  4.0627510e+005  4.1165702e+006  9.5814070e+002
  4.0627500e+005  4.1165701e+006  9.5814240e+002
  4.0627480e+005  4.1165706e+006  9.5812570e+002
  4.0627499e+005  4.1165703e+006  9.5813460e+002
  4.0627490e+005  4.1165703e+006  9.5816010e+002
  4.0627502e+005  4.1165703e+006  9.5812760e+002
  4.0627488e+005  4.1165704e+006  9.5817090e+002
  4.0627480e+005  4.1165702e+006  9.5821060e+002
  4.0627483e+005  4.1165703e+006  9.5821260e+002
  4.0627488e+005  4.1165707e+006  9.5814980e+002
  4.0627497e+005  4.1165705e+006  9.5812630e+002
  4.0627499e+005  4.1165705e+006  9.5811380e+002
  4.0627499e+005  4.1165705e+006  9.5811500e+002
  4.0627495e+005  4.1165705e+006  9.5812520e+002
  4.0627495e+005  4.1165705e+006  9.5812450e+002
  4.0627498e+005  4.1165706e+006  9.5812210e+002
  4.0627480e+005  4.1165706e+006  9.5813990e+002
  4.0627491e+005  4.1165707e+006  9.5813790e+002
  4.0627488e+005  4.1165706e+006  9.5814050e+002
  4.0627492e+005  4.1165706e+006  9.5813460e+002
  4.0627480e+005  4.1165704e+006  9.5815900e+002
  4.0627476e+005  4.1165704e+006  9.5817080e+002
  4.0627490e+005  4.1165707e+006  9.5813970e+002
  4.0627492e+005  4.1165706e+006  9.5812910e+002
  4.0627493e+005  4.1165706e+006  9.5813460e+002
  4.0627491e+005  4.1165706e+006  9.5814310e+002
  4.0627240e+005  4.1165725e+006  9.5799070e+002
  4.0626789e+005  4.1165752e+006  9.5779540e+002
  4.0626396e+005  4.1165779e+006  9.5781730e+002
  4.0625951e+005  4.1165804e+006  9.5795920e+002
  4.0625464e+005  4.1165826e+006  9.5824480e+002
  4.0624964e+005  4.1165848e+006  9.5836580e+002
  4.0624512e+005  4.1165867e+006  9.5842940e+002
  4.0624081e+005  4.1165883e+006  9.5863290e+002
  4.0623661e+005  4.1165897e+006  9.5892000e+002
  4.0623182e+005  4.1165912e+006  9.5922870e+002
  4.0622695e+005  4.1165930e+006  9.5957220e+002
  4.0622241e+005  4.1165944e+006  9.5986350e+002
  4.0621792e+005  4.1165958e+006  9.6016650e+002
  4.0621342e+005  4.1165971e+006  9.6046530e+002
  4.0620912e+005  4.1165985e+006  9.6084140e+002
  4.0620463e+005  4.1165999e+006  9.6121710e+002
  4.0620038e+005  4.1166014e+006  9.6153090e+002
  4.0619607e+005  4.1166026e+006  9.6187420e+002
  4.0619157e+005  4.1166042e+006  9.6216950e+002
  4.0618735e+005  4.1166057e+006  9.6248570e+002
  4.0618310e+005  4.1166069e+006  9.6284630e+002
  4.0617848e+005  4.1166082e+006  9.6324380e+002
  4.0617404e+005  4.1166093e+006  9.6365200e+002
  4.0616971e+005  4.1166104e+006  9.6388860e+002
  4.0616601e+005  4.1166113e+006  9.6419380e+002
  4.0616192e+005  4.1166120e+006  9.6455540e+002
  4.0615789e+005  4.1166122e+006  9.6504390e+002
  4.0615362e+005  4.1166125e+006  9.6554510e+002
  4.0614949e+005  4.1166126e+006  9.6605090e+002
  4.0614555e+005  4.1166124e+006  9.6662650e+002
  4.0614176e+005  4.1166117e+006  9.6720620e+002
  4.0613805e+005  4.1166111e+006  9.6796480e+002
  4.0613415e+005  4.1166107e+006  9.6838430e+002
  4.0613062e+005  4.1166099e+006  9.6914370e+002
  4.0612703e+005  4.1166089e+006  9.6978930e+002
  4.0612327e+005  4.1166082e+006  9.7042250e+002
  4.0611944e+005  4.1166077e+006  9.7100050e+002
  4.0611564e+005  4.1166074e+006  9.7159580e+002
  4.0611205e+005  4.1166069e+006  9.7234840e+002
  4.0610813e+005  4.1166064e+006  9.7291140e+002
  4.0610437e+005  4.1166055e+006  9.7342180e+002
  4.0610108e+005  4.1166051e+006  9.7405040e+002
  4.0609760e+005  4.1166048e+006  9.7449550e+002
  4.0609393e+005  4.1166046e+006  9.7508980e+002
  4.0609057e+005  4.1166041e+006  9.7565050e+002
  4.0608720e+005  4.1166037e+006  9.7618600e+002
  4.0608366e+005  4.1166032e+006  9.7678440e+002
  4.0608005e+005  4.1166026e+006  9.7744800e+002
  4.0607656e+005  4.1166021e+006  9.7797360e+002
  4.0607300e+005  4.1166013e+006  9.7880210e+002
  4.0606905e+005  4.1166007e+006  9.7937560e+002
  4.0606542e+005  4.1166004e+006  9.8003690e+002
  4.0606213e+005  4.1166001e+006  9.8052550e+002
  4.0605841e+005  4.1165994e+006  9.8125060e+002
  4.0605512e+005  4.1165989e+006  9.8178190e+002
  4.0605190e+005  4.1165989e+006  9.8224630e+002
  4.0604876e+005  4.1165977e+006  9.8283150e+002
  4.0604527e+005  4.1165970e+006  9.8360340e+002
  4.0604218e+005  4.1165960e+006  9.8421480e+002
  4.0603930e+005  4.1165945e+006  9.8476990e+002
  4.0603683e+005  4.1165938e+006  9.8530650e+002
  4.0603439e+005  4.1165924e+006  9.8584800e+002
  4.0603180e+005  4.1165915e+006  9.8637030e+002
  4.0602934e+005  4.1165901e+006  9.8696240e+002
  4.0602617e+005  4.1165885e+006  9.8784040e+002
  4.0602322e+005  4.1165872e+006  9.8855780e+002
  4.0602055e+005  4.1165852e+006  9.8924760e+002
  4.0601772e+005  4.1165834e+006  9.8998630e+002
  4.0601525e+005  4.1165821e+006  9.9063240e+002
  4.0601368e+005  4.1165811e+006  9.9114840e+002
  4.0601206e+005  4.1165801e+006  9.9156950e+002
  4.0601023e+005  4.1165782e+006  9.9212840e+002
  4.0600872e+005  4.1165762e+006  9.9265470e+002
  4.0600708e+005  4.1165739e+006  9.9336270e+002
  4.0600698e+005  4.1165734e+006  9.9355430e+002
  4.0600680e+005  4.1165735e+006  9.9353870e+002
  4.0600689e+005  4.1165735e+006  9.9353700e+002
  4.0600706e+005  4.1165735e+006  9.9353330e+002
  4.0600701e+005  4.1165736e+006  9.9350630e+002
  4.0600696e+005  4.1165735e+006  9.9352980e+002
  4.0600696e+005  4.1165736e+006  9.9350830e+002
  4.0600670e+005  4.1165736e+006  9.9351610e+002
  4.0600685e+005  4.1165736e+006  9.9350940e+002
  4.0600704e+005  4.1165736e+006  9.9352160e+002
  4.0600703e+005  4.1165736e+006  9.9352290e+002
  4.0600702e+005  4.1165736e+006  9.9352210e+002
  4.0600694e+005  4.1165736e+006  9.9350540e+002
  4.0600688e+005  4.1165736e+006  9.9351380e+002
  4.0600683e+005  4.1165736e+006  9.9353140e+002
  4.0600677e+005  4.1165735e+006  9.9355910e+002
  4.0600677e+005  4.1165735e+006  9.9355440e+002
  4.0600661e+005  4.1165734e+006  9.9353450e+002
  4.0600686e+005  4.1165726e+006  9.9362810e+002
  4.0600735e+005  4.1165700e+006  9.9387510e+002
  4.0601014e+005  4.1165675e+006  9.9390930e+002
  4.0601423e+005  4.1165653e+006  9.9386750e+002
  4.0601914e+005  4.1165632e+006  9.9354080e+002
  4.0602352e+005  4.1165616e+006  9.9328760e+002
  4.0602799e+005  4.1165606e+006  9.9307180e+002
  4.0603279e+005  4.1165595e+006  9.9264300e+002
  4.0603783e+005  4.1165579e+006  9.9239470e+002
  4.0604293e+005  4.1165566e+006  9.9205940e+002
  4.0604819e+005  4.1165552e+006  9.9168650e+002
  4.0605329e+005  4.1165540e+006  9.9142170e+002
  4.0605876e+005  4.1165529e+006  9.9110140e+002
  4.0606392e+005  4.1165520e+006  9.9066710e+002
  4.0606898e+005  4.1165509e+006  9.9035730e+002
  4.0607421e+005  4.1165500e+006  9.8983950e+002
  4.0608001e+005  4.1165489e+006  9.8942850e+002
  4.0608512e+005  4.1165474e+006  9.8925590e+002
  4.0609033e+005  4.1165457e+006  9.8893850e+002
  4.0609551e+005  4.1165445e+006  9.8865410e+002
  4.0610068e+005  4.1165434e+006  9.8821130e+002
  4.0610514e+005  4.1165418e+006  9.8824850e+002
  4.0610972e+005  4.1165400e+006  9.8810380e+002
  4.0611415e+005  4.1165381e+006  9.8801150e+002
  4.0611824e+005  4.1165363e+006  9.8781690e+002
  4.0612248e+005  4.1165347e+006  9.8750560e+002
  4.0612624e+005  4.1165329e+006  9.8752740e+002
  4.0612947e+005  4.1165304e+006  9.8774080e+002
  4.0613362e+005  4.1165279e+006  9.8768990e+002
  4.0613729e+005  4.1165253e+006  9.8788300e+002
  4.0614116e+005  4.1165227e+006  9.8783160e+002
  4.0614540e+005  4.1165201e+006  9.8774720e+002
  4.0614974e+005  4.1165177e+006  9.8775280e+002
  4.0615437e+005  4.1165152e+006  9.8758000e+002
  4.0615871e+005  4.1165127e+006  9.8747030e+002
  4.0616332e+005  4.1165109e+006  9.8727340e+002
  4.0616778e+005  4.1165083e+006  9.8710120e+002
  4.0617267e+005  4.1165062e+006  9.8695780e+002
  4.0617754e+005  4.1165046e+006  9.8664800e+002
  4.0618191e+005  4.1165024e+006  9.8647010e+002
  4.0618611e+005  4.1165000e+006  9.8645380e+002
  4.0618990e+005  4.1164975e+006  9.8632060e+002
  4.0619360e+005  4.1164953e+006  9.8642800e+002
  4.0619769e+005  4.1164927e+006  9.8644840e+002
  4.0620216e+005  4.1164903e+006  9.8637950e+002
  4.0620643e+005  4.1164881e+006  9.8646280e+002
  4.0621096e+005  4.1164852e+006  9.8633620e+002
  4.0621537e+005  4.1164828e+006  9.8634160e+002
  4.0621982e+005  4.1164806e+006  9.8625770e+002
  4.0622451e+005  4.1164782e+006  9.8618440e+002
  4.0622849e+005  4.1164758e+006  9.8633190e+002
  4.0623330e+005  4.1164736e+006  9.8619420e+002
  4.0623818e+005  4.1164715e+006  9.8613670e+002
  4.0624307e+005  4.1164692e+006  9.8599860e+002
  4.0624820e+005  4.1164674e+006  9.8579560e+002
  4.0625345e+005  4.1164659e+006  9.8549880e+002
  4.0625875e+005  4.1164644e+006  9.8512780e+002
  4.0626353e+005  4.1164632e+006  9.8487480e+002
  4.0626817e+005  4.1164618e+006  9.8466970e+002
  4.0627024e+005  4.1164611e+006  9.8466880e+002
  4.0627144e+005  4.1164605e+006  9.8465150e+002
  4.0627601e+005  4.1164586e+006  9.8442770e+002
  4.0627990e+005  4.1164562e+006  9.8453700e+002
  4.0628371e+005  4.1164534e+006  9.8459970e+002
  4.0628750e+005  4.1164505e+006  9.8482330e+002
  4.0629093e+005  4.1164476e+006  9.8501760e+002
  4.0629463e+005  4.1164445e+006  9.8541170e+002
  4.0629816e+005  4.1164411e+006  9.8557210e+002
  4.0630154e+005  4.1164380e+006  9.8590550e+002
  4.0630559e+005  4.1164348e+006  9.8602070e+002
  4.0630911e+005  4.1164317e+006  9.8633900e+002
  4.0631272e+005  4.1164286e+006  9.8652020e+002
  4.0631695e+005  4.1164257e+006  9.8655450e+002
  4.0632065e+005  4.1164229e+006  9.8678050e+002
  4.0632445e+005  4.1164199e+006  9.8684750e+002
  4.0632851e+005  4.1164170e+006  9.8693480e+002
  4.0633244e+005  4.1164138e+006  9.8715200e+002
  4.0633602e+005  4.1164104e+006  9.8731360e+002
  4.0633977e+005  4.1164065e+006  9.8753300e+002
  4.0634379e+005  4.1164033e+006  9.8761280e+002
  4.0634796e+005  4.1163998e+006  9.8777650e+002
  4.0635166e+005  4.1163963e+006  9.8795690e+002
  4.0635591e+005  4.1163933e+006  9.8798280e+002
  4.0636007e+005  4.1163905e+006  9.8805960e+002
  4.0636410e+005  4.1163872e+006  9.8809980e+002
  4.0636686e+005  4.1163852e+006  9.8802170e+002
  4.0637125e+005  4.1163821e+006  9.8800880e+002
  4.0637542e+005  4.1163784e+006  9.8812180e+002
  4.0637900e+005  4.1163750e+006  9.8812670e+002
  4.0638283e+005  4.1163717e+006  9.8812820e+002
  4.0638655e+005  4.1163681e+006  9.8817470e+002
  4.0639025e+005  4.1163648e+006  9.8836210e+002
  4.0639413e+005  4.1163610e+006  9.8823650e+002
  4.0639785e+005  4.1163575e+006  9.8825750e+002
  4.0640127e+005  4.1163539e+006  9.8836340e+002
  4.0640466e+005  4.1163504e+006  9.8836350e+002
  4.0640862e+005  4.1163471e+006  9.8835180e+002
  4.0641195e+005  4.1163441e+006  9.8834390e+002
  4.0641252e+005  4.1163438e+006  9.8826800e+002
  4.0641232e+005  4.1163435e+006  9.8831610e+002
  4.0641225e+005  4.1163436e+006  9.8830740e+002
  4.0641215e+005  4.1163435e+006  9.8832520e+002
  4.0641214e+005  4.1163435e+006  9.8832730e+002
  4.0641214e+005  4.1163434e+006  9.8833900e+002
  4.0641218e+005  4.1163433e+006  9.8835060e+002
  4.0641550e+005  4.1163406e+006  9.8834290e+002
  4.0641940e+005  4.1163366e+006  9.8827600e+002
  4.0642277e+005  4.1163320e+006  9.8849120e+002
  4.0642628e+005  4.1163275e+006  9.8848670e+002
  4.0642962e+005  4.1163233e+006  9.8856190e+002
  4.0643293e+005  4.1163191e+006  9.8862530e+002
  4.0643633e+005  4.1163143e+006  9.8875380e+002
  4.0643990e+005  4.1163098e+006  9.8887740e+002
  4.0644325e+005  4.1163051e+006  9.8899300e+002
  4.0644687e+005  4.1163007e+006  9.8895200e+002
  4.0645051e+005  4.1162962e+006  9.8895200e+002
  4.0645414e+005  4.1162919e+006  9.8910770e+002
  4.0645863e+005  4.1162876e+006  9.8884710e+002
  4.0646305e+005  4.1162829e+006  9.8871760e+002
  4.0646738e+005  4.1162788e+006  9.8850160e+002
  4.0647090e+005  4.1162748e+006  9.8842230e+002
  4.0647467e+005  4.1162714e+006  9.8816710e+002
  4.0647860e+005  4.1162673e+006  9.8804410e+002
  4.0648204e+005  4.1162630e+006  9.8806130e+002
  4.0648562e+005  4.1162587e+006  9.8791470e+002
  4.0648913e+005  4.1162542e+006  9.8789210e+002
  4.0649215e+005  4.1162497e+006  9.8796690e+002
  4.0649518e+005  4.1162452e+006  9.8797320e+002
  4.0649812e+005  4.1162406e+006  9.8800620e+002
  4.0650141e+005  4.1162362e+006  9.8792600e+002
  4.0650438e+005  4.1162316e+006  9.8795610e+002
  4.0650756e+005  4.1162274e+006  9.8793800e+002
  4.0651058e+005  4.1162229e+006  9.8788240e+002
  4.0651386e+005  4.1162184e+006  9.8788730e+002
  4.0651725e+005  4.1162141e+006  9.8797900e+002
  4.0652077e+005  4.1162097e+006  9.8786990e+002
  4.0652455e+005  4.1162051e+006  9.8787680e+002
  4.0652808e+005  4.1162006e+006  9.8799000e+002
  4.0653152e+005  4.1161962e+006  9.8806890e+002
  4.0653581e+005  4.1161920e+006  9.8792700e+002
  4.0653962e+005  4.1161882e+006  9.8790970e+002
  4.0654395e+005  4.1161842e+006  9.8786880e+002
  4.0654840e+005  4.1161804e+006  9.8772750e+002
  4.0655229e+005  4.1161765e+006  9.8775930e+002
  4.0655601e+005  4.1161727e+006  9.8780250e+002
  4.0655948e+005  4.1161691e+006  9.8788620e+002
  4.0656355e+005  4.1161657e+006  9.8787940e+002
  4.0656728e+005  4.1161621e+006  9.8792680e+002
  4.0657146e+005  4.1161584e+006  9.8801090e+002
  4.0657534e+005  4.1161549e+006  9.8798660e+002
  4.0657951e+005  4.1161515e+006  9.8806110e+002
  4.0658372e+005  4.1161480e+006  9.8820390e+002
  4.0658786e+005  4.1161446e+006  9.8824130e+002
  4.0659240e+005  4.1161410e+006  9.8821340e+002
  4.0659683e+005  4.1161379e+006  9.8822180e+002
  4.0660129e+005  4.1161346e+006  9.8833710e+002
  4.0660633e+005  4.1161312e+006  9.8825330e+002
  4.0661167e+005  4.1161274e+006  9.8815890e+002
  4.0661633e+005  4.1161240e+006  9.8822270e+002
  4.0662139e+005  4.1161207e+006  9.8809460e+002
  4.0662604e+005  4.1161171e+006  9.8814600e+002
  4.0663046e+005  4.1161138e+006  9.8810340e+002
  4.0663510e+005  4.1161106e+006  9.8801030e+002
  4.0663927e+005  4.1161075e+006  9.8810660e+002
  4.0664356e+005  4.1161042e+006  9.8822310e+002
  4.0664806e+005  4.1161005e+006  9.8814950e+002
  4.0665222e+005  4.1160972e+006  9.8829210e+002
  4.0665662e+005  4.1160942e+006  9.8821250e+002
  4.0666132e+005  4.1160911e+006  9.8820170e+002
  4.0666560e+005  4.1160881e+006  9.8806560e+002
  4.0666969e+005  4.1160853e+006  9.8806110e+002
  4.0667391e+005  4.1160818e+006  9.8803990e+002
  4.0667824e+005  4.1160788e+006  9.8799290e+002
  4.0668266e+005  4.1160758e+006  9.8778810e+002
  4.0668724e+005  4.1160727e+006  9.8761830e+002
  4.0669192e+005  4.1160696e+006  9.8755570e+002
  4.0669641e+005  4.1160660e+006  9.8749510e+002
  4.0670101e+005  4.1160622e+006  9.8741510e+002
  4.0670492e+005  4.1160589e+006  9.8733430e+002
  4.0670864e+005  4.1160551e+006  9.8739060e+002
  4.0671225e+005  4.1160513e+006  9.8740180e+002
  4.0671550e+005  4.1160479e+006  9.8761440e+002
  4.0671882e+005  4.1160437e+006  9.8763470e+002
  4.0672197e+005  4.1160395e+006  9.8769700e+002
  4.0672511e+005  4.1160359e+006  9.8786250e+002
  4.0672822e+005  4.1160319e+006  9.8775410e+002
  4.0673136e+005  4.1160278e+006  9.8796530e+002
  4.0673400e+005  4.1160237e+006  9.8786670e+002
  4.0673400e+005  4.1160236e+006  9.8784230e+002
  4.0673402e+005  4.1160236e+006  9.8784850e+002
  4.0673398e+005  4.1160236e+006  9.8783330e+002
  4.0673429e+005  4.1160236e+006  9.8784410e+002
  4.0673410e+005  4.1160231e+006  9.8789690e+002
  4.0673409e+005  4.1160233e+006  9.8786650e+002
  4.0673410e+005  4.1160233e+006  9.8787470e+002
  4.0673409e+005  4.1160233e+006  9.8786510e+002
  4.0673408e+005  4.1160233e+006  9.8786000e+002
  4.0673410e+005  4.1160233e+006  9.8784890e+002
  4.0673421e+005  4.1160232e+006  9.8788220e+002
  4.0673412e+005  4.1160233e+006  9.8786650e+002
  4.0673405e+005  4.1160232e+006  9.8787080e+002
  4.0673417e+005  4.1160231e+006  9.8790750e+002
  4.0673423e+005  4.1160231e+006  9.8789370e+002
  4.0673422e+005  4.1160232e+006  9.8790270e+002
  4.0673418e+005  4.1160232e+006  9.8788840e+002
  4.0673408e+005  4.1160234e+006  9.8786140e+002
  4.0673409e+005  4.1160231e+006  9.8791200e+002
  4.0673415e+005  4.1160232e+006  9.8788420e+002
  4.0673417e+005  4.1160232e+006  9.8788480e+002
  4.0673433e+005  4.1160228e+006  9.8792510e+002
  4.0673420e+005  4.1160231e+006  9.8791520e+002
  4.0673413e+005  4.1160228e+006  9.8797270e+002
  4.0673377e+005  4.1160220e+006  9.8806990e+002
  4.0673376e+005  4.1160219e+006  9.8806270e+002
  4.0673380e+005  4.1160220e+006  9.8805620e+002
  4.0673390e+005  4.1160221e+006  9.8808140e+002
  4.0673389e+005  4.1160221e+006  9.8806970e+002
  4.0673408e+005  4.1160219e+006  9.8809710e+002
  4.0673418e+005  4.1160225e+006  9.8794180e+002
  4.0673371e+005  4.1160262e+006  9.8769280e+002
  4.0673210e+005  4.1160300e+006  9.8747340e+002
  4.0673001e+005  4.1160344e+006  9.8719970e+002
  4.0672776e+005  4.1160385e+006  9.8700520e+002
  4.0672503e+005  4.1160425e+006  9.8684900e+002
  4.0672197e+005  4.1160464e+006  9.8677030e+002
  4.0671858e+005  4.1160504e+006  9.8677050e+002
  4.0671517e+005  4.1160546e+006  9.8645100e+002
  4.0671228e+005  4.1160586e+006  9.8630970e+002
  4.0670887e+005  4.1160628e+006  9.8616690e+002
  4.0670532e+005  4.1160663e+006  9.8613060e+002
  4.0670194e+005  4.1160698e+006  9.8609820e+002
  4.0669823e+005  4.1160729e+006  9.8601420e+002
  4.0669410e+005  4.1160763e+006  9.8603450e+002
  4.0669031e+005  4.1160797e+006  9.8593280e+002
  4.0668625e+005  4.1160838e+006  9.8580380e+002
  4.0668241e+005  4.1160880e+006  9.8552250e+002
  4.0667886e+005  4.1160918e+006  9.8539410e+002
  4.0667501e+005  4.1160956e+006  9.8515340e+002
  4.0667128e+005  4.1160996e+006  9.8487900e+002
  4.0666765e+005  4.1161035e+006  9.8474310e+002
  4.0666374e+005  4.1161069e+006  9.8459810e+002
  4.0666024e+005  4.1161101e+006  9.8453560e+002
  4.0665599e+005  4.1161137e+006  9.8452040e+002
  4.0665162e+005  4.1161178e+006  9.8417690e+002
  4.0664772e+005  4.1161218e+006  9.8396280e+002
  4.0664384e+005  4.1161258e+006  9.8375570e+002
  4.0663984e+005  4.1161297e+006  9.8351270e+002
  4.0663572e+005  4.1161335e+006  9.8333120e+002
  4.0663281e+005  4.1161368e+006  9.8307330e+002
  4.0662916e+005  4.1161408e+006  9.8286830e+002
  4.0662462e+005  4.1161447e+006  9.8272010e+002
  4.0661987e+005  4.1161487e+006  9.8259730e+002
  4.0661585e+005  4.1161525e+006  9.8242420e+002
  4.0661186e+005  4.1161565e+006  9.8223980e+002
  4.0660768e+005  4.1161610e+006  9.8198460e+002
  4.0660390e+005  4.1161651e+006  9.8179420e+002
  4.0659947e+005  4.1161694e+006  9.8156520e+002
  4.0659549e+005  4.1161735e+006  9.8148740e+002
  4.0659200e+005  4.1161773e+006  9.8124040e+002
  4.0658845e+005  4.1161810e+006  9.8120350e+002
  4.0658454e+005  4.1161851e+006  9.8113920e+002
  4.0658066e+005  4.1161891e+006  9.8106860e+002
  4.0657709e+005  4.1161940e+006  9.8078990e+002
  4.0657386e+005  4.1161992e+006  9.8050480e+002
  4.0657068e+005  4.1162036e+006  9.8031690e+002
  4.0656727e+005  4.1162085e+006  9.8016670e+002
  4.0656461e+005  4.1162132e+006  9.7994020e+002
  4.0656169e+005  4.1162181e+006  9.7972470e+002
  4.0655862e+005  4.1162227e+006  9.7956290e+002
  4.0655577e+005  4.1162274e+006  9.7940450e+002
  4.0655286e+005  4.1162317e+006  9.7940270e+002
  4.0654986e+005  4.1162360e+006  9.7934690e+002
  4.0654681e+005  4.1162402e+006  9.7943280e+002
  4.0654346e+005  4.1162438e+006  9.7946050e+002
  4.0654053e+005  4.1162476e+006  9.7961180e+002
  4.0653729e+005  4.1162515e+006  9.7968910e+002
  4.0653440e+005  4.1162553e+006  9.7973740e+002
  4.0653092e+005  4.1162589e+006  9.7989560e+002
  4.0652739e+005  4.1162626e+006  9.8008280e+002
  4.0652390e+005  4.1162666e+006  9.8013270e+002
  4.0652076e+005  4.1162707e+006  9.8022210e+002
  4.0651750e+005  4.1162749e+006  9.8023770e+002
  4.0651430e+005  4.1162789e+006  9.8022900e+002
  4.0651114e+005  4.1162833e+006  9.8025110e+002
  4.0650793e+005  4.1162873e+006  9.8021520e+002
  4.0650485e+005  4.1162912e+006  9.8026910e+002
  4.0650172e+005  4.1162949e+006  9.8034820e+002
  4.0649848e+005  4.1162986e+006  9.8045530e+002
  4.0649551e+005  4.1163023e+006  9.8044240e+002
  4.0649220e+005  4.1163063e+006  9.8056010e+002
  4.0648875e+005  4.1163097e+006  9.8067320e+002
  4.0648528e+005  4.1163134e+006  9.8073000e+002
  4.0648202e+005  4.1163169e+006  9.8078020e+002
  4.0647861e+005  4.1163207e+006  9.8078330e+002
  4.0647580e+005  4.1163247e+006  9.8075620e+002
  4.0647249e+005  4.1163286e+006  9.8068170e+002
  4.0646908e+005  4.1163325e+006  9.8069220e+002
  4.0646578e+005  4.1163361e+006  9.8089440e+002
  4.0646202e+005  4.1163399e+006  9.8090310e+002
  4.0645851e+005  4.1163438e+006  9.8097310e+002
  4.0645489e+005  4.1163476e+006  9.8112890e+002
  4.0645105e+005  4.1163515e+006  9.8113960e+002
  4.0644699e+005  4.1163556e+006  9.8110260e+002
  4.0644319e+005  4.1163593e+006  9.8117230e+002
  4.0643946e+005  4.1163631e+006  9.8111270e+002
  4.0643601e+005  4.1163666e+006  9.8104500e+002
  4.0643212e+005  4.1163703e+006  9.8107310e+002
  4.0642809e+005  4.1163739e+006  9.8116020e+002
  4.0642439e+005  4.1163776e+006  9.8104780e+002
  4.0642078e+005  4.1163809e+006  9.8097950e+002
  4.0641716e+005  4.1163848e+006  9.8087760e+002
  4.0641335e+005  4.1163885e+006  9.8073330e+002
  4.0640984e+005  4.1163921e+006  9.8062800e+002
  4.0640589e+005  4.1163954e+006  9.8051620e+002
  4.0640187e+005  4.1163989e+006  9.8050700e+002
  4.0639750e+005  4.1164026e+006  9.8034930e+002
  4.0639295e+005  4.1164066e+006  9.8026940e+002
  4.0638874e+005  4.1164104e+006  9.8005990e+002
  4.0638452e+005  4.1164146e+006  9.7982410e+002
  4.0638058e+005  4.1164186e+006  9.7960880e+002
  4.0637649e+005  4.1164226e+006  9.7915520e+002
  4.0637299e+005  4.1164266e+006  9.7883530e+002
  4.0636916e+005  4.1164306e+006  9.7853070e+002
  4.0636556e+005  4.1164350e+006  9.7813090e+002
  4.0636196e+005  4.1164391e+006  9.7778850e+002
  4.0635843e+005  4.1164429e+006  9.7743020e+002
  4.0635456e+005  4.1164470e+006  9.7689750e+002
  4.0635075e+005  4.1164510e+006  9.7653410e+002
  4.0634715e+005  4.1164552e+006  9.7603920e+002
  4.0634346e+005  4.1164590e+006  9.7564570e+002
  4.0633965e+005  4.1164628e+006  9.7531510e+002
  4.0633584e+005  4.1164667e+006  9.7476390e+002
  4.0633219e+005  4.1164709e+006  9.7413500e+002
  4.0632854e+005  4.1164752e+006  9.7374230e+002
  4.0632475e+005  4.1164791e+006  9.7338450e+002
  4.0632141e+005  4.1164830e+006  9.7301250e+002
  4.0631747e+005  4.1164869e+006  9.7240200e+002
  4.0631373e+005  4.1164911e+006  9.7185030e+002
  4.0631027e+005  4.1164950e+006  9.7142310e+002
  4.0630703e+005  4.1164994e+006  9.7080170e+002
  4.0630379e+005  4.1165038e+006  9.7004100e+002
  4.0630081e+005  4.1165075e+006  9.6953750e+002
  4.0629737e+005  4.1165115e+006  9.6913050e+002
  4.0629395e+005  4.1165166e+006  9.6842050e+002
  4.0629011e+005  4.1165217e+006  9.6758890e+002
  4.0628682e+005  4.1165261e+006  9.6699850e+002
  4.0628390e+005  4.1165311e+006  9.6616510e+002
  4.0628117e+005  4.1165373e+006  9.6508620e+002
  4.0627864e+005  4.1165419e+006  9.6425180e+002
  4.0627696e+005  4.1165463e+006  9.6343930e+002
  4.0627418e+005  4.1165539e+006  9.6197220e+002
  4.0627277e+005  4.1165576e+006  9.6126140e+002
  4.0627194e+005  4.1165615e+006  9.6058970e+002
  4.0627347e+005  4.1165685e+006  9.5862000e+002
  4.0627369e+005  4.1165721e+006  9.5786050e+002
  4.0627361e+005  4.1165723e+006  9.5776820e+002
  4.0627274e+005  4.1165717e+006  9.5733840e+002
  4.0627371e+005  4.1165728e+006  9.5745540e+002
  4.0627374e+005  4.1165729e+006  9.5732770e+002
  4.0627397e+005  4.1165727e+006  9.5755790e+002
  4.0627379e+005  4.1165727e+006  9.5749940e+002
  4.0627350e+005  4.1165728e+006  9.5734620e+002
  4.0627279e+005  4.1165715e+006  9.5706410e+002
  4.0627291e+005  4.1165714e+006  9.5709060e+002
  4.0627399e+005  4.1165725e+006  9.5765740e+002
  4.0627403e+005  4.1165726e+006  9.5754840e+002
  4.0627387e+005  4.1165726e+006  9.5760510e+002
  4.0627372e+005  4.1165726e+006  9.5763550e+002
  4.0627359e+005  4.1165727e+006  9.5761740e+002
  4.0627317e+005  4.1165726e+006  9.5748890e+002
  4.0627382e+005  4.1165725e+006  9.5763610e+002
  4.0627396e+005  4.1165729e+006  9.5718780e+002
  4.0627398e+005  4.1165730e+006  9.5719230e+002
  4.0627339e+005  4.1165724e+006  9.5776820e+002
  4.0627400e+005  4.1165719e+006  9.5785070e+002
  4.0627394e+005  4.1165720e+006  9.5786280e+002
  4.0627393e+005  4.1165720e+006  9.5785990e+002
  4.0627395e+005  4.1165719e+006  9.5785380e+002
  4.0627402e+005  4.1165720e+006  9.5784370e+002
  4.0627371e+005  4.1165720e+006  9.5789830e+002
  4.0627420e+005  4.1165719e+006  9.5783340e+002
  4.0627420e+005  4.1165719e+006  9.5782720e+002
  4.0627421e+005  4.1165719e+006  9.5782760e+002
  4.0627413e+005  4.1165720e+006  9.5783350e+002
  4.0627415e+005  4.1165724e+006  9.5775590e+002
  4.0627371e+005  4.1165721e+006  9.5777920e+002
  4.0627391e+005  4.1165725e+006  9.5777710e+002
  4.0627384e+005  4.1165724e+006  9.5775710e+002
  4.0627519e+005  4.1165743e+006  9.5726260e+002
  4.0627626e+005  4.1165781e+006  9.5618550e+002
  4.0627841e+005  4.1165832e+006  9.5498290e+002
  4.0628003e+005  4.1165850e+006  9.5438120e+002
  4.0628486e+005  4.1165885e+006  9.5310780e+002
  4.0629057e+005  4.1165920e+006  9.5178960e+002
  4.0629540e+005  4.1165946e+006  9.5074760e+002
  4.0630025e+005  4.1165973e+006  9.4984260e+002
  4.0630567e+005  4.1166001e+006  9.4865420e+002
  4.0631177e+005  4.1166032e+006  9.4726720e+002
  4.0631708e+005  4.1166063e+006  9.4597370e+002
  4.0632195e+005  4.1166081e+006  9.4520430e+002
  4.0632734e+005  4.1166104e+006  9.4408300e+002
  4.0633243e+005  4.1166133e+006  9.4297600e+002
  4.0633842e+005  4.1166168e+006  9.4162060e+002
  4.0634398e+005  4.1166204e+006  9.4035370e+002
  4.0634826e+005  4.1166238e+006  9.3925000e+002
  4.0635304e+005  4.1166278e+006  9.3781510e+002
  4.0635795e+005  4.1166310e+006  9.3667260e+002
  4.0636295e+005  4.1166339e+006  9.3571710e+002
  4.0636775e+005  4.1166370e+006  9.3472680e+002
  4.0637350e+005  4.1166409e+006  9.3339760e+002
  4.0637823e+005  4.1166440e+006  9.3235030e+002
  4.0638289e+005  4.1166484e+006  9.3104740e+002
  4.0638755e+005  4.1166526e+006  9.3011870e+002
  4.0639236e+005  4.1166565e+006  9.2902960e+002
  4.0639778e+005  4.1166606e+006  9.2764550e+002
  4.0640218e+005  4.1166638e+006  9.2683550e+002
  4.0640689e+005  4.1166669e+006  9.2584640e+002
  4.0641319e+005  4.1166704e+006  9.2473960e+002
  4.0641842e+005  4.1166739e+006  9.2383450e+002
  4.0642405e+005  4.1166777e+006  9.2260970e+002
  4.0642928e+005  4.1166812e+006  9.2142880e+002
  4.0643245e+005  4.1166844e+006  9.2068530e+002
  4.0643504e+005  4.1166873e+006  9.2012740e+002
  4.0644061e+005  4.1166916e+006  9.1868570e+002
  4.0644570e+005  4.1166960e+006  9.1745410e+002
  4.0645051e+005  4.1166994e+006  9.1657370e+002
  4.0645377e+005  4.1167022e+006  9.1579380e+002
  4.0645957e+005  4.1167068e+006  9.1421830e+002
  4.0646466e+005  4.1167108e+006  9.1297000e+002
  4.0646847e+005  4.1167136e+006  9.1217580e+002
  4.0647368e+005  4.1167180e+006  9.1076100e+002
  4.0647745e+005  4.1167203e+006  9.1008420e+002
  4.0648455e+005  4.1167228e+006  9.0884190e+002
  4.0648893e+005  4.1167239e+006  9.0804400e+002
  4.0649214e+005  4.1167253e+006  9.0756010e+002
  4.0649567e+005  4.1167270e+006  9.0697520e+002
  4.0650057e+005  4.1167292e+006  9.0613240e+002
  4.0650057e+005  4.1167292e+006  9.0613240e+002
  4.0650208e+005  4.1167302e+006  9.0519680e+002
  4.0650187e+005  4.1167302e+006  9.0496300e+002
  4.0650180e+005  4.1167300e+006  9.0503420e+002
  4.0650192e+005  4.1167301e+006  9.0550790e+002
  4.0650188e+005  4.1167305e+006  9.0584110e+002
  4.0650212e+005  4.1167304e+006  9.0623360e+002
  4.0650243e+005  4.1167307e+006  9.0645190e+002
  4.0650200e+005  4.1167307e+006  9.0603690e+002
  4.0650215e+005  4.1167305e+006  9.0598950e+002
  4.0650219e+005  4.1167305e+006  9.0549140e+002
  4.0650228e+005  4.1167306e+006  9.0522770e+002
  4.0650226e+005  4.1167304e+006  9.0505920e+002
  4.0650202e+005  4.1167306e+006  9.0535020e+002
  4.0650205e+005  4.1167303e+006  9.0521990e+002
  4.0650230e+005  4.1167306e+006  9.0561790e+002
  4.0650207e+005  4.1167301e+006  9.0573070e+002
  4.0650237e+005  4.1167296e+006  9.0544420e+002
  4.0650267e+005  4.1167298e+006  9.0619530e+002
  4.0650252e+005  4.1167296e+006  9.0601600e+002
  4.0650253e+005  4.1167297e+006  9.0597350e+002
  4.0650229e+005  4.1167300e+006  9.0590680e+002
  4.0650206e+005  4.1167300e+006  9.0581490e+002
  4.0650305e+005  4.1167304e+006  9.0599150e+002
  4.0650940e+005  4.1167335e+006  9.0495680e+002
  4.0651409e+005  4.1167344e+006  9.0447380e+002
  4.0651981e+005  4.1167362e+006  9.0376770e+002
  4.0652564e+005  4.1167379e+006  9.0333270e+002
  4.0653217e+005  4.1167394e+006  9.0271590e+002
  4.0653730e+005  4.1167406e+006  9.0210700e+002
  4.0654328e+005  4.1167430e+006  9.0134900e+002
  4.0654865e+005  4.1167454e+006  9.0048560e+002
  4.0655485e+005  4.1167487e+006  8.9935300e+002
  4.0655969e+005  4.1167509e+006  8.9859280e+002
  4.0656529e+005  4.1167543e+006  8.9760000e+002
  4.0657056e+005  4.1167576e+006  8.9676320e+002
  4.0657478e+005  4.1167623e+006  8.9569220e+002
  4.0657894e+005  4.1167661e+006  8.9493050e+002
  4.0658182e+005  4.1167698e+006  8.9409220e+002
  4.0658653e+005  4.1167755e+006  8.9278850e+002
  4.0659073e+005  4.1167816e+006  8.9096640e+002
  4.0659419e+005  4.1167866e+006  8.8964110e+002
  4.0659789e+005  4.1167911e+006  8.8864860e+002
  4.0660345e+005  4.1167971e+006  8.8661930e+002
  4.0660792e+005  4.1168017e+006  8.8521980e+002
  4.0661171e+005  4.1168053e+006  8.8407380e+002
  4.0661484e+005  4.1168094e+006  8.8304630e+002
  4.0662042e+005  4.1168159e+006  8.8072720e+002
  4.0662650e+005  4.1168229e+006  8.7840510e+002
  4.0663059e+005  4.1168276e+006  8.7743370e+002
  4.0663450e+005  4.1168328e+006  8.7618960e+002
  4.0663784e+005  4.1168365e+006  8.7499900e+002
  4.0664275e+005  4.1168415e+006  8.7379670e+002
  4.0664464e+005  4.1168438e+006  8.7330670e+002
  4.0664752e+005  4.1168476e+006  8.7229760e+002
  4.0665081e+005  4.1168512e+006  8.7094070e+002
  4.0665384e+005  4.1168565e+006  8.6947910e+002
  4.0665725e+005  4.1168612e+006  8.6776820e+002
  4.0665821e+005  4.1168624e+006  8.6756230e+002
  4.0666139e+005  4.1168660e+006  8.6651400e+002
  4.0666289e+005  4.1168701e+006  8.6543060e+002
  4.0666302e+005  4.1168709e+006  8.6557630e+002
  4.0666290e+005  4.1168711e+006  8.6577820e+002
  4.0666294e+005  4.1168712e+006  8.6579060e+002
  4.0666319e+005  4.1168710e+006  8.6560420e+002
  4.0666311e+005  4.1168709e+006  8.6552350e+002
  4.0666295e+005  4.1168710e+006  8.6565410e+002
  4.0666295e+005  4.1168711e+006  8.6570570e+002
  4.0666263e+005  4.1168712e+006  8.6582510e+002
  4.0666258e+005  4.1168712e+006  8.6582500e+002
  4.0666275e+005  4.1168711e+006  8.6571230e+002
  4.0666292e+005  4.1168712e+006  8.6579230e+002
  4.0666292e+005  4.1168712e+006  8.6586680e+002
  4.0666292e+005  4.1168714e+006  8.6602330e+002
  4.0666281e+005  4.1168714e+006  8.6594190e+002
  4.0666297e+005  4.1168713e+006  8.6577820e+002
  4.0666296e+005  4.1168711e+006  8.6567500e+002
  4.0666300e+005  4.1168712e+006  8.6571990e+002
  4.0666284e+005  4.1168713e+006  8.6584390e+002
  4.0666006e+005  4.1168719e+006  8.6583620e+002
  4.0665605e+005  4.1168733e+006  8.6547370e+002
  4.0665118e+005  4.1168751e+006  8.6527750e+002
  4.0664645e+005  4.1168763e+006  8.6570150e+002
  4.0664198e+005  4.1168771e+006  8.6552130e+002
  4.0663775e+005  4.1168774e+006  8.6548860e+002
  4.0663709e+005  4.1168777e+006  8.6534750e+002
  4.0663674e+005  4.1168771e+006  8.6532930e+002
  4.0663642e+005  4.1168773e+006  8.6553540e+002
  4.0663648e+005  4.1168772e+006  8.6529710e+002
  4.0663561e+005  4.1168771e+006  8.6531690e+002
  4.0663534e+005  4.1168773e+006  8.6572040e+002
  4.0663517e+005  4.1168775e+006  8.6578410e+002
  4.0663485e+005  4.1168775e+006  8.6587070e+002
  4.0663095e+005  4.1168772e+006  8.6600940e+002
  4.0662803e+005  4.1168774e+006  8.6609190e+002
  4.0662323e+005  4.1168773e+006  8.6623370e+002
  4.0661820e+005  4.1168768e+006  8.6635240e+002
  4.0661396e+005  4.1168760e+006  8.6643190e+002
  4.0660875e+005  4.1168755e+006  8.6678270e+002
  4.0660340e+005  4.1168756e+006  8.6706840e+002
  4.0659838e+005  4.1168754e+006  8.6717260e+002
  4.0659306e+005  4.1168756e+006  8.6727510e+002
  4.0658759e+005  4.1168761e+006  8.6719950e+002
  4.0658277e+005  4.1168768e+006  8.6693750e+002
  4.0657751e+005  4.1168778e+006  8.6652760e+002
  4.0657237e+005  4.1168784e+006  8.6653020e+002
  4.0656719e+005  4.1168787e+006  8.6649140e+002
  4.0656221e+005  4.1168786e+006  8.6649900e+002
  4.0655731e+005  4.1168788e+006  8.6627610e+002
  4.0655229e+005  4.1168790e+006  8.6609630e+002
  4.0654719e+005  4.1168787e+006  8.6591610e+002
  4.0654204e+005  4.1168784e+006  8.6602550e+002
  4.0653710e+005  4.1168780e+006  8.6594960e+002
  4.0653178e+005  4.1168776e+006  8.6593470e+002
  4.0652703e+005  4.1168767e+006  8.6599170e+002
  4.0652189e+005  4.1168765e+006  8.6573050e+002
  4.0651684e+005  4.1168759e+006  8.6571650e+002
  4.0651152e+005  4.1168756e+006  8.6542450e+002
  4.0650675e+005  4.1168752e+006  8.6551430e+002
  4.0650206e+005  4.1168748e+006  8.6555840e+002
  4.0649684e+005  4.1168749e+006  8.6545020e+002
  4.0649165e+005  4.1168749e+006  8.6550150e+002
  4.0648645e+005  4.1168747e+006  8.6563310e+002
  4.0648220e+005  4.1168748e+006  8.6558570e+002
  4.0647685e+005  4.1168744e+006  8.6549870e+002
  4.0647210e+005  4.1168745e+006  8.6558190e+002
  4.0646711e+005  4.1168748e+006  8.6546560e+002
  4.0646243e+005  4.1168753e+006  8.6556850e+002
  4.0645757e+005  4.1168759e+006  8.6535130e+002
  4.0645273e+005  4.1168763e+006  8.6553790e+002
  4.0644739e+005  4.1168773e+006  8.6557650e+002
  4.0644198e+005  4.1168785e+006  8.6548080e+002
  4.0643748e+005  4.1168794e+006  8.6545320e+002
  4.0643275e+005  4.1168803e+006  8.6532120e+002
  4.0642773e+005  4.1168816e+006  8.6551320e+002
  4.0642298e+005  4.1168828e+006  8.6531540e+002
  4.0641859e+005  4.1168840e+006  8.6536320e+002
  4.0641384e+005  4.1168858e+006  8.6570110e+002
  4.0640946e+005  4.1168869e+006  8.6590290e+002
  4.0640499e+005  4.1168883e+006  8.6584250e+002
  4.0640045e+005  4.1168903e+006  8.6588180e+002
  4.0639588e+005  4.1168925e+006  8.6597260e+002
  4.0639152e+005  4.1168949e+006  8.6589440e+002
  4.0638760e+005  4.1168971e+006  8.6604170e+002
  4.0638316e+005  4.1168995e+006  8.6598000e+002
  4.0637918e+005  4.1169017e+006  8.6613200e+002
  4.0637546e+005  4.1169042e+006  8.6612370e+002
  4.0637133e+005  4.1169064e+006  8.6616250e+002
  4.0636747e+005  4.1169094e+006  8.6603870e+002
  4.0636352e+005  4.1169124e+006  8.6629510e+002
  4.0635979e+005  4.1169150e+006  8.6641230e+002
  4.0635645e+005  4.1169178e+006  8.6631290e+002
  4.0635296e+005  4.1169202e+006  8.6657670e+002
  4.0634980e+005  4.1169235e+006  8.6665220e+002
  4.0634629e+005  4.1169270e+006  8.6699520e+002
  4.0634302e+005  4.1169307e+006  8.6719130e+002
  4.0634035e+005  4.1169347e+006  8.6701030e+002
  4.0633786e+005  4.1169390e+006  8.6701930e+002
  4.0633569e+005  4.1169434e+006  8.6698920e+002
  4.0633379e+005  4.1169484e+006  8.6696170e+002
  4.0633218e+005  4.1169533e+006  8.6686020e+002
  4.0633112e+005  4.1169582e+006  8.6658680e+002
  4.0632980e+005  4.1169631e+006  8.6647820e+002
  4.0632911e+005  4.1169682e+006  8.6643900e+002
  4.0632845e+005  4.1169735e+006  8.6644240e+002
  4.0632802e+005  4.1169763e+006  8.6631930e+002
  4.0632747e+005  4.1169808e+006  8.6622640e+002
  4.0632676e+005  4.1169834e+006  8.6600950e+002
  4.0632709e+005  4.1169859e+006  8.6604430e+002
  4.0632662e+005  4.1169905e+006  8.6602150e+002
  4.0632624e+005  4.1169952e+006  8.6605410e+002
  4.0632608e+005  4.1169993e+006  8.6580970e+002
  4.0632608e+005  4.1170037e+006  8.6554780e+002
  4.0632605e+005  4.1170091e+006  8.6538350e+002
  4.0632624e+005  4.1170147e+006  8.6531720e+002
  4.0632612e+005  4.1170199e+006  8.6506200e+002
  4.0632627e+005  4.1170248e+006  8.6491160e+002
  4.0632635e+005  4.1170299e+006  8.6476030e+002
  4.0632607e+005  4.1170351e+006  8.6468460e+002
  4.0632605e+005  4.1170401e+006  8.6450310e+002
  4.0632632e+005  4.1170449e+006  8.6436640e+002
  4.0632659e+005  4.1170499e+006  8.6415540e+002
  4.0632640e+005  4.1170548e+006  8.6388570e+002
  4.0632640e+005  4.1170597e+006  8.6372080e+002
  4.0632616e+005  4.1170647e+006  8.6374460e+002
  4.0632583e+005  4.1170699e+006  8.6358690e+002
  4.0632535e+005  4.1170747e+006  8.6322070e+002
  4.0632411e+005  4.1170795e+006  8.6312290e+002
  4.0632274e+005  4.1170834e+006  8.6312610e+002
  4.0632062e+005  4.1170877e+006  8.6267830e+002
  4.0631884e+005  4.1170920e+006  8.6275780e+002
  4.0631665e+005  4.1170972e+006  8.6281450e+002
  4.0631444e+005  4.1171019e+006  8.6293840e+002
  4.0631203e+005  4.1171065e+006  8.6275150e+002
  4.0630967e+005  4.1171110e+006  8.6282250e+002
  4.0630703e+005  4.1171151e+006  8.6299040e+002
  4.0630425e+005  4.1171188e+006  8.6298730e+002
  4.0630163e+005  4.1171226e+006  8.6290940e+002
  4.0629996e+005  4.1171256e+006  8.6288700e+002
  4.0629646e+005  4.1171299e+006  8.6308870e+002
  4.0629376e+005  4.1171339e+006  8.6309790e+002
  4.0629138e+005  4.1171384e+006  8.6312940e+002
  4.0629010e+005  4.1171414e+006  8.6315810e+002
  4.0628852e+005  4.1171433e+006  8.6305780e+002
  4.0628674e+005  4.1171458e+006  8.6295270e+002
  4.0628537e+005  4.1171475e+006  8.6278350e+002
  4.0628318e+005  4.1171515e+006  8.6281070e+002
  4.0628049e+005  4.1171552e+006  8.6280730e+002
  4.0627800e+005  4.1171583e+006  8.6294330e+002
  4.0627505e+005  4.1171614e+006  8.6297300e+002
  4.0627182e+005  4.1171642e+006  8.6292890e+002
  4.0626840e+005  4.1171661e+006  8.6293280e+002
  4.0626488e+005  4.1171682e+006  8.6302430e+002
  4.0626099e+005  4.1171706e+006  8.6318390e+002
  4.0625710e+005  4.1171730e+006  8.6333490e+002
  4.0625268e+005  4.1171763e+006  8.6334890e+002
  4.0624864e+005  4.1171796e+006  8.6324540e+002
  4.0624432e+005  4.1171830e+006  8.6323270e+002
  4.0623996e+005  4.1171861e+006  8.6320760e+002
  4.0623532e+005  4.1171887e+006  8.6314710e+002
  4.0623096e+005  4.1171912e+006  8.6316140e+002
  4.0622649e+005  4.1171931e+006  8.6310920e+002
  4.0622200e+005  4.1171948e+006  8.6299410e+002
  4.0621690e+005  4.1171967e+006  8.6297540e+002
  4.0621217e+005  4.1171988e+006  8.6299480e+002
  4.0620713e+005  4.1172008e+006  8.6280500e+002
  4.0620214e+005  4.1172023e+006  8.6276460e+002
  4.0619713e+005  4.1172037e+006  8.6285510e+002
  4.0619237e+005  4.1172052e+006  8.6283590e+002
  4.0618756e+005  4.1172066e+006  8.6271370e+002
  4.0618282e+005  4.1172076e+006  8.6268790e+002
  4.0617876e+005  4.1172089e+006  8.6263340e+002
  4.0617404e+005  4.1172100e+006  8.6262050e+002
  4.0616942e+005  4.1172112e+006  8.6278140e+002
  4.0616475e+005  4.1172122e+006  8.6273150e+002
  4.0616012e+005  4.1172130e+006  8.6271870e+002
  4.0615562e+005  4.1172142e+006  8.6263660e+002
  4.0615113e+005  4.1172150e+006  8.6272090e+002
  4.0614687e+005  4.1172161e+006  8.6274580e+002
  4.0614203e+005  4.1172171e+006  8.6274060e+002
  4.0613754e+005  4.1172183e+006  8.6278930e+002
  4.0613346e+005  4.1172196e+006  8.6283350e+002
  4.0612945e+005  4.1172203e+006  8.6303790e+002
  4.0612483e+005  4.1172217e+006  8.6306780e+002
  4.0611998e+005  4.1172229e+006  8.6317410e+002
  4.0611529e+005  4.1172244e+006  8.6330390e+002
  4.0611112e+005  4.1172260e+006  8.6337290e+002
  4.0610695e+005  4.1172273e+006  8.6348740e+002
  4.0610394e+005  4.1172284e+006  8.6359370e+002
  4.0609985e+005  4.1172295e+006  8.6370760e+002
  4.0609586e+005  4.1172314e+006  8.6370880e+002
  4.0609144e+005  4.1172339e+006  8.6376540e+002
  4.0608736e+005  4.1172362e+006  8.6383740e+002
  4.0608323e+005  4.1172392e+006  8.6367750e+002
  4.0607947e+005  4.1172419e+006  8.6362710e+002
  4.0607580e+005  4.1172448e+006  8.6364520e+002
  4.0607221e+005  4.1172482e+006  8.6343810e+002
  4.0606834e+005  4.1172517e+006  8.6323820e+002
  4.0606484e+005  4.1172554e+006  8.6300010e+002
  4.0606128e+005  4.1172593e+006  8.6280450e+002
  4.0605743e+005  4.1172633e+006  8.6250440e+002
  4.0605375e+005  4.1172676e+006  8.6220660e+002
  4.0605028e+005  4.1172715e+006  8.6191330e+002
  4.0604699e+005  4.1172748e+006  8.6172400e+002
  4.0604532e+005  4.1172766e+006  8.6168860e+002
  4.0604224e+005  4.1172794e+006  8.6158210e+002
  4.0603942e+005  4.1172821e+006  8.6141510e+002
  4.0603631e+005  4.1172850e+006  8.6141860e+002
  4.0603310e+005  4.1172883e+006  8.6118300e+002
  4.0603012e+005  4.1172907e+006  8.6107140e+002
  4.0602675e+005  4.1172936e+006  8.6092440e+002
  4.0602329e+005  4.1172969e+006  8.6083160e+002
  4.0601977e+005  4.1173000e+006  8.6079170e+002
  4.0601627e+005  4.1173031e+006  8.6077940e+002
  4.0601281e+005  4.1173061e+006  8.6080400e+002
  4.0600895e+005  4.1173088e+006  8.6083230e+002
  4.0600538e+005  4.1173115e+006  8.6088150e+002
  4.0600166e+005  4.1173140e+006  8.6090740e+002
  4.0599849e+005  4.1173166e+006  8.6089310e+002
  4.0599514e+005  4.1173197e+006  8.6079900e+002
  4.0599175e+005  4.1173229e+006  8.6076490e+002
  4.0598832e+005  4.1173256e+006  8.6079140e+002
  4.0598479e+005  4.1173287e+006  8.6087360e+002
  4.0598138e+005  4.1173318e+006  8.6089410e+002
  4.0597763e+005  4.1173350e+006  8.6092840e+002
  4.0597428e+005  4.1173382e+006  8.6093180e+002
  4.0597119e+005  4.1173409e+006  8.6096930e+002
  4.0597100e+005  4.1173416e+006  8.6087350e+002
  4.0597093e+005  4.1173415e+006  8.6087770e+002
  4.0597095e+005  4.1173415e+006  8.6088660e+002
  4.0597029e+005  4.1173415e+006  8.6094830e+002
  4.0597057e+005  4.1173415e+006  8.6094350e+002
  4.0597048e+005  4.1173415e+006  8.6094780e+002
  4.0597050e+005  4.1173415e+006  8.6094930e+002
  4.0597054e+005  4.1173415e+006  8.6095350e+002
  4.0597055e+005  4.1173415e+006  8.6095460e+002
  4.0597065e+005  4.1173416e+006  8.6093910e+002
  4.0597066e+005  4.1173415e+006  8.6093710e+002
  4.0597052e+005  4.1173417e+006  8.6095560e+002
  4.0597053e+005  4.1173415e+006  8.6094680e+002
  4.0597055e+005  4.1173416e+006  8.6094430e+002
  4.0597057e+005  4.1173416e+006  8.6094150e+002
  4.0597058e+005  4.1173417e+006  8.6093840e+002
  4.0597069e+005  4.1173415e+006  8.6091630e+002
  4.0597069e+005  4.1173417e+006  8.6091960e+002
  4.0597070e+005  4.1173417e+006  8.6091320e+002
  4.0597063e+005  4.1173417e+006  8.6094630e+002
  4.0597064e+005  4.1173417e+006  8.6093070e+002
  4.0597065e+005  4.1173417e+006  8.6092470e+002
  4.0597067e+005  4.1173417e+006  8.6092540e+002
  4.0597084e+005  4.1173416e+006  8.6087270e+002
  4.0597076e+005  4.1173417e+006  8.6090550e+002
  4.0597063e+005  4.1173416e+006  8.6094950e+002
  4.0597061e+005  4.1173417e+006  8.6094530e+002
  4.0597048e+005  4.1173420e+006  8.6090880e+002
  4.0597067e+005  4.1173418e+006  8.6090410e+002
  4.0597059e+005  4.1173417e+006  8.6092230e+002
  4.0597055e+005  4.1173418e+006  8.6092360e+002
  4.0597058e+005  4.1173418e+006  8.6091040e+002
  4.0597055e+005  4.1173418e+006  8.6091290e+002
  4.0597056e+005  4.1173418e+006  8.6091250e+002
  4.0597053e+005  4.1173418e+006  8.6092060e+002
  4.0597055e+005  4.1173418e+006  8.6091890e+002
  4.0597048e+005  4.1173417e+006  8.6092930e+002
  4.0597044e+005  4.1173417e+006  8.6092240e+002
  4.0597053e+005  4.1173418e+006  8.6091870e+002
  4.0597042e+005  4.1173417e+006  8.6093270e+002
  4.0597054e+005  4.1173421e+006  8.6089530e+002
  4.0597004e+005  4.1173421e+006  8.6096860e+002
  4.0596997e+005  4.1173421e+006  8.6098100e+002
  4.0597012e+005  4.1173422e+006  8.6094740e+002
  4.0597010e+005  4.1173421e+006  8.6095410e+002
  4.0596933e+005  4.1173430e+006  8.6093600e+002
  4.0596809e+005  4.1173436e+006  8.6097400e+002
  4.0596841e+005  4.1173432e+006  8.6100350e+002
  4.0596820e+005  4.1173430e+006  8.6103990e+002
  4.0596828e+005  4.1173430e+006  8.6104800e+002
  4.0596820e+005  4.1173431e+006  8.6103140e+002
  4.0596972e+005  4.1173409e+006  8.6107860e+002
  4.0597155e+005  4.1173371e+006  8.6141830e+002
  4.0597276e+005  4.1173335e+006  8.6177620e+002
  4.0597405e+005  4.1173300e+006  8.6211350e+002
  4.0597594e+005  4.1173264e+006  8.6244130e+002
  4.0597812e+005  4.1173229e+006  8.6269220e+002
  4.0598046e+005  4.1173195e+006  8.6290230e+002
  4.0598280e+005  4.1173160e+006  8.6308660e+002
  4.0598602e+005  4.1173126e+006  8.6323220e+002
  4.0598942e+005  4.1173096e+006  8.6332080e+002
  4.0599299e+005  4.1173065e+006  8.6343250e+002
  4.0599627e+005  4.1173035e+006  8.6345530e+002
  4.0599949e+005  4.1173004e+006  8.6351290e+002
  4.0600273e+005  4.1172977e+006  8.6362760e+002
  4.0600574e+005  4.1172945e+006  8.6376670e+002
  4.0600848e+005  4.1172912e+006  8.6391920e+002
  4.0601131e+005  4.1172885e+006  8.6404620e+002
  4.0601449e+005  4.1172858e+006  8.6415340e+002
  4.0601775e+005  4.1172827e+006  8.6417980e+002
  4.0602090e+005  4.1172797e+006  8.6439160e+002
  4.0602453e+005  4.1172767e+006  8.6439940e+002
  4.0602813e+005  4.1172740e+006  8.6445050e+002
  4.0603162e+005  4.1172710e+006  8.6447570e+002
  4.0603537e+005  4.1172679e+006  8.6454170e+002
  4.0603905e+005  4.1172654e+006  8.6443730e+002
  4.0604253e+005  4.1172627e+006  8.6455280e+002
  4.0604614e+005  4.1172602e+006  8.6452560e+002
  4.0604924e+005  4.1172570e+006  8.6467250e+002
  4.0605248e+005  4.1172538e+006  8.6481200e+002
  4.0605593e+005  4.1172508e+006  8.6486790e+002
  4.0605913e+005  4.1172480e+006  8.6501510e+002
  4.0606283e+005  4.1172453e+006  8.6499450e+002
  4.0606607e+005  4.1172424e+006  8.6509000e+002
  4.0606936e+005  4.1172395e+006  8.6519180e+002
  4.0607230e+005  4.1172366e+006  8.6553110e+002
  4.0607493e+005  4.1172331e+006  8.6569150e+002
  4.0607735e+005  4.1172298e+006  8.6595670e+002
  4.0608020e+005  4.1172265e+006  8.6626440e+002
  4.0608305e+005  4.1172234e+006  8.6650140e+002
  4.0608604e+005  4.1172202e+006  8.6672630e+002
  4.0608962e+005  4.1172176e+006  8.6680480e+002
  4.0609334e+005  4.1172151e+006  8.6693150e+002
  4.0609708e+005  4.1172127e+006  8.6702700e+002
  4.0610087e+005  4.1172103e+006  8.6713070e+002
  4.0610412e+005  4.1172088e+006  8.6720750e+002
  4.0610741e+005  4.1172065e+006  8.6732330e+002
  4.0611123e+005  4.1172044e+006  8.6736870e+002
  4.0611488e+005  4.1172023e+006  8.6757120e+002
  4.0611852e+005  4.1172001e+006  8.6776830e+002
  4.0612257e+005  4.1171979e+006  8.6796960e+002
  4.0612680e+005  4.1171960e+006  8.6823200e+002
  4.0613120e+005  4.1171941e+006  8.6838060e+002
  4.0613521e+005  4.1171923e+006  8.6848810e+002
  4.0613975e+005  4.1171907e+006  8.6858660e+002
  4.0614415e+005  4.1171895e+006  8.6873970e+002
  4.0614813e+005  4.1171881e+006  8.6877410e+002
  4.0615225e+005  4.1171871e+006  8.6892780e+002
  4.0615661e+005  4.1171860e+006  8.6895140e+002
  4.0616135e+005  4.1171846e+006  8.6894420e+002
  4.0616570e+005  4.1171830e+006  8.6898600e+002
  4.0617044e+005  4.1171813e+006  8.6907340e+002
  4.0617499e+005  4.1171799e+006  8.6900830e+002
  4.0617958e+005  4.1171784e+006  8.6909840e+002
  4.0618418e+005  4.1171769e+006  8.6887740e+002
  4.0618870e+005  4.1171752e+006  8.6911610e+002
  4.0619357e+005  4.1171730e+006  8.6913620e+002
  4.0619829e+005  4.1171702e+006  8.6916060e+002
  4.0620282e+005  4.1171677e+006  8.6913730e+002
  4.0620699e+005  4.1171649e+006  8.6916690e+002
  4.0621079e+005  4.1171624e+006  8.6918650e+002
  4.0621492e+005  4.1171594e+006  8.6929870e+002
  4.0621871e+005  4.1171566e+006  8.6927510e+002
  4.0622238e+005  4.1171534e+006  8.6959840e+002
  4.0622607e+005  4.1171496e+006  8.6957130e+002
  4.0622945e+005  4.1171455e+006  8.6960520e+002
  4.0623263e+005  4.1171418e+006  8.6978360e+002
  4.0623599e+005  4.1171381e+006  8.6978540e+002
  4.0623944e+005  4.1171339e+006  8.6964890e+002
  4.0624224e+005  4.1171294e+006  8.6960340e+002
  4.0624493e+005  4.1171254e+006  8.6979090e+002
  4.0624768e+005  4.1171212e+006  8.6989140e+002
  4.0625061e+005  4.1171166e+006  8.6967560e+002
  4.0625285e+005  4.1171122e+006  8.6975620e+002
  4.0625524e+005  4.1171080e+006  8.6986200e+002
  4.0625718e+005  4.1171032e+006  8.6990690e+002
  4.0625895e+005  4.1170984e+006  8.6989930e+002
  4.0626127e+005  4.1170937e+006  8.6987540e+002
  4.0626377e+005  4.1170891e+006  8.6986170e+002
  4.0626618e+005  4.1170843e+006  8.6976450e+002
  4.0626874e+005  4.1170797e+006  8.6960370e+002
  4.0627142e+005  4.1170758e+006  8.6929500e+002
  4.0627403e+005  4.1170711e+006  8.6909590e+002
  4.0627681e+005  4.1170666e+006  8.6915350e+002
  4.0628005e+005  4.1170617e+006  8.6882110e+002
  4.0628088e+005  4.1170605e+006  8.6870770e+002
  4.0628101e+005  4.1170605e+006  8.6872090e+002
  4.0628227e+005  4.1170586e+006  8.6855780e+002
  4.0628436e+005  4.1170554e+006  8.6848410e+002
  4.0628683e+005  4.1170520e+006  8.6815190e+002
  4.0628949e+005  4.1170481e+006  8.6800120e+002
  4.0629237e+005  4.1170429e+006  8.6773830e+002
  4.0629466e+005  4.1170377e+006  8.6756020e+002
  4.0629661e+005  4.1170333e+006  8.6742450e+002
  4.0629794e+005  4.1170283e+006  8.6731470e+002
  4.0629860e+005  4.1170231e+006  8.6727290e+002
  4.0629904e+005  4.1170176e+006  8.6723890e+002
  4.0629939e+005  4.1170130e+006  8.6728390e+002
  4.0629973e+005  4.1170089e+006  8.6739170e+002
  4.0630069e+005  4.1170043e+006  8.6751190e+002
  4.0630164e+005  4.1169995e+006  8.6767280e+002
  4.0630259e+005  4.1169947e+006  8.6762810e+002
  4.0630373e+005  4.1169903e+006  8.6762210e+002
  4.0630426e+005  4.1169860e+006  8.6773820e+002
  4.0630492e+005  4.1169817e+006  8.6797460e+002
  4.0630533e+005  4.1169772e+006  8.6829970e+002
  4.0630558e+005  4.1169720e+006  8.6840520e+002
  4.0630614e+005  4.1169678e+006  8.6857300e+002
  4.0630728e+005  4.1169631e+006  8.6880520e+002
  4.0630828e+005  4.1169582e+006  8.6890800e+002
  4.0630958e+005  4.1169537e+006  8.6896730e+002
  4.0631063e+005  4.1169495e+006  8.6921420e+002
  4.0631157e+005  4.1169450e+006  8.6945330e+002
  4.0631333e+005  4.1169404e+006  8.6949530e+002
  4.0631426e+005  4.1169357e+006  8.6966830e+002
  4.0631504e+005  4.1169316e+006  8.6998320e+002
  4.0631655e+005  4.1169268e+006  8.7017580e+002
  4.0631797e+005  4.1169219e+006  8.7034600e+002
  4.0631922e+005  4.1169176e+006  8.7069210e+002
  4.0632087e+005  4.1169139e+006  8.7097950e+002
  4.0632267e+005  4.1169099e+006  8.7113460e+002
  4.0632503e+005  4.1169057e+006  8.7128630e+002
  4.0632700e+005  4.1169028e+006  8.7135210e+002
  4.0632946e+005  4.1168992e+006  8.7151330e+002
  4.0633238e+005  4.1168962e+006  8.7153480e+002
  4.0633549e+005  4.1168933e+006  8.7154700e+002
  4.0633913e+005  4.1168905e+006  8.7146140e+002
  4.0634285e+005  4.1168878e+006  8.7149100e+002
  4.0634677e+005  4.1168852e+006  8.7148350e+002
  4.0635088e+005  4.1168828e+006  8.7134810e+002
  4.0635517e+005  4.1168809e+006  8.7126790e+002
  4.0635998e+005  4.1168788e+006  8.7095140e+002
  4.0636389e+005  4.1168770e+006  8.7087310e+002
  4.0636839e+005  4.1168749e+006  8.7071510e+002
  4.0637287e+005  4.1168733e+006  8.7074580e+002
  4.0637719e+005  4.1168715e+006  8.7062130e+002
  4.0638159e+005  4.1168702e+006  8.7049770e+002
  4.0638605e+005  4.1168688e+006  8.7049340e+002
  4.0639090e+005  4.1168673e+006  8.7021240e+002
  4.0639544e+005  4.1168660e+006  8.7026330e+002
  4.0640037e+005  4.1168650e+006  8.7012480e+002
  4.0640500e+005  4.1168641e+006  8.7020550e+002
  4.0641014e+005  4.1168631e+006  8.6996240e+002
  4.0641491e+005  4.1168627e+006  8.6976100e+002
  4.0641992e+005  4.1168624e+006  8.6971030e+002
  4.0642473e+005  4.1168617e+006  8.6960010e+002
  4.0642934e+005  4.1168613e+006  8.6964400e+002
  4.0643466e+005  4.1168607e+006  8.6960450e+002
  4.0643931e+005  4.1168603e+006  8.6971050e+002
  4.0644410e+005  4.1168601e+006  8.6956530e+002
  4.0644877e+005  4.1168597e+006  8.6964610e+002
  4.0645385e+005  4.1168598e+006  8.6961050e+002
  4.0645855e+005  4.1168600e+006  8.6956890e+002
  4.0646339e+005  4.1168602e+006  8.6954830e+002
  4.0646842e+005  4.1168608e+006  8.6948190e+002
  4.0647334e+005  4.1168617e+006  8.6930660e+002
  4.0647821e+005  4.1168626e+006  8.6916600e+002
  4.0648282e+005  4.1168631e+006  8.6908370e+002
  4.0648742e+005  4.1168638e+006  8.6899700e+002
  4.0649046e+005  4.1168640e+006  8.6909160e+002
  4.0649492e+005  4.1168650e+006  8.6901240e+002
  4.0649977e+005  4.1168664e+006  8.6873630e+002
  4.0650379e+005  4.1168671e+006  8.6866280e+002
  4.0650733e+005  4.1168674e+006  8.6871640e+002
  4.0651237e+005  4.1168683e+006  8.6858030e+002
  4.0651747e+005  4.1168689e+006  8.6838710e+002
  4.0652221e+005  4.1168692e+006  8.6826030e+002
  4.0652683e+005  4.1168696e+006  8.6827190e+002
  4.0653171e+005  4.1168697e+006  8.6828760e+002
  4.0653629e+005  4.1168698e+006  8.6845220e+002
  4.0654119e+005  4.1168703e+006  8.6848060e+002
  4.0654473e+005  4.1168706e+006  8.6853070e+002
  4.0654902e+005  4.1168711e+006  8.6834740e+002
  4.0655343e+005  4.1168709e+006  8.6842270e+002
  4.0655867e+005  4.1168710e+006  8.6838140e+002
  4.0656355e+005  4.1168707e+006  8.6852550e+002
  4.0656830e+005  4.1168709e+006  8.6849240e+002
  4.0657382e+005  4.1168708e+006  8.6848030e+002
  4.0657906e+005  4.1168709e+006  8.6848730e+002
  4.0658326e+005  4.1168709e+006  8.6839260e+002
  4.0658846e+005  4.1168710e+006  8.6835520e+002
  4.0659377e+005  4.1168714e+006  8.6817140e+002
  4.0659931e+005  4.1168719e+006  8.6787530e+002
  4.0660484e+005  4.1168721e+006  8.6775990e+002
  4.0660996e+005  4.1168716e+006  8.6774220e+002
  4.0661555e+005  4.1168711e+006  8.6757720e+002
  4.0662044e+005  4.1168710e+006  8.6748000e+002
  4.0662403e+005  4.1168708e+006  8.6739370e+002
  4.0662886e+005  4.1168707e+006  8.6718290e+002
  4.0663305e+005  4.1168704e+006  8.6715000e+002
  4.0663764e+005  4.1168691e+006  8.6734890e+002
  4.0664222e+005  4.1168673e+006  8.6744770e+002
  4.0664597e+005  4.1168651e+006  8.6768890e+002
  4.0665041e+005  4.1168630e+006  8.6796550e+002
  4.0665439e+005  4.1168612e+006  8.6819080e+002
  4.0665853e+005  4.1168594e+006  8.6855790e+002
  4.0666265e+005  4.1168571e+006  8.6860190e+002
  4.0666710e+005  4.1168548e+006  8.6869180e+002
  4.0667138e+005  4.1168530e+006  8.6865090e+002
  4.0667607e+005  4.1168508e+006  8.6857980e+002
  4.0668087e+005  4.1168485e+006  8.6861420e+002
  4.0668519e+005  4.1168464e+006  8.6862490e+002
  4.0668999e+005  4.1168440e+006  8.6855530e+002
  4.0669448e+005  4.1168417e+006  8.6856850e+002
  4.0669860e+005  4.1168394e+006  8.6851330e+002
  4.0670294e+005  4.1168372e+006  8.6841990e+002
  4.0670650e+005  4.1168349e+006  8.6833540e+002
  4.0670989e+005  4.1168329e+006  8.6841650e+002
  4.0671425e+005  4.1168305e+006  8.6824510e+002
  4.0671918e+005  4.1168267e+006  8.6831470e+002
  4.0672407e+005  4.1168236e+006  8.6819990e+002
  4.0672835e+005  4.1168205e+006  8.6817670e+002
  4.0673298e+005  4.1168175e+006  8.6803170e+002
  4.0673801e+005  4.1168141e+006  8.6791560e+002
  4.0674269e+005  4.1168112e+006  8.6768420e+002
  4.0674759e+005  4.1168082e+006  8.6760530e+002
  4.0675168e+005  4.1168054e+006  8.6742360e+002
  4.0675589e+005  4.1168029e+006  8.6738390e+002
  4.0676033e+005  4.1168000e+006  8.6740870e+002
  4.0676558e+005  4.1167967e+006  8.6721230e+002
  4.0676973e+005  4.1167935e+006  8.6713840e+002
  4.0677367e+005  4.1167905e+006  8.6716130e+002
  4.0677777e+005  4.1167874e+006  8.6709050e+002
  4.0678204e+005  4.1167842e+006  8.6708440e+002
  4.0678639e+005  4.1167810e+006  8.6688040e+002
  4.0679124e+005  4.1167783e+006  8.6669310e+002
  4.0679534e+005  4.1167757e+006  8.6655300e+002
  4.0679964e+005  4.1167729e+006  8.6640860e+002
  4.0680383e+005  4.1167700e+006  8.6639470e+002
  4.0680806e+005  4.1167675e+006  8.6613270e+002
  4.0681248e+005  4.1167648e+006  8.6613470e+002
  4.0681670e+005  4.1167619e+006  8.6600930e+002
  4.0682122e+005  4.1167592e+006  8.6601920e+002
  4.0682558e+005  4.1167565e+006  8.6584410e+002
  4.0682981e+005  4.1167538e+006  8.6587600e+002
  4.0683387e+005  4.1167512e+006  8.6576470e+002
  4.0683812e+005  4.1167485e+006  8.6576490e+002
  4.0684288e+005  4.1167460e+006  8.6568220e+002
  4.0684758e+005  4.1167429e+006  8.6568520e+002
  4.0685209e+005  4.1167397e+006  8.6573340e+002
  4.0685646e+005  4.1167366e+006  8.6568250e+002
  4.0686054e+005  4.1167338e+006  8.6578680e+002
  4.0686508e+005  4.1167308e+006  8.6578890e+002
  4.0686959e+005  4.1167281e+006  8.6572090e+002
  4.0687402e+005  4.1167252e+006  8.6577780e+002
  4.0687894e+005  4.1167228e+006  8.6561310e+002
  4.0688365e+005  4.1167203e+006  8.6552660e+002
  4.0688832e+005  4.1167182e+006  8.6539880e+002
  4.0689323e+005  4.1167160e+006  8.6523570e+002
  4.0689781e+005  4.1167132e+006  8.6504830e+002
  4.0690211e+005  4.1167105e+006  8.6502970e+002
  4.0690653e+005  4.1167078e+006  8.6491960e+002
  4.0691124e+005  4.1167055e+006  8.6480110e+002
  4.0691625e+005  4.1167028e+006  8.6477220e+002
  4.0692110e+005  4.1166999e+006  8.6474640e+002
  4.0692622e+005  4.1166969e+006  8.6465190e+002
  4.0693111e+005  4.1166941e+006  8.6443980e+002
  4.0693581e+005  4.1166915e+006  8.6437320e+002
  4.0694046e+005  4.1166886e+006  8.6420960e+002
  4.0694508e+005  4.1166857e+006  8.6414360e+002
  4.0695000e+005  4.1166827e+006  8.6402840e+002
  4.0695470e+005  4.1166797e+006  8.6400330e+002
  4.0695910e+005  4.1166767e+006  8.6400600e+002
  4.0696322e+005  4.1166737e+006  8.6395880e+002
  4.0696711e+005  4.1166706e+006  8.6400210e+002
  4.0697083e+005  4.1166673e+006  8.6395980e+002
  4.0697457e+005  4.1166640e+006  8.6408920e+002
  4.0697815e+005  4.1166608e+006  8.6411200e+002
  4.0698210e+005  4.1166575e+006  8.6407470e+002
  4.0698617e+005  4.1166545e+006  8.6417750e+002
  4.0699027e+005  4.1166515e+006  8.6417010e+002
  4.0699425e+005  4.1166486e+006  8.6412690e+002
  4.0699824e+005  4.1166453e+006  8.6411880e+002
  4.0700342e+005  4.1166421e+006  8.6400120e+002
  4.0700855e+005  4.1166390e+006  8.6376000e+002
  4.0701337e+005  4.1166356e+006  8.6362130e+002
  4.0701816e+005  4.1166323e+006  8.6357850e+002
  4.0702254e+005  4.1166291e+006  8.6353000e+002
  4.0702688e+005  4.1166256e+006  8.6348580e+002
  4.0703088e+005  4.1166219e+006  8.6335540e+002
  4.0703512e+005  4.1166183e+006  8.6325620e+002
  4.0703895e+005  4.1166151e+006  8.6322430e+002
  4.0704290e+005  4.1166119e+006  8.6338950e+002
  4.0704692e+005  4.1166084e+006  8.6329420e+002
  4.0705117e+005  4.1166049e+006  8.6320300e+002
  4.0705569e+005  4.1166015e+006  8.6308790e+002
  4.0706000e+005  4.1165982e+006  8.6297610e+002
  4.0706474e+005  4.1165944e+006  8.6283940e+002
  4.0706917e+005  4.1165906e+006  8.6265210e+002
  4.0707364e+005  4.1165868e+006  8.6257180e+002
  4.0707814e+005  4.1165835e+006  8.6250610e+002
  4.0708256e+005  4.1165799e+006  8.6228330e+002
  4.0708665e+005  4.1165764e+006  8.6203460e+002
  4.0709079e+005  4.1165727e+006  8.6194370e+002
  4.0709466e+005  4.1165692e+006  8.6203300e+002
  4.0709831e+005  4.1165654e+006  8.6193550e+002
  4.0710234e+005  4.1165617e+006  8.6177770e+002
  4.0710590e+005  4.1165585e+006  8.6162340e+002
  4.0710881e+005  4.1165559e+006  8.6157460e+002
  4.0711269e+005  4.1165519e+006  8.6146080e+002
  4.0711687e+005  4.1165480e+006  8.6131500e+002
  4.0712136e+005  4.1165438e+006  8.6120950e+002
  4.0712547e+005  4.1165396e+006  8.6119700e+002
  4.0712951e+005  4.1165354e+006  8.6095590e+002
  4.0713342e+005  4.1165315e+006  8.6091520e+002
  4.0713760e+005  4.1165274e+006  8.6082350e+002
  4.0714152e+005  4.1165233e+006  8.6070460e+002
  4.0714532e+005  4.1165193e+006  8.6053890e+002
  4.0714894e+005  4.1165154e+006  8.6042850e+002
  4.0715284e+005  4.1165116e+006  8.6034430e+002
  4.0715723e+005  4.1165073e+006  8.6016190e+002
  4.0716105e+005  4.1165030e+006  8.6013980e+002
  4.0716486e+005  4.1164987e+006  8.6004500e+002
  4.0716879e+005  4.1164945e+006  8.5995180e+002
  4.0717274e+005  4.1164899e+006  8.5987120e+002
  4.0717595e+005  4.1164856e+006  8.5990070e+002
  4.0717889e+005  4.1164817e+006  8.5980080e+002
  4.0718224e+005  4.1164777e+006  8.5983660e+002
  4.0718566e+005  4.1164736e+006  8.5984460e+002
  4.0718914e+005  4.1164696e+006  8.5975620e+002
  4.0719234e+005  4.1164655e+006  8.5969390e+002
  4.0719523e+005  4.1164618e+006  8.5973440e+002
  4.0719798e+005  4.1164582e+006  8.5975090e+002
  4.0720230e+005  4.1164536e+006  8.5969710e+002
  4.0720642e+005  4.1164492e+006  8.5955120e+002
  4.0721074e+005  4.1164449e+006  8.5939060e+002
  4.0721439e+005  4.1164408e+006  8.5927930e+002
  4.0721787e+005  4.1164366e+006  8.5923060e+002
  4.0722123e+005  4.1164327e+006  8.5938740e+002
  4.0722515e+005  4.1164280e+006  8.5928050e+002
  4.0722828e+005  4.1164237e+006  8.5919130e+002
  4.0723199e+005  4.1164195e+006  8.5922000e+002
  4.0723638e+005  4.1164146e+006  8.5903890e+002
  4.0724023e+005  4.1164105e+006  8.5887870e+002
  4.0724408e+005  4.1164062e+006  8.5887210e+002
  4.0724816e+005  4.1164016e+006  8.5868710e+002
  4.0725287e+005  4.1163972e+006  8.5840740e+002
  4.0725727e+005  4.1163933e+006  8.5823810e+002
  4.0726107e+005  4.1163897e+006  8.5808860e+002
  4.0726470e+005  4.1163856e+006  8.5791110e+002
  4.0726852e+005  4.1163816e+006  8.5789240e+002
  4.0727273e+005  4.1163770e+006  8.5766960e+002
  4.0727652e+005  4.1163729e+006  8.5759430e+002
  4.0728013e+005  4.1163689e+006  8.5753980e+002
  4.0728118e+005  4.1163677e+006  8.5753130e+002
  4.0728114e+005  4.1163678e+006  8.5750660e+002
  4.0728267e+005  4.1163666e+006  8.5746230e+002
  4.0728292e+005  4.1163663e+006  8.5745360e+002
  4.0728410e+005  4.1163672e+006  8.5713320e+002
  4.0728752e+005  4.1163728e+006  8.5594500e+002
  4.0728797e+005  4.1163794e+006  8.5517130e+002
  4.0728710e+005  4.1163835e+006  8.5477320e+002
  4.0728432e+005  4.1163899e+006  8.5455820e+002
  4.0728160e+005  4.1163960e+006  8.5420470e+002
  4.0727887e+005  4.1164019e+006  8.5410370e+002
  4.0727616e+005  4.1164077e+006  8.5387530e+002
  4.0727331e+005  4.1164134e+006  8.5354970e+002
  4.0727095e+005  4.1164188e+006  8.5352130e+002
  4.0726809e+005  4.1164244e+006  8.5319070e+002
  4.0726530e+005  4.1164298e+006  8.5314340e+002
  4.0726222e+005  4.1164360e+006  8.5288460e+002
  4.0725959e+005  4.1164417e+006  8.5274700e+002
  4.0725722e+005  4.1164472e+006  8.5246950e+002
  4.0725452e+005  4.1164529e+006  8.5223020e+002
  4.0725233e+005  4.1164582e+006  8.5196490e+002
  4.0725015e+005  4.1164640e+006  8.5168600e+002
  4.0724789e+005  4.1164702e+006  8.5133840e+002
  4.0724575e+005  4.1164758e+006  8.5115060e+002
  4.0724322e+005  4.1164821e+006  8.5081440e+002
  4.0724125e+005  4.1164879e+006  8.5058250e+002
  4.0723897e+005  4.1164945e+006  8.5014560e+002
  4.0723664e+005  4.1165008e+006  8.4993450e+002
  4.0723464e+005  4.1165073e+006  8.4959910e+002
  4.0723248e+005  4.1165140e+006  8.4920960e+002
  4.0723079e+005  4.1165206e+006  8.4868690e+002
  4.0722866e+005  4.1165269e+006  8.4833290e+002
  4.0722644e+005  4.1165329e+006  8.4812550e+002
  4.0722397e+005  4.1165380e+006  8.4791410e+002
  4.0722136e+005  4.1165436e+006  8.4755860e+002
  4.0721878e+005  4.1165488e+006  8.4756360e+002
  4.0721603e+005  4.1165544e+006  8.4725010e+002
  4.0721377e+005  4.1165599e+006  8.4705650e+002
  4.0721144e+005  4.1165658e+006  8.4665570e+002
  4.0720883e+005  4.1165716e+006  8.4638390e+002
  4.0720607e+005  4.1165771e+006  8.4617520e+002
  4.0720333e+005  4.1165827e+006  8.4575670e+002
  4.0720039e+005  4.1165873e+006  8.4570880e+002
  4.0719779e+005  4.1165924e+006  8.4546700e+002
  4.0719491e+005  4.1165971e+006  8.4520350e+002
  4.0719230e+005  4.1166018e+006  8.4501310e+002
  4.0718908e+005  4.1166071e+006  8.4477300e+002
  4.0718607e+005  4.1166124e+006  8.4454850e+002
  4.0718261e+005  4.1166180e+006  8.4411380e+002
  4.0717930e+005  4.1166231e+006  8.4386290e+002
  4.0717573e+005  4.1166284e+006  8.4358090e+002
  4.0717256e+005  4.1166337e+006  8.4325370e+002
  4.0716875e+005  4.1166392e+006  8.4298160e+002
  4.0716490e+005  4.1166445e+006  8.4251740e+002
  4.0716145e+005  4.1166488e+006  8.4251850e+002
  4.0715753e+005  4.1166535e+006  8.4221380e+002
  4.0715379e+005  4.1166580e+006  8.4216270e+002
  4.0714970e+005  4.1166628e+006  8.4187040e+002
  4.0714575e+005  4.1166670e+006  8.4175200e+002
  4.0714173e+005  4.1166716e+006  8.4141820e+002
  4.0713797e+005  4.1166770e+006  8.4109430e+002
  4.0713402e+005  4.1166823e+006  8.4073570e+002
  4.0713064e+005  4.1166872e+006  8.4046040e+002
  4.0712704e+005  4.1166929e+006  8.4006740e+002
  4.0712314e+005  4.1166986e+006  8.3965750e+002
  4.0711966e+005  4.1167031e+006  8.3928870e+002
  4.0711568e+005  4.1167076e+006  8.3909660e+002
  4.0711197e+005  4.1167125e+006  8.3887120e+002
  4.0710746e+005  4.1167178e+006  8.3859640e+002
  4.0710322e+005  4.1167232e+006  8.3820910e+002
  4.0709912e+005  4.1167286e+006  8.3776500e+002
  4.0709519e+005  4.1167335e+006  8.3755300e+002
  4.0709122e+005  4.1167381e+006  8.3732870e+002
  4.0708707e+005  4.1167428e+006  8.3688840e+002
  4.0708289e+005  4.1167473e+006  8.3653370e+002
  4.0707860e+005  4.1167518e+006  8.3644200e+002
  4.0707445e+005  4.1167568e+006  8.3621000e+002
  4.0706994e+005  4.1167615e+006  8.3585780e+002
  4.0706579e+005  4.1167658e+006  8.3561320e+002
  4.0706187e+005  4.1167708e+006  8.3531140e+002
  4.0705704e+005  4.1167766e+006  8.3484010e+002
  4.0705227e+005  4.1167813e+006  8.3456720e+002
  4.0704764e+005  4.1167863e+006  8.3426790e+002
  4.0704303e+005  4.1167909e+006  8.3397520e+002
  4.0703869e+005  4.1167960e+006  8.3363580e+002
  4.0703429e+005  4.1168008e+006  8.3331460e+002
  4.0702964e+005  4.1168055e+006  8.3303450e+002
  4.0702474e+005  4.1168101e+006  8.3278360e+002
  4.0702047e+005  4.1168148e+006  8.3256880e+002
  4.0701536e+005  4.1168198e+006  8.3229080e+002
  4.0701072e+005  4.1168240e+006  8.3203580e+002
  4.0700632e+005  4.1168282e+006  8.3191970e+002
  4.0700149e+005  4.1168327e+006  8.3169690e+002
  4.0699709e+005  4.1168368e+006  8.3153270e+002
  4.0699242e+005  4.1168408e+006  8.3157040e+002
  4.0698744e+005  4.1168453e+006  8.3129480e+002
  4.0698327e+005  4.1168495e+006  8.3122740e+002
  4.0698054e+005  4.1168529e+006  8.3104250e+002
  4.0697746e+005  4.1168568e+006  8.3081990e+002
  4.0697413e+005  4.1168616e+006  8.3057660e+002
  4.0696957e+005  4.1168664e+006  8.3053700e+002
  4.0696471e+005  4.1168708e+006  8.3051460e+002
  4.0696033e+005  4.1168752e+006  8.3054780e+002
  4.0695652e+005  4.1168797e+006  8.3050750e+002
  4.0695318e+005  4.1168839e+006  8.3031270e+002
  4.0694922e+005  4.1168887e+006  8.3028280e+002
  4.0694560e+005  4.1168935e+006  8.3047410e+002
  4.0694141e+005  4.1168987e+006  8.3026840e+002
  4.0693784e+005  4.1169036e+006  8.3012800e+002
  4.0693410e+005  4.1169082e+006  8.2996090e+002
  4.0693027e+005  4.1169097e+006  8.3030070e+002
  4.0692608e+005  4.1169108e+006  8.3079020e+002
  4.0692103e+005  4.1169098e+006  8.3128960e+002
  4.0691636e+005  4.1169088e+006  8.3206270e+002
  4.0691144e+005  4.1169078e+006  8.3261140e+002
  4.0690699e+005  4.1169073e+006  8.3324190e+002
  4.0690257e+005  4.1169066e+006  8.3385370e+002
  4.0689817e+005  4.1169056e+006  8.3446540e+002
  4.0689349e+005  4.1169046e+006  8.3519360e+002
  4.0688876e+005  4.1169038e+006  8.3570530e+002
  4.0688436e+005  4.1169030e+006  8.3640560e+002
  4.0687968e+005  4.1169022e+006  8.3699460e+002
  4.0687533e+005  4.1169017e+006  8.3750550e+002
  4.0687095e+005  4.1169013e+006  8.3800670e+002
  4.0686691e+005  4.1169013e+006  8.3851170e+002
  4.0686286e+005  4.1169007e+006  8.3895250e+002
  4.0685891e+005  4.1169007e+006  8.3939750e+002
  4.0685492e+005  4.1169003e+006  8.3982330e+002
  4.0685150e+005  4.1169004e+006  8.4028060e+002
  4.0684772e+005  4.1169001e+006  8.4084490e+002
  4.0684391e+005  4.1168999e+006  8.4129110e+002
  4.0684001e+005  4.1168998e+006  8.4181420e+002
  4.0683646e+005  4.1168992e+006  8.4221220e+002
  4.0683262e+005  4.1168989e+006  8.4262760e+002
  4.0682847e+005  4.1168984e+006  8.4321400e+002
  4.0682441e+005  4.1168984e+006  8.4372920e+002
  4.0682063e+005  4.1168978e+006  8.4419610e+002
  4.0681652e+005  4.1168977e+006  8.4459620e+002
  4.0681194e+005  4.1168972e+006  8.4508780e+002
  4.0680779e+005  4.1168969e+006  8.4574320e+002
  4.0680371e+005  4.1168969e+006  8.4620020e+002
  4.0679956e+005  4.1168964e+006  8.4665940e+002
  4.0679524e+005  4.1168964e+006  8.4707370e+002
  4.0679120e+005  4.1168962e+006  8.4762630e+002
  4.0678743e+005  4.1168956e+006  8.4830840e+002
  4.0678271e+005  4.1168949e+006  8.4873180e+002
  4.0677835e+005  4.1168943e+006  8.4940140e+002
  4.0677389e+005  4.1168935e+006  8.4993100e+002
  4.0676974e+005  4.1168929e+006  8.5057900e+002
  4.0676572e+005  4.1168925e+006  8.5109320e+002
  4.0676150e+005  4.1168916e+006  8.5157560e+002
  4.0675758e+005  4.1168907e+006  8.5220010e+002
  4.0675385e+005  4.1168901e+006  8.5274700e+002
  4.0675002e+005  4.1168890e+006  8.5332450e+002
  4.0674581e+005  4.1168882e+006  8.5376600e+002
  4.0674166e+005  4.1168874e+006  8.5437160e+002
  4.0673755e+005  4.1168864e+006  8.5498720e+002
  4.0673342e+005  4.1168858e+006  8.5567590e+002
  4.0672923e+005  4.1168854e+006  8.5614010e+002
  4.0672923e+005  4.1168854e+006  8.5614010e+002
  4.0672060e+005  4.1168817e+006  8.5671630e+002
  4.0671652e+005  4.1168819e+006  8.5716880e+002
  4.0671244e+005  4.1168819e+006  8.5847430e+002
  4.0670891e+005  4.1168819e+006  8.5956320e+002
  4.0670508e+005  4.1168817e+006  8.5967970e+002
  4.0670101e+005  4.1168807e+006  8.6045110e+002
  4.0669727e+005  4.1168797e+006  8.6129320e+002
  4.0669287e+005  4.1168791e+006  8.6111230e+002
  4.0668875e+005  4.1168774e+006  8.6058050e+002
  4.0668408e+005  4.1168779e+006  8.6075080e+002
  4.0667983e+005  4.1168776e+006  8.6185760e+002
  4.0667660e+005  4.1168769e+006  8.6335990e+002
  4.0667298e+005  4.1168773e+006  8.6544230e+002
  4.0666924e+005  4.1168771e+006  8.6613260e+002
  4.0666769e+005  4.1168772e+006  8.6502140e+002
  4.0666751e+005  4.1168770e+006  8.6359820e+002
  4.0666734e+005  4.1168754e+006  8.6219010e+002
  4.0666779e+005  4.1168754e+006  8.6187930e+002
  4.0666719e+005  4.1168762e+006  8.6283900e+002
  4.0666699e+005  4.1168765e+006  8.6376910e+002
  4.0666718e+005  4.1168770e+006  8.6447840e+002
  4.0666717e+005  4.1168773e+006  8.6454140e+002
  4.0666727e+005  4.1168772e+006  8.6443810e+002
  4.0666726e+005  4.1168769e+006  8.6454290e+002
  4.0666767e+005  4.1168761e+006  8.6527990e+002
  4.0666781e+005  4.1168761e+006  8.6514860e+002
  4.0666735e+005  4.1168768e+006  8.6466110e+002
  4.0666735e+005  4.1168766e+006  8.6414580e+002
  4.0666704e+005  4.1168768e+006  8.6425600e+002
  4.0666727e+005  4.1168764e+006  8.6475110e+002
  4.0666671e+005  4.1168759e+006  8.6382620e+002
  4.0666626e+005  4.1168746e+006  8.6149060e+002
  4.0666628e+005  4.1168741e+006  8.6115300e+002
  4.0666647e+005  4.1168740e+006  8.6117590e+002
  4.0666706e+005  4.1168755e+006  8.6354900e+002
  4.0666636e+005  4.1168754e+006  8.6420240e+002
  4.0666637e+005  4.1168755e+006  8.6530090e+002
  4.0666689e+005  4.1168773e+006  8.6483850e+002
  4.0666623e+005  4.1168771e+006  8.6418110e+002
  4.0666635e+005  4.1168767e+006  8.6264400e+002
  4.0666725e+005  4.1168763e+006  8.6248100e+002
  4.0666671e+005  4.1168769e+006  8.6264780e+002
  4.0666700e+005  4.1168772e+006  8.6278900e+002
  4.0666750e+005  4.1168776e+006  8.6320950e+002
  4.0666775e+005  4.1168783e+006  8.6420630e+002
  4.0666795e+005  4.1168791e+006  8.6596670e+002
  4.0666787e+005  4.1168780e+006  8.6441010e+002
  4.0666752e+005  4.1168777e+006  8.6251870e+002
  4.0666753e+005  4.1168776e+006  8.6160520e+002
  4.0666828e+005  4.1168764e+006  8.6112000e+002
  4.0666773e+005  4.1168763e+006  8.6232410e+002
  4.0666703e+005  4.1168759e+006  8.6148750e+002
  4.0666729e+005  4.1168764e+006  8.6173680e+002
  4.0666741e+005  4.1168756e+006  8.6123570e+002
  4.0666768e+005  4.1168762e+006  8.6184240e+002
  4.0666709e+005  4.1168768e+006  8.6130860e+002
  4.0666636e+005  4.1168759e+006  8.6081790e+002
  4.0666713e+005  4.1168757e+006  8.6100190e+002
  4.0666701e+005  4.1168758e+006  8.6152450e+002
  4.0666737e+005  4.1168753e+006  8.6182740e+002
  4.0666713e+005  4.1168761e+006  8.6343370e+002
  4.0666720e+005  4.1168752e+006  8.6254890e+002
  4.0666798e+005  4.1168753e+006  8.6183550e+002
  4.0666825e+005  4.1168758e+006  8.6119520e+002
  4.0666878e+005  4.1168750e+006  8.6300070e+002
  4.0666843e+005  4.1168750e+006  8.6309760e+002
  4.0666844e+005  4.1168747e+006  8.6267140e+002
  4.0844210e+005  4.1177311e+006  4.9800850e+002
  4.0844210e+005  4.1177311e+006  4.9694110e+002
  4.0844210e+005  4.1177311e+006  4.9694620e+002
  4.0844209e+005  4.1177311e+006  4.9696160e+002
  4.0844210e+005  4.1177311e+006  4.9693830e+002
  4.0844210e+005  4.1177311e+006  4.9695130e+002
  4.0844222e+005  4.1177304e+006  4.9728940e+002
  4.0844237e+005  4.1177305e+006  4.9716900e+002
  4.0844235e+005  4.1177306e+006  4.9695820e+002
  4.0844288e+005  4.1177308e+006  4.9768690e+002
  4.0844265e+005  4.1177305e+006  4.9795740e+002
  4.0844267e+005  4.1177303e+006  4.9791960e+002
  4.0844289e+005  4.1177304e+006  4.9794550e+002
  4.0844286e+005  4.1177304e+006  4.9799060e+002
  4.0844284e+005  4.1177303e+006  4.9797980e+002
  4.0844288e+005  4.1177305e+006  4.9796980e+002
  4.0844294e+005  4.1177305e+006  4.9795900e+002
  4.0844297e+005  4.1177306e+006  4.9793460e+002
  4.0844245e+005  4.1177311e+006  4.9797850e+002
  4.0844239e+005  4.1177310e+006  4.9796120e+002
  4.0844246e+005  4.1177311e+006  4.9797540e+002
  4.0844000e+005  4.1177313e+006  4.9822320e+002
  4.0843415e+005  4.1177312e+006  4.9952660e+002
  4.0842809e+005  4.1177298e+006  5.0067330e+002
  4.0842230e+005  4.1177279e+006  5.0197020e+002
  4.0841591e+005  4.1177259e+006  5.0319440e+002
  4.0840907e+005  4.1177244e+006  5.0442550e+002
  4.0840276e+005  4.1177224e+006  5.0561450e+002
  4.0839621e+005  4.1177209e+006  5.0691060e+002
  4.0838997e+005  4.1177192e+006  5.0806580e+002
  4.0838386e+005  4.1177178e+006  5.0914730e+002
  4.0837700e+005  4.1177159e+006  5.1060680e+002
  4.0836967e+005  4.1177142e+006  5.1176930e+002
  4.0836228e+005  4.1177124e+006  5.1298070e+002
  4.0835493e+005  4.1177105e+006  5.1422610e+002
  4.0834772e+005  4.1177090e+006  5.1545070e+002
  4.0834069e+005  4.1177073e+006  5.1661680e+002
  4.0833370e+005  4.1177057e+006  5.1773690e+002
  4.0832692e+005  4.1177044e+006  5.1898390e+002
  4.0832009e+005  4.1177027e+006  5.2014420e+002
  4.0831304e+005  4.1177015e+006  5.2118150e+002
  4.0830561e+005  4.1177000e+006  5.2240520e+002
  4.0829800e+005  4.1176982e+006  5.2368570e+002
  4.0829071e+005  4.1176963e+006  5.2480970e+002
  4.0828375e+005  4.1176947e+006  5.2593570e+002
  4.0827624e+005  4.1176932e+006  5.2703720e+002
  4.0826887e+005  4.1176912e+006  5.2819950e+002
  4.0826187e+005  4.1176895e+006  5.2947430e+002
  4.0825498e+005  4.1176874e+006  5.3056250e+002
  4.0824778e+005  4.1176856e+006  5.3174460e+002
  4.0824058e+005  4.1176839e+006  5.3298770e+002
  4.0823305e+005  4.1176823e+006  5.3421560e+002
  4.0822612e+005  4.1176803e+006  5.3532840e+002
  4.0821908e+005  4.1176785e+006  5.3647940e+002
  4.0821261e+005  4.1176767e+006  5.3773540e+002
  4.0820580e+005  4.1176751e+006  5.3891570e+002
  4.0819905e+005  4.1176730e+006  5.4008960e+002
  4.0819222e+005  4.1176711e+006  5.4133370e+002
  4.0818499e+005  4.1176692e+006  5.4253790e+002
  4.0817800e+005  4.1176675e+006  5.4379130e+002
  4.0817105e+005  4.1176660e+006  5.4500150e+002
  4.0816405e+005  4.1176646e+006  5.4618660e+002
  4.0815693e+005  4.1176632e+006  5.4738300e+002
  4.0815029e+005  4.1176616e+006  5.4870220e+002
  4.0814319e+005  4.1176597e+006  5.4977480e+002
  4.0813659e+005  4.1176585e+006  5.5112680e+002
  4.0812986e+005  4.1176573e+006  5.5231500e+002
  4.0812275e+005  4.1176562e+006  5.5349590e+002
  4.0811654e+005  4.1176549e+006  5.5474930e+002
  4.0810951e+005  4.1176538e+006  5.5603610e+002
  4.0810275e+005  4.1176517e+006  5.5720990e+002
  4.0809571e+005  4.1176504e+006  5.5857630e+002
  4.0808874e+005  4.1176490e+006  5.5969610e+002
  4.0808169e+005  4.1176478e+006  5.6085310e+002
  4.0807520e+005  4.1176465e+006  5.6215680e+002
  4.0806895e+005  4.1176451e+006  5.6334480e+002
  4.0806217e+005  4.1176438e+006  5.6450080e+002
  4.0805545e+005  4.1176426e+006  5.6577800e+002
  4.0804867e+005  4.1176414e+006  5.6695380e+002
  4.0804177e+005  4.1176402e+006  5.6820150e+002
  4.0803490e+005  4.1176386e+006  5.6929910e+002
  4.0802829e+005  4.1176377e+006  5.7063580e+002
  4.0802181e+005  4.1176365e+006  5.7182500e+002
  4.0801500e+005  4.1176357e+006  5.7295400e+002
  4.0800845e+005  4.1176345e+006  5.7414300e+002
  4.0800214e+005  4.1176331e+006  5.7540580e+002
  4.0799538e+005  4.1176318e+006  5.7664060e+002
  4.0798873e+005  4.1176306e+006  5.7798650e+002
  4.0798172e+005  4.1176293e+006  5.7918440e+002
  4.0797510e+005  4.1176286e+006  5.8048160e+002
  4.0796861e+005  4.1176270e+006  5.8161600e+002
  4.0796165e+005  4.1176254e+006  5.8278030e+002
  4.0795506e+005  4.1176239e+006  5.8418400e+002
  4.0794836e+005  4.1176222e+006  5.8544720e+002
  4.0794354e+005  4.1176209e+006  5.8664640e+002
  4.0794346e+005  4.1176210e+006  5.8665480e+002
  4.0794348e+005  4.1176210e+006  5.8665390e+002
  4.0794350e+005  4.1176210e+006  5.8665720e+002
  4.0794290e+005  4.1176208e+006  5.8676260e+002
  4.0794233e+005  4.1176205e+006  5.8690590e+002
  4.0794232e+005  4.1176205e+006  5.8687850e+002
  4.0794236e+005  4.1176206e+006  5.8686930e+002
  4.0794074e+005  4.1176196e+006  5.8707600e+002
  4.0793503e+005  4.1176172e+006  5.8794580e+002
  4.0792989e+005  4.1176145e+006  5.8922310e+002
  4.0792389e+005  4.1176112e+006  5.9025630e+002
  4.0791808e+005  4.1176084e+006  5.9144500e+002
  4.0791199e+005  4.1176057e+006  5.9264670e+002
  4.0790568e+005  4.1176028e+006  5.9372190e+002
  4.0789939e+005  4.1175996e+006  5.9507580e+002
  4.0789253e+005  4.1175964e+006  5.9630750e+002
  4.0788627e+005  4.1175930e+006  5.9750340e+002
  4.0787984e+005  4.1175894e+006  5.9870390e+002
  4.0787362e+005  4.1175862e+006  5.9988050e+002
  4.0786729e+005  4.1175830e+006  6.0112750e+002
  4.0786148e+005  4.1175801e+006  6.0235600e+002
  4.0785610e+005  4.1175770e+006  6.0362860e+002
  4.0785025e+005  4.1175733e+006  6.0453740e+002
  4.0784422e+005  4.1175703e+006  6.0562450e+002
  4.0783914e+005  4.1175669e+006  6.0678210e+002
  4.0783250e+005  4.1175632e+006  6.0817250e+002
  4.0782554e+005  4.1175597e+006  6.0924700e+002
  4.0781915e+005  4.1175566e+006  6.1059210e+002
  4.0781215e+005  4.1175536e+006  6.1177450e+002
  4.0780552e+005  4.1175505e+006  6.1308240e+002
  4.0779914e+005  4.1175471e+006  6.1421740e+002
  4.0779301e+005  4.1175438e+006  6.1542140e+002
  4.0778688e+005  4.1175406e+006  6.1657070e+002
  4.0778050e+005  4.1175381e+006  6.1803330e+002
  4.0777373e+005  4.1175352e+006  6.1916060e+002
  4.0776726e+005  4.1175327e+006  6.2032680e+002
  4.0776112e+005  4.1175299e+006  6.2143590e+002
  4.0775508e+005  4.1175273e+006  6.2254280e+002
  4.0774894e+005  4.1175244e+006  6.2375030e+002
  4.0774295e+005  4.1175217e+006  6.2491730e+002
  4.0773693e+005  4.1175193e+006  6.2620510e+002
  4.0773113e+005  4.1175166e+006  6.2752080e+002
  4.0772509e+005  4.1175135e+006  6.2855070e+002
  4.0771912e+005  4.1175104e+006  6.2976590e+002
  4.0771337e+005  4.1175076e+006  6.3089020e+002
  4.0770744e+005  4.1175047e+006  6.3215700e+002
  4.0770163e+005  4.1175018e+006  6.3319840e+002
  4.0769636e+005  4.1174991e+006  6.3451210e+002
  4.0769092e+005  4.1174962e+006  6.3575240e+002
  4.0768507e+005  4.1174933e+006  6.3699200e+002
  4.0767957e+005  4.1174905e+006  6.3814300e+002
  4.0767359e+005  4.1174875e+006  6.3943190e+002
  4.0766746e+005  4.1174845e+006  6.4069630e+002
  4.0766174e+005  4.1174813e+006  6.4196850e+002
  4.0765589e+005  4.1174786e+006  6.4335270e+002
  4.0765001e+005  4.1174769e+006  6.4475510e+002
  4.0764405e+005  4.1174750e+006  6.4588160e+002
  4.0763833e+005  4.1174730e+006  6.4713790e+002
  4.0763200e+005  4.1174713e+006  6.4832770e+002
  4.0762589e+005  4.1174695e+006  6.4973900e+002
  4.0762023e+005  4.1174676e+006  6.5104630e+002
  4.0761404e+005  4.1174653e+006  6.5219580e+002
  4.0760769e+005  4.1174634e+006  6.5361530e+002
  4.0760177e+005  4.1174615e+006  6.5496230e+002
  4.0759569e+005  4.1174596e+006  6.5622390e+002
  4.0758989e+005  4.1174582e+006  6.5746040e+002
  4.0758360e+005  4.1174570e+006  6.5872960e+002
  4.0757700e+005  4.1174553e+006  6.5985670e+002
  4.0757094e+005  4.1174538e+006  6.6116970e+002
  4.0756512e+005  4.1174516e+006  6.6229410e+002
  4.0755883e+005  4.1174495e+006  6.6356840e+002
  4.0755244e+005  4.1174480e+006  6.6474220e+002
  4.0754603e+005  4.1174463e+006  6.6612150e+002
  4.0753938e+005  4.1174442e+006  6.6723130e+002
  4.0753357e+005  4.1174419e+006  6.6851290e+002
  4.0752708e+005  4.1174396e+006  6.6966070e+002
  4.0752105e+005  4.1174377e+006  6.7078180e+002
  4.0751471e+005  4.1174357e+006  6.7180760e+002
  4.0750875e+005  4.1174335e+006  6.7292780e+002
  4.0750287e+005  4.1174317e+006  6.7409440e+002
  4.0749640e+005  4.1174290e+006  6.7525780e+002
  4.0748992e+005  4.1174269e+006  6.7641360e+002
  4.0748402e+005  4.1174251e+006  6.7755780e+002
  4.0748340e+005  4.1174246e+006  6.7775990e+002
  4.0748340e+005  4.1174246e+006  6.7776710e+002
  4.0748337e+005  4.1174247e+006  6.7777740e+002
  4.0748235e+005  4.1174241e+006  6.7790580e+002
  4.0747906e+005  4.1174218e+006  6.7852980e+002
  4.0747590e+005  4.1174193e+006  6.7919930e+002
  4.0747224e+005  4.1174171e+006  6.8007010e+002
  4.0747093e+005  4.1174167e+006  6.8035940e+002
  4.0746966e+005  4.1174151e+006  6.8061950e+002
  4.0746965e+005  4.1174153e+006  6.8064510e+002
  4.0746970e+005  4.1174153e+006  6.8064740e+002
  4.0746975e+005  4.1174152e+006  6.8063230e+002
  4.0746967e+005  4.1174153e+006  6.8065000e+002
  4.0746960e+005  4.1174153e+006  6.8064110e+002
  4.0746954e+005  4.1174153e+006  6.8065160e+002
  4.0746962e+005  4.1174154e+006  6.8065380e+002
  4.0746971e+005  4.1174152e+006  6.8066450e+002
  4.0746609e+005  4.1174127e+006  6.8119370e+002
  4.0746042e+005  4.1174091e+006  6.8242160e+002
  4.0745499e+005  4.1174056e+006  6.8355720e+002
  4.0744938e+005  4.1174017e+006  6.8474500e+002
  4.0744355e+005  4.1173978e+006  6.8589730e+002
  4.0743748e+005  4.1173940e+006  6.8695200e+002
  4.0743129e+005  4.1173901e+006  6.8815660e+002
  4.0742501e+005  4.1173861e+006  6.8925090e+002
  4.0741946e+005  4.1173812e+006  6.9023840e+002
  4.0741335e+005  4.1173767e+006  6.9137830e+002
  4.0740746e+005  4.1173724e+006  6.9265230e+002
  4.0740129e+005  4.1173684e+006  6.9374590e+002
  4.0739515e+005  4.1173638e+006  6.9486250e+002
  4.0738896e+005  4.1173591e+006  6.9604180e+002
  4.0738295e+005  4.1173545e+006  6.9719950e+002
  4.0737683e+005  4.1173500e+006  6.9836070e+002
  4.0737052e+005  4.1173456e+006  6.9944990e+002
  4.0736457e+005  4.1173408e+006  7.0072170e+002
  4.0735828e+005  4.1173365e+006  7.0181170e+002
  4.0735248e+005  4.1173321e+006  7.0294670e+002
  4.0734659e+005  4.1173276e+006  7.0402550e+002
  4.0734047e+005  4.1173235e+006  7.0526660e+002
  4.0733456e+005  4.1173193e+006  7.0637950e+002
  4.0732864e+005  4.1173152e+006  7.0760020e+002
  4.0732270e+005  4.1173108e+006  7.0870610e+002
  4.0731663e+005  4.1173063e+006  7.0955580e+002
  4.0731096e+005  4.1173021e+006  7.1099050e+002
  4.0730500e+005  4.1172979e+006  7.1226900e+002
  4.0729880e+005  4.1172936e+006  7.1347090e+002
  4.0729307e+005  4.1172894e+006  7.1458700e+002
  4.0728683e+005  4.1172851e+006  7.1583740e+002
  4.0728091e+005  4.1172809e+006  7.1698460e+002
  4.0727515e+005  4.1172769e+006  7.1818300e+002
  4.0726940e+005  4.1172729e+006  7.1949710e+002
  4.0726361e+005  4.1172689e+006  7.2079150e+002
  4.0725742e+005  4.1172648e+006  7.2192270e+002
  4.0725126e+005  4.1172609e+006  7.2309140e+002
  4.0724556e+005  4.1172571e+006  7.2432430e+002
  4.0723959e+005  4.1172529e+006  7.2550510e+002
  4.0723407e+005  4.1172488e+006  7.2661980e+002
  4.0722849e+005  4.1172452e+006  7.2789380e+002
  4.0722241e+005  4.1172411e+006  7.2902290e+002
  4.0721679e+005  4.1172369e+006  7.3024500e+002
  4.0721064e+005  4.1172329e+006  7.3143730e+002
  4.0720485e+005  4.1172290e+006  7.3282800e+002
  4.0719940e+005  4.1172251e+006  7.3396010e+002
  4.0719327e+005  4.1172211e+006  7.3503860e+002
  4.0718747e+005  4.1172169e+006  7.3633020e+002
  4.0718178e+005  4.1172128e+006  7.3744430e+002
  4.0717714e+005  4.1172096e+006  7.3854190e+002
  4.0717161e+005  4.1172053e+006  7.3964310e+002
  4.0716614e+005  4.1172007e+006  7.4085050e+002
  4.0716032e+005  4.1171961e+006  7.4214130e+002
  4.0715502e+005  4.1171914e+006  7.4333640e+002
  4.0714945e+005  4.1171874e+006  7.4457980e+002
  4.0714363e+005  4.1171830e+006  7.4581750e+002
  4.0713815e+005  4.1171791e+006  7.4702830e+002
  4.0713273e+005  4.1171748e+006  7.4816200e+002
  4.0712734e+005  4.1171707e+006  7.4946080e+002
  4.0712201e+005  4.1171659e+006  7.5061840e+002
  4.0711685e+005  4.1171609e+006  7.5181580e+002
  4.0711192e+005  4.1171564e+006  7.5290450e+002
  4.0710714e+005  4.1171526e+006  7.5424380e+002
  4.0710267e+005  4.1171495e+006  7.5527170e+002
  4.0710247e+005  4.1171490e+006  7.5534400e+002
  4.0710241e+005  4.1171490e+006  7.5533660e+002
  4.0710234e+005  4.1171489e+006  7.5531370e+002
  4.0710242e+005  4.1171490e+006  7.5532500e+002
  4.0710242e+005  4.1171489e+006  7.5532510e+002
  4.0710234e+005  4.1171490e+006  7.5536630e+002
  4.0710119e+005  4.1171484e+006  7.5559410e+002
  4.0710082e+005  4.1171485e+006  7.5559710e+002
  4.0709432e+005  4.1171455e+006  7.5670380e+002
  4.0708791e+005  4.1171429e+006  7.5788750e+002
  4.0708139e+005  4.1171405e+006  7.5885950e+002
  4.0707571e+005  4.1171380e+006  7.5994470e+002
  4.0707018e+005  4.1171356e+006  7.6107260e+002
  4.0706539e+005  4.1171335e+006  7.6199410e+002
  4.0706028e+005  4.1171310e+006  7.6289730e+002
  4.0705441e+005  4.1171285e+006  7.6402350e+002
  4.0704903e+005  4.1171262e+006  7.6520290e+002
  4.0704342e+005  4.1171238e+006  7.6631970e+002
  4.0703828e+005  4.1171210e+006  7.6726970e+002
  4.0703301e+005  4.1171198e+006  7.6818180e+002
  4.0702818e+005  4.1171174e+006  7.6901700e+002
  4.0702239e+005  4.1171159e+006  7.7003490e+002
  4.0701690e+005  4.1171144e+006  7.7094730e+002
  4.0701097e+005  4.1171131e+006  7.7194240e+002
  4.0700505e+005  4.1171108e+006  7.7308560e+002
  4.0699926e+005  4.1171091e+006  7.7414510e+002
  4.0699312e+005  4.1171078e+006  7.7516990e+002
  4.0698728e+005  4.1171068e+006  7.7625300e+002
  4.0698116e+005  4.1171053e+006  7.7712520e+002
  4.0697510e+005  4.1171040e+006  7.7824270e+002
  4.0696885e+005  4.1171028e+006  7.7922410e+002
  4.0696292e+005  4.1171018e+006  7.8030950e+002
  4.0695742e+005  4.1171005e+006  7.8121610e+002
  4.0695188e+005  4.1170997e+006  7.8199270e+002
  4.0694634e+005  4.1170983e+006  7.8317700e+002
  4.0694023e+005  4.1170967e+006  7.8433290e+002
  4.0693430e+005  4.1170947e+006  7.8552080e+002
  4.0692860e+005  4.1170924e+006  7.8664060e+002
  4.0692305e+005  4.1170903e+006  7.8774780e+002
  4.0691765e+005  4.1170885e+006  7.8895200e+002
  4.0691257e+005  4.1170861e+006  7.8998950e+002
  4.0690790e+005  4.1170838e+006  7.9118430e+002
  4.0690339e+005  4.1170811e+006  7.9230220e+002
  4.0689855e+005  4.1170790e+006  7.9343740e+002
  4.0689353e+005  4.1170765e+006  7.9447180e+002
  4.0688923e+005  4.1170740e+006  7.9562330e+002
  4.0688445e+005  4.1170714e+006  7.9690420e+002
  4.0688020e+005  4.1170679e+006  7.9810210e+002
  4.0687564e+005  4.1170650e+006  7.9937760e+002
  4.0687209e+005  4.1170618e+006  8.0052130e+002
  4.0686743e+005  4.1170582e+006  8.0188140e+002
  4.0686252e+005  4.1170535e+006  8.0344270e+002
  4.0685815e+005  4.1170491e+006  8.0501100e+002
  4.0685332e+005  4.1170445e+006  8.0671850e+002
  4.0684901e+005  4.1170403e+006  8.0812430e+002
  4.0684494e+005  4.1170365e+006  8.0951290e+002
  4.0684040e+005  4.1170325e+006  8.1111490e+002
  4.0683564e+005  4.1170286e+006  8.1254830e+002
  4.0683137e+005  4.1170250e+006  8.1377710e+002
  4.0682670e+005  4.1170213e+006  8.1508470e+002
  4.0682203e+005  4.1170176e+006  8.1646570e+002
  4.0681727e+005  4.1170141e+006  8.1775400e+002
  4.0681318e+005  4.1170106e+006  8.1897820e+002
  4.0680858e+005  4.1170069e+006  8.2033280e+002
  4.0680428e+005  4.1170031e+006  8.2170980e+002
  4.0680020e+005  4.1169994e+006  8.2300460e+002
  4.0679711e+005  4.1169956e+006  8.2425620e+002
  4.0679382e+005  4.1169920e+006  8.2551480e+002
  4.0679029e+005  4.1169884e+006  8.2672490e+002
  4.0678673e+005  4.1169844e+006  8.2791200e+002
  4.0678309e+005  4.1169807e+006  8.2915540e+002
  4.0677854e+005  4.1169766e+006  8.3048220e+002
  4.0677415e+005  4.1169726e+006  8.3207010e+002
  4.0677007e+005  4.1169680e+006  8.3331180e+002
  4.0676585e+005  4.1169634e+006  8.3474210e+002
  4.0676158e+005  4.1169594e+006  8.3606360e+002
  4.0675722e+005  4.1169554e+006  8.3737340e+002
  4.0675276e+005  4.1169517e+006  8.3863950e+002
  4.0674866e+005  4.1169484e+006  8.3986670e+002
  4.0674525e+005  4.1169445e+006  8.4081960e+002
  4.0674128e+005  4.1169414e+006  8.4179080e+002
  4.0673752e+005  4.1169382e+006  8.4292230e+002
  4.0673360e+005  4.1169342e+006  8.4393890e+002
  4.0672996e+005  4.1169303e+006  8.4520820e+002
  4.0672554e+005  4.1169265e+006  8.4652190e+002
  4.0672187e+005  4.1169225e+006  8.4772480e+002
  4.0671852e+005  4.1169187e+006  8.4907780e+002
  4.0671389e+005  4.1169151e+006  8.5021640e+002
  4.0670956e+005  4.1169116e+006  8.5140460e+002
  4.0670507e+005  4.1169079e+006  8.5272130e+002
  4.0670055e+005  4.1169043e+006  8.5395310e+002
  4.0669674e+005  4.1169011e+006  8.5518610e+002
  4.0669317e+005  4.1168973e+006  8.5637830e+002
  4.0668900e+005  4.1168939e+006  8.5747630e+002
  4.0668490e+005  4.1168902e+006  8.5878210e+002
  4.0668058e+005  4.1168860e+006  8.6013500e+002
  4.0667623e+005  4.1168822e+006  8.6137440e+002
  4.0667151e+005  4.1168783e+006  8.6265430e+002
  4.0666697e+005  4.1168752e+006  8.6391480e+002
  4.0666294e+005  4.1168715e+006  8.6485090e+002
  4.0666276e+005  4.1168712e+006  8.6520990e+002
  4.0666277e+005  4.1168711e+006  8.6520540e+002
  4.0666275e+005  4.1168711e+006  8.6520540e+002
  4.0666270e+005  4.1168712e+006  8.6522290e+002
  4.0666281e+005  4.1168712e+006  8.6521510e+002
  4.0666265e+005  4.1168711e+006  8.6521460e+002
  4.0666272e+005  4.1168711e+006  8.6521060e+002
  4.0666099e+005  4.1168694e+006  8.6567320e+002
  4.0665861e+005  4.1168659e+006  8.6664720e+002
  4.0665537e+005  4.1168626e+006  8.6764350e+002
  4.0665282e+005  4.1168601e+006  8.6846180e+002
  4.0665253e+005  4.1168596e+006  8.6869430e+002
  4.0665254e+005  4.1168594e+006  8.6866050e+002
  4.0665038e+005  4.1168576e+006  8.6928900e+002
  4.0664711e+005  4.1168540e+006  8.7050250e+002
  4.0664356e+005  4.1168505e+006  8.7169710e+002
  4.0664022e+005  4.1168474e+006  8.7273040e+002
  4.0663719e+005  4.1168442e+006  8.7355200e+002
  4.0663381e+005  4.1168408e+006  8.7462950e+002
  4.0663143e+005  4.1168371e+006  8.7559270e+002
  4.0662900e+005  4.1168341e+006  8.7660120e+002
  4.0662685e+005  4.1168304e+006  8.7750460e+002
  4.0662430e+005  4.1168272e+006  8.7829500e+002
  4.0662217e+005  4.1168244e+006  8.7925680e+002
  4.0662014e+005  4.1168212e+006  8.8008450e+002
  4.0661728e+005  4.1168178e+006  8.8126050e+002
  4.0661517e+005  4.1168139e+006  8.8215510e+002
  4.0661351e+005  4.1168118e+006  8.8273680e+002
  4.0661281e+005  4.1168108e+006  8.8306650e+002
  4.0661293e+005  4.1168108e+006  8.8307870e+002
  4.0661286e+005  4.1168108e+006  8.8304460e+002
  4.0661279e+005  4.1168107e+006  8.8303150e+002
  4.0661279e+005  4.1168107e+006  8.8302080e+002
  4.0661270e+005  4.1168107e+006  8.8303390e+002
  4.0661281e+005  4.1168108e+006  8.8304190e+002
  4.0661270e+005  4.1168108e+006  8.8303830e+002
  4.0661262e+005  4.1168106e+006  8.8301770e+002
  4.0661268e+005  4.1168107e+006  8.8303180e+002
  4.0661154e+005  4.1168092e+006  8.8341380e+002
  4.0660922e+005  4.1168037e+006  8.8462520e+002
  4.0660799e+005  4.1167986e+006  8.8601310e+002
  4.0660566e+005  4.1167934e+006  8.8736780e+002
  4.0660225e+005  4.1167890e+006  8.8854980e+002
  4.0659895e+005  4.1167850e+006  8.8953530e+002
  4.0659544e+005  4.1167808e+006  8.9060740e+002
  4.0659218e+005  4.1167765e+006  8.9166280e+002
  4.0658981e+005  4.1167715e+006  8.9282430e+002
  4.0658698e+005  4.1167665e+006  8.9392690e+002
  4.0658392e+005  4.1167613e+006  8.9492070e+002
  4.0657988e+005  4.1167562e+006  8.9606320e+002
  4.0657630e+005  4.1167513e+006  8.9713700e+002
  4.0657254e+005  4.1167477e+006  8.9820200e+002
  4.0656877e+005  4.1167438e+006  8.9897790e+002
  4.0656464e+005  4.1167402e+006  8.9970550e+002
  4.0656092e+005  4.1167361e+006  9.0055540e+002
  4.0655772e+005  4.1167324e+006  9.0124120e+002
  4.0655330e+005  4.1167290e+006  9.0204670e+002
  4.0654860e+005  4.1167256e+006  9.0297330e+002
  4.0654327e+005  4.1167218e+006  9.0394950e+002
  4.0653781e+005  4.1167178e+006  9.0502540e+002
  4.0653247e+005  4.1167136e+006  9.0613020e+002
  4.0652738e+005  4.1167091e+006  9.0704300e+002
  4.0652285e+005  4.1167051e+006  9.0824250e+002
  4.0651899e+005  4.1167014e+006  9.0911420e+002
  4.0651412e+005  4.1166972e+006  9.1013830e+002
  4.0650919e+005  4.1166936e+006  9.1113220e+002
  4.0650502e+005  4.1166902e+006  9.1236290e+002
  4.0650045e+005  4.1166862e+006  9.1344060e+002
  4.0649519e+005  4.1166818e+006  9.1446360e+002
  4.0649025e+005  4.1166781e+006  9.1555240e+002
  4.0648558e+005  4.1166748e+006  9.1674700e+002
  4.0647991e+005  4.1166718e+006  9.1787740e+002
  4.0647437e+005  4.1166690e+006  9.1888050e+002
  4.0646831e+005  4.1166660e+006  9.1998260e+002
  4.0646200e+005  4.1166626e+006  9.2094460e+002
  4.0645560e+005  4.1166595e+006  9.2214540e+002
  4.0644939e+005  4.1166564e+006  9.2341980e+002
  4.0644353e+005  4.1166535e+006  9.2453300e+002
  4.0643807e+005  4.1166508e+006  9.2546820e+002
  4.0643269e+005  4.1166483e+006  9.2647900e+002
  4.0642660e+005  4.1166455e+006  9.2747200e+002
  4.0642047e+005  4.1166423e+006  9.2848680e+002
  4.0641429e+005  4.1166389e+006  9.2954910e+002
  4.0640730e+005  4.1166356e+006  9.3092390e+002
  4.0640027e+005  4.1166315e+006  9.3227710e+002
  4.0639321e+005  4.1166278e+006  9.3354270e+002
  4.0638651e+005  4.1166242e+006  9.3482840e+002
  4.0637938e+005  4.1166210e+006  9.3621820e+002
  4.0637269e+005  4.1166177e+006  9.3754870e+002
  4.0636577e+005  4.1166148e+006  9.3886470e+002
  4.0635944e+005  4.1166120e+006  9.4005690e+002
  4.0635370e+005  4.1166088e+006  9.4127250e+002
  4.0634767e+005  4.1166060e+006  9.4247100e+002
  4.0634190e+005  4.1166033e+006  9.4362400e+002
  4.0633647e+005  4.1166005e+006  9.4462560e+002
  4.0633042e+005  4.1165977e+006  9.4589140e+002
  4.0632418e+005  4.1165949e+006  9.4732050e+002
  4.0631777e+005  4.1165917e+006  9.4876300e+002
  4.0631027e+005  4.1165878e+006  9.5017320e+002
  4.0630247e+005  4.1165846e+006  9.5168350e+002
  4.0629634e+005  4.1165816e+006  9.5301720e+002
  4.0629041e+005  4.1165789e+006  9.5439210e+002
  4.0628369e+005  4.1165760e+006  9.5558870e+002
  4.0627745e+005  4.1165733e+006  9.5696350e+002
  4.0627340e+005  4.1165710e+006  9.5807840e+002
  4.0627342e+005  4.1165710e+006  9.5807900e+002
  4.0627340e+005  4.1165710e+006  9.5807990e+002
  4.0627340e+005  4.1165710e+006  9.5808010e+002
  4.0627314e+005  4.1165705e+006  9.5813370e+002
  4.0627064e+005  4.1165678e+006  9.5905580e+002
  4.0626739e+005  4.1165649e+006  9.6014650e+002
  4.0626463e+005  4.1165619e+006  9.6122810e+002
  4.0626158e+005  4.1165590e+006  9.6225520e+002
  4.0625864e+005  4.1165560e+006  9.6329650e+002
  4.0625541e+005  4.1165529e+006  9.6450970e+002
  4.0625240e+005  4.1165493e+006  9.6562710e+002
  4.0624900e+005  4.1165462e+006  9.6685400e+002
  4.0624600e+005  4.1165427e+006  9.6801560e+002
  4.0624291e+005  4.1165399e+006  9.6931760e+002
  4.0623969e+005  4.1165361e+006  9.7053390e+002
  4.0623642e+005  4.1165325e+006  9.7184380e+002
  4.0623313e+005  4.1165291e+006  9.7320410e+002
  4.0623004e+005  4.1165251e+006  9.7443290e+002
  4.0622631e+005  4.1165216e+006  9.7576060e+002
  4.0622338e+005  4.1165179e+006  9.7690080e+002
  4.0621974e+005  4.1165143e+006  9.7824030e+002
  4.0621612e+005  4.1165103e+006  9.7969540e+002
  4.0621291e+005  4.1165062e+006  9.8115880e+002
  4.0620933e+005  4.1165025e+006  9.8242380e+002
  4.0620632e+005  4.1164991e+006  9.8364170e+002
  4.0620322e+005  4.1164960e+006  9.8476040e+002
  4.0620040e+005  4.1164928e+006  9.8585010e+002
  4.0619680e+005  4.1164890e+006  9.8712200e+002
  4.0619371e+005  4.1164856e+006  9.8844030e+002
  4.0619099e+005  4.1164822e+006  9.8957330e+002
  4.0618838e+005  4.1164791e+006  9.9068160e+002
  4.0618561e+005  4.1164759e+006  9.9177680e+002
  4.0618271e+005  4.1164722e+006  9.9295170e+002
  4.0618015e+005  4.1164681e+006  9.9435590e+002
  4.0617758e+005  4.1164638e+006  9.9577920e+002
  4.0617500e+005  4.1164597e+006  9.9719210e+002
  4.0617234e+005  4.1164552e+006  9.9858930e+002
  4.0616959e+005  4.1164508e+006  1.0000251e+003
  4.0616689e+005  4.1164465e+006  1.0012078e+003
  4.0616415e+005  4.1164424e+006  1.0027089e+003
  4.0616126e+005  4.1164383e+006  1.0040927e+003
  4.0615870e+005  4.1164344e+006  1.0054502e+003
  4.0615724e+005  4.1164322e+006  1.0064615e+003
  4.0615645e+005  4.1164311e+006  1.0067823e+003
  4.0615354e+005  4.1164270e+006  1.0080964e+003
  4.0615028e+005  4.1164230e+006  1.0094931e+003
  4.0614739e+005  4.1164196e+006  1.0109066e+003
  4.0614488e+005  4.1164163e+006  1.0120781e+003
  4.0614239e+005  4.1164128e+006  1.0132782e+003
  4.0613988e+005  4.1164095e+006  1.0143904e+003
  4.0613732e+005  4.1164061e+006  1.0155133e+003
  4.0613504e+005  4.1164029e+006  1.0165599e+003
  4.0613291e+005  4.1163999e+006  1.0175831e+003
  4.0613029e+005  4.1163971e+006  1.0186183e+003
  4.0612791e+005  4.1163940e+006  1.0198839e+003
  4.0612556e+005  4.1163901e+006  1.0208699e+003
  4.0612334e+005  4.1163864e+006  1.0221847e+003
  4.0612062e+005  4.1163828e+006  1.0232851e+003
  4.0611816e+005  4.1163793e+006  1.0247325e+003
  4.0611557e+005  4.1163752e+006  1.0256990e+003
  4.0611312e+005  4.1163716e+006  1.0271059e+003
  4.0611052e+005  4.1163677e+006  1.0282511e+003
  4.0610815e+005  4.1163643e+006  1.0296995e+003
  4.0610593e+005  4.1163604e+006  1.0307711e+003
  4.0610297e+005  4.1163565e+006  1.0319207e+003
  4.0610073e+005  4.1163532e+006  1.0332590e+003
  4.0609904e+005  4.1163499e+006  1.0343661e+003
  4.0609690e+005  4.1163465e+006  1.0353678e+003
  4.0609487e+005  4.1163432e+006  1.0365556e+003
  4.0609318e+005  4.1163398e+006  1.0375586e+003
  4.0609100e+005  4.1163362e+006  1.0387615e+003
  4.0608888e+005  4.1163334e+006  1.0401025e+003
  4.0608664e+005  4.1163301e+006  1.0414445e+003
  4.0608456e+005  4.1163266e+006  1.0424322e+003
  4.0608294e+005  4.1163235e+006  1.0438392e+003
  4.0608100e+005  4.1163200e+006  1.0449222e+003
  4.0607954e+005  4.1163169e+006  1.0462846e+003
  4.0607795e+005  4.1163132e+006  1.0476965e+003
  4.0607546e+005  4.1163093e+006  1.0490775e+003
  4.0607334e+005  4.1163057e+006  1.0505055e+003
  4.0607100e+005  4.1163024e+006  1.0519922e+003
  4.0606887e+005  4.1162991e+006  1.0533961e+003
  4.0606643e+005  4.1162956e+006  1.0546462e+003
  4.0606424e+005  4.1162922e+006  1.0561438e+003
  4.0606227e+005  4.1162888e+006  1.0580974e+003
  4.0606030e+005  4.1162856e+006  1.0596863e+003
  4.0605840e+005  4.1162825e+006  1.0609274e+003
  4.0605850e+005  4.1162825e+006  1.0610913e+003
  4.0971763e+005  4.1184001e+006  1.1933910e+002
  4.0971764e+005  4.1184001e+006  1.1842500e+002
  4.0971764e+005  4.1184001e+006  1.1843220e+002
  4.0971764e+005  4.1184001e+006  1.1844090e+002
  4.0971764e+005  4.1184001e+006  1.1843260e+002
  4.0971763e+005  4.1184001e+006  1.1841440e+002
  4.0971763e+005  4.1184001e+006  1.1842310e+002
  4.0971763e+005  4.1184001e+006  1.1843430e+002
  4.0971791e+005  4.1184000e+006  1.1888580e+002
  4.0971741e+005  4.1184003e+006  1.1881470e+002
  4.0971773e+005  4.1184000e+006  1.1837440e+002
  4.0971767e+005  4.1184004e+006  1.1836010e+002
  4.0971764e+005  4.1184005e+006  1.1834580e+002
  4.0971767e+005  4.1184005e+006  1.1830360e+002
  4.0971783e+005  4.1184006e+006  1.1828350e+002
  4.0971779e+005  4.1184006e+006  1.1830510e+002
  4.0971777e+005  4.1184006e+006  1.1829290e+002
  4.0971803e+005  4.1184008e+006  1.1831010e+002
  4.0971782e+005  4.1184009e+006  1.1851190e+002
  4.0971822e+005  4.1184012e+006  1.1921360e+002
  4.0971828e+005  4.1184012e+006  1.1918920e+002
  4.0971739e+005  4.1184016e+006  1.1904760e+002
  4.0971753e+005  4.1184012e+006  1.1913630e+002
  4.0971823e+005  4.1184015e+006  1.1944800e+002
  4.0971788e+005  4.1184016e+006  1.1939450e+002
  4.0971784e+005  4.1184018e+006  1.1940120e+002
  4.0971775e+005  4.1184019e+006  1.1942340e+002
  4.0971771e+005  4.1184019e+006  1.1940310e+002
  4.0971771e+005  4.1184017e+006  1.1938600e+002
  4.0971778e+005  4.1184017e+006  1.1941230e+002
  4.0971792e+005  4.1184017e+006  1.1940080e+002
  4.0971771e+005  4.1184011e+006  1.1934440e+002
  4.0971810e+005  4.1184007e+006  1.1933990e+002
  4.0971824e+005  4.1184007e+006  1.1942550e+002
  4.0971914e+005  4.1184007e+006  1.1938780e+002
  4.0972217e+005  4.1184021e+006  1.1923110e+002
  4.0972612e+005  4.1184016e+006  1.1852040e+002
  4.0972973e+005  4.1184014e+006  1.1776600e+002
  4.0973318e+005  4.1184033e+006  1.1714760e+002
  4.0973679e+005  4.1184041e+006  1.1666320e+002
  4.0973976e+005  4.1184047e+006  1.1632580e+002
  4.0974270e+005  4.1184052e+006  1.1595570e+002
  4.0974559e+005  4.1184053e+006  1.1574750e+002
  4.0974880e+005  4.1184053e+006  1.1557930e+002
  4.0975185e+005  4.1184053e+006  1.1511810e+002
  4.0975516e+005  4.1184060e+006  1.1472810e+002
  4.0975744e+005  4.1184063e+006  1.1451520e+002
  4.0975788e+005  4.1184064e+006  1.1444750e+002
  4.0976054e+005  4.1184065e+006  1.1423980e+002
  4.0976344e+005  4.1184074e+006  1.1378020e+002
  4.0976674e+005  4.1184088e+006  1.1333660e+002
  4.0977080e+005  4.1184096e+006  1.1329040e+002
  4.0977420e+005  4.1184088e+006  1.1345670e+002
  4.0977549e+005  4.1184092e+006  1.1295480e+002
  4.0977779e+005  4.1184084e+006  1.1279880e+002
  4.0978071e+005  4.1184079e+006  1.1304200e+002
  4.0978361e+005  4.1184077e+006  1.1246950e+002
  4.0978598e+005  4.1184087e+006  1.1208050e+002
  4.0978846e+005  4.1184097e+006  1.1149950e+002
  4.0979161e+005  4.1184100e+006  1.1108320e+002
  4.0979376e+005  4.1184098e+006  1.1050580e+002
  4.0979526e+005  4.1184092e+006  1.0987660e+002
  4.0979667e+005  4.1184085e+006  1.0945440e+002
  4.0979743e+005  4.1184082e+006  1.0924420e+002
  4.0979949e+005  4.1184080e+006  1.0865890e+002
  4.0980288e+005  4.1184090e+006  1.0848070e+002
  4.0980522e+005  4.1184108e+006  1.0860420e+002
  4.0980545e+005  4.1184146e+006  1.0901010e+002
  4.0980572e+005  4.1184176e+006  1.0858000e+002
  4.0980722e+005  4.1184181e+006  1.0730610e+002
  4.0980897e+005  4.1184178e+006  1.0732300e+002
  4.0981229e+005  4.1184191e+006  1.0665720e+002
  4.0981666e+005  4.1184204e+006  1.0621570e+002
  4.0982059e+005  4.1184218e+006  1.0610350e+002
  4.0982388e+005  4.1184225e+006  1.0525250e+002
  4.0982485e+005  4.1184229e+006  1.0516830e+002
  4.0982631e+005  4.1184231e+006  1.0511500e+002
  4.0982777e+005  4.1184235e+006  1.0488110e+002
  4.0982937e+005  4.1184246e+006  1.0438840e+002
  4.0983091e+005  4.1184257e+006  1.0399140e+002
  4.0983313e+005  4.1184269e+006  1.0399360e+002
  4.0983678e+005  4.1184293e+006  1.0359580e+002
  4.0984094e+005  4.1184312e+006  1.0286390e+002
  4.0984481e+005  4.1184323e+006  1.0253360e+002
  4.0984640e+005  4.1184318e+006  1.0232850e+002
  4.0984699e+005  4.1184319e+006  1.0216150e+002
  4.0984821e+005  4.1184322e+006  1.0127970e+002
  4.0984953e+005  4.1184326e+006  1.0085690e+002
  4.0985101e+005  4.1184320e+006  1.0072020e+002
  4.0985295e+005  4.1184329e+006  9.9962800e+001
  4.0985347e+005  4.1184334e+006  9.9725300e+001
  4.0985352e+005  4.1184333e+006  9.9749900e+001
  4.0985479e+005  4.1184333e+006  9.9325700e+001
  4.0985679e+005  4.1184343e+006  9.8714700e+001
  4.0985925e+005  4.1184356e+006  9.8107000e+001
  4.0986204e+005  4.1184356e+006  9.7505800e+001
  4.0986370e+005  4.1184364e+006  9.7061500e+001
  4.0986443e+005  4.1184368e+006  9.6647100e+001
  4.0986698e+005  4.1184388e+006  9.5881600e+001
  4.0986946e+005  4.1184399e+006  9.5557600e+001
  4.0986957e+005  4.1184404e+006  9.5472400e+001
  4.0986911e+005  4.1184416e+006  9.4907900e+001
  4.0987125e+005  4.1184422e+006  9.4301700e+001
  4.0987222e+005  4.1184430e+006  9.3995100e+001
  4.0987393e+005  4.1184442e+006  9.3137800e+001
  4.0987340e+005  4.1184454e+006  9.2584900e+001
  4.0987508e+005  4.1184459e+006  9.2167600e+001
  4.0987617e+005  4.1184460e+006  9.1597000e+001
  4.0987780e+005  4.1184477e+006  9.1415600e+001
  4.0988047e+005  4.1184488e+006  9.0689400e+001
  4.0988273e+005  4.1184479e+006  8.9969100e+001
  4.0988456e+005  4.1184476e+006  8.9363200e+001
  4.0988761e+005  4.1184482e+006  8.9107900e+001
  4.0989020e+005  4.1184492e+006  8.8445200e+001
  4.0989182e+005  4.1184510e+006  8.7661700e+001
  4.0989384e+005  4.1184530e+006  8.6820400e+001
  4.0989604e+005  4.1184550e+006  8.5874600e+001
  4.0989790e+005  4.1184569e+006  8.5128000e+001
  4.0989973e+005  4.1184590e+006  8.4264700e+001
  4.0990168e+005  4.1184615e+006  8.3281800e+001
  4.0990251e+005  4.1184624e+006  8.2889400e+001
  4.0990320e+005  4.1184626e+006  8.2712500e+001
  4.0990555e+005  4.1184642e+006  8.1650800e+001
  4.0990804e+005  4.1184661e+006  8.0484800e+001
  4.0991059e+005  4.1184680e+006  7.9599900e+001
  4.0991323e+005  4.1184696e+006  7.8715400e+001
  4.0991590e+005  4.1184712e+006  7.7922800e+001
  4.0991877e+005  4.1184722e+006  7.7317400e+001
  4.0992143e+005  4.1184732e+006  7.6711800e+001
  4.0992371e+005  4.1184735e+006  7.6404200e+001
  4.0992349e+005  4.1184736e+006  7.6384200e+001
  4.0992356e+005  4.1184736e+006  7.6386600e+001
  4.0992355e+005  4.1184736e+006  7.6379800e+001
  4.0992358e+005  4.1184736e+006  7.6385300e+001
  4.0992355e+005  4.1184736e+006  7.6375500e+001
  4.0992357e+005  4.1184736e+006  7.6379700e+001
  4.0992356e+005  4.1184736e+006  7.6376700e+001
  4.0992356e+005  4.1184736e+006  7.6369100e+001
  4.0992355e+005  4.1184736e+006  7.6381700e+001
  4.0992415e+005  4.1184736e+006  7.6270900e+001
  4.0992716e+005  4.1184741e+006  7.5774000e+001
  4.0993043e+005  4.1184743e+006  7.5499400e+001
  4.0993272e+005  4.1184731e+006  7.5660900e+001
  4.0993527e+005  4.1184719e+006  7.5744300e+001
  4.0993735e+005  4.1184699e+006  7.6012100e+001
  4.0993901e+005  4.1184683e+006  7.6216600e+001
  4.0994074e+005  4.1184664e+006  7.6441400e+001
  4.0994322e+005  4.1184655e+006  7.6590900e+001
  4.0994565e+005  4.1184642e+006  7.6870100e+001
  4.0994690e+005  4.1184624e+006  7.7218100e+001
  4.0994926e+005  4.1184599e+006  7.7139000e+001
  4.0994974e+005  4.1184593e+006  7.7187000e+001
  4.0994972e+005  4.1184593e+006  7.7167200e+001
  4.0994973e+005  4.1184592e+006  7.7172800e+001
  4.0994968e+005  4.1184592e+006  7.7158100e+001
  4.0994978e+005  4.1184593e+006  7.7149400e+001
  4.0994965e+005  4.1184593e+006  7.7149600e+001
  4.0994966e+005  4.1184593e+006  7.7155100e+001
  4.0994965e+005  4.1184593e+006  7.7158500e+001
  4.0994970e+005  4.1184590e+006  7.7163600e+001
  4.0995011e+005  4.1184592e+006  7.7119100e+001
  4.0994998e+005  4.1184592e+006  7.7135300e+001
  4.0994998e+005  4.1184592e+006  7.7129000e+001
  4.0994974e+005  4.1184592e+006  7.7184200e+001
  4.0994952e+005  4.1184593e+006  7.7144900e+001
  4.0994959e+005  4.1184594e+006  7.7137400e+001
  4.0995069e+005  4.1184594e+006  7.7054900e+001
  4.0995230e+005  4.1184588e+006  7.6591400e+001
  4.0995407e+005  4.1184570e+006  7.6404800e+001
  4.0995659e+005  4.1184546e+006  7.6219800e+001
  4.0995948e+005  4.1184520e+006  7.5815800e+001
  4.0996188e+005  4.1184494e+006  7.5556900e+001
  4.0996467e+005  4.1184469e+006  7.5189400e+001
  4.0996790e+005  4.1184443e+006  7.4649600e+001
  4.0997055e+005  4.1184420e+006  7.4111400e+001
  4.0997318e+005  4.1184399e+006  7.3649500e+001
  4.0997585e+005  4.1184383e+006  7.3279000e+001
  4.0997897e+005  4.1184373e+006  7.2640800e+001
  4.0998088e+005  4.1184365e+006  7.2209900e+001
  4.0998331e+005  4.1184350e+006  7.1854800e+001
  4.0998484e+005  4.1184335e+006  7.1662300e+001
  4.0998673e+005  4.1184317e+006  7.1417200e+001
  4.0998862e+005  4.1184293e+006  7.1182800e+001
  4.0999048e+005  4.1184271e+006  7.1001400e+001
  4.0999095e+005  4.1184255e+006  7.1034200e+001
  4.0999092e+005  4.1184244e+006  7.0999000e+001
  4.0999092e+005  4.1184234e+006  7.1239200e+001
  4.0999137e+005  4.1184222e+006  7.1260000e+001
  4.0999199e+005  4.1184214e+006  7.1150000e+001
  4.0999288e+005  4.1184187e+006  7.1328900e+001
  4.0999349e+005  4.1184159e+006  7.1580900e+001
  4.0999399e+005  4.1184131e+006  7.1823900e+001
  4.0999448e+005  4.1184102e+006  7.2062200e+001
  4.0999484e+005  4.1184072e+006  7.2325800e+001
  4.0999478e+005  4.1184044e+006  7.2729500e+001
  4.0999518e+005  4.1184016e+006  7.3122200e+001
  4.0999543e+005  4.1183990e+006  7.3528800e+001
  4.0999563e+005  4.1183960e+006  7.4089400e+001
  4.0999578e+005  4.1183934e+006  7.4553200e+001
  4.0999625e+005  4.1183906e+006  7.4964000e+001
  4.0999625e+005  4.1183877e+006  7.5476100e+001
  4.0999644e+005  4.1183852e+006  7.5996100e+001
  4.0999687e+005  4.1183828e+006  7.6527300e+001
  4.0999838e+005  4.1183806e+006  7.6618500e+001
  4.0999903e+005  4.1183784e+006  7.6994200e+001
  4.0999928e+005  4.1183760e+006  7.7405500e+001
  4.0999921e+005  4.1183738e+006  7.7975800e+001
  4.0999908e+005  4.1183715e+006  7.8537900e+001
  4.0999892e+005  4.1183691e+006  7.9132000e+001
  4.0999910e+005  4.1183667e+006  7.9656800e+001
  4.0999918e+005  4.1183642e+006  8.0042000e+001
  4.0999939e+005  4.1183618e+006  8.0527500e+001
  4.0999926e+005  4.1183596e+006  8.1222500e+001
  4.0999875e+005  4.1183574e+006  8.1679400e+001
  4.0999904e+005  4.1183550e+006  8.2153600e+001
  4.0999962e+005  4.1183529e+006  8.2463500e+001
  4.0999966e+005  4.1183501e+006  8.2694900e+001
  4.0999940e+005  4.1183477e+006  8.3139300e+001
  4.0999945e+005  4.1183453e+006  8.3496300e+001
  4.0999924e+005  4.1183431e+006  8.3888700e+001
  4.0999971e+005  4.1183428e+006  8.3839800e+001
  4.0999917e+005  4.1183416e+006  8.4014200e+001
  4.0999793e+005  4.1183401e+006  8.4635900e+001
  4.0999754e+005  4.1183400e+006  8.4756100e+001
  4.0999725e+005  4.1183375e+006  8.5270300e+001
  4.0999701e+005  4.1183345e+006  8.5621200e+001
  4.0999707e+005  4.1183315e+006  8.6132400e+001
  4.0999713e+005  4.1183288e+006  8.6663700e+001
  4.0999730e+005  4.1183260e+006  8.7112600e+001
  4.0999730e+005  4.1183234e+006  8.7644400e+001
  4.0999737e+005  4.1183207e+006  8.8179100e+001
  4.0999747e+005  4.1183179e+006  8.8729900e+001
  4.0999750e+005  4.1183152e+006  8.9372700e+001
  4.0999753e+005  4.1183126e+006  8.9879300e+001
  4.0999762e+005  4.1183100e+006  9.0488000e+001
  4.0999777e+005  4.1183074e+006  9.1048800e+001
  4.0999749e+005  4.1183049e+006  9.1619800e+001
  4.0999763e+005  4.1183026e+006  9.2178800e+001
  4.0999806e+005  4.1183000e+006  9.2535200e+001
  4.0999785e+005  4.1182982e+006  9.3006100e+001
  4.0999783e+005  4.1182979e+006  9.3148200e+001
  4.0999773e+005  4.1182980e+006  9.3148600e+001
  4.0999773e+005  4.1182979e+006  9.3157500e+001
  4.0999835e+005  4.1182957e+006  9.3529800e+001
  4.0999829e+005  4.1182954e+006  9.3633500e+001
  4.0999852e+005  4.1182943e+006  9.3788300e+001
  4.0999876e+005  4.1182917e+006  9.4318100e+001
  4.0999883e+005  4.1182892e+006  9.4928800e+001
  4.0999894e+005  4.1182870e+006  9.5329600e+001
  4.0999982e+005  4.1182847e+006  9.5689200e+001
  4.1000003e+005  4.1182831e+006  9.5928200e+001
  4.0999934e+005  4.1182817e+006  9.6357400e+001
  4.0999857e+005  4.1182800e+006  9.7004200e+001
  4.0999782e+005  4.1182779e+006  9.7589600e+001
  4.0999745e+005  4.1182762e+006  9.8001700e+001
  4.0999750e+005  4.1182738e+006  9.8506400e+001
  4.0999739e+005  4.1182713e+006  9.9076700e+001
  4.0999748e+005  4.1182688e+006  9.9555500e+001
  4.0999743e+005  4.1182682e+006  9.9707100e+001
  4.0999737e+005  4.1182661e+006  1.0015880e+002
  4.0999787e+005  4.1182635e+006  1.0050420e+002
  4.0999821e+005  4.1182609e+006  1.0102060e+002
  4.0999852e+005  4.1182583e+006  1.0155800e+002
  4.0999850e+005  4.1182559e+006  1.0203270e+002
  4.0999889e+005  4.1182537e+006  1.0250060e+002
  4.0999889e+005  4.1182513e+006  1.0305070e+002
  4.0999881e+005  4.1182489e+006  1.0345070e+002
  4.0999911e+005  4.1182465e+006  1.0404000e+002
  4.0999904e+005  4.1182444e+006  1.0447310e+002
  4.0999917e+005  4.1182419e+006  1.0495440e+002
  4.0999917e+005  4.1182394e+006  1.0546980e+002
  4.0999925e+005  4.1182371e+006  1.0602170e+002
  4.0999935e+005  4.1182351e+006  1.0639460e+002
  4.0999929e+005  4.1182326e+006  1.0694020e+002
  4.0999975e+005  4.1182303e+006  1.0737850e+002
  4.0999983e+005  4.1182282e+006  1.0797860e+002
  4.1000001e+005  4.1182263e+006  1.0830600e+002
  4.1000041e+005  4.1182244e+006  1.0859820e+002
  4.1000045e+005  4.1182228e+006  1.0909610e+002
  4.1000008e+005  4.1182227e+006  1.0915900e+002
  4.1000011e+005  4.1182227e+006  1.0915790e+002
  4.1000008e+005  4.1182227e+006  1.0916010e+002
  4.1000012e+005  4.1182226e+006  1.0915780e+002
  4.1000005e+005  4.1182228e+006  1.0916700e+002
  4.1000042e+005  4.1182209e+006  1.0930630e+002
  4.1000061e+005  4.1182182e+006  1.0978240e+002
  4.1000093e+005  4.1182155e+006  1.1033760e+002
  4.1000106e+005  4.1182126e+006  1.1084380e+002
  4.1000148e+005  4.1182100e+006  1.1142430e+002
  4.1000193e+005  4.1182072e+006  1.1193650e+002
  4.1000210e+005  4.1182045e+006  1.1246940e+002
  4.1000252e+005  4.1182022e+006  1.1288210e+002
  4.1000264e+005  4.1181999e+006  1.1331600e+002
  4.1000232e+005  4.1181979e+006  1.1371560e+002
  4.1000322e+005  4.1181959e+006  1.1410990e+002
  4.1000419e+005  4.1181936e+006  1.1463710e+002
  4.1000434e+005  4.1181910e+006  1.1513800e+002
  4.1000403e+005  4.1181883e+006  1.1571990e+002
  4.1000403e+005  4.1181857e+006  1.1608430e+002
  4.1000353e+005  4.1181837e+006  1.1651330e+002
  4.1000356e+005  4.1181813e+006  1.1703850e+002
  4.1000442e+005  4.1181787e+006  1.1720500e+002
  4.1000499e+005  4.1181763e+006  1.1750960e+002
  4.1000597e+005  4.1181734e+006  1.1778620e+002
  4.1000687e+005  4.1181706e+006  1.1805960e+002
  4.1000771e+005  4.1181675e+006  1.1830690e+002
  4.1000872e+005  4.1181649e+006  1.1856440e+002
  4.1000973e+005  4.1181619e+006  1.1887560e+002
  4.1001030e+005  4.1181590e+006  1.1922290e+002
  4.1001109e+005  4.1181562e+006  1.1947740e+002
  4.1001161e+005  4.1181535e+006  1.1991310e+002
  4.1001223e+005  4.1181505e+006  1.2031410e+002
  4.1001309e+005  4.1181478e+006  1.2063660e+002
  4.1001393e+005  4.1181451e+006  1.2097170e+002
  4.1001456e+005  4.1181421e+006  1.2134140e+002
  4.1001504e+005  4.1181392e+006  1.2179530e+002
  4.1001579e+005  4.1181365e+006  1.2220990e+002
  4.1001656e+005  4.1181335e+006  1.2252530e+002
  4.1001743e+005  4.1181307e+006  1.2279390e+002
  4.1001757e+005  4.1181282e+006  1.2321800e+002
  4.1001765e+005  4.1181257e+006  1.2365690e+002
  4.1001857e+005  4.1181231e+006  1.2398020e+002
  4.1001913e+005  4.1181208e+006  1.2442250e+002
  4.1001942e+005  4.1181182e+006  1.2484990e+002
  4.1001950e+005  4.1181157e+006  1.2528950e+002
  4.1001964e+005  4.1181132e+006  1.2568250e+002
  4.1001938e+005  4.1181107e+006  1.2619940e+002
  4.1001896e+005  4.1181081e+006  1.2675960e+002
  4.1001892e+005  4.1181056e+006  1.2726490e+002
  4.1001827e+005  4.1181032e+006  1.2782700e+002
  4.1001796e+005  4.1181009e+006  1.2833450e+002
  4.1001736e+005  4.1180986e+006  1.2892270e+002
  4.1001642e+005  4.1180962e+006  1.2947850e+002
  4.1001555e+005  4.1180939e+006  1.3002640e+002
  4.1001480e+005  4.1180917e+006  1.3061730e+002
  4.1001382e+005  4.1180896e+006  1.3121270e+002
  4.1001279e+005  4.1180874e+006  1.3180700e+002
  4.1001120e+005  4.1180855e+006  1.3237760e+002
  4.1001043e+005  4.1180835e+006  1.3311770e+002
  4.1000939e+005  4.1180816e+006  1.3371400e+002
  4.1000767e+005  4.1180803e+006  1.3443090e+002
  4.1000589e+005  4.1180795e+006  1.3506770e+002
  4.1000397e+005  4.1180788e+006  1.3575040e+002
  4.1000198e+005  4.1180785e+006  1.3631390e+002
  4.0999971e+005  4.1180783e+006  1.3688490e+002
  4.0999806e+005  4.1180778e+006  1.3749840e+002
  4.0999596e+005  4.1180769e+006  1.3823140e+002
  4.0999420e+005  4.1180762e+006  1.3892780e+002
  4.0999229e+005  4.1180756e+006  1.3969910e+002
  4.0999031e+005  4.1180749e+006  1.4046400e+002
  4.0998834e+005  4.1180743e+006  1.4119500e+002
  4.0998709e+005  4.1180734e+006  1.4206900e+002
  4.0998580e+005  4.1180724e+006  1.4280900e+002
  4.0998484e+005  4.1180712e+006  1.4356020e+002
  4.0998341e+005  4.1180703e+006  1.4425290e+002
  4.0998201e+005  4.1180695e+006  1.4486480e+002
  4.0998009e+005  4.1180689e+006  1.4571850e+002
  4.0997822e+005  4.1180685e+006  1.4649120e+002
  4.0997643e+005  4.1180676e+006  1.4723370e+002
  4.0997474e+005  4.1180670e+006  1.4803150e+002
  4.0997311e+005  4.1180666e+006  1.4869600e+002
  4.0997148e+005  4.1180661e+006  1.4938050e+002
  4.0996991e+005  4.1180658e+006  1.5000880e+002
  4.0996940e+005  4.1180653e+006  1.5026990e+002
  4.0996916e+005  4.1180646e+006  1.5035640e+002
  4.0996778e+005  4.1180642e+006  1.5115390e+002
  4.0996609e+005  4.1180645e+006  1.5194320e+002
  4.0996450e+005  4.1180640e+006  1.5268640e+002
  4.0996269e+005  4.1180646e+006  1.5338240e+002
  4.0996099e+005  4.1180639e+006  1.5404340e+002
  4.0995955e+005  4.1180632e+006  1.5477200e+002
  4.0995879e+005  4.1180617e+006  1.5549390e+002
  4.0995800e+005  4.1180605e+006  1.5616470e+002
  4.0995722e+005  4.1180599e+006  1.5685360e+002
  4.0995656e+005  4.1180582e+006  1.5746340e+002
  4.0995610e+005  4.1180572e+006  1.5814530e+002
  4.0995510e+005  4.1180555e+006  1.5880500e+002
  4.0995434e+005  4.1180540e+006  1.5950890e+002
  4.0995360e+005  4.1180521e+006  1.6016260e+002
  4.0995267e+005  4.1180503e+006  1.6100070e+002
  4.0995189e+005  4.1180482e+006  1.6173600e+002
  4.0995070e+005  4.1180465e+006  1.6233760e+002
  4.0994945e+005  4.1180449e+006  1.6295920e+002
  4.0994852e+005  4.1180431e+006  1.6371580e+002
  4.0994715e+005  4.1180411e+006  1.6435300e+002
  4.0994622e+005  4.1180394e+006  1.6491120e+002
  4.0994480e+005  4.1180382e+006  1.6541230e+002
  4.0994342e+005  4.1180365e+006  1.6616530e+002
  4.0994260e+005  4.1180347e+006  1.6674930e+002
  4.0994107e+005  4.1180333e+006  1.6743290e+002
  4.0993966e+005  4.1180315e+006  1.6802020e+002
  4.0993809e+005  4.1180297e+006  1.6871260e+002
  4.0993697e+005  4.1180280e+006  1.6937210e+002
  4.0993547e+005  4.1180263e+006  1.7008040e+002
  4.0993362e+005  4.1180251e+006  1.7067780e+002
  4.0993226e+005  4.1180232e+006  1.7137880e+002
  4.0993100e+005  4.1180215e+006  1.7196150e+002
  4.0992955e+005  4.1180198e+006  1.7250340e+002
  4.0992816e+005  4.1180177e+006  1.7306540e+002
  4.0992688e+005  4.1180154e+006  1.7357040e+002
  4.0992546e+005  4.1180133e+006  1.7408540e+002
  4.0992414e+005  4.1180113e+006  1.7458420e+002
  4.0992266e+005  4.1180094e+006  1.7496240e+002
  4.0992051e+005  4.1180086e+006  1.7561020e+002
  4.0991857e+005  4.1180077e+006  1.7600820e+002
  4.0991717e+005  4.1180065e+006  1.7648050e+002
  4.0991567e+005  4.1180051e+006  1.7702900e+002
  4.0991401e+005  4.1180043e+006  1.7774670e+002
  4.0991297e+005  4.1180026e+006  1.7826040e+002
  4.0991255e+005  4.1180005e+006  1.7867270e+002
  4.0991244e+005  4.1180003e+006  1.7875290e+002
  4.0991249e+005  4.1180003e+006  1.7874150e+002
  4.0991250e+005  4.1180003e+006  1.7873740e+002
  4.0991249e+005  4.1180002e+006  1.7873150e+002
  4.0991249e+005  4.1180002e+006  1.7872970e+002
  4.0991249e+005  4.1180002e+006  1.7874270e+002
  4.0991250e+005  4.1180002e+006  1.7873520e+002
  4.0991250e+005  4.1180002e+006  1.7872860e+002
  4.0991249e+005  4.1180002e+006  1.7873870e+002
  4.0991250e+005  4.1180002e+006  1.7872780e+002
  4.0991294e+005  4.1179992e+006  1.7834460e+002
  4.0991294e+005  4.1179992e+006  1.7745590e+002
  4.0991294e+005  4.1179992e+006  1.7745140e+002
  4.0991294e+005  4.1179992e+006  1.7745470e+002
  4.0991294e+005  4.1179992e+006  1.7744240e+002
  4.0991294e+005  4.1179992e+006  1.7744100e+002
  4.0991294e+005  4.1179992e+006  1.7744450e+002
  4.0991294e+005  4.1179992e+006  1.7743940e+002
  4.0991295e+005  4.1179992e+006  1.7743970e+002
  4.0991295e+005  4.1179992e+006  1.7745380e+002
  4.0991294e+005  4.1179992e+006  1.7744330e+002
  4.0991294e+005  4.1179992e+006  1.7744510e+002
  4.0991294e+005  4.1179992e+006  1.7744660e+002
  4.0991294e+005  4.1179992e+006  1.7744950e+002
  4.0991294e+005  4.1179992e+006  1.7745400e+002
  4.0991293e+005  4.1179992e+006  1.7743470e+002
  4.0991295e+005  4.1179996e+006  1.7797450e+002
  4.0991295e+005  4.1179999e+006  1.7827290e+002
  4.0991301e+005  4.1180005e+006  1.7809430e+002
  4.0991318e+005  4.1179999e+006  1.7813610e+002
  4.0991292e+005  4.1180001e+006  1.7785670e+002
  4.0991291e+005  4.1179999e+006  1.7787580e+002
  4.0991268e+005  4.1179998e+006  1.7789220e+002
  4.0991289e+005  4.1179997e+006  1.7794870e+002
  4.0991251e+005  4.1180002e+006  1.7859700e+002
  4.0991244e+005  4.1180007e+006  1.7861300e+002
  4.0991233e+005  4.1180007e+006  1.7859170e+002
  4.0991255e+005  4.1180009e+006  1.7853160e+002
  4.0991272e+005  4.1180008e+006  1.7860330e+002
  4.0991271e+005  4.1180009e+006  1.7854630e+002
  4.0991279e+005  4.1180009e+006  1.7864420e+002
  4.0991277e+005  4.1180008e+006  1.7860580e+002
  4.0991274e+005  4.1180008e+006  1.7857120e+002
  4.0991282e+005  4.1180008e+006  1.7857900e+002
  4.0991292e+005  4.1180007e+006  1.7854990e+002
  4.0991290e+005  4.1180006e+006  1.7877080e+002
  4.0991277e+005  4.1180006e+006  1.7875210e+002
  4.0991260e+005  4.1180006e+006  1.7862430e+002
  4.0991262e+005  4.1180007e+006  1.7864300e+002
  4.0991266e+005  4.1180006e+006  1.7864850e+002
  4.0991255e+005  4.1180007e+006  1.7864960e+002
  4.0991266e+005  4.1180005e+006  1.7861730e+002
  4.0991260e+005  4.1180006e+006  1.7861880e+002
  4.0991265e+005  4.1180006e+006  1.7862570e+002
  4.0991264e+005  4.1180006e+006  1.7864220e+002
  4.0991266e+005  4.1180006e+006  1.7861760e+002
  4.0991259e+005  4.1180006e+006  1.7863020e+002
  4.0991273e+005  4.1180005e+006  1.7873310e+002
  4.0991253e+005  4.1180003e+006  1.7857190e+002
  4.0991210e+005  4.1180001e+006  1.7875180e+002
  4.0991202e+005  4.1180001e+006  1.7876370e+002
  4.0991199e+005  4.1180003e+006  1.7874630e+002
  4.0991206e+005  4.1180002e+006  1.7876040e+002
  4.0991047e+005  4.1180004e+006  1.7890310e+002
  4.0990867e+005  4.1179999e+006  1.7916720e+002
  4.0990650e+005  4.1179994e+006  1.7965010e+002
  4.0990353e+005  4.1179989e+006  1.8040180e+002
  4.0989985e+005  4.1179990e+006  1.8121130e+002
  4.0989648e+005  4.1180012e+006  1.8147610e+002
  4.0989399e+005  4.1180053e+006  1.8123580e+002
  4.0989158e+005  4.1180087e+006  1.8121360e+002
  4.0988915e+005  4.1180115e+006  1.8130950e+002
  4.0988676e+005  4.1180147e+006  1.8115250e+002
  4.0988624e+005  4.1180155e+006  1.8114760e+002
  4.0988487e+005  4.1180176e+006  1.8097160e+002
  4.0988355e+005  4.1180203e+006  1.8078290e+002
  4.0988198e+005  4.1180230e+006  1.8056000e+002
  4.0988012e+005  4.1180257e+006  1.8043630e+002
  4.0987930e+005  4.1180270e+006  1.8039260e+002
  4.0987763e+005  4.1180291e+006  1.8035210e+002
  4.0987560e+005  4.1180312e+006  1.8043110e+002
  4.0987288e+005  4.1180336e+006  1.8047030e+002
  4.0987013e+005  4.1180363e+006  1.8063020e+002
  4.0986769e+005  4.1180391e+006  1.8069030e+002
  4.0986512e+005  4.1180413e+006  1.8099950e+002
  4.0986190e+005  4.1180436e+006  1.8137410e+002
  4.0985898e+005  4.1180462e+006  1.8173780e+002
  4.0985669e+005  4.1180488e+006  1.8194680e+002
  4.0985387e+005  4.1180518e+006  1.8221000e+002
  4.0985130e+005  4.1180549e+006  1.8236200e+002
  4.0984857e+005  4.1180575e+006  1.8269840e+002
  4.0984596e+005  4.1180604e+006  1.8291560e+002
  4.0984315e+005  4.1180631e+006  1.8325260e+002
  4.0984024e+005  4.1180656e+006  1.8363510e+002
  4.0983741e+005  4.1180689e+006  1.8383360e+002
  4.0983469e+005  4.1180717e+006  1.8404480e+002
  4.0983220e+005  4.1180753e+006  1.8408820e+002
  4.0982982e+005  4.1180782e+006  1.8426710e+002
  4.0982711e+005  4.1180813e+006  1.8442520e+002
  4.0982410e+005  4.1180839e+006  1.8471240e+002
  4.0982142e+005  4.1180872e+006  1.8496120e+002
  4.0981870e+005  4.1180900e+006  1.8526890e+002
  4.0981575e+005  4.1180932e+006  1.8543540e+002
  4.0981309e+005  4.1180969e+006  1.8551250e+002
  4.0981035e+005  4.1181002e+006  1.8553890e+002
  4.0980766e+005  4.1181040e+006  1.8558430e+002
  4.0980516e+005  4.1181072e+006  1.8575620e+002
  4.0980243e+005  4.1181108e+006  1.8586820e+002
  4.0979975e+005  4.1181143e+006  1.8583960e+002
  4.0979724e+005  4.1181180e+006  1.8580690e+002
  4.0979457e+005  4.1181213e+006  1.8593300e+002
  4.0979210e+005  4.1181250e+006  1.8577950e+002
  4.0979002e+005  4.1181281e+006  1.8578060e+002
  4.0978808e+005  4.1181304e+006  1.8578810e+002
  4.0978721e+005  4.1181314e+006  1.8591320e+002
  4.0978727e+005  4.1181314e+006  1.8591680e+002
  4.0978729e+005  4.1181313e+006  1.8590760e+002
  4.0978728e+005  4.1181313e+006  1.8590930e+002
  4.0978724e+005  4.1181313e+006  1.8590750e+002
  4.0978725e+005  4.1181313e+006  1.8591350e+002
  4.0978721e+005  4.1181314e+006  1.8590790e+002
  4.0978706e+005  4.1181319e+006  1.8591160e+002
  4.0978542e+005  4.1181345e+006  1.8565700e+002
  4.0978523e+005  4.1181351e+006  1.8565200e+002
  4.0978541e+005  4.1181350e+006  1.8570980e+002
  4.0978501e+005  4.1181351e+006  1.8569450e+002
  4.0978479e+005  4.1181356e+006  1.8567730e+002
  4.0978365e+005  4.1181367e+006  1.8575270e+002
  4.0978239e+005  4.1181379e+006  1.8577990e+002
  4.0978079e+005  4.1181399e+006  1.8599200e+002
  4.0978086e+005  4.1181399e+006  1.8596710e+002
  4.0978085e+005  4.1181398e+006  1.8596410e+002
  4.0978083e+005  4.1181398e+006  1.8595360e+002
  4.0978083e+005  4.1181399e+006  1.8596270e+002
  4.0978045e+005  4.1181401e+006  1.8601730e+002
  4.0977949e+005  4.1181414e+006  1.8610030e+002
  4.0977831e+005  4.1181426e+006  1.8619110e+002
  4.0977829e+005  4.1181426e+006  1.8617520e+002
  4.0977824e+005  4.1181426e+006  1.8616660e+002
  4.0977735e+005  4.1181431e+006  1.8630370e+002
  4.0977602e+005  4.1181443e+006  1.8647700e+002
  4.0977534e+005  4.1181453e+006  1.8648120e+002
  4.0977504e+005  4.1181459e+006  1.8637200e+002
  4.0977473e+005  4.1181463e+006  1.8647470e+002
  4.0977478e+005  4.1181462e+006  1.8645080e+002
  4.0977461e+005  4.1181463e+006  1.8649850e+002
  4.0977465e+005  4.1181462e+006  1.8649850e+002
  4.0977464e+005  4.1181463e+006  1.8651170e+002
  4.0977466e+005  4.1181463e+006  1.8650240e+002
  4.0977473e+005  4.1181463e+006  1.8650550e+002
  4.0977466e+005  4.1181463e+006  1.8648610e+002
  4.0977483e+005  4.1181463e+006  1.8646780e+002
  4.0977465e+005  4.1181462e+006  1.8647540e+002
  4.0977459e+005  4.1181463e+006  1.8648670e+002
  4.0977436e+005  4.1181465e+006  1.8647370e+002
  4.0977395e+005  4.1181467e+006  1.8652880e+002
  4.0977248e+005  4.1181477e+006  1.8665990e+002
  4.0977198e+005  4.1181482e+006  1.8665610e+002
  4.0976997e+005  4.1181486e+006  1.8711310e+002
  4.0976871e+005  4.1181499e+006  1.8718240e+002
  4.0976835e+005  4.1181504e+006  1.8730760e+002
  4.0976762e+005  4.1181515e+006  1.8727280e+002
  4.0976662e+005  4.1181529e+006  1.8715490e+002
  4.0976625e+005  4.1181538e+006  1.8712000e+002
  4.0976550e+005  4.1181545e+006  1.8706260e+002
  4.0976478e+005  4.1181563e+006  1.8676400e+002
  4.0976498e+005  4.1181560e+006  1.8598060e+002
  4.0976378e+005  4.1181570e+006  1.8604700e+002
  4.0976355e+005  4.1181577e+006  1.8673320e+002
  4.0976198e+005  4.1181584e+006  1.8702720e+002
  4.0976088e+005  4.1181593e+006  1.8689480e+002
  4.0975944e+005  4.1181612e+006  1.8701010e+002
  4.0975690e+005  4.1181638e+006  1.8693800e+002
  4.0975505e+005  4.1181658e+006  1.8705150e+002
  4.0975280e+005  4.1181681e+006  1.8699790e+002
  4.0975008e+005  4.1181698e+006  1.8725890e+002
  4.0974763e+005  4.1181723e+006  1.8732930e+002
  4.0974508e+005  4.1181744e+006  1.8734060e+002
  4.0974259e+005  4.1181769e+006  1.8746630e+002
  4.0974043e+005  4.1181788e+006  1.8753640e+002
  4.0973828e+005  4.1181812e+006  1.8745090e+002
  4.0973626e+005  4.1181834e+006  1.8749260e+002
  4.0973427e+005  4.1181853e+006  1.8745200e+002
  4.0973215e+005  4.1181872e+006  1.8747100e+002
  4.0972991e+005  4.1181895e+006  1.8741740e+002
  4.0972764e+005  4.1181916e+006  1.8742510e+002
  4.0972747e+005  4.1181921e+006  1.8753890e+002
  4.0972710e+005  4.1181920e+006  1.8752340e+002
  4.0972697e+005  4.1181921e+006  1.8748420e+002
  4.0972622e+005  4.1181932e+006  1.8754440e+002
  4.0972498e+005  4.1181944e+006  1.8758460e+002
  4.0972267e+005  4.1181964e+006  1.8763520e+002
  4.0972057e+005  4.1181985e+006  1.8766110e+002
  4.0971824e+005  4.1182005e+006  1.8780780e+002
  4.0971656e+005  4.1182021e+006  1.8774400e+002
  4.0971496e+005  4.1182036e+006  1.8787400e+002
  4.0971326e+005  4.1182054e+006  1.8793060e+002
  4.0971149e+005  4.1182069e+006  1.8796010e+002
  4.0970987e+005  4.1182084e+006  1.8795760e+002
  4.0970781e+005  4.1182104e+006  1.8791650e+002
  4.0970620e+005  4.1182120e+006  1.8790030e+002
  4.0970476e+005  4.1182134e+006  1.8784290e+002
  4.0970356e+005  4.1182148e+006  1.8776720e+002
  4.0970268e+005  4.1182154e+006  1.8775510e+002
  4.0970161e+005  4.1182164e+006  1.8770980e+002
  4.0970165e+005  4.1182163e+006  1.8770940e+002
  4.0970158e+005  4.1182163e+006  1.8770190e+002
  4.0970162e+005  4.1182163e+006  1.8771020e+002
  4.0970159e+005  4.1182163e+006  1.8770130e+002
  4.0970118e+005  4.1182166e+006  1.8776440e+002
  4.0970125e+005  4.1182168e+006  1.8773950e+002
  4.0970105e+005  4.1182169e+006  1.8773780e+002
  4.0970101e+005  4.1182169e+006  1.8774430e+002
  4.0970071e+005  4.1182172e+006  1.8770890e+002
  4.0970047e+005  4.1182174e+006  1.8770130e+002
  4.0970019e+005  4.1182175e+006  1.8768900e+002
  4.0969923e+005  4.1182186e+006  1.8757230e+002
  4.0969745e+005  4.1182200e+006  1.8756940e+002
  4.0969650e+005  4.1182208e+006  1.8746350e+002
  4.0969460e+005  4.1182226e+006  1.8741080e+002
  4.0969329e+005  4.1182237e+006  1.8737670e+002
  4.0969172e+005  4.1182249e+006  1.8739460e+002
  4.0969045e+005  4.1182255e+006  1.8738370e+002
  4.0968965e+005  4.1182257e+006  1.8757690e+002
  4.0968924e+005  4.1182260e+006  1.8755510e+002
  4.0968852e+005  4.1182262e+006  1.8767030e+002
  4.0968748e+005  4.1182267e+006  1.8780730e+002
  4.0968734e+005  4.1182269e+006  1.8779470e+002
  4.0968682e+005  4.1182272e+006  1.8776270e+002
  4.0968675e+005  4.1182271e+006  1.8774780e+002
  4.0968626e+005  4.1182275e+006  1.8775800e+002
  4.0968619e+005  4.1182277e+006  1.8775600e+002
  4.0968628e+005  4.1182276e+006  1.8775390e+002
  4.0968628e+005  4.1182276e+006  1.8775450e+002
  4.0968589e+005  4.1182272e+006  1.8785070e+002
  4.0968539e+005  4.1182272e+006  1.8794930e+002
  4.0968515e+005  4.1182269e+006  1.8827330e+002
  4.0968486e+005  4.1182255e+006  1.8874560e+002
  4.0968487e+005  4.1182237e+006  1.8932570e+002
  4.0968571e+005  4.1182211e+006  1.9004280e+002
  4.0968749e+005  4.1182184e+006  1.9054360e+002
  4.0968938e+005  4.1182163e+006  1.9068810e+002
  4.0969166e+005  4.1182138e+006  1.9092640e+002
  4.0969393e+005  4.1182111e+006  1.9118290e+002
  4.0969723e+005  4.1182095e+006  1.9087120e+002
  4.0970041e+005  4.1182077e+006  1.9069880e+002
  4.0970342e+005  4.1182057e+006  1.9034410e+002
  4.0970583e+005  4.1182034e+006  1.9040810e+002
  4.0970835e+005  4.1182013e+006  1.9031070e+002
  4.0971104e+005  4.1181992e+006  1.9019010e+002
  4.0971418e+005  4.1181968e+006  1.8999350e+002
  4.0971702e+005  4.1181946e+006  1.8986020e+002
  4.0972003e+005  4.1181924e+006  1.8959960e+002
  4.0972260e+005  4.1181902e+006  1.8942650e+002
  4.0972481e+005  4.1181875e+006  1.8948320e+002
  4.0972660e+005  4.1181851e+006  1.8961390e+002
  4.0972898e+005  4.1181826e+006  1.8968640e+002
  4.0973164e+005  4.1181800e+006  1.8963740e+002
  4.0973364e+005  4.1181777e+006  1.8971930e+002
  4.0973573e+005  4.1181751e+006  1.8979450e+002
  4.0973803e+005  4.1181728e+006  1.8980930e+002
  4.0974046e+005  4.1181704e+006  1.8978760e+002
  4.0974317e+005  4.1181681e+006  1.8959720e+002
  4.0974590e+005  4.1181661e+006  1.8936180e+002
  4.0974676e+005  4.1181653e+006  1.8937450e+002
  4.0974803e+005  4.1181652e+006  1.8803160e+002
  4.0974840e+005  4.1181652e+006  1.8778280e+002
  4.0974823e+005  4.1181646e+006  1.8854300e+002
  4.0974776e+005  4.1181649e+006  1.8880710e+002
  4.0974775e+005  4.1181650e+006  1.8878600e+002
  4.0974780e+005  4.1181650e+006  1.8878080e+002
  4.0974815e+005  4.1181648e+006  1.8899940e+002
  4.0974865e+005  4.1181649e+006  1.8903960e+002
  4.0975060e+005  4.1181637e+006  1.8883460e+002
  4.0975116e+005  4.1181634e+006  1.8874650e+002
  4.0975300e+005  4.1181621e+006  1.8866400e+002
  4.0975449e+005  4.1181611e+006  1.8849810e+002
  4.0975646e+005  4.1181599e+006  1.8822740e+002
  4.0975750e+005  4.1181590e+006  1.8811880e+002
  4.0975955e+005  4.1181583e+006  1.8774430e+002
  4.0976151e+005  4.1181576e+006  1.8754600e+002
  4.0976350e+005  4.1181573e+006  1.8706230e+002
  4.0976366e+005  4.1181579e+006  1.8684660e+002
  4.0976537e+005  4.1181568e+006  1.8647910e+002
  4.0976631e+005  4.1181544e+006  1.8694740e+002
  4.0976825e+005  4.1181515e+006  1.8716700e+002
  4.0977072e+005  4.1181489e+006  1.8708360e+002
  4.0977391e+005  4.1181476e+006  1.8649040e+002
  4.0977621e+005  4.1181459e+006  1.8621680e+002
  4.0977800e+005  4.1181434e+006  1.8629590e+002
  4.0978011e+005  4.1181414e+006  1.8608840e+002
  4.0978013e+005  4.1181413e+006  1.8606060e+002
  4.0978025e+005  4.1181413e+006  1.8605430e+002
  4.0978036e+005  4.1181414e+006  1.8602140e+002
  4.0978075e+005  4.1181405e+006  1.8606070e+002
  4.0978050e+005  4.1181406e+006  1.8612690e+002
  4.0978052e+005  4.1181406e+006  1.8610410e+002
  4.0978054e+005  4.1181406e+006  1.8612510e+002
  4.0978048e+005  4.1181406e+006  1.8611230e+002
  4.0978057e+005  4.1181406e+006  1.8610190e+002
  4.0978054e+005  4.1181405e+006  1.8611600e+002
  4.0978060e+005  4.1181406e+006  1.8608150e+002
  4.0978061e+005  4.1181406e+006  1.8607450e+002
  4.0978055e+005  4.1181406e+006  1.8607480e+002
  4.0978054e+005  4.1181406e+006  1.8606940e+002
  4.0978058e+005  4.1181406e+006  1.8606460e+002
  4.0978052e+005  4.1181405e+006  1.8613870e+002
  4.0978060e+005  4.1181407e+006  1.8606080e+002
  4.0978063e+005  4.1181406e+006  1.8609560e+002
  4.0978202e+005  4.1181394e+006  1.8588650e+002
  4.0978390e+005  4.1181374e+006  1.8573310e+002
  4.0978550e+005  4.1181354e+006  1.8569750e+002
  4.0978693e+005  4.1181335e+006  1.8568380e+002
  4.0978775e+005  4.1181315e+006  1.8586920e+002
  4.0978771e+005  4.1181317e+006  1.8586550e+002
  4.0978773e+005  4.1181317e+006  1.8586010e+002
  4.0978775e+005  4.1181317e+006  1.8584550e+002
  4.0978774e+005  4.1181318e+006  1.8585070e+002
  4.0978786e+005  4.1181303e+006  1.8596020e+002
  4.0978742e+005  4.1181281e+006  1.8652810e+002
  4.0978644e+005  4.1181261e+006  1.8725050e+002
  4.0978568e+005  4.1181249e+006  1.8778740e+002
  4.0978544e+005  4.1181244e+006  1.8797800e+002
  4.0978539e+005  4.1181239e+006  1.8810080e+002
  4.0978534e+005  4.1181240e+006  1.8811300e+002
  4.0978535e+005  4.1181241e+006  1.8811720e+002
  4.0978528e+005  4.1181241e+006  1.8812280e+002
  4.0978525e+005  4.1181241e+006  1.8812260e+002
  4.0978538e+005  4.1181241e+006  1.8811080e+002
  4.0978538e+005  4.1181241e+006  1.8810300e+002
  4.0978454e+005  4.1181224e+006  1.8852620e+002
  4.0978317e+005  4.1181206e+006  1.8927050e+002
  4.0978185e+005  4.1181186e+006  1.8983060e+002
  4.0978062e+005  4.1181165e+006  1.9071700e+002
  4.0977898e+005  4.1181146e+006  1.9147730e+002
  4.0977814e+005  4.1181134e+006  1.9207160e+002
  4.0977820e+005  4.1181131e+006  1.9203500e+002
  4.0977786e+005  4.1181128e+006  1.9211760e+002
  4.0977743e+005  4.1181108e+006  1.9247390e+002
  4.0977671e+005  4.1181103e+006  1.9281710e+002
  4.0977567e+005  4.1181091e+006  1.9338490e+002
  4.0977422e+005  4.1181073e+006  1.9396750e+002
  4.0977292e+005  4.1181054e+006  1.9468270e+002
  4.0977159e+005  4.1181036e+006  1.9541990e+002
  4.0977039e+005  4.1181017e+006  1.9604300e+002
  4.0976874e+005  4.1181005e+006  1.9676470e+002
  4.0976780e+005  4.1180981e+006  1.9728740e+002
  4.0976641e+005  4.1180964e+006  1.9816200e+002
  4.0976535e+005  4.1180945e+006  1.9873640e+002
  4.0976407e+005  4.1180931e+006  1.9933660e+002
  4.0976286e+005  4.1180910e+006  2.0003620e+002
  4.0976183e+005  4.1180895e+006  2.0068000e+002
  4.0976020e+005  4.1180878e+006  2.0151920e+002
  4.0975892e+005  4.1180858e+006  2.0205610e+002
  4.0975783e+005  4.1180840e+006  2.0269520e+002
  4.0975644e+005  4.1180824e+006  2.0348630e+002
  4.0975515e+005  4.1180808e+006  2.0406820e+002
  4.0975377e+005  4.1180792e+006  2.0482120e+002
  4.0975205e+005  4.1180776e+006  2.0553790e+002
  4.0975061e+005  4.1180766e+006  2.0632160e+002
  4.0974896e+005  4.1180748e+006  2.0698420e+002
  4.0974720e+005  4.1180737e+006  2.0765960e+002
  4.0974587e+005  4.1180725e+006  2.0845540e+002
  4.0974438e+005  4.1180707e+006  2.0910520e+002
  4.0974302e+005  4.1180694e+006  2.0969900e+002
  4.0974133e+005  4.1180681e+006  2.1060210e+002
  4.0973991e+005  4.1180663e+006  2.1123420e+002
  4.0973820e+005  4.1180649e+006  2.1189500e+002
  4.0973647e+005  4.1180637e+006  2.1277440e+002
  4.0973497e+005  4.1180621e+006  2.1351150e+002
  4.0973294e+005  4.1180610e+006  2.1437350e+002
  4.0973075e+005  4.1180598e+006  2.1508660e+002
  4.0972862e+005  4.1180591e+006  2.1595850e+002
  4.0972632e+005  4.1180581e+006  2.1665630e+002
  4.0972425e+005  4.1180575e+006  2.1750230e+002
  4.0972200e+005  4.1180563e+006  2.1821130e+002
  4.0972005e+005  4.1180554e+006  2.1893460e+002
  4.0971803e+005  4.1180545e+006  2.1974870e+002
  4.0971609e+005  4.1180532e+006  2.2054400e+002
  4.0971412e+005  4.1180523e+006  2.2134210e+002
  4.0971205e+005  4.1180512e+006  2.2202490e+002
  4.0971003e+005  4.1180502e+006  2.2267130e+002
  4.0970802e+005  4.1180493e+006  2.2352160e+002
  4.0970604e+005  4.1180482e+006  2.2425260e+002
  4.0970425e+005  4.1180473e+006  2.2504820e+002
  4.0970262e+005  4.1180460e+006  2.2571330e+002
  4.0970092e+005  4.1180447e+006  2.2637210e+002
  4.0969949e+005  4.1180432e+006  2.2717300e+002
  4.0969780e+005  4.1180412e+006  2.2785300e+002
  4.0969595e+005  4.1180396e+006  2.2866900e+002
  4.0969428e+005  4.1180378e+006  2.2943910e+002
  4.0969228e+005  4.1180364e+006  2.3031590e+002
  4.0969035e+005  4.1180347e+006  2.3104120e+002
  4.0968827e+005  4.1180334e+006  2.3191850e+002
  4.0968639e+005  4.1180318e+006  2.3250030e+002
  4.0968465e+005  4.1180305e+006  2.3326540e+002
  4.0968269e+005  4.1180292e+006  2.3408710e+002
  4.0968081e+005  4.1180279e+006  2.3479820e+002
  4.0967874e+005  4.1180263e+006  2.3556010e+002
  4.0967695e+005  4.1180249e+006  2.3620330e+002
  4.0967466e+005  4.1180238e+006  2.3693080e+002
  4.0967224e+005  4.1180229e+006  2.3782270e+002
  4.0966988e+005  4.1180222e+006  2.3855970e+002
  4.0966711e+005  4.1180216e+006  2.3917620e+002
  4.0966492e+005  4.1180211e+006  2.3985600e+002
  4.0966249e+005  4.1180205e+006  2.4057280e+002
  4.0966003e+005  4.1180204e+006  2.4127570e+002
  4.0965744e+005  4.1180203e+006  2.4193610e+002
  4.0965492e+005  4.1180206e+006  2.4255690e+002
  4.0965218e+005  4.1180209e+006  2.4326320e+002
  4.0964979e+005  4.1180205e+006  2.4393900e+002
  4.0964730e+005  4.1180200e+006  2.4460980e+002
  4.0964486e+005  4.1180194e+006  2.4524070e+002
  4.0964263e+005  4.1180185e+006  2.4595650e+002
  4.0964025e+005  4.1180182e+006  2.4660210e+002
  4.0963772e+005  4.1180180e+006  2.4722890e+002
  4.0963520e+005  4.1180175e+006  2.4788710e+002
  4.0963266e+005  4.1180171e+006  2.4858450e+002
  4.0963018e+005  4.1180169e+006  2.4915630e+002
  4.0962780e+005  4.1180164e+006  2.4978940e+002
  4.0962513e+005  4.1180155e+006  2.5047140e+002
  4.0962274e+005  4.1180147e+006  2.5123080e+002
  4.0962046e+005  4.1180137e+006  2.5187430e+002
  4.0961796e+005  4.1180130e+006  2.5257100e+002
  4.0961543e+005  4.1180122e+006  2.5316170e+002
  4.0961319e+005  4.1180113e+006  2.5384780e+002
  4.0961032e+005  4.1180109e+006  2.5450130e+002
  4.0960770e+005  4.1180107e+006  2.5508310e+002
  4.0960494e+005  4.1180104e+006  2.5574560e+002
  4.0960232e+005  4.1180098e+006  2.5643750e+002
  4.0959983e+005  4.1180091e+006  2.5702770e+002
  4.0959702e+005  4.1180087e+006  2.5771130e+002
  4.0959451e+005  4.1180079e+006  2.5840840e+002
  4.0959230e+005  4.1180074e+006  2.5889400e+002
  4.0958925e+005  4.1180071e+006  2.5952600e+002
  4.0958648e+005  4.1180070e+006  2.6018710e+002
  4.0958355e+005  4.1180063e+006  2.6083930e+002
  4.0958089e+005  4.1180063e+006  2.6143390e+002
  4.0957868e+005  4.1180064e+006  2.6197420e+002
  4.0957595e+005  4.1180065e+006  2.6258660e+002
  4.0957344e+005  4.1180063e+006  2.6302050e+002
  4.0957045e+005  4.1180061e+006  2.6364740e+002
  4.0956801e+005  4.1180061e+006  2.6418210e+002
  4.0956538e+005  4.1180058e+006  2.6486620e+002
  4.0956274e+005  4.1180054e+006  2.6545670e+002
  4.0956012e+005  4.1180050e+006  2.6608130e+002
  4.0955754e+005  4.1180050e+006  2.6668410e+002
  4.0955526e+005  4.1180045e+006  2.6712080e+002
  4.0955252e+005  4.1180040e+006  2.6774660e+002
  4.0954988e+005  4.1180034e+006  2.6838600e+002
  4.0954693e+005  4.1180030e+006  2.6911420e+002
  4.0954399e+005  4.1180028e+006  2.6979660e+002
  4.0954156e+005  4.1180026e+006  2.7035720e+002
  4.0953898e+005  4.1180021e+006  2.7115090e+002
  4.0953638e+005  4.1180013e+006  2.7176630e+002
  4.0953390e+005  4.1180004e+006  2.7246550e+002
  4.0953146e+005  4.1179995e+006  2.7306690e+002
  4.0952893e+005  4.1179990e+006  2.7373110e+002
  4.0952608e+005  4.1179983e+006  2.7437710e+002
  4.0952381e+005  4.1179976e+006  2.7497050e+002
  4.0952117e+005  4.1179967e+006  2.7560440e+002
  4.0951887e+005  4.1179959e+006  2.7633840e+002
  4.0951659e+005  4.1179950e+006  2.7706430e+002
  4.0951410e+005  4.1179937e+006  2.7766180e+002
  4.0951189e+005  4.1179925e+006  2.7837320e+002
  4.0950962e+005  4.1179910e+006  2.7899720e+002
  4.0950711e+005  4.1179897e+006  2.7974310e+002
  4.0950494e+005  4.1179886e+006  2.8043570e+002
  4.0950262e+005  4.1179874e+006  2.8105980e+002
  4.0950042e+005  4.1179862e+006  2.8179600e+002
  4.0949823e+005  4.1179849e+006  2.8239800e+002
  4.0949575e+005  4.1179837e+006  2.8311110e+002
  4.0949331e+005  4.1179826e+006  2.8373470e+002
  4.0949056e+005  4.1179816e+006  2.8444070e+002
  4.0948833e+005  4.1179806e+006  2.8510100e+002
  4.0948593e+005  4.1179794e+006  2.8575870e+002
  4.0948350e+005  4.1179784e+006  2.8642960e+002
  4.0948103e+005  4.1179773e+006  2.8715530e+002
  4.0947870e+005  4.1179761e+006  2.8771280e+002
  4.0947641e+005  4.1179751e+006  2.8834050e+002
  4.0947366e+005  4.1179740e+006  2.8905690e+002
  4.0947112e+005  4.1179731e+006  2.8966830e+002
  4.0946839e+005  4.1179722e+006  2.9040110e+002
  4.0946595e+005  4.1179712e+006  2.9098580e+002
  4.0946326e+005  4.1179702e+006  2.9170170e+002
  4.0946076e+005  4.1179691e+006  2.9230630e+002
  4.0945830e+005  4.1179679e+006  2.9302070e+002
  4.0945596e+005  4.1179666e+006  2.9372170e+002
  4.0945342e+005  4.1179653e+006  2.9443590e+002
  4.0945132e+005  4.1179640e+006  2.9500960e+002
  4.0944860e+005  4.1179628e+006  2.9570270e+002
  4.0944603e+005  4.1179616e+006  2.9632910e+002
  4.0944334e+005  4.1179607e+006  2.9698250e+002
  4.0944098e+005  4.1179599e+006  2.9772120e+002
  4.0943839e+005  4.1179587e+006  2.9836450e+002
  4.0943563e+005  4.1179575e+006  2.9889310e+002
  4.0943381e+005  4.1179563e+006  2.9950200e+002
  4.0943288e+005  4.1179553e+006  2.9982060e+002
  4.0943195e+005  4.1179549e+006  3.0018440e+002
  4.0943181e+005  4.1179543e+006  3.0016700e+002
  4.0943032e+005  4.1179533e+006  3.0061070e+002
  4.0942967e+005  4.1179529e+006  3.0089530e+002
  4.0942822e+005  4.1179515e+006  3.0132980e+002
  4.0942662e+005  4.1179504e+006  3.0193200e+002
  4.0942552e+005  4.1179489e+006  3.0226030e+002
  4.0942397e+005  4.1179478e+006  3.0280880e+002
  4.0942328e+005  4.1179473e+006  3.0305060e+002
  4.0942334e+005  4.1179473e+006  3.0305870e+002
  4.0942325e+005  4.1179473e+006  3.0305890e+002
  4.0942338e+005  4.1179475e+006  3.0307940e+002
  4.0942339e+005  4.1179474e+006  3.0307790e+002
  4.0942333e+005  4.1179474e+006  3.0307400e+002
  4.0942334e+005  4.1179474e+006  3.0306930e+002
  4.0942334e+005  4.1179474e+006  3.0306580e+002
  4.0942324e+005  4.1179474e+006  3.0306610e+002
  4.0942331e+005  4.1179475e+006  3.0305250e+002
  4.0942335e+005  4.1179475e+006  3.0305810e+002
  4.0942337e+005  4.1179477e+006  3.0305590e+002
  4.0942337e+005  4.1179477e+006  3.0306500e+002
  4.0942337e+005  4.1179475e+006  3.0305070e+002
  4.0942335e+005  4.1179475e+006  3.0304480e+002
  4.0942335e+005  4.1179475e+006  3.0303740e+002
  4.0942335e+005  4.1179475e+006  3.0305200e+002
  4.0942329e+005  4.1179474e+006  3.0302800e+002
  4.0942331e+005  4.1179474e+006  3.0302970e+002
  4.0942329e+005  4.1179474e+006  3.0301210e+002
  4.0942327e+005  4.1179474e+006  3.0300880e+002
  4.0942298e+005  4.1179476e+006  3.0309170e+002
  4.0942154e+005  4.1179492e+006  3.0295170e+002
  4.0942116e+005  4.1179498e+006  3.0299500e+002
  4.0942108e+005  4.1179496e+006  3.0296440e+002
  4.0942124e+005  4.1179498e+006  3.0300170e+002
  4.0942126e+005  4.1179498e+006  3.0299000e+002
  4.0942131e+005  4.1179497e+006  3.0295840e+002
  4.0942141e+005  4.1179497e+006  3.0293450e+002
  4.0942123e+005  4.1179497e+006  3.0296270e+002
  4.0942124e+005  4.1179497e+006  3.0297960e+002
  4.0942124e+005  4.1179497e+006  3.0297670e+002
  4.0942092e+005  4.1179497e+006  3.0301010e+002
  4.0942098e+005  4.1179497e+006  3.0301130e+002
  4.0942097e+005  4.1179498e+006  3.0301520e+002
  4.0942104e+005  4.1179498e+006  3.0302750e+002
  4.0942098e+005  4.1179497e+006  3.0300730e+002
  4.0942096e+005  4.1179497e+006  3.0299680e+002
  4.0942078e+005  4.1179498e+006  3.0300560e+002
  4.0942082e+005  4.1179498e+006  3.0300910e+002
  4.0942047e+005  4.1179503e+006  3.0296920e+002
  4.0941784e+005  4.1179529e+006  3.0300260e+002
  4.0941661e+005  4.1179538e+006  3.0296330e+002
  4.0941345e+005  4.1179571e+006  3.0282480e+002
  4.0941058e+005  4.1179599e+006  3.0277860e+002
  4.0940781e+005  4.1179628e+006  3.0284160e+002
  4.0940544e+005  4.1179654e+006  3.0279780e+002
  4.0940229e+005  4.1179682e+006  3.0270340e+002
  4.0939913e+005  4.1179712e+006  3.0269770e+002
  4.0939712e+005  4.1179733e+006  3.0274130e+002
  4.0939532e+005  4.1179749e+006  3.0267960e+002
  4.0939260e+005  4.1179777e+006  3.0259050e+002
  4.0938942e+005  4.1179802e+006  3.0264150e+002
  4.0938670e+005  4.1179826e+006  3.0281390e+002
  4.0938371e+005  4.1179856e+006  3.0271870e+002
  4.0938072e+005  4.1179887e+006  3.0272630e+002
  4.0937795e+005  4.1179917e+006  3.0279670e+002
  4.0937506e+005  4.1179945e+006  3.0266000e+002
  4.0937239e+005  4.1179972e+006  3.0257280e+002
  4.0936950e+005  4.1180001e+006  3.0264620e+002
  4.0936620e+005  4.1180027e+006  3.0262390e+002
  4.0936336e+005  4.1180054e+006  3.0264800e+002
  4.0936136e+005  4.1180074e+006  3.0263710e+002
  4.0935841e+005  4.1180104e+006  3.0256500e+002
  4.0935503e+005  4.1180133e+006  3.0248190e+002
  4.0935212e+005  4.1180164e+006  3.0248620e+002
  4.0934924e+005  4.1180191e+006  3.0237750e+002
  4.0934639e+005  4.1180217e+006  3.0236580e+002
  4.0934361e+005  4.1180242e+006  3.0229970e+002
  4.0934074e+005  4.1180267e+006  3.0220210e+002
  4.0933751e+005  4.1180296e+006  3.0222130e+002
  4.0933436e+005  4.1180324e+006  3.0204270e+002
  4.0933167e+005  4.1180346e+006  3.0196820e+002
  4.0932856e+005  4.1180374e+006  3.0182920e+002
  4.0932567e+005  4.1180399e+006  3.0183510e+002
  4.0932239e+005  4.1180425e+006  3.0169930e+002
  4.0931935e+005  4.1180450e+006  3.0150250e+002
  4.0931736e+005  4.1180471e+006  3.0144760e+002
  4.0931698e+005  4.1180473e+006  3.0143820e+002
  4.0931705e+005  4.1180477e+006  3.0143150e+002
  4.0931704e+005  4.1180474e+006  3.0143680e+002
  4.0931514e+005  4.1180488e+006  3.0126900e+002
  4.0931227e+005  4.1180512e+006  3.0113600e+002
  4.0930976e+005  4.1180533e+006  3.0106830e+002
  4.0930729e+005  4.1180555e+006  3.0085230e+002
  4.0930678e+005  4.1180560e+006  3.0081160e+002
  4.0930679e+005  4.1180560e+006  3.0081260e+002
  4.0930680e+005  4.1180560e+006  3.0080610e+002
  4.0930681e+005  4.1180560e+006  3.0081140e+002
  4.0930678e+005  4.1180561e+006  3.0081140e+002
  4.0930618e+005  4.1180565e+006  3.0088440e+002
  4.0930469e+005  4.1180569e+006  3.0086950e+002
  4.0930165e+005  4.1180585e+006  3.0080080e+002
  4.0929915e+005  4.1180598e+006  3.0101160e+002
  4.0929683e+005  4.1180607e+006  3.0112390e+002
  4.0929352e+005  4.1180611e+006  3.0144260e+002
  4.0929021e+005  4.1180622e+006  3.0152270e+002
  4.0928697e+005  4.1180630e+006  3.0188620e+002
  4.0928445e+005  4.1180635e+006  3.0214100e+002
  4.0928205e+005  4.1180640e+006  3.0242100e+002
  4.0927939e+005  4.1180648e+006  3.0253410e+002
  4.0927672e+005  4.1180658e+006  3.0263380e+002
  4.0927441e+005  4.1180666e+006  3.0288650e+002
  4.0927138e+005  4.1180683e+006  3.0293170e+002
  4.0926837e+005  4.1180701e+006  3.0288550e+002
  4.0926515e+005  4.1180719e+006  3.0287130e+002
  4.0926160e+005  4.1180735e+006  3.0294920e+002
  4.0925843e+005  4.1180744e+006  3.0315110e+002
  4.0925512e+005  4.1180757e+006  3.0331630e+002
  4.0925194e+005  4.1180765e+006  3.0351790e+002
  4.0924899e+005  4.1180775e+006  3.0374290e+002
  4.0924577e+005  4.1180780e+006  3.0399470e+002
  4.0924236e+005  4.1180789e+006  3.0423620e+002
  4.0923936e+005  4.1180802e+006  3.0437150e+002
  4.0923623e+005  4.1180820e+006  3.0441600e+002
  4.0923330e+005  4.1180834e+006  3.0446660e+002
  4.0923013e+005  4.1180845e+006  3.0464360e+002
  4.0922655e+005  4.1180861e+006  3.0480480e+002
  4.0922326e+005  4.1180874e+006  3.0487990e+002
  4.0922007e+005  4.1180885e+006  3.0504500e+002
  4.0921695e+005  4.1180898e+006  3.0514980e+002
  4.0921462e+005  4.1180908e+006  3.0519090e+002
  4.0921127e+005  4.1180922e+006  3.0521590e+002
  4.0920836e+005  4.1180931e+006  3.0534050e+002
  4.0920554e+005  4.1180938e+006  3.0557490e+002
  4.0920332e+005  4.1180950e+006  3.0581600e+002
  4.0920077e+005  4.1180955e+006  3.0596110e+002
  4.0919835e+005  4.1180960e+006  3.0621480e+002
  4.0919583e+005  4.1180964e+006  3.0663730e+002
  4.0919295e+005  4.1180973e+006  3.0690440e+002
  4.0919013e+005  4.1180981e+006  3.0721450e+002
  4.0918749e+005  4.1180990e+006  3.0752380e+002
  4.0918499e+005  4.1180997e+006  3.0795710e+002
  4.0918298e+005  4.1181006e+006  3.0825720e+002
  4.0918110e+005  4.1181012e+006  3.0840340e+002
  4.0917893e+005  4.1181013e+006  3.0892790e+002
  4.0917637e+005  4.1181012e+006  3.0943140e+002
  4.0917455e+005  4.1181014e+006  3.0987420e+002
  4.0917381e+005  4.1181015e+006  3.1005360e+002
  4.0917383e+005  4.1181016e+006  3.1005770e+002
  4.0917329e+005  4.1181012e+006  3.1014090e+002
  4.0917313e+005  4.1181014e+006  3.1023250e+002
  4.0917328e+005  4.1181013e+006  3.1017860e+002
  4.0917314e+005  4.1181013e+006  3.1018640e+002
  4.0917300e+005  4.1181014e+006  3.1020690e+002
  4.0917306e+005  4.1181014e+006  3.1020540e+002
  4.0917191e+005  4.1181014e+006  3.1040290e+002
  4.0916964e+005  4.1181017e+006  3.1092320e+002
  4.0916719e+005  4.1181015e+006  3.1154700e+002
  4.0916698e+005  4.1181018e+006  3.1166900e+002
  4.0916671e+005  4.1181017e+006  3.1177820e+002
  4.0916666e+005  4.1181015e+006  3.1177360e+002
  4.0916661e+005  4.1181016e+006  3.1178000e+002
  4.0916657e+005  4.1181017e+006  3.1179070e+002
  4.0916660e+005  4.1181014e+006  3.1175940e+002
  4.0916410e+005  4.1181013e+006  3.1236850e+002
  4.0916222e+005  4.1181004e+006  3.1319300e+002
  4.0916193e+005  4.1180981e+006  3.1403390e+002
  4.0916224e+005  4.1180953e+006  3.1474530e+002
  4.0916426e+005  4.1180927e+006  3.1507200e+002
  4.0916683e+005  4.1180902e+006  3.1524430e+002
  4.0916976e+005  4.1180879e+006  3.1517090e+002
  4.0917350e+005  4.1180860e+006  3.1501750e+002
  4.0917727e+005  4.1180844e+006  3.1453540e+002
  4.0918109e+005  4.1180825e+006  3.1413850e+002
  4.0918499e+005  4.1180810e+006  3.1388210e+002
  4.0918899e+005  4.1180795e+006  3.1355880e+002
  4.0919270e+005  4.1180781e+006  3.1323990e+002
  4.0919651e+005  4.1180766e+006  3.1296820e+002
  4.0920061e+005  4.1180749e+006  3.1277760e+002
  4.0920463e+005  4.1180730e+006  3.1251070e+002
  4.0920787e+005  4.1180717e+006  3.1224630e+002
  4.0921154e+005  4.1180700e+006  3.1220430e+002
  4.0921520e+005  4.1180684e+006  3.1206720e+002
  4.0921933e+005  4.1180666e+006  3.1188130e+002
  4.0922326e+005  4.1180648e+006  3.1185000e+002
  4.0922706e+005  4.1180630e+006  3.1175320e+002
  4.0923135e+005  4.1180616e+006  3.1142700e+002
  4.0923496e+005  4.1180600e+006  3.1121290e+002
  4.0923852e+005  4.1180584e+006  3.1118550e+002
  4.0924279e+005  4.1180570e+006  3.1088410e+002
  4.0924715e+005  4.1180554e+006  3.1068620e+002
  4.0925086e+005  4.1180537e+006  3.1061160e+002
  4.0925434e+005  4.1180522e+006  3.1045590e+002
  4.0925765e+005  4.1180507e+006  3.1032580e+002
  4.0926073e+005  4.1180490e+006  3.1029080e+002
  4.0926425e+005  4.1180473e+006  3.1023750e+002
  4.0926728e+005  4.1180456e+006  3.1014100e+002
  4.0927064e+005  4.1180437e+006  3.1006560e+002
  4.0927359e+005  4.1180414e+006  3.1020860e+002
  4.0927705e+005  4.1180391e+006  3.1028550e+002
  4.0928045e+005  4.1180370e+006  3.1026040e+002
  4.0928398e+005  4.1180347e+006  3.1016960e+002
  4.0928753e+005  4.1180326e+006  3.1011910e+002
  4.0929087e+005  4.1180304e+006  3.1015660e+002
  4.0929396e+005  4.1180278e+006  3.1020260e+002
  4.0929721e+005  4.1180255e+006  3.1018500e+002
  4.0930054e+005  4.1180228e+006  3.1019120e+002
  4.0930357e+005  4.1180204e+006  3.1021730e+002
  4.0930688e+005  4.1180179e+006  3.1019220e+002
  4.0931005e+005  4.1180154e+006  3.1031470e+002
  4.0931346e+005  4.1180128e+006  3.1033010e+002
  4.0931693e+005  4.1180100e+006  3.1029170e+002
  4.0932029e+005  4.1180072e+006  3.1024200e+002
  4.0932302e+005  4.1180042e+006  3.1039000e+002
  4.0932578e+005  4.1180016e+006  3.1044110e+002
  4.0932900e+005  4.1179987e+006  3.1036800e+002
  4.0933187e+005  4.1179957e+006  3.1040350e+002
  4.0933462e+005  4.1179922e+006  3.1071760e+002
  4.0933774e+005  4.1179888e+006  3.1069320e+002
  4.0934085e+005  4.1179854e+006  3.1066340e+002
  4.0934385e+005  4.1179822e+006  3.1063140e+002
  4.0934657e+005  4.1179788e+006  3.1081780e+002
  4.0934928e+005  4.1179755e+006  3.1091880e+002
  4.0935215e+005  4.1179724e+006  3.1088970e+002
  4.0935509e+005  4.1179696e+006  3.1103450e+002
  4.0935803e+005  4.1179661e+006  3.1104170e+002
  4.0936090e+005  4.1179626e+006  3.1115800e+002
  4.0936377e+005  4.1179593e+006  3.1134100e+002
  4.0936648e+005  4.1179558e+006  3.1145210e+002
  4.0936945e+005  4.1179519e+006  3.1159100e+002
  4.0937191e+005  4.1179484e+006  3.1176290e+002
  4.0937440e+005  4.1179452e+006  3.1189960e+002
  4.0937723e+005  4.1179417e+006  3.1207730e+002
  4.0937985e+005  4.1179386e+006  3.1219100e+002
  4.0938220e+005  4.1179356e+006  3.1241960e+002
  4.0938453e+005  4.1179321e+006  3.1267370e+002
  4.0938681e+005  4.1179287e+006  3.1292880e+002
  4.0938900e+005  4.1179251e+006  3.1316390e+002
  4.0939150e+005  4.1179219e+006  3.1334840e+002
  4.0939374e+005  4.1179187e+006  3.1358800e+002
  4.0939606e+005  4.1179154e+006  3.1371080e+002
  4.0939837e+005  4.1179118e+006  3.1399030e+002
  4.0940057e+005  4.1179087e+006  3.1419210e+002
  4.0940263e+005  4.1179059e+006  3.1442010e+002
  4.0940489e+005  4.1179025e+006  3.1469140e+002
  4.0940706e+005  4.1178992e+006  3.1482490e+002
  4.0940884e+005  4.1178959e+006  3.1515960e+002
  4.0941123e+005  4.1178927e+006  3.1527400e+002
  4.0941373e+005  4.1178897e+006  3.1552560e+002
  4.0941637e+005  4.1178860e+006  3.1571040e+002
  4.0941818e+005  4.1178822e+006  3.1604210e+002
  4.0942034e+005  4.1178788e+006  3.1634120e+002
  4.0942288e+005  4.1178751e+006  3.1637820e+002
  4.0942491e+005  4.1178717e+006  3.1671730e+002
  4.0942751e+005  4.1178682e+006  3.1695840e+002
  4.0943016e+005  4.1178647e+006  3.1713270e+002
  4.0943264e+005  4.1178612e+006  3.1741380e+002
  4.0943522e+005  4.1178576e+006  3.1748610e+002
  4.0943775e+005  4.1178542e+006  3.1759900e+002
  4.0944025e+005  4.1178505e+006  3.1762540e+002
  4.0944306e+005  4.1178470e+006  3.1768710e+002
  4.0944577e+005  4.1178439e+006  3.1780640e+002
  4.0944842e+005  4.1178407e+006  3.1797760e+002
  4.0945097e+005  4.1178377e+006  3.1805220e+002
  4.0945358e+005  4.1178347e+006  3.1814680e+002
  4.0945605e+005  4.1178314e+006  3.1826980e+002
  4.0945815e+005  4.1178286e+006  3.1827070e+002
  4.0945959e+005  4.1178265e+006  3.1846100e+002
  4.0946151e+005  4.1178233e+006  3.1861770e+002
  4.0946432e+005  4.1178200e+006  3.1873180e+002
  4.0946672e+005  4.1178170e+006  3.1890640e+002
  4.0946901e+005  4.1178142e+006  3.1894330e+002
  4.0947163e+005  4.1178112e+006  3.1916310e+002
  4.0947436e+005  4.1178083e+006  3.1933250e+002
  4.0947555e+005  4.1178074e+006  3.1935160e+002
  4.0947868e+005  4.1178052e+006  3.1952240e+002
  4.0948183e+005  4.1178034e+006  3.1941890e+002
  4.0948490e+005  4.1178009e+006  3.1932900e+002
  4.0948802e+005  4.1177993e+006  3.1922400e+002
  4.0949081e+005  4.1177969e+006  3.1938650e+002
  4.0949406e+005  4.1177946e+006  3.1938420e+002
  4.0949708e+005  4.1177921e+006  3.1959590e+002
  4.0950015e+005  4.1177899e+006  3.1964430e+002
  4.0950352e+005  4.1177875e+006  3.1968720e+002
  4.0950671e+005  4.1177850e+006  3.1980860e+002
  4.0950863e+005  4.1177828e+006  3.2000520e+002
  4.0951083e+005  4.1177818e+006  3.2006240e+002
  4.0951396e+005  4.1177798e+006  3.2010620e+002
  4.0951751e+005  4.1177786e+006  3.2001060e+002
  4.0952042e+005  4.1177771e+006  3.2011010e+002
  4.0952312e+005  4.1177758e+006  3.2029800e+002
  4.0952516e+005  4.1177746e+006  3.2056390e+002
  4.0952535e+005  4.1177741e+006  3.2053240e+002
  4.0952517e+005  4.1177742e+006  3.2059530e+002
  4.0952536e+005  4.1177741e+006  3.2054720e+002
  4.0952530e+005  4.1177740e+006  3.2051200e+002
  4.0952530e+005  4.1177742e+006  3.2052450e+002
  4.0952453e+005  4.1177743e+006  3.2043870e+002
  4.0952441e+005  4.1177746e+006  3.2044840e+002
  4.0952457e+005  4.1177744e+006  3.2048000e+002
  4.0952531e+005  4.1177741e+006  3.2057770e+002
  4.0952521e+005  4.1177744e+006  3.2066130e+002
  4.0952536e+005  4.1177743e+006  3.2058530e+002
  4.0952541e+005  4.1177743e+006  3.2057330e+002
  4.0952539e+005  4.1177743e+006  3.2056730e+002
  4.0952540e+005  4.1177742e+006  3.2057540e+002
  4.0952537e+005  4.1177743e+006  3.2057110e+002
  4.0952541e+005  4.1177744e+006  3.2054090e+002
  4.0952537e+005  4.1177744e+006  3.2055020e+002
  4.0952537e+005  4.1177744e+006  3.2053780e+002
  4.0952532e+005  4.1177744e+006  3.2053730e+002
  4.0952526e+005  4.1177745e+006  3.2058960e+002
  4.0952525e+005  4.1177744e+006  3.2058570e+002
  4.0952522e+005  4.1177744e+006  3.2058640e+002
  4.0952539e+005  4.1177744e+006  3.2054460e+002
  4.0952533e+005  4.1177744e+006  3.2054780e+002
  4.0952470e+005  4.1177746e+006  3.2055330e+002
  4.0952476e+005  4.1177745e+006  3.2054040e+002
  4.0952163e+005  4.1177760e+006  3.2018670e+002
  4.0951714e+005  4.1177789e+006  3.1985470e+002
  4.0951395e+005  4.1177825e+006  3.1935640e+002
  4.0951063e+005  4.1177859e+006  3.1880130e+002
  4.0950682e+005  4.1177891e+006  3.1863130e+002
  4.0950312e+005  4.1177925e+006  3.1835940e+002
  4.0949964e+005  4.1177959e+006  3.1810930e+002
  4.0949635e+005  4.1177994e+006  3.1772190e+002
  4.0949405e+005  4.1178019e+006  3.1748590e+002
  4.0949168e+005  4.1178054e+006  3.1707880e+002
  4.0948937e+005  4.1178088e+006  3.1660830e+002
  4.0948733e+005  4.1178125e+006  3.1618930e+002
  4.0948496e+005  4.1178159e+006  3.1580820e+002
  4.0948168e+005  4.1178194e+006  3.1558920e+002
  4.0947891e+005  4.1178235e+006  3.1524790e+002
  4.0947691e+005  4.1178278e+006  3.1472160e+002
  4.0947486e+005  4.1178323e+006  3.1437490e+002
  4.0947253e+005  4.1178363e+006  3.1403390e+002
  4.0947032e+005  4.1178404e+006  3.1373230e+002
  4.0946811e+005  4.1178449e+006  3.1345890e+002
  4.0946570e+005  4.1178496e+006  3.1307860e+002
  4.0946414e+005  4.1178543e+006  3.1268650e+002
  4.0946207e+005  4.1178590e+006  3.1223430e+002
  4.0946017e+005  4.1178633e+006  3.1190730e+002
  4.0945812e+005  4.1178677e+006  3.1146110e+002
  4.0945598e+005  4.1178714e+006  3.1119490e+002
  4.0945388e+005  4.1178754e+006  3.1092370e+002
  4.0945164e+005  4.1178798e+006  3.1064380e+002
  4.0944965e+005  4.1178846e+006  3.1014180e+002
  4.0944776e+005  4.1178890e+006  3.0967170e+002
  4.0944620e+005  4.1178932e+006  3.0929470e+002
  4.0944446e+005  4.1178974e+006  3.0881850e+002
  4.0944216e+005  4.1179015e+006  3.0851130e+002
  4.0943992e+005  4.1179060e+006  3.0793620e+002
  4.0943798e+005  4.1179107e+006  3.0738660e+002
  4.0943649e+005  4.1179149e+006  3.0696380e+002
  4.0943534e+005  4.1179195e+006  3.0635240e+002
  4.0943307e+005  4.1179235e+006  3.0590660e+002
  4.0943113e+005  4.1179280e+006  3.0526770e+002
  4.0942961e+005  4.1179326e+006  3.0476070e+002
  4.0942800e+005  4.1179371e+006  3.0414850e+002
  4.0942624e+005  4.1179410e+006  3.0375460e+002
  4.0942442e+005  4.1179450e+006  3.0335940e+002
  4.0942347e+005  4.1179473e+006  3.0308260e+002
  4.0942341e+005  4.1179473e+006  3.0306590e+002
  4.0942343e+005  4.1179473e+006  3.0306550e+002
  4.0942345e+005  4.1179473e+006  3.0305550e+002
  4.0942344e+005  4.1179473e+006  3.0305200e+002
  4.0942345e+005  4.1179473e+006  3.0305750e+002
  4.0942349e+005  4.1179473e+006  3.0304600e+002
  4.0942345e+005  4.1179473e+006  3.0304820e+002
  4.0942345e+005  4.1179473e+006  3.0305460e+002
  4.0942345e+005  4.1179473e+006  3.0306210e+002
  4.0942349e+005  4.1179474e+006  3.0306080e+002
  4.0942347e+005  4.1179474e+006  3.0306230e+002
  4.0942299e+005  4.1179476e+006  3.0310860e+002
  4.0942318e+005  4.1179475e+006  3.0305290e+002
  4.0942320e+005  4.1179475e+006  3.0303370e+002
  4.0942315e+005  4.1179475e+006  3.0302790e+002
  4.0942304e+005  4.1179474e+006  3.0303930e+002
  4.0942102e+005  4.1179467e+006  3.0353730e+002
  4.0941944e+005  4.1179461e+006  3.0400030e+002
  4.0941728e+005  4.1179452e+006  3.0453180e+002
  4.0941497e+005  4.1179445e+006  3.0508350e+002
  4.0941291e+005  4.1179438e+006  3.0552800e+002
  4.0941059e+005  4.1179430e+006  3.0605770e+002
  4.0940841e+005  4.1179423e+006  3.0658770e+002
  4.0940594e+005  4.1179414e+006  3.0709910e+002
  4.0940346e+005  4.1179407e+006  3.0764630e+002
  4.0940076e+005  4.1179398e+006  3.0827670e+002
  4.0939795e+005  4.1179390e+006  3.0900240e+002
  4.0939525e+005  4.1179384e+006  3.0953120e+002
  4.0939274e+005  4.1179376e+006  3.1001580e+002
  4.0938989e+005  4.1179367e+006  3.1067400e+002
  4.0938713e+005  4.1179360e+006  3.1125240e+002
  4.0938443e+005  4.1179352e+006  3.1194820e+002
  4.0938177e+005  4.1179344e+006  3.1263390e+002
  4.0937899e+005  4.1179334e+006  3.1318470e+002
  4.0937605e+005  4.1179326e+006  3.1380230e+002
  4.0937332e+005  4.1179318e+006  3.1448630e+002
  4.0937059e+005  4.1179313e+006  3.1509420e+002
  4.0936810e+005  4.1179306e+006  3.1557830e+002
  4.0936538e+005  4.1179299e+006  3.1620780e+002
  4.0936269e+005  4.1179291e+006  3.1677980e+002
  4.0936032e+005  4.1179284e+006  3.1729250e+002
  4.0935766e+005  4.1179274e+006  3.1795700e+002
  4.0935471e+005  4.1179265e+006  3.1863290e+002
  4.0935175e+005  4.1179259e+006  3.1927540e+002
  4.0934862e+005  4.1179251e+006  3.2000750e+002
  4.0934573e+005  4.1179241e+006  3.2068780e+002
  4.0934271e+005  4.1179233e+006  3.2137680e+002
  4.0934020e+005  4.1179228e+006  3.2195600e+002
  4.0933717e+005  4.1179220e+006  3.2255140e+002
  4.0933467e+005  4.1179210e+006  3.2308610e+002
  4.0933199e+005  4.1179203e+006  3.2377120e+002
  4.0932932e+005  4.1179193e+006  3.2438240e+002
  4.0932666e+005  4.1179182e+006  3.2502260e+002
  4.0932395e+005  4.1179174e+006  3.2567190e+002
  4.0932124e+005  4.1179164e+006  3.2641410e+002
  4.0931877e+005  4.1179154e+006  3.2694550e+002
  4.0931602e+005  4.1179146e+006  3.2771350e+002
  4.0931339e+005  4.1179137e+006  3.2834040e+002
  4.0931045e+005  4.1179127e+006  3.2886720e+002
  4.0930754e+005  4.1179118e+006  3.2955520e+002
  4.0930490e+005  4.1179109e+006  3.3026410e+002
  4.0930216e+005  4.1179100e+006  3.3090390e+002
  4.0929945e+005  4.1179094e+006  3.3153210e+002
  4.0929656e+005  4.1179087e+006  3.3219380e+002
  4.0929339e+005  4.1179081e+006  3.3283010e+002
  4.0929069e+005  4.1179073e+006  3.3347500e+002
  4.0928812e+005  4.1179066e+006  3.3399630e+002
  4.0928525e+005  4.1179059e+006  3.3457240e+002
  4.0928235e+005  4.1179052e+006  3.3528940e+002
  4.0927943e+005  4.1179043e+006  3.3607480e+002
  4.0927650e+005  4.1179035e+006  3.3666550e+002
  4.0927375e+005  4.1179028e+006  3.3722290e+002
  4.0927081e+005  4.1179020e+006  3.3790310e+002
  4.0926800e+005  4.1179011e+006  3.3856470e+002
  4.0926534e+005  4.1179002e+006  3.3913330e+002
  4.0926257e+005  4.1178994e+006  3.3978120e+002
  4.0925981e+005  4.1178986e+006  3.4037760e+002
  4.0925687e+005  4.1178978e+006  3.4109220e+002
  4.0925407e+005  4.1178969e+006  3.4174060e+002
  4.0925110e+005  4.1178960e+006  3.4241290e+002
  4.0924836e+005  4.1178951e+006  3.4307620e+002
  4.0924566e+005  4.1178942e+006  3.4365930e+002
  4.0924298e+005  4.1178934e+006  3.4435130e+002
  4.0924029e+005  4.1178929e+006  3.4500020e+002
  4.0923748e+005  4.1178922e+006  3.4566870e+002
  4.0923456e+005  4.1178912e+006  3.4622030e+002
  4.0923191e+005  4.1178904e+006  3.4687320e+002
  4.0922899e+005  4.1178896e+006  3.4743850e+002
  4.0922625e+005  4.1178891e+006  3.4805590e+002
  4.0922358e+005  4.1178884e+006  3.4884550e+002
  4.0922055e+005  4.1178877e+006  3.4936950e+002
  4.0921771e+005  4.1178869e+006  3.5004420e+002
  4.0921464e+005  4.1178861e+006  3.5058980e+002
  4.0921201e+005  4.1178853e+006  3.5126440e+002
  4.0920941e+005  4.1178846e+006  3.5192820e+002
  4.0920630e+005  4.1178838e+006  3.5239910e+002
  4.0920376e+005  4.1178829e+006  3.5298820e+002
  4.0920141e+005  4.1178823e+006  3.5364550e+002
  4.0919885e+005  4.1178815e+006  3.5426410e+002
  4.0919609e+005  4.1178805e+006  3.5483420e+002
  4.0919349e+005  4.1178799e+006  3.5560170e+002
  4.0919078e+005  4.1178790e+006  3.5626250e+002
  4.0918805e+005  4.1178777e+006  3.5685810e+002
  4.0918521e+005  4.1178768e+006  3.5750430e+002
  4.0918218e+005  4.1178762e+006  3.5815600e+002
  4.0917940e+005  4.1178753e+006  3.5882870e+002
  4.0917668e+005  4.1178746e+006  3.5952450e+002
  4.0917425e+005  4.1178731e+006  3.6001310e+002
  4.0917161e+005  4.1178721e+006  3.6062900e+002
  4.0916889e+005  4.1178714e+006  3.6129230e+002
  4.0916617e+005  4.1178705e+006  3.6186400e+002
  4.0916358e+005  4.1178695e+006  3.6252900e+002
  4.0916082e+005  4.1178689e+006  3.6327810e+002
  4.0915807e+005  4.1178676e+006  3.6392900e+002
  4.0915550e+005  4.1178664e+006  3.6443080e+002
  4.0915252e+005  4.1178654e+006  3.6516880e+002
  4.0914970e+005  4.1178650e+006  3.6591680e+002
  4.0914700e+005  4.1178642e+006  3.6659160e+002
  4.0914423e+005  4.1178634e+006  3.6714880e+002
  4.0914128e+005  4.1178626e+006  3.6772600e+002
  4.0913865e+005  4.1178619e+006  3.6839320e+002
  4.0913579e+005  4.1178612e+006  3.6899590e+002
  4.0913325e+005  4.1178604e+006  3.6952370e+002
  4.0913054e+005  4.1178597e+006  3.7030800e+002
  4.0912769e+005  4.1178590e+006  3.7095410e+002
  4.0912490e+005  4.1178579e+006  3.7155130e+002
  4.0912205e+005  4.1178569e+006  3.7223670e+002
  4.0911921e+005  4.1178561e+006  3.7277990e+002
  4.0911646e+005  4.1178554e+006  3.7362790e+002
  4.0911373e+005  4.1178546e+006  3.7424660e+002
  4.0911101e+005  4.1178536e+006  3.7480450e+002
  4.0910845e+005  4.1178528e+006  3.7534650e+002
  4.0910584e+005  4.1178519e+006  3.7608920e+002
  4.0910309e+005  4.1178511e+006  3.7673410e+002
  4.0910016e+005  4.1178504e+006  3.7742800e+002
  4.0909759e+005  4.1178497e+006  3.7817420e+002
  4.0909490e+005  4.1178491e+006  3.7878320e+002
  4.0909225e+005  4.1178484e+006  3.7937840e+002
  4.0908947e+005  4.1178477e+006  3.7992790e+002
  4.0908693e+005  4.1178470e+006  3.8059450e+002
  4.0908405e+005  4.1178463e+006  3.8138580e+002
  4.0908132e+005  4.1178455e+006  3.8202050e+002
  4.0907860e+005  4.1178449e+006  3.8273410e+002
  4.0907586e+005  4.1178441e+006  3.8329780e+002
  4.0907311e+005  4.1178432e+006  3.8393280e+002
  4.0907029e+005  4.1178424e+006  3.8458210e+002
  4.0906737e+005  4.1178416e+006  3.8527540e+002
  4.0906466e+005  4.1178410e+006  3.8606840e+002
  4.0906192e+005  4.1178403e+006  3.8665130e+002
  4.0905930e+005  4.1178397e+006  3.8715780e+002
  4.0905656e+005  4.1178390e+006  3.8778190e+002
  4.0905384e+005  4.1178380e+006  3.8847700e+002
  4.0905133e+005  4.1178370e+006  3.8911240e+002
  4.0904848e+005  4.1178363e+006  3.8989270e+002
  4.0904593e+005  4.1178355e+006  3.9046290e+002
  4.0904337e+005  4.1178347e+006  3.9106150e+002
  4.0904056e+005  4.1178340e+006  3.9177360e+002
  4.0903784e+005  4.1178331e+006  3.9234980e+002
  4.0903524e+005  4.1178320e+006  3.9301200e+002
  4.0903280e+005  4.1178308e+006  3.9368800e+002
  4.0902987e+005  4.1178301e+006  3.9444390e+002
  4.0902712e+005  4.1178297e+006  3.9510490e+002
  4.0902419e+005  4.1178289e+006  3.9571720e+002
  4.0902145e+005  4.1178276e+006  3.9631170e+002
  4.0901879e+005  4.1178267e+006  3.9706190e+002
  4.0901593e+005  4.1178260e+006  3.9767810e+002
  4.0901306e+005  4.1178252e+006  3.9836510e+002
  4.0901037e+005  4.1178245e+006  3.9915350e+002
  4.0900755e+005  4.1178238e+006  3.9983110e+002
  4.0900462e+005  4.1178228e+006  4.0045230e+002
  4.0900185e+005  4.1178217e+006  4.0116610e+002
  4.0899911e+005  4.1178206e+006  4.0174950e+002
  4.0899638e+005  4.1178198e+006  4.0239940e+002
  4.0899369e+005  4.1178189e+006  4.0301690e+002
  4.0899075e+005  4.1178178e+006  4.0364500e+002
  4.0898795e+005  4.1178170e+006  4.0438150e+002
  4.0898511e+005  4.1178160e+006  4.0501920e+002
  4.0898233e+005  4.1178148e+006  4.0558050e+002
  4.0897977e+005  4.1178138e+006  4.0619640e+002
  4.0897734e+005  4.1178127e+006  4.0682780e+002
  4.0897452e+005  4.1178119e+006  4.0753450e+002
  4.0897160e+005  4.1178110e+006  4.0815180e+002
  4.0896871e+005  4.1178100e+006  4.0882720e+002
  4.0896598e+005  4.1178088e+006  4.0940410e+002
  4.0896329e+005  4.1178074e+006  4.0996230e+002
  4.0896036e+005  4.1178065e+006  4.1059610e+002
  4.0895793e+005  4.1178057e+006  4.1107910e+002
  4.0895559e+005  4.1178052e+006  4.1161070e+002
  4.0895321e+005  4.1178042e+006  4.1223050e+002
  4.0895067e+005  4.1178032e+006  4.1271380e+002
  4.0894810e+005  4.1178023e+006  4.1322890e+002
  4.0894754e+005  4.1178026e+006  4.1340680e+002
  4.0894753e+005  4.1178026e+006  4.1341010e+002
  4.0894754e+005  4.1178026e+006  4.1339910e+002
  4.0894752e+005  4.1178026e+006  4.1339640e+002
  4.0894753e+005  4.1178026e+006  4.1339810e+002
  4.0894753e+005  4.1178027e+006  4.1340730e+002
  4.0894756e+005  4.1178026e+006  4.1341040e+002
  4.0894752e+005  4.1178026e+006  4.1340830e+002
  4.0894766e+005  4.1178028e+006  4.1340700e+002
  4.0894763e+005  4.1178027e+006  4.1339780e+002
  4.0894763e+005  4.1178027e+006  4.1340310e+002
  4.0894728e+005  4.1178035e+006  4.1338920e+002
  4.0894632e+005  4.1178073e+006  4.1349950e+002
  4.0894522e+005  4.1178113e+006  4.1370470e+002
  4.0894417e+005  4.1178159e+006  4.1386230e+002
  4.0894284e+005  4.1178201e+006  4.1389640e+002
  4.0894174e+005  4.1178250e+006  4.1395520e+002
  4.0894053e+005  4.1178291e+006  4.1412290e+002
  4.0893954e+005  4.1178333e+006  4.1419310e+002
  4.0893839e+005  4.1178375e+006  4.1416590e+002
  4.0893714e+005  4.1178413e+006  4.1432850e+002
  4.0893628e+005  4.1178454e+006  4.1445170e+002
  4.0893521e+005  4.1178496e+006  4.1443820e+002
  4.0893423e+005  4.1178536e+006  4.1452780e+002
  4.0893329e+005  4.1178579e+006  4.1462910e+002
  4.0893217e+005  4.1178624e+006  4.1459010e+002
  4.0893135e+005  4.1178667e+006  4.1467890e+002
  4.0893046e+005  4.1178708e+006  4.1468380e+002
  4.0892950e+005  4.1178750e+006  4.1479460e+002
  4.0892880e+005  4.1178792e+006  4.1471140e+002
  4.0892797e+005  4.1178834e+006  4.1477260e+002
  4.0892731e+005  4.1178870e+006  4.1465380e+002
  4.0892687e+005  4.1178910e+006  4.1465620e+002
  4.0892643e+005  4.1178949e+006  4.1457210e+002
  4.0892605e+005  4.1178985e+006  4.1454960e+002
  4.0892579e+005  4.1179001e+006  4.1460790e+002
  4.0892582e+005  4.1179000e+006  4.1458550e+002
  4.0892582e+005  4.1179000e+006  4.1458350e+002
  4.0892574e+005  4.1179001e+006  4.1459670e+002
  4.0892481e+005  4.1179020e+006  4.1475460e+002
  4.0892356e+005  4.1179055e+006  4.1493400e+002
  4.0892195e+005  4.1179093e+006  4.1502590e+002
  4.0892079e+005  4.1179121e+006  4.1518350e+002
  4.0891921e+005  4.1179155e+006  4.1537330e+002
  4.0891777e+005  4.1179185e+006  4.1541220e+002
  4.0891704e+005  4.1179215e+006  4.1392500e+002
  4.0891672e+005  4.1179208e+006  4.1417460e+002
  4.0891686e+005  4.1179206e+006  4.1421240e+002
  4.0891671e+005  4.1179212e+006  4.1428800e+002
  4.0891628e+005  4.1179206e+006  4.1430010e+002
  4.0891634e+005  4.1179211e+006  4.1422340e+002
  4.0891593e+005  4.1179213e+006  4.1391170e+002
  4.0891532e+005  4.1179211e+006  4.1422010e+002
  4.0891532e+005  4.1179211e+006  4.1422010e+002
  4.0891639e+005  4.1179223e+006  4.1621420e+002
  4.0891611e+005  4.1179220e+006  4.1595350e+002
  4.0891593e+005  4.1179218e+006  4.1552780e+002
  4.0891601e+005  4.1179219e+006  4.1564920e+002
  4.0891583e+005  4.1179222e+006  4.1525470e+002
  4.0891631e+005  4.1179224e+006  4.1504160e+002
  4.0891496e+005  4.1179226e+006  4.1523400e+002
  4.0891528e+005  4.1179224e+006  4.1465990e+002
  4.0891501e+005  4.1179224e+006  4.1472240e+002
  4.0891474e+005  4.1179225e+006  4.1524630e+002
  4.0891408e+005  4.1179231e+006  4.1587400e+002
  4.0891403e+005  4.1179232e+006  4.1645940e+002
  4.0891296e+005  4.1179260e+006  4.1641220e+002
  4.0891196e+005  4.1179304e+006  4.1653140e+002
  4.0891238e+005  4.1179346e+006  4.1646300e+002
  4.0891346e+005  4.1179364e+006  4.1621530e+002
  4.0891446e+005  4.1179401e+006  4.1621710e+002
  4.0891477e+005  4.1179414e+006  4.1641430e+002
  4.0891520e+005  4.1179424e+006  4.1640440e+002
  4.0891535e+005  4.1179429e+006  4.1636330e+002
  4.0891531e+005  4.1179437e+006  4.1619450e+002
  4.0891528e+005  4.1179440e+006  4.1644820e+002
  4.0891608e+005  4.1179445e+006  4.1603790e+002
  4.0891660e+005  4.1179471e+006  4.1562480e+002
  4.0891638e+005  4.1179504e+006  4.1536780e+002
  4.0891686e+005  4.1179538e+006  4.1473550e+002
  4.0891736e+005  4.1179559e+006  4.1440740e+002
  4.0891684e+005  4.1179572e+006  4.1393720e+002
  4.0891620e+005  4.1179577e+006  4.1383500e+002
  4.0891596e+005  4.1179581e+006  4.1399180e+002
  4.0891503e+005  4.1179588e+006  4.1387410e+002
  4.0891251e+005  4.1179610e+006  4.1389190e+002
  4.0890949e+005  4.1179633e+006  4.1389820e+002
  4.0890643e+005  4.1179665e+006  4.1420570e+002
  4.0890315e+005  4.1179689e+006  4.1411830e+002
  4.0890030e+005  4.1179712e+006  4.1426520e+002
  4.0889835e+005  4.1179737e+006  4.1439750e+002
  4.0889632e+005  4.1179762e+006  4.1437800e+002
  4.0889608e+005  4.1179762e+006  4.1428960e+002
  4.0889585e+005  4.1179762e+006  4.1430430e+002
  4.0889574e+005  4.1179762e+006  4.1426240e+002
  4.0889567e+005  4.1179762e+006  4.1422830e+002
  4.0889564e+005  4.1179762e+006  4.1412900e+002
  4.0889580e+005  4.1179762e+006  4.1413870e+002
  4.0889510e+005  4.1179765e+006  4.1408290e+002
  4.0889509e+005  4.1179767e+006  4.1407170e+002
  4.0889528e+005  4.1179767e+006  4.1408520e+002
  4.0889564e+005  4.1179766e+006  4.1406650e+002
  4.0889546e+005  4.1179769e+006  4.1411110e+002
  4.0889379e+005  4.1179788e+006  4.1395710e+002
  4.0889238e+005  4.1179808e+006  4.1386290e+002
  4.0888967e+005  4.1179837e+006  4.1418230e+002
  4.0888736e+005  4.1179862e+006  4.1414880e+002
  4.0888533e+005  4.1179888e+006  4.1413140e+002
  4.0888318e+005  4.1179920e+006  4.1419680e+002
  4.0888180e+005  4.1179954e+006  4.1421610e+002
  4.0888102e+005  4.1179980e+006  4.1411610e+002
  4.0887992e+005  4.1180013e+006  4.1402510e+002
  4.0887794e+005  4.1180049e+006  4.1376610e+002
  4.0887570e+005  4.1180086e+006  4.1374640e+002
  4.0887369e+005  4.1180123e+006  4.1369430e+002
  4.0887146e+005  4.1180164e+006  4.1368010e+002
  4.0886894e+005  4.1180206e+006  4.1356830e+002
  4.0886695e+005  4.1180250e+006  4.1334240e+002
  4.0886445e+005  4.1180288e+006  4.1327600e+002
  4.0886209e+005  4.1180335e+006  4.1320440e+002
  4.0886052e+005  4.1180383e+006  4.1304230e+002
  4.0885862e+005  4.1180427e+006  4.1278050e+002
  4.0885691e+005  4.1180473e+006  4.1269170e+002
  4.0885476e+005  4.1180516e+006  4.1261680e+002
  4.0885291e+005  4.1180557e+006  4.1251500e+002
  4.0885065e+005  4.1180603e+006  4.1225780e+002
  4.0884872e+005  4.1180647e+006  4.1211020e+002
  4.0884666e+005  4.1180693e+006  4.1197470e+002
  4.0884509e+005  4.1180731e+006  4.1185370e+002
  4.0884265e+005  4.1180772e+006  4.1169300e+002
  4.0884043e+005  4.1180816e+006  4.1168110e+002
  4.0883876e+005  4.1180862e+006  4.1149660e+002
  4.0883636e+005  4.1180908e+006  4.1134580e+002
  4.0883414e+005  4.1180949e+006  4.1127830e+002
  4.0883208e+005  4.1180988e+006  4.1119300e+002
  4.0882939e+005  4.1181029e+006  4.1119650e+002
  4.0882688e+005  4.1181073e+006  4.1114470e+002
  4.0882476e+005  4.1181109e+006  4.1074820e+002
  4.0882212e+005  4.1181149e+006  4.1063430e+002
  4.0881936e+005  4.1181184e+006  4.1073970e+002
  4.0881698e+005  4.1181218e+006  4.1082450e+002
  4.0881412e+005  4.1181256e+006  4.1089990e+002
  4.0881163e+005  4.1181297e+006  4.1089680e+002
  4.0880957e+005  4.1181342e+006  4.1085390e+002
  4.0880741e+005  4.1181386e+006  4.1073120e+002
  4.0880481e+005  4.1181423e+006  4.1085480e+002
  4.0880242e+005  4.1181466e+006  4.1072360e+002
  4.0879978e+005  4.1181505e+006  4.1091470e+002
  4.0879703e+005  4.1181546e+006  4.1094710e+002
  4.0879415e+005  4.1181585e+006  4.1091250e+002
  4.0879174e+005  4.1181627e+006  4.1095230e+002
  4.0878906e+005  4.1181665e+006  4.1091480e+002
  4.0878654e+005  4.1181700e+006  4.1095200e+002
  4.0878414e+005  4.1181741e+006  4.1100960e+002
  4.0878204e+005  4.1181782e+006  4.1092030e+002
  4.0877943e+005  4.1181826e+006  4.1087060e+002
  4.0877725e+005  4.1181868e+006  4.1088290e+002
  4.0877504e+005  4.1181911e+006  4.1076950e+002
  4.0877249e+005  4.1181949e+006  4.1084980e+002
  4.0876965e+005  4.1181986e+006  4.1100220e+002
  4.0876607e+005  4.1182024e+006  4.1097540e+002
  4.0876354e+005  4.1182061e+006  4.1106330e+002
  4.0876109e+005  4.1182101e+006  4.1094650e+002
  4.0875820e+005  4.1182139e+006  4.1106280e+002
  4.0875561e+005  4.1182183e+006  4.1099130e+002
  4.0875324e+005  4.1182221e+006  4.1111130e+002
  4.0875104e+005  4.1182263e+006  4.1096720e+002
  4.0874877e+005  4.1182299e+006  4.1106450e+002
  4.0874568e+005  4.1182335e+006  4.1102290e+002
  4.0874300e+005  4.1182373e+006  4.1109590e+002
  4.0874055e+005  4.1182405e+006  4.1140810e+002
  4.0873776e+005  4.1182439e+006  4.1125360e+002
  4.0873503e+005  4.1182475e+006  4.1129700e+002
  4.0873182e+005  4.1182511e+006  4.1171640e+002
  4.0872900e+005  4.1182553e+006  4.1164350e+002
  4.0872640e+005  4.1182589e+006  4.1164810e+002
  4.0872414e+005  4.1182626e+006  4.1179550e+002
  4.0872129e+005  4.1182660e+006  4.1190850e+002
  4.0871858e+005  4.1182692e+006  4.1192940e+002
  4.0871581e+005  4.1182723e+006  4.1216520e+002
  4.0871265e+005  4.1182759e+006  4.1251660e+002
  4.0870995e+005  4.1182796e+006  4.1276770e+002
  4.0870743e+005  4.1182835e+006  4.1280310e+002
  4.0870483e+005  4.1182871e+006  4.1294730e+002
  4.0870218e+005  4.1182913e+006  4.1308470e+002
  4.0870040e+005  4.1182953e+006  4.1320080e+002
  4.0869852e+005  4.1182993e+006  4.1337610e+002
  4.0869646e+005  4.1183033e+006  4.1344840e+002
  4.0869434e+005  4.1183071e+006  4.1357200e+002
  4.0869240e+005  4.1183113e+006  4.1391600e+002
  4.0869022e+005  4.1183154e+006  4.1399690e+002
  4.0868816e+005  4.1183196e+006  4.1424240e+002
  4.0868636e+005  4.1183237e+006  4.1436260e+002
  4.0868421e+005  4.1183268e+006  4.1462410e+002
  4.0868189e+005  4.1183304e+006  4.1487910e+002
  4.0867989e+005  4.1183343e+006  4.1515670e+002
  4.0867773e+005  4.1183383e+006  4.1548360e+002
  4.0867625e+005  4.1183424e+006  4.1576910e+002
  4.0867489e+005  4.1183462e+006  4.1597740e+002
  4.0867350e+005  4.1183499e+006  4.1627340e+002
  4.0867240e+005  4.1183542e+006  4.1650140e+002
  4.0867153e+005  4.1183580e+006  4.1686280e+002
  4.0867015e+005  4.1183623e+006  4.1724220e+002
  4.0866957e+005  4.1183665e+006  4.1753160e+002
  4.0866900e+005  4.1183708e+006  4.1782950e+002
  4.0866870e+005  4.1183749e+006  4.1825780e+002
  4.0866815e+005  4.1183793e+006  4.1858740e+002
  4.0866823e+005  4.1183835e+006  4.1882280e+002
  4.0866853e+005  4.1183874e+006  4.1915860e+002
  4.0866839e+005  4.1183915e+006  4.1932930e+002
  4.0866876e+005  4.1183955e+006  4.1962010e+002
  4.0866909e+005  4.1183992e+006  4.1989420e+002
  4.0866949e+005  4.1184034e+006  4.2014160e+002
  4.0866970e+005  4.1184068e+006  4.2038280e+002
  4.0866962e+005  4.1184108e+006  4.2068480e+002
  4.0867007e+005  4.1184145e+006  4.2114480e+002
  4.0867070e+005  4.1184171e+006  4.2147810e+002
  4.0867141e+005  4.1184200e+006  4.2174220e+002
  4.0867194e+005  4.1184232e+006  4.2186300e+002
  4.0867315e+005  4.1184260e+006  4.2215040e+002
  4.0867383e+005  4.1184277e+006  4.2238620e+002
  4.0867385e+005  4.1184274e+006  4.2236150e+002
  4.0867384e+005  4.1184274e+006  4.2235460e+002
  4.0867389e+005  4.1184274e+006  4.2235890e+002
  4.0867381e+005  4.1184275e+006  4.2238270e+002
  4.0867406e+005  4.1184275e+006  4.2245200e+002
  4.0867403e+005  4.1184275e+006  4.2245620e+002
  4.0867401e+005  4.1184274e+006  4.2246270e+002
  4.0867403e+005  4.1184274e+006  4.2246700e+002
  4.0867415e+005  4.1184274e+006  4.2248000e+002
  4.0867410e+005  4.1184274e+006  4.2248070e+002
  4.0867395e+005  4.1184272e+006  4.2240820e+002
  4.0867392e+005  4.1184274e+006  4.2245580e+002
  4.0867381e+005  4.1184275e+006  4.2246850e+002
  4.0867404e+005  4.1184273e+006  4.2245420e+002
  4.0867403e+005  4.1184274e+006  4.2246500e+002
  4.0867397e+005  4.1184275e+006  4.2248510e+002
  4.0867389e+005  4.1184276e+006  4.2244950e+002
  4.0867394e+005  4.1184276e+006  4.2244750e+002
  4.0867385e+005  4.1184277e+006  4.2244490e+002
  4.0867384e+005  4.1184276e+006  4.2243300e+002
  4.0867417e+005  4.1184277e+006  4.2250040e+002
  4.0867409e+005  4.1184278e+006  4.2248120e+002
  4.0867398e+005  4.1184277e+006  4.2247930e+002
  4.0867387e+005  4.1184276e+006  4.2245380e+002
  4.0867385e+005  4.1184277e+006  4.2246740e+002
  4.0867392e+005  4.1184277e+006  4.2247000e+002
  4.0867391e+005  4.1184277e+006  4.2247190e+002
  4.0867395e+005  4.1184277e+006  4.2249190e+002
  4.0867384e+005  4.1184278e+006  4.2249530e+002
  4.0867383e+005  4.1184278e+006  4.2249000e+002
  4.0867382e+005  4.1184278e+006  4.2249200e+002
  4.0867382e+005  4.1184278e+006  4.2248730e+002
  4.0867380e+005  4.1184278e+006  4.2247050e+002
  4.0867388e+005  4.1184277e+006  4.2248520e+002
  4.0867398e+005  4.1184276e+006  4.2246930e+002
  4.0867398e+005  4.1184277e+006  4.2246600e+002
  4.0867396e+005  4.1184277e+006  4.2246620e+002
  4.0867394e+005  4.1184277e+006  4.2245000e+002
  4.0867396e+005  4.1184277e+006  4.2244370e+002
  4.0867396e+005  4.1184277e+006  4.2245280e+002
  4.0867394e+005  4.1184277e+006  4.2244160e+002
  4.0867394e+005  4.1184277e+006  4.2244060e+002
  4.0867374e+005  4.1184277e+006  4.2241960e+002
  4.0867417e+005  4.1184275e+006  4.2249750e+002
  4.0867415e+005  4.1184275e+006  4.2248470e+002
  4.0867411e+005  4.1184275e+006  4.2247600e+002
  4.0867417e+005  4.1184278e+006  4.2253280e+002
  4.0867317e+005  4.1184278e+006  4.2268540e+002
  4.0867058e+005  4.1184258e+006  4.2279130e+002
  4.0866713e+005  4.1184239e+006  4.2327300e+002
  4.0866367e+005  4.1184212e+006  4.2364170e+002
  4.0866007e+005  4.1184186e+006  4.2411060e+002
  4.0865640e+005  4.1184160e+006  4.2444920e+002
  4.0865334e+005  4.1184132e+006  4.2467630e+002
  4.0865004e+005  4.1184105e+006  4.2505940e+002
  4.0864684e+005  4.1184081e+006  4.2533280e+002
  4.0864317e+005  4.1184053e+006  4.2585650e+002
  4.0864004e+005  4.1184020e+006  4.2610080e+002
  4.0863771e+005  4.1183981e+006  4.2637140e+002
  4.0863587e+005  4.1183950e+006  4.2640420e+002
  4.0863569e+005  4.1183952e+006  4.2640910e+002
  4.0863596e+005  4.1183947e+006  4.2635660e+002
  4.0863593e+005  4.1183946e+006  4.2634070e+002
  4.0863595e+005  4.1183948e+006  4.2637180e+002
  4.0863596e+005  4.1183948e+006  4.2635630e+002
  4.0863548e+005  4.1183944e+006  4.2634790e+002
  4.0863266e+005  4.1183967e+006  4.2698450e+002
  4.0863008e+005  4.1183989e+006  4.2786850e+002
  4.0862738e+005  4.1184009e+006  4.2848620e+002
  4.0862501e+005  4.1184033e+006  4.2915890e+002
  4.0862269e+005  4.1184055e+006  4.2979940e+002
  4.0862002e+005  4.1184073e+006  4.3046400e+002
  4.0861771e+005  4.1184091e+006  4.3109190e+002
  4.0861541e+005  4.1184117e+006  4.3185080e+002
  4.0861331e+005  4.1184143e+006  4.3247790e+002
  4.0861108e+005  4.1184163e+006  4.3313780e+002
  4.0860846e+005  4.1184180e+006  4.3399120e+002
  4.0860557e+005  4.1184193e+006  4.3465600e+002
  4.0860271e+005  4.1184207e+006  4.3538400e+002
  4.0859980e+005  4.1184220e+006  4.3607840e+002
  4.0859601e+005  4.1184224e+006  4.3683200e+002
  4.0859249e+005  4.1184227e+006  4.3722690e+002
  4.0858941e+005  4.1184229e+006  4.3778630e+002
  4.0858643e+005  4.1184232e+006  4.3835080e+002
  4.0858660e+005  4.1184235e+006  4.3849960e+002
  4.0858597e+005  4.1184235e+006  4.3844850e+002
  4.0858270e+005  4.1184239e+006  4.3904150e+002
  4.0857992e+005  4.1184248e+006  4.3954170e+002
  4.0857690e+005  4.1184260e+006  4.3995720e+002
  4.0857397e+005  4.1184265e+006  4.4055810e+002
  4.0857073e+005  4.1184269e+006  4.4110420e+002
  4.0856733e+005  4.1184273e+006  4.4179100e+002
  4.0856389e+005  4.1184278e+006  4.4232010e+002
  4.0856039e+005  4.1184280e+006  4.4297400e+002
  4.0855696e+005  4.1184284e+006  4.4367480e+002
  4.0855356e+005  4.1184288e+006  4.4428980e+002
  4.0855025e+005  4.1184294e+006  4.4512810e+002
  4.0854686e+005  4.1184296e+006  4.4575240e+002
  4.0854398e+005  4.1184302e+006  4.4644360e+002
  4.0854107e+005  4.1184306e+006  4.4709080e+002
  4.0853816e+005  4.1184312e+006  4.4779220e+002
  4.0853519e+005  4.1184316e+006  4.4842820e+002
  4.0853217e+005  4.1184323e+006  4.4918890e+002
  4.0852907e+005  4.1184327e+006  4.4971710e+002
  4.0852602e+005  4.1184330e+006  4.5028410e+002
  4.0852299e+005  4.1184333e+006  4.5090360e+002
  4.0852007e+005  4.1184333e+006  4.5158720e+002
  4.0851672e+005  4.1184329e+006  4.5220550e+002
  4.0851359e+005  4.1184331e+006  4.5284320e+002
  4.0851026e+005  4.1184328e+006  4.5344150e+002
  4.0850730e+005  4.1184322e+006  4.5410650e+002
  4.0850405e+005  4.1184317e+006  4.5473710e+002
  4.0850063e+005  4.1184319e+006  4.5537970e+002
  4.0849771e+005  4.1184324e+006  4.5609600e+002
  4.0849440e+005  4.1184326e+006  4.5664410e+002
  4.0849100e+005  4.1184326e+006  4.5729560e+002
  4.0848756e+005  4.1184334e+006  4.5788990e+002
  4.0848467e+005  4.1184346e+006  4.5852630e+002
  4.0848171e+005  4.1184347e+006  4.5911420e+002
  4.0847837e+005  4.1184351e+006  4.5966030e+002
  4.0847549e+005  4.1184357e+006  4.6046200e+002
  4.0847236e+005  4.1184360e+006  4.6098350e+002
  4.0846918e+005  4.1184360e+006  4.6151680e+002
  4.0846605e+005  4.1184364e+006  4.6228920e+002
  4.0846290e+005  4.1184366e+006  4.6280800e+002
  4.0845950e+005  4.1184363e+006  4.6340260e+002
  4.0845636e+005  4.1184364e+006  4.6404090e+002
  4.0845324e+005  4.1184368e+006  4.6485110e+002
  4.0845000e+005  4.1184365e+006  4.6541580e+002
  4.0844723e+005  4.1184362e+006  4.6601940e+002
  4.0844574e+005  4.1184369e+006  4.6641640e+002
  4.0844562e+005  4.1184371e+006  4.6638100e+002
  4.0844582e+005  4.1184369e+006  4.6640880e+002
  4.0844420e+005  4.1184353e+006  4.6651770e+002
  4.0844122e+005  4.1184337e+006  4.6711640e+002
  4.0843843e+005  4.1184321e+006  4.6775870e+002
  4.0843591e+005  4.1184289e+006  4.6812060e+002
  4.0843377e+005  4.1184259e+006  4.6871140e+002
  4.0843134e+005  4.1184227e+006  4.6924270e+002
  4.0842875e+005  4.1184193e+006  4.6967330e+002
  4.0842698e+005  4.1184152e+006  4.6998070e+002
  4.0842479e+005  4.1184115e+006  4.7046560e+002
  4.0842267e+005  4.1184076e+006  4.7078230e+002
  4.0842027e+005  4.1184035e+006  4.7090680e+002
  4.0841847e+005  4.1183992e+006  4.7095070e+002
  4.0841653e+005  4.1183948e+006  4.7113990e+002
  4.0841472e+005  4.1183900e+006  4.7107050e+002
  4.0841253e+005  4.1183857e+006  4.7116570e+002
  4.0841051e+005  4.1183810e+006  4.7112680e+002
  4.0840831e+005  4.1183766e+006  4.7141180e+002
  4.0840621e+005  4.1183720e+006  4.7145990e+002
  4.0840396e+005  4.1183676e+006  4.7172370e+002
  4.0840172e+005  4.1183633e+006  4.7198690e+002
  4.0839984e+005  4.1183590e+006  4.7210640e+002
  4.0839790e+005  4.1183550e+006  4.7233810e+002
  4.0839573e+005  4.1183502e+006  4.7217460e+002
  4.0839379e+005  4.1183460e+006  4.7223680e+002
  4.0839164e+005  4.1183417e+006  4.7243140e+002
  4.0839029e+005  4.1183377e+006  4.7250930e+002
  4.0838893e+005  4.1183336e+006  4.7269990e+002
  4.0838722e+005  4.1183294e+006  4.7310050e+002
  4.0838589e+005  4.1183252e+006  4.7340340e+002
  4.0838470e+005  4.1183211e+006  4.7368640e+002
  4.0838382e+005  4.1183172e+006  4.7401340e+002
  4.0838315e+005  4.1183133e+006  4.7441560e+002
  4.0838220e+005  4.1183093e+006  4.7496980e+002
  4.0838115e+005  4.1183054e+006  4.7539970e+002
  4.0838014e+005  4.1183014e+006  4.7580640e+002
  4.0837922e+005  4.1182972e+006  4.7602700e+002
  4.0837789e+005  4.1182938e+006  4.7654650e+002
  4.0837607e+005  4.1182906e+006  4.7719510e+002
  4.0837488e+005  4.1182880e+006  4.7732840e+002
  4.0837303e+005  4.1182854e+006  4.7780290e+002
  4.0837092e+005  4.1182827e+006  4.7843790e+002
  4.0836874e+005  4.1182807e+006  4.7919970e+002
  4.0836606e+005  4.1182793e+006  4.8011140e+002
  4.0836347e+005  4.1182781e+006  4.8082150e+002
  4.0836101e+005  4.1182772e+006  4.8152120e+002
  4.0835846e+005  4.1182776e+006  4.8239570e+002
  4.0835724e+005  4.1182761e+006  4.8320720e+002
  4.0835519e+005  4.1182753e+006  4.8381120e+002
  4.0835533e+005  4.1182762e+006  4.8383440e+002
  4.0835540e+005  4.1182763e+006  4.8381080e+002
  4.0835538e+005  4.1182763e+006  4.8381100e+002
  4.0835539e+005  4.1182763e+006  4.8379280e+002
  4.0835540e+005  4.1182763e+006  4.8379040e+002
  4.0835538e+005  4.1182763e+006  4.8379400e+002
  4.0835538e+005  4.1182763e+006  4.8378080e+002
  4.0835537e+005  4.1182763e+006  4.8378000e+002
  4.0835537e+005  4.1182763e+006  4.8378050e+002
  4.0835538e+005  4.1182763e+006  4.8376570e+002
  4.0835537e+005  4.1182763e+006  4.8376960e+002
  4.0835537e+005  4.1182763e+006  4.8377020e+002
  4.0835552e+005  4.1182763e+006  4.8375460e+002
  4.0835531e+005  4.1182760e+006  4.8383120e+002
  4.0835533e+005  4.1182759e+006  4.8380890e+002
  4.0835558e+005  4.1182762e+006  4.8371380e+002
  4.0835540e+005  4.1182760e+006  4.8377590e+002
  4.0835533e+005  4.1182763e+006  4.8373960e+002
  4.0835534e+005  4.1182761e+006  4.8376490e+002
  4.0835531e+005  4.1182761e+006  4.8379150e+002
  4.0835541e+005  4.1182757e+006  4.8376580e+002
  4.0835570e+005  4.1182756e+006  4.8371350e+002
  4.0835592e+005  4.1182754e+006  4.8345700e+002
  4.0835842e+005  4.1182743e+006  4.8242710e+002
  4.0836286e+005  4.1182738e+006  4.8080200e+002
  4.0836734e+005  4.1182715e+006  4.7951950e+002
  4.0837186e+005  4.1182701e+006  4.7816740e+002
  4.0837624e+005  4.1182689e+006  4.7701030e+002
  4.0838097e+005  4.1182670e+006  4.7573280e+002
  4.0838601e+005  4.1182652e+006  4.7406550e+002
  4.0839067e+005  4.1182633e+006  4.7276960e+002
  4.0839547e+005  4.1182615e+006  4.7125670e+002
  4.0839973e+005  4.1182601e+006  4.6992230e+002
  4.0840385e+005  4.1182591e+006  4.6867300e+002
  4.0840715e+005  4.1182582e+006  4.6776620e+002
  4.0841103e+005  4.1182569e+006  4.6653310e+002
  4.0841554e+005  4.1182551e+006  4.6523520e+002
  4.0841760e+005  4.1182517e+006  4.6361240e+002
  4.0841603e+005  4.1182476e+006  4.6252070e+002
  4.0841383e+005  4.1182439e+006  4.6228300e+002
  4.0841062e+005  4.1182412e+006  4.6254690e+002
  4.0841062e+005  4.1182412e+006  4.6254690e+002
  4.0841062e+005  4.1182412e+006  4.6254690e+002
  4.0840504e+005  4.1182343e+006  4.6308860e+002
  4.0840508e+005  4.1182343e+006  4.6301530e+002
  4.0824715e+005  4.1181871e+006  4.8124120e+002
  4.0824715e+005  4.1181871e+006  4.8028490e+002
  4.0824714e+005  4.1181871e+006  4.8028440e+002
  4.0824715e+005  4.1181871e+006  4.8029030e+002
  4.0824715e+005  4.1181871e+006  4.8027680e+002
  4.0824715e+005  4.1181871e+006  4.8029820e+002
  4.0824715e+005  4.1181871e+006  4.8030540e+002
  4.0824715e+005  4.1181871e+006  4.8029880e+002
  4.0824715e+005  4.1181871e+006  4.8030290e+002
  4.0824715e+005  4.1181871e+006  4.8029130e+002
  4.0824715e+005  4.1181871e+006  4.8029500e+002
  4.0824715e+005  4.1181871e+006  4.8029010e+002
  4.0824716e+005  4.1181871e+006  4.8029120e+002
  4.0824714e+005  4.1181871e+006  4.8028350e+002
  4.0824729e+005  4.1181872e+006  4.8065420e+002
  4.0824714e+005  4.1181871e+006  4.8088900e+002
  4.0824712e+005  4.1181870e+006  4.8068790e+002
  4.0824719e+005  4.1181869e+006  4.8067830e+002
  4.0824730e+005  4.1181867e+006  4.8098580e+002
  4.0824673e+005  4.1181866e+006  4.8119390e+002
  4.0824712e+005  4.1181880e+006  4.8116570e+002
  4.0824705e+005  4.1181878e+006  4.8113030e+002
  4.0824710e+005  4.1181877e+006  4.8105290e+002
  4.0824743e+005  4.1181874e+006  4.8164170e+002
  4.0824780e+005  4.1181872e+006  4.8133790e+002
  4.0824769e+005  4.1181874e+006  4.8129110e+002
  4.0824775e+005  4.1181874e+006  4.8127920e+002
  4.0824777e+005  4.1181874e+006  4.8121930e+002
  4.0824778e+005  4.1181875e+006  4.8107710e+002
  4.0824784e+005  4.1181876e+006  4.8105530e+002
  4.0824750e+005  4.1181872e+006  4.8153100e+002
  4.0824802e+005  4.1181872e+006  4.8153880e+002
  4.0824796e+005  4.1181880e+006  4.8154560e+002
  4.0824845e+005  4.1181878e+006  4.8143910e+002
  4.0824843e+005  4.1181877e+006  4.8143770e+002
  4.0824837e+005  4.1181878e+006  4.8145200e+002
  4.0824839e+005  4.1181878e+006  4.8144790e+002
  4.0824838e+005  4.1181879e+006  4.8141050e+002
  4.0824812e+005  4.1181876e+006  4.8149640e+002
  4.0824810e+005  4.1181877e+006  4.8149680e+002
  4.0824810e+005  4.1181877e+006  4.8149630e+002
  4.0824812e+005  4.1181878e+006  4.8147120e+002
  4.0824804e+005  4.1181879e+006  4.8149000e+002
  4.0824810e+005  4.1181877e+006  4.8148520e+002
  4.0824801e+005  4.1181877e+006  4.8152620e+002
  4.0824806e+005  4.1181878e+006  4.8147410e+002
  4.0824797e+005  4.1181878e+006  4.8152620e+002
  4.0824810e+005  4.1181878e+006  4.8150940e+002
  4.0824798e+005  4.1181879e+006  4.8151500e+002
  4.0824692e+005  4.1181870e+006  4.8160220e+002
  4.0824727e+005  4.1181874e+006  4.8160670e+002
  4.0824719e+005  4.1181874e+006  4.8157580e+002
  4.0824720e+005  4.1181876e+006  4.8155020e+002
  4.0824733e+005  4.1181875e+006  4.8153400e+002
  4.0824729e+005  4.1181874e+006  4.8157480e+002
  4.0824739e+005  4.1181875e+006  4.8156270e+002
  4.0824958e+005  4.1181833e+006  4.8144730e+002
  4.0825207e+005  4.1181781e+006  4.8145330e+002
  4.0825424e+005  4.1181732e+006  4.8134930e+002
  4.0825601e+005  4.1181683e+006  4.8137470e+002
  4.0825794e+005  4.1181627e+006  4.8146080e+002
  4.0825989e+005  4.1181579e+006  4.8168890e+002
  4.0826202e+005  4.1181530e+006  4.8183700e+002
  4.0826431e+005  4.1181478e+006  4.8192380e+002
  4.0826636e+005  4.1181427e+006  4.8209450e+002
  4.0826857e+005  4.1181377e+006  4.8222560e+002
  4.0827094e+005  4.1181327e+006  4.8241820e+002
  4.0827309e+005  4.1181275e+006  4.8282240e+002
  4.0827519e+005  4.1181228e+006  4.8295520e+002
  4.0827725e+005  4.1181179e+006  4.8321290e+002
  4.0827949e+005  4.1181134e+006  4.8347300e+002
  4.0828155e+005  4.1181087e+006  4.8368720e+002
  4.0828375e+005  4.1181038e+006  4.8388850e+002
  4.0828573e+005  4.1180993e+006  4.8412920e+002
  4.0828760e+005  4.1180945e+006  4.8442150e+002
  4.0828981e+005  4.1180898e+006  4.8482750e+002
  4.0829183e+005  4.1180853e+006  4.8503440e+002
  4.0829424e+005  4.1180804e+006  4.8536630e+002
  4.0829635e+005  4.1180757e+006  4.8565140e+002
  4.0829840e+005  4.1180709e+006  4.8598770e+002
  4.0830069e+005  4.1180660e+006  4.8633480e+002
  4.0830285e+005  4.1180611e+006  4.8655970e+002
  4.0830490e+005  4.1180564e+006  4.8688140e+002
  4.0830539e+005  4.1180554e+006  4.8695550e+002
  4.0830609e+005  4.1180534e+006  4.8705860e+002
  4.0830798e+005  4.1180489e+006  4.8736050e+002
  4.0831019e+005  4.1180445e+006  4.8758260e+002
  4.0831046e+005  4.1180431e+006  4.8778750e+002
  4.0831047e+005  4.1180432e+006  4.8778030e+002
  4.0831044e+005  4.1180432e+006  4.8777810e+002
  4.0831049e+005  4.1180432e+006  4.8776750e+002
  4.0831050e+005  4.1180432e+006  4.8776900e+002
  4.0831050e+005  4.1180432e+006  4.8777130e+002
  4.0831044e+005  4.1180432e+006  4.8780580e+002
  4.0831152e+005  4.1180408e+006  4.8796060e+002
  4.0831375e+005  4.1180364e+006  4.8819310e+002
  4.0831577e+005  4.1180313e+006  4.8844560e+002
  4.0831751e+005  4.1180267e+006  4.8871590e+002
  4.0831969e+005  4.1180218e+006  4.8895320e+002
  4.0832201e+005  4.1180168e+006  4.8930940e+002
  4.0832420e+005  4.1180121e+006  4.8951360e+002
  4.0832652e+005  4.1180072e+006  4.8968900e+002
  4.0832869e+005  4.1180021e+006  4.8986720e+002
  4.0833075e+005  4.1179973e+006  4.9021620e+002
  4.0833299e+005  4.1179923e+006  4.9046150e+002
  4.0833499e+005  4.1179875e+006  4.9073560e+002
  4.0833713e+005  4.1179826e+006  4.9099840e+002
  4.0833948e+005  4.1179777e+006  4.9122510e+002
  4.0834178e+005  4.1179728e+006  4.9151820e+002
  4.0834396e+005  4.1179681e+006  4.9167200e+002
  4.0834616e+005  4.1179636e+006  4.9189940e+002
  4.0834847e+005  4.1179587e+006  4.9215460e+002
  4.0835051e+005  4.1179540e+006  4.9240080e+002
  4.0835245e+005  4.1179493e+006  4.9264970e+002
  4.0835449e+005  4.1179446e+006  4.9298650e+002
  4.0835640e+005  4.1179397e+006  4.9324700e+002
  4.0835852e+005  4.1179354e+006  4.9356560e+002
  4.0835861e+005  4.1179355e+006  4.9358170e+002
  4.0835862e+005  4.1179355e+006  4.9358300e+002
  4.0835863e+005  4.1179355e+006  4.9357750e+002
  4.0835862e+005  4.1179355e+006  4.9357370e+002
  4.0835847e+005  4.1179356e+006  4.9360540e+002
  4.0835990e+005  4.1179327e+006  4.9359800e+002
  4.0836199e+005  4.1179278e+006  4.9395500e+002
  4.0836402e+005  4.1179229e+006  4.9423780e+002
  4.0836580e+005  4.1179180e+006  4.9466610e+002
  4.0836767e+005  4.1179129e+006  4.9495570e+002
  4.0836950e+005  4.1179082e+006  4.9533790e+002
  4.0837130e+005  4.1179031e+006  4.9566420e+002
  4.0837306e+005  4.1178977e+006  4.9612140e+002
  4.0837540e+005  4.1178926e+006  4.9634990e+002
  4.0837762e+005  4.1178879e+006  4.9661430e+002
  4.0837966e+005  4.1178827e+006  4.9684430e+002
  4.0838146e+005  4.1178780e+006  4.9726090e+002
  4.0838347e+005  4.1178732e+006  4.9756870e+002
  4.0838545e+005  4.1178681e+006  4.9771890e+002
  4.0838741e+005  4.1178632e+006  4.9801920e+002
  4.0838974e+005  4.1178580e+006  4.9825530e+002
  4.0839196e+005  4.1178529e+006  4.9843520e+002
  4.0839409e+005  4.1178481e+006  4.9859430e+002
  4.0839626e+005  4.1178433e+006  4.9873200e+002
  4.0839826e+005  4.1178386e+006  4.9888260e+002
  4.0840013e+005  4.1178346e+006  4.9897640e+002
  4.0839999e+005  4.1178345e+006  4.9901320e+002
  4.0840000e+005  4.1178345e+006  4.9900010e+002
  4.0839998e+005  4.1178345e+006  4.9900660e+002
  4.0839998e+005  4.1178346e+006  4.9899970e+002
  4.0840039e+005  4.1178338e+006  4.9894040e+002
  4.0840230e+005  4.1178293e+006  4.9896450e+002
  4.0840455e+005  4.1178240e+006  4.9896610e+002
  4.0840610e+005  4.1178190e+006  4.9900400e+002
  4.0840695e+005  4.1178158e+006  4.9926930e+002
  4.0840759e+005  4.1178148e+006  4.9925390e+002
  4.0840819e+005  4.1178126e+006  4.9943530e+002
  4.0840991e+005  4.1178080e+006  4.9934770e+002
  4.0841021e+005  4.1178065e+006  4.9941820e+002
  4.0841021e+005  4.1178062e+006  4.9940920e+002
  4.0841114e+005  4.1178044e+006  4.9941140e+002
  4.0841262e+005  4.1178004e+006  4.9958710e+002
  4.0841376e+005  4.1177973e+006  4.9936050e+002
  4.0841562e+005  4.1177923e+006  4.9934750e+002
  4.0841778e+005  4.1177864e+006  4.9938010e+002
  4.0841961e+005  4.1177810e+006  4.9919590e+002
  4.0842202e+005  4.1177755e+006  4.9914660e+002
  4.0842383e+005  4.1177697e+006  4.9904820e+002
  4.0842637e+005  4.1177643e+006  4.9894990e+002
  4.0842896e+005  4.1177589e+006  4.9862530e+002
  4.0843180e+005  4.1177539e+006  4.9852730e+002
  4.0843462e+005  4.1177490e+006  4.9813740e+002
  4.0843728e+005  4.1177441e+006  4.9789180e+002
  4.0844020e+005  4.1177392e+006  4.9760730e+002
  4.0844210e+005  4.1177347e+006  4.9753270e+002
  4.0844327e+005  4.1177316e+006  4.9755100e+002
  4.0844311e+005  4.1177316e+006  4.9758030e+002
  4.0844309e+005  4.1177316e+006  4.9756350e+002
  4.0844311e+005  4.1177316e+006  4.9756880e+002
  4.0844350e+005  4.1177309e+006  4.9751360e+002
  4.0844540e+005  4.1177263e+006  4.9746710e+002
  4.0844752e+005  4.1177209e+006  4.9738260e+002
  4.0844986e+005  4.1177155e+006  4.9705320e+002
  4.0845182e+005  4.1177103e+006  4.9697510e+002
  4.0845401e+005  4.1177049e+006  4.9687730e+002
  4.0845603e+005  4.1176996e+006  4.9672830e+002
  4.0845796e+005  4.1176942e+006  4.9666280e+002
  4.0845991e+005  4.1176888e+006  4.9656920e+002
  4.0846175e+005  4.1176835e+006  4.9664720e+002
  4.0846411e+005  4.1176781e+006  4.9634720e+002
  4.0846621e+005  4.1176729e+006  4.9626830e+002
  4.0846817e+005  4.1176676e+006  4.9619870e+002
  4.0847002e+005  4.1176625e+006  4.9613530e+002
  4.0847182e+005  4.1176573e+006  4.9605700e+002
  4.0847394e+005  4.1176521e+006  4.9580640e+002
  4.0847624e+005  4.1176470e+006  4.9558260e+002
  4.0847819e+005  4.1176421e+006  4.9554940e+002
  4.0848049e+005  4.1176373e+006  4.9558640e+002
  4.0848247e+005  4.1176324e+006  4.9534540e+002
  4.0848302e+005  4.1176315e+006  4.9536790e+002
  4.0848299e+005  4.1176315e+006  4.9537100e+002
  4.0848304e+005  4.1176314e+006  4.9535510e+002
  4.0848304e+005  4.1176314e+006  4.9534880e+002
  4.0848318e+005  4.1176313e+006  4.9533570e+002
  4.0848469e+005  4.1176265e+006  4.9527820e+002
  4.0848683e+005  4.1176211e+006  4.9514110e+002
  4.0848876e+005  4.1176162e+006  4.9505180e+002
  4.0849080e+005  4.1176110e+006  4.9502810e+002
  4.0849298e+005  4.1176058e+006  4.9500720e+002
  4.0849498e+005  4.1176005e+006  4.9474730e+002
  4.0849688e+005  4.1175955e+006  4.9475120e+002
  4.0849875e+005  4.1175904e+006  4.9469800e+002
  4.0850088e+005  4.1175849e+006  4.9463370e+002
  4.0850308e+005  4.1175795e+006  4.9453960e+002
  4.0850541e+005  4.1175742e+006  4.9445790e+002
  4.0850691e+005  4.1175693e+006  4.9439800e+002
  4.0850880e+005  4.1175645e+006  4.9441550e+002
  4.0851079e+005  4.1175591e+006  4.9433710e+002
  4.0851296e+005  4.1175540e+006  4.9418790e+002
  4.0851492e+005  4.1175489e+006  4.9409460e+002
  4.0851678e+005  4.1175435e+006  4.9396820e+002
  4.0851887e+005  4.1175393e+006  4.9396120e+002
  4.0852085e+005  4.1175346e+006  4.9377580e+002
  4.0852242e+005  4.1175305e+006  4.9369800e+002
  4.0852297e+005  4.1175290e+006  4.9368790e+002
  4.0852292e+005  4.1175290e+006  4.9368270e+002
  4.0852292e+005  4.1175291e+006  4.9365820e+002
  4.0852294e+005  4.1175291e+006  4.9365940e+002
  4.0852294e+005  4.1175290e+006  4.9365800e+002
  4.0852331e+005  4.1175288e+006  4.9364440e+002
  4.0852543e+005  4.1175237e+006  4.9341970e+002
  4.0852720e+005  4.1175180e+006  4.9341570e+002
  4.0852899e+005  4.1175126e+006  4.9328680e+002
  4.0853082e+005  4.1175076e+006  4.9311590e+002
  4.0853314e+005  4.1175019e+006  4.9293740e+002
  4.0853511e+005  4.1174965e+006  4.9292730e+002
  4.0853708e+005  4.1174914e+006  4.9270630e+002
  4.0853891e+005  4.1174866e+006  4.9270250e+002
  4.0854078e+005  4.1174816e+006  4.9271550e+002
  4.0854274e+005  4.1174768e+006  4.9256830e+002
  4.0854491e+005  4.1174718e+006  4.9243400e+002
  4.0854674e+005  4.1174669e+006  4.9221190e+002
  4.0854850e+005  4.1174624e+006  4.9223600e+002
  4.0855045e+005  4.1174578e+006  4.9216790e+002
  4.0855234e+005  4.1174530e+006  4.9198860e+002
  4.0855401e+005  4.1174481e+006  4.9192550e+002
  4.0855569e+005  4.1174435e+006  4.9198860e+002
  4.0855768e+005  4.1174387e+006  4.9201750e+002
  4.0855982e+005  4.1174338e+006  4.9182170e+002
  4.0856207e+005  4.1174290e+006  4.9173360e+002
  4.0856309e+005  4.1174271e+006  4.9168160e+002
  4.0856305e+005  4.1174271e+006  4.9168830e+002
  4.0856303e+005  4.1174271e+006  4.9168830e+002
  4.0856307e+005  4.1174270e+006  4.9168220e+002
  4.0856307e+005  4.1174270e+006  4.9168820e+002
  4.0856455e+005  4.1174232e+006  4.9171980e+002
  4.0856674e+005  4.1174179e+006  4.9169630e+002
  4.0856863e+005  4.1174130e+006  4.9168310e+002
  4.0857047e+005  4.1174082e+006  4.9160530e+002
  4.0857225e+005  4.1174037e+006  4.9189290e+002
  4.0857400e+005  4.1173988e+006  4.9202210e+002
  4.0857580e+005  4.1173943e+006  4.9214120e+002
  4.0857784e+005  4.1173896e+006  4.9219610e+002
  4.0857975e+005  4.1173851e+006  4.9243900e+002
  4.0858166e+005  4.1173808e+006  4.9260900e+002
  4.0858367e+005  4.1173763e+006  4.9287920e+002
  4.0858568e+005  4.1173719e+006  4.9310310e+002
  4.0858732e+005  4.1173677e+006  4.9343020e+002
  4.0858872e+005  4.1173637e+006  4.9373680e+002
  4.0859072e+005  4.1173594e+006  4.9398630e+002
  4.0859250e+005  4.1173557e+006  4.9439920e+002
  4.0859407e+005  4.1173518e+006  4.9478820e+002
  4.0859590e+005  4.1173478e+006  4.9516840e+002
  4.0859757e+005  4.1173445e+006  4.9547940e+002
  4.0859916e+005  4.1173404e+006  4.9600770e+002
  4.0859991e+005  4.1173385e+006  4.9636600e+002
  4.0859995e+005  4.1173384e+006  4.9636740e+002
  4.0860102e+005  4.1173366e+006  4.9644210e+002
  4.0860293e+005  4.1173328e+006  4.9688480e+002
  4.0860483e+005  4.1173292e+006  4.9739530e+002
  4.0860624e+005  4.1173267e+006  4.9774630e+002
  4.0860624e+005  4.1173267e+006  4.9776040e+002
  4.0860627e+005  4.1173266e+006  4.9774850e+002
  4.0860624e+005  4.1173266e+006  4.9775060e+002
  4.0860627e+005  4.1173266e+006  4.9775730e+002
  4.0860647e+005  4.1173266e+006  4.9772650e+002
  4.0860637e+005  4.1173267e+006  4.9772840e+002
  4.0860821e+005  4.1173235e+006  4.9796240e+002
  4.0861016e+005  4.1173198e+006  4.9869640e+002
  4.0861200e+005  4.1173162e+006  4.9909330e+002
  4.0861347e+005  4.1173126e+006  4.9966700e+002
  4.0861499e+005  4.1173093e+006  5.0036480e+002
  4.0861693e+005  4.1173060e+006  5.0098000e+002
  4.0861888e+005  4.1173025e+006  5.0152170e+002
  4.0862047e+005  4.1172992e+006  5.0200930e+002
  4.0862244e+005  4.1172966e+006  5.0262830e+002
  4.0862381e+005  4.1172935e+006  5.0317390e+002
  4.0862499e+005  4.1172918e+006  5.0361070e+002
  4.0862629e+005  4.1172894e+006  5.0435060e+002
  4.0862757e+005  4.1172871e+006  5.0487130e+002
  4.0862903e+005  4.1172844e+006  5.0547270e+002
  4.0863022e+005  4.1172822e+006  5.0638930e+002
  4.0863154e+005  4.1172803e+006  5.0696210e+002
  4.0863256e+005  4.1172788e+006  5.0730260e+002
  4.0863288e+005  4.1172778e+006  5.0749040e+002
  4.0863292e+005  4.1172773e+006  5.0786200e+002
  4.0863303e+005  4.1172773e+006  5.0782850e+002
  4.0863305e+005  4.1172773e+006  5.0781550e+002
  4.0863306e+005  4.1172773e+006  5.0781110e+002
  4.0863305e+005  4.1172773e+006  5.0782040e+002
  4.0863305e+005  4.1172773e+006  5.0781470e+002
  4.0863306e+005  4.1172773e+006  5.0782040e+002
  4.0863305e+005  4.1172773e+006  5.0782380e+002
  4.0863308e+005  4.1172772e+006  5.0782110e+002
  4.0863307e+005  4.1172773e+006  5.0782240e+002
  4.0863303e+005  4.1172773e+006  5.0782450e+002
  4.0863302e+005  4.1172773e+006  5.0785000e+002
  4.0863198e+005  4.1172778e+006  5.0750320e+002
  4.0863168e+005  4.1172787e+006  5.0720060e+002
  4.0863152e+005  4.1172787e+006  5.0716680e+002
  4.0863147e+005  4.1172790e+006  5.0726150e+002
  4.0863165e+005  4.1172789e+006  5.0727090e+002
  4.0863132e+005  4.1172790e+006  5.0722380e+002
  4.0863169e+005  4.1172789e+006  5.0727860e+002
  4.0863144e+005  4.1172789e+006  5.0724320e+002
  4.0863139e+005  4.1172789e+006  5.0721230e+002
  4.0863159e+005  4.1172789e+006  5.0726300e+002
  4.0863176e+005  4.1172790e+006  5.0729760e+002
  4.0863159e+005  4.1172788e+006  5.0725190e+002
  4.0863178e+005  4.1172793e+006  5.0732350e+002
  4.0863151e+005  4.1172791e+006  5.0728090e+002
  4.0863138e+005  4.1172793e+006  5.0724730e+002
  4.0863009e+005  4.1172835e+006  5.0578570e+002
  4.0862889e+005  4.1172888e+006  5.0417620e+002
  4.0862836e+005  4.1172948e+006  5.0244410e+002
  4.0862929e+005  4.1173008e+006  5.0100180e+002
  4.0863119e+005  4.1173063e+006  4.9959810e+002
  4.0863274e+005  4.1173111e+006  4.9842560e+002
  4.0863419e+005  4.1173172e+006  4.9669050e+002
  4.0863622e+005  4.1173231e+006  4.9525520e+002
  4.0863837e+005  4.1173289e+006  4.9375130e+002
  4.0864068e+005  4.1173350e+006  4.9241570e+002
  4.0864344e+005  4.1173407e+006  4.9088450e+002
  4.0864646e+005  4.1173466e+006  4.8948050e+002
  4.0864924e+005  4.1173523e+006  4.8815210e+002
  4.0865221e+005  4.1173581e+006  4.8674100e+002
  4.0865555e+005  4.1173637e+006  4.8548110e+002
  4.0865856e+005  4.1173693e+006  4.8424560e+002
  4.0866134e+005  4.1173753e+006  4.8306520e+002
  4.0866425e+005  4.1173811e+006  4.8181810e+002
  4.0866705e+005  4.1173874e+006  4.8075890e+002
  4.0866956e+005  4.1173933e+006  4.7966660e+002
  4.0867294e+005  4.1173997e+006  4.7857510e+002
  4.0867607e+005  4.1174054e+006  4.7741370e+002
  4.0867933e+005  4.1174111e+006  4.7642410e+002
  4.0868272e+005  4.1174165e+006  4.7552200e+002
  4.0868631e+005  4.1174223e+006  4.7446440e+002
  4.0868999e+005  4.1174278e+006  4.7355540e+002
  4.0869335e+005  4.1174331e+006  4.7248730e+002
  4.0869690e+005  4.1174387e+006  4.7154410e+002
  4.0870043e+005  4.1174442e+006  4.7074060e+002
  4.0870405e+005  4.1174498e+006  4.6971900e+002
  4.0870766e+005  4.1174549e+006  4.6875030e+002
  4.0871165e+005  4.1174604e+006  4.6769870e+002
  4.0871584e+005  4.1174655e+006  4.6681350e+002
  4.0871948e+005  4.1174713e+006  4.6574480e+002
  4.0872333e+005  4.1174765e+006  4.6497690e+002
  4.0872716e+005  4.1174819e+006  4.6398050e+002
  4.0873090e+005  4.1174876e+006  4.6283060e+002
  4.0873437e+005  4.1174930e+006  4.6188430e+002
  4.0873845e+005  4.1174980e+006  4.6100200e+002
  4.0874219e+005  4.1175035e+006  4.5999120e+002
  4.0874569e+005  4.1175091e+006  4.5891230e+002
  4.0874919e+005  4.1175143e+006  4.5809610e+002
  4.0875296e+005  4.1175197e+006  4.5694930e+002
  4.0875678e+005  4.1175255e+006  4.5599660e+002
  4.0876021e+005  4.1175309e+006  4.5508640e+002
  4.0876373e+005  4.1175363e+006  4.5430860e+002
  4.0876735e+005  4.1175421e+006  4.5317040e+002
  4.0877116e+005  4.1175475e+006  4.5224330e+002
  4.0877476e+005  4.1175528e+006  4.5128790e+002
  4.0877860e+005  4.1175584e+006  4.5030390e+002
  4.0878202e+005  4.1175638e+006  4.4939780e+002
  4.0878538e+005  4.1175692e+006  4.4845420e+002
  4.0878884e+005  4.1175744e+006  4.4761290e+002
  4.0879239e+005  4.1175796e+006  4.4671310e+002
  4.0879574e+005  4.1175851e+006  4.4584380e+002
  4.0879925e+005  4.1175898e+006  4.4510730e+002
  4.0880283e+005  4.1175953e+006  4.4407680e+002
  4.0880633e+005  4.1176005e+006  4.4317830e+002
  4.0881001e+005  4.1176058e+006  4.4227810e+002
  4.0881361e+005  4.1176110e+006  4.4137600e+002
  4.0881726e+005  4.1176164e+006  4.4048200e+002
  4.0882090e+005  4.1176215e+006  4.3951210e+002
  4.0882450e+005  4.1176267e+006  4.3878560e+002
  4.0882812e+005  4.1176322e+006  4.3782960e+002
  4.0883162e+005  4.1176375e+006  4.3701740e+002
  4.0883552e+005  4.1176425e+006  4.3618770e+002
  4.0883949e+005  4.1176476e+006  4.3529130e+002
  4.0884317e+005  4.1176526e+006  4.3452840e+002
  4.0884677e+005  4.1176583e+006  4.3372280e+002
  4.0885035e+005  4.1176637e+006  4.3292860e+002
  4.0885391e+005  4.1176692e+006  4.3215360e+002
  4.0885761e+005  4.1176748e+006  4.3133340e+002
  4.0886138e+005  4.1176801e+006  4.3053450e+002
  4.0886470e+005  4.1176853e+006  4.2989930e+002
  4.0886847e+005  4.1176905e+006  4.2923080e+002
  4.0887231e+005  4.1176960e+006  4.2840600e+002
  4.0887592e+005  4.1177009e+006  4.2772420e+002
  4.0887945e+005  4.1177062e+006  4.2698760e+002
  4.0888271e+005  4.1177112e+006  4.2632100e+002
  4.0888609e+005  4.1177164e+006  4.2555930e+002
  4.0888917e+005  4.1177215e+006  4.2499250e+002
  4.0889262e+005  4.1177265e+006  4.2432640e+002
  4.0889580e+005  4.1177316e+006  4.2375940e+002
  4.0889965e+005  4.1177368e+006  4.2304870e+002
  4.0890292e+005  4.1177420e+006  4.2232640e+002
  4.0890620e+005  4.1177467e+006  4.2185810e+002
  4.0890995e+005  4.1177516e+006  4.2108950e+002
  4.0891298e+005  4.1177559e+006  4.2051510e+002
  4.0891639e+005  4.1177604e+006  4.1989260e+002
  4.0891943e+005  4.1177652e+006  4.1931190e+002
  4.0892297e+005  4.1177700e+006  4.1866410e+002
  4.0892626e+005  4.1177747e+006  4.1789130e+002
  4.0892929e+005  4.1177790e+006  4.1729920e+002
  4.0893242e+005  4.1177835e+006  4.1668590e+002
  4.0893499e+005  4.1177872e+006  4.1620160e+002
  4.0893760e+005  4.1177911e+006  4.1559750e+002
  4.0893844e+005  4.1177968e+006  4.1526570e+002
  4.0894042e+005  4.1178017e+006  4.1478600e+002
  4.0894511e+005  4.1178030e+006  4.1391430e+002
  4.0894683e+005  4.1178026e+006  4.1362140e+002
  4.0894681e+005  4.1178026e+006  4.1361170e+002
  4.0894680e+005  4.1178026e+006  4.1362020e+002
  4.0894681e+005  4.1178026e+006  4.1361990e+002
  4.0894679e+005  4.1178026e+006  4.1361890e+002
  4.0894725e+005  4.1178018e+006  4.1358510e+002
  4.0894826e+005  4.1177976e+006  4.1331560e+002
  4.0894924e+005  4.1177928e+006  4.1323970e+002
  4.0895026e+005  4.1177875e+006  4.1321310e+002
  4.0895108e+005  4.1177821e+006  4.1319520e+002
  4.0895193e+005  4.1177766e+006  4.1316440e+002
  4.0895290e+005  4.1177711e+006  4.1302350e+002
  4.0895372e+005  4.1177662e+006  4.1303100e+002
  4.0895479e+005  4.1177610e+006  4.1306280e+002
  4.0895548e+005  4.1177559e+006  4.1304340e+002
  4.0895619e+005  4.1177509e+006  4.1304340e+002
  4.0895668e+005  4.1177460e+006  4.1308530e+002
  4.0895781e+005  4.1177412e+006  4.1326080e+002
  4.0895882e+005  4.1177365e+006  4.1329880e+002
  4.0895966e+005  4.1177318e+006  4.1327490e+002
  4.0896073e+005  4.1177272e+006  4.1337920e+002
  4.0896169e+005  4.1177226e+006  4.1347050e+002
  4.0896282e+005  4.1177177e+006  4.1355270e+002
  4.0896384e+005  4.1177137e+006  4.1353780e+002
  4.0896392e+005  4.1177136e+006  4.1354000e+002
  4.0896393e+005  4.1177137e+006  4.1353740e+002
  4.0896392e+005  4.1177136e+006  4.1354140e+002
  4.0896416e+005  4.1177118e+006  4.1351370e+002
  4.0896484e+005  4.1177068e+006  4.1355090e+002
  4.0896518e+005  4.1177019e+006  4.1390910e+002
  4.0896561e+005  4.1176967e+006  4.1409140e+002
  4.0896627e+005  4.1176917e+006  4.1432050e+002
  4.0896687e+005  4.1176865e+006  4.1458680e+002
  4.0896769e+005  4.1176815e+006  4.1470910e+002
  4.0896870e+005  4.1176765e+006  4.1493020e+002
  4.0896972e+005  4.1176714e+006  4.1517310e+002
  4.0897050e+005  4.1176662e+006  4.1531910e+002
  4.0897175e+005  4.1176612e+006  4.1550190e+002
  4.0897247e+005  4.1176561e+006  4.1577930e+002
  4.0897366e+005  4.1176511e+006  4.1604250e+002
  4.0897473e+005  4.1176463e+006  4.1620140e+002
  4.0897584e+005  4.1176414e+006  4.1630590e+002
  4.0897705e+005  4.1176369e+006  4.1654090e+002
  4.0897820e+005  4.1176319e+006  4.1669230e+002
  4.0897919e+005  4.1176272e+006  4.1696140e+002
  4.0898099e+005  4.1176223e+006  4.1712120e+002
  4.0898242e+005  4.1176175e+006  4.1718570e+002
  4.0898392e+005  4.1176128e+006  4.1747020e+002
  4.0898529e+005  4.1176079e+006  4.1748350e+002
  4.0898660e+005  4.1176033e+006  4.1774970e+002
  4.0898829e+005  4.1175990e+006  4.1780740e+002
  4.0898852e+005  4.1175984e+006  4.1785860e+002
  4.0898854e+005  4.1175984e+006  4.1785250e+002
  4.0898854e+005  4.1175984e+006  4.1784430e+002
  4.0898855e+005  4.1175984e+006  4.1784860e+002
  4.0898909e+005  4.1175973e+006  4.1784690e+002
  4.0899065e+005  4.1175929e+006  4.1792760e+002
  4.0899268e+005  4.1175882e+006  4.1803250e+002
  4.0899482e+005  4.1175833e+006  4.1811010e+002
  4.0899682e+005  4.1175786e+006  4.1831530e+002
  4.0899898e+005  4.1175738e+006  4.1826340e+002
  4.0900136e+005  4.1175691e+006  4.1829570e+002
  4.0900373e+005  4.1175645e+006  4.1835340e+002
  4.0900623e+005  4.1175597e+006  4.1827480e+002
  4.0900857e+005  4.1175555e+006  4.1840830e+002
  4.0901082e+005  4.1175510e+006  4.1843900e+002
  4.0901302e+005  4.1175467e+006  4.1839460e+002
  4.0901502e+005  4.1175425e+006  4.1845000e+002
  4.0901675e+005  4.1175384e+006  4.1852610e+002
  4.0901889e+005  4.1175340e+006  4.1881420e+002
  4.0902133e+005  4.1175296e+006  4.1881040e+002
  4.0902372e+005  4.1175249e+006  4.1893620e+002
  4.0902587e+005  4.1175206e+006  4.1903300e+002
  4.0902820e+005  4.1175166e+006  4.1918210e+002
  4.0903085e+005  4.1175125e+006  4.1921500e+002
  4.0903302e+005  4.1175084e+006  4.1936260e+002
  4.0903517e+005  4.1175044e+006  4.1959170e+002
  4.0903741e+005  4.1175006e+006  4.1980320e+002
  4.0903965e+005  4.1174970e+006  4.1996800e+002
  4.0904137e+005  4.1174930e+006  4.2031480e+002
  4.0904333e+005  4.1174897e+006  4.2052220e+002
  4.0904504e+005  4.1174862e+006  4.2087420e+002
  4.0904695e+005  4.1174828e+006  4.2130070e+002
  4.0904857e+005  4.1174796e+006  4.2170040e+002
  4.0905030e+005  4.1174764e+006  4.2204750e+002
  4.0905147e+005  4.1174732e+006  4.2251140e+002
  4.0905267e+005  4.1174703e+006  4.2312560e+002
  4.0905427e+005  4.1174676e+006  4.2366120e+002
  4.0905590e+005  4.1174645e+006  4.2415390e+002
  4.0905718e+005  4.1174621e+006  4.2476020e+002
  4.0905860e+005  4.1174594e+006  4.2537520e+002
  4.0906004e+005  4.1174566e+006  4.2624880e+002
  4.0906150e+005  4.1174546e+006  4.2674760e+002
  4.0906273e+005  4.1174527e+006  4.2749190e+002
  4.0906308e+005  4.1174506e+006  4.2829350e+002
  4.0906341e+005  4.1174507e+006  4.2825800e+002
  4.0906344e+005  4.1174507e+006  4.2824880e+002
  4.0906343e+005  4.1174507e+006  4.2824570e+002
  4.0906342e+005  4.1174507e+006  4.2825020e+002
  4.0906344e+005  4.1174507e+006  4.2826000e+002
  4.0906344e+005  4.1174507e+006  4.2825930e+002
  4.0906347e+005  4.1174507e+006  4.2825810e+002
  4.0906346e+005  4.1174507e+006  4.2826030e+002
  4.0906346e+005  4.1174507e+006  4.2828470e+002
  4.0906344e+005  4.1174507e+006  4.2827150e+002
  4.0906280e+005  4.1174506e+006  4.2823110e+002
  4.0906278e+005  4.1174507e+006  4.2822920e+002
  4.0906271e+005  4.1174508e+006  4.2823650e+002
  4.0906283e+005  4.1174508e+006  4.2825710e+002
  4.0906275e+005  4.1174507e+006  4.2823550e+002
  4.0906124e+005  4.1174526e+006  4.2763180e+002
  4.0906313e+005  4.1174577e+006  4.2592320e+002
  4.0906795e+005  4.1174609e+006  4.2475120e+002
  4.0907209e+005  4.1174639e+006  4.2396080e+002
  4.0907725e+005  4.1174641e+006  4.2370180e+002
  4.0908180e+005  4.1174640e+006  4.2391460e+002
  4.0908752e+005  4.1174652e+006  4.2349190e+002
  4.0909242e+005  4.1174669e+006  4.2301950e+002
  4.0909748e+005  4.1174696e+006  4.2195840e+002
  4.0910259e+005  4.1174727e+006  4.2089530e+002
  4.0910722e+005  4.1174755e+006  4.2000820e+002
  4.0911191e+005  4.1174793e+006  4.1860330e+002
  4.0911643e+005  4.1174820e+006  4.1779380e+002
  4.0912197e+005  4.1174844e+006  4.1700290e+002
  4.0912743e+005  4.1174872e+006  4.1583610e+002
  4.0913265e+005  4.1174896e+006  4.1493710e+002
  4.0913810e+005  4.1174916e+006  4.1423020e+002
  4.0914345e+005  4.1174941e+006  4.1349040e+002
  4.0914899e+005  4.1174966e+006  4.1256970e+002
  4.0915383e+005  4.1174986e+006  4.1190490e+002
  4.0915906e+005  4.1175012e+006  4.1101320e+002
  4.0916415e+005  4.1175039e+006  4.1019810e+002
  4.0916956e+005  4.1175059e+006  4.0956500e+002
  4.0917414e+005  4.1175081e+006  4.0887170e+002
  4.0917873e+005  4.1175105e+006  4.0815040e+002
  4.0918380e+005  4.1175128e+006  4.0754180e+002
  4.0918855e+005  4.1175151e+006  4.0686080e+002
  4.0919265e+005  4.1175174e+006  4.0629340e+002
  4.0919623e+005  4.1175194e+006  4.0574510e+002
  4.0920103e+005  4.1175215e+006  4.0506610e+002
  4.0920586e+005  4.1175233e+006  4.0509020e+002
  4.0921095e+005  4.1175251e+006  4.0434020e+002
  4.0921483e+005  4.1175270e+006  4.0382120e+002
  4.0921943e+005  4.1175293e+006  4.0322770e+002
  4.0922353e+005  4.1175309e+006  4.0284750e+002
  4.0922817e+005  4.1175334e+006  4.0208120e+002
  4.0923325e+005  4.1175350e+006  4.0159290e+002
  4.0923802e+005  4.1175366e+006  4.0094070e+002
  4.0924302e+005  4.1175385e+006  4.0018090e+002
  4.0924806e+005  4.1175405e+006  3.9951140e+002
  4.0925290e+005  4.1175425e+006  3.9888460e+002
  4.0925658e+005  4.1175450e+006  3.9790970e+002
  4.0925983e+005  4.1175494e+006  3.9670730e+002
  4.0926255e+005  4.1175531e+006  3.9640120e+002
  4.0926368e+005  4.1175546e+006  3.9646360e+002
  4.0926367e+005  4.1175546e+006  3.9647110e+002
  4.0926370e+005  4.1175546e+006  3.9647260e+002
  4.0926372e+005  4.1175546e+006  3.9649560e+002
  4.0926371e+005  4.1175546e+006  3.9648990e+002
  4.0926365e+005  4.1175544e+006  3.9645280e+002
  4.0926365e+005  4.1175545e+006  3.9647860e+002
  4.0926368e+005  4.1175545e+006  3.9645950e+002
  4.0926368e+005  4.1175545e+006  3.9648750e+002
  4.0926370e+005  4.1175545e+006  3.9646990e+002
  4.0926369e+005  4.1175545e+006  3.9646350e+002
  4.0926368e+005  4.1175545e+006  3.9644440e+002
  4.1052848e+005  4.1192843e+006  7.3923000e+000
  4.1052839e+005  4.1192843e+006  6.5924000e+000
  4.1052865e+005  4.1192842e+006  6.5845000e+000
  4.1052861e+005  4.1192842e+006  6.5979000e+000
  4.1052857e+005  4.1192842e+006  6.6028000e+000
  4.1052853e+005  4.1192842e+006  6.6055000e+000
  4.1052854e+005  4.1192842e+006  6.5992000e+000
  4.1052852e+005  4.1192842e+006  6.6099000e+000
  4.1052853e+005  4.1192842e+006  6.6121000e+000
  4.1052848e+005  4.1192843e+006  6.6174000e+000
  4.1052848e+005  4.1192843e+006  6.6105000e+000
  4.1052841e+005  4.1192842e+006  6.6086000e+000
  4.1052838e+005  4.1192842e+006  6.6013000e+000
  4.1052828e+005  4.1192843e+006  6.5996000e+000
  4.1052826e+005  4.1192842e+006  6.5919000e+000
  4.1052833e+005  4.1192842e+006  6.5924000e+000
  4.1052830e+005  4.1192843e+006  6.5845000e+000
  4.1052833e+005  4.1192842e+006  6.5829000e+000
  4.1052834e+005  4.1192842e+006  6.5847000e+000
  4.1052836e+005  4.1192842e+006  6.5818000e+000
  4.1052835e+005  4.1192842e+006  6.5828000e+000
  4.1052838e+005  4.1192842e+006  6.5920000e+000
  4.1052847e+005  4.1192842e+006  6.5871000e+000
  4.1052838e+005  4.1192842e+006  6.5837000e+000
  4.1052829e+005  4.1192844e+006  6.5538000e+000
  4.1052833e+005  4.1192844e+006  6.5734000e+000
  4.1052832e+005  4.1192844e+006  6.5788000e+000
  4.1052831e+005  4.1192844e+006  6.5731000e+000
  4.1052862e+005  4.1192846e+006  6.7354000e+000
  4.1052859e+005  4.1192846e+006  6.7489000e+000
  4.1052874e+005  4.1192841e+006  7.1939000e+000
  4.1052853e+005  4.1192841e+006  7.0284000e+000
  4.1052855e+005  4.1192840e+006  7.0169000e+000
  4.1052857e+005  4.1192840e+006  7.0220000e+000
  4.1052857e+005  4.1192840e+006  7.0164000e+000
  4.1052856e+005  4.1192840e+006  7.0116000e+000
  4.1052857e+005  4.1192840e+006  7.0158000e+000
  4.1052860e+005  4.1192841e+006  7.0302000e+000
  4.1052858e+005  4.1192839e+006  7.0060000e+000
  4.1052844e+005  4.1192838e+006  6.9527000e+000
  4.1052800e+005  4.1192838e+006  7.1642000e+000
  4.1052857e+005  4.1192845e+006  6.9290000e+000
  4.1052864e+005  4.1192844e+006  6.7820000e+000
  4.1052870e+005  4.1192845e+006  6.9357000e+000
  4.1052834e+005  4.1192846e+006  7.4270000e+000
  4.1052836e+005  4.1192846e+006  7.4330000e+000
  4.1052828e+005  4.1192846e+006  7.4003000e+000
  4.1052827e+005  4.1192845e+006  7.4771000e+000
  4.1052830e+005  4.1192843e+006  7.5321000e+000
  4.1052825e+005  4.1192844e+006  7.5099000e+000
  4.1052830e+005  4.1192845e+006  7.5037000e+000
  4.1052828e+005  4.1192845e+006  7.5163000e+000
  4.1052848e+005  4.1192844e+006  7.4737000e+000
  4.1052837e+005  4.1192845e+006  7.5224000e+000
  4.1052823e+005  4.1192845e+006  7.4801000e+000
  4.1052826e+005  4.1192845e+006  7.4641000e+000
  4.1052827e+005  4.1192845e+006  7.4702000e+000
  4.1052806e+005  4.1192841e+006  7.4441000e+000
  4.1052514e+005  4.1192852e+006  7.3240000e+000
  4.1052247e+005  4.1192894e+006  7.4714000e+000
  4.1051841e+005  4.1192912e+006  7.6916000e+000
  4.1051357e+005  4.1192912e+006  7.5625000e+000
  4.1051164e+005  4.1192929e+006  7.4427000e+000
  4.1051036e+005  4.1192918e+006  7.4597000e+000
  4.1050600e+005  4.1192889e+006  7.4878000e+000
  4.1050271e+005  4.1192848e+006  7.6453000e+000
  4.1049780e+005  4.1192850e+006  7.8274000e+000
  4.1049423e+005  4.1192861e+006  8.3223000e+000
  4.1049094e+005  4.1192884e+006  8.9099000e+000
  4.1048854e+005  4.1192911e+006  9.9533000e+000
  4.1048500e+005  4.1192916e+006  1.0811500e+001
  4.1048175e+005  4.1192933e+006  1.1893400e+001
  4.1048211e+005  4.1192959e+006  1.2717000e+001
  4.1048102e+005  4.1193004e+006  1.3714500e+001
  4.1048138e+005  4.1193046e+006  1.4234400e+001
  4.1048416e+005  4.1193085e+006  1.4339800e+001
  4.1048609e+005  4.1193115e+006  1.4904900e+001
  4.1048295e+005  4.1193135e+006  1.6105900e+001
  4.1048192e+005  4.1193165e+006  1.7240000e+001
  4.1048121e+005  4.1193196e+006  1.8468200e+001
  4.1047865e+005  4.1193224e+006  1.9112500e+001
  4.1047889e+005  4.1193264e+006  2.0094600e+001
  4.1047854e+005  4.1193313e+006  2.0572300e+001
  4.1047949e+005  4.1193361e+006  2.1257800e+001
  4.1048161e+005  4.1193401e+006  2.2031400e+001
  4.1048402e+005  4.1193431e+006  2.2862100e+001
  4.1048633e+005  4.1193456e+006  2.3668100e+001
  4.1048921e+005  4.1193468e+006  2.4293400e+001
  4.1048941e+005  4.1193471e+006  2.4658100e+001
  4.1048782e+005  4.1193483e+006  2.4687400e+001
  4.1048773e+005  4.1193483e+006  2.4644100e+001
  4.1048768e+005  4.1193484e+006  2.4644600e+001
  4.1048775e+005  4.1193485e+006  2.4668200e+001
  4.1048780e+005  4.1193485e+006  2.4653100e+001
  4.1048777e+005  4.1193485e+006  2.4662600e+001
  4.1048776e+005  4.1193485e+006  2.4655700e+001
  4.1048775e+005  4.1193484e+006  2.4635700e+001
  4.1048778e+005  4.1193484e+006  2.4632200e+001
  4.1048778e+005  4.1193484e+006  2.4636800e+001
  4.1048777e+005  4.1193484e+006  2.4626100e+001
  4.1048769e+005  4.1193482e+006  2.4607500e+001
  4.1048743e+005  4.1193482e+006  2.4629300e+001
  4.1048740e+005  4.1193482e+006  2.4630800e+001
  4.1048642e+005  4.1193483e+006  2.4395000e+001
  4.1048301e+005  4.1193483e+006  2.3956500e+001
  4.1047851e+005  4.1193483e+006  2.3487900e+001
  4.1047382e+005  4.1193478e+006  2.3359900e+001
  4.1046912e+005  4.1193464e+006  2.2839400e+001
  4.1046452e+005  4.1193445e+006  2.2829100e+001
  4.1045972e+005  4.1193428e+006  2.2769500e+001
  4.1045528e+005  4.1193421e+006  2.3189000e+001
  4.1045194e+005  4.1193406e+006  2.3882200e+001
  4.1044840e+005  4.1193392e+006  2.4548100e+001
  4.1044597e+005  4.1193370e+006  2.5101400e+001
  4.1044397e+005  4.1193340e+006  2.5718700e+001
  4.1044182e+005  4.1193334e+006  2.6798200e+001
  4.1044073e+005  4.1193318e+006  2.6925100e+001
  4.1043784e+005  4.1193278e+006  2.6957300e+001
  4.1043452e+005  4.1193281e+006  2.8084800e+001
  4.1043375e+005  4.1193304e+006  2.9067400e+001
  4.1043569e+005  4.1193318e+006  2.9952000e+001
  4.1043615e+005  4.1193316e+006  3.0095500e+001
  4.1043549e+005  4.1193312e+006  2.9809000e+001
  4.1043170e+005  4.1193296e+006  2.9402000e+001
  4.1042897e+005  4.1193300e+006  3.0684400e+001
  4.1042666e+005  4.1193285e+006  3.1457400e+001
  4.1042492e+005  4.1193301e+006  3.2070800e+001
  4.1042181e+005  4.1193296e+006  3.1398600e+001
  4.1041878e+005  4.1193276e+006  3.1731000e+001
  4.1041725e+005  4.1193262e+006  3.2223400e+001
  4.1041460e+005  4.1193252e+006  3.2708600e+001
  4.1041211e+005  4.1193232e+006  3.3269100e+001
  4.1040954e+005  4.1193227e+006  3.4100000e+001
  4.1040677e+005  4.1193218e+006  3.4657100e+001
  4.1040512e+005  4.1193209e+006  3.5314200e+001
  4.1040432e+005  4.1193191e+006  3.5286700e+001
  4.1040424e+005  4.1193189e+006  3.5254600e+001
  4.1040284e+005  4.1193156e+006  3.5794000e+001
  4.1040156e+005  4.1193120e+006  3.6101900e+001
  4.1040108e+005  4.1193096e+006  3.6521800e+001
  4.1039844e+005  4.1193064e+006  3.6819400e+001
  4.1039618e+005  4.1193039e+006  3.7627100e+001
  4.1039392e+005  4.1193015e+006  3.8060700e+001
  4.1039254e+005  4.1192993e+006  3.8676000e+001
  4.1039150e+005  4.1192972e+006  3.9230300e+001
  4.1039033e+005  4.1192949e+006  3.9867300e+001
  4.1038903e+005  4.1192921e+006  4.0538500e+001
  4.1038821e+005  4.1192891e+006  4.1058300e+001
  4.1038677e+005  4.1192858e+006  4.1426800e+001
  4.1038602e+005  4.1192822e+006  4.1267000e+001
  4.1038520e+005  4.1192791e+006  4.1078000e+001
  4.1038349e+005  4.1192767e+006  4.1701900e+001
  4.1038249e+005  4.1192744e+006  4.2162000e+001
  4.1038198e+005  4.1192728e+006  4.2307400e+001
  4.1038198e+005  4.1192728e+006  4.2324500e+001
  4.1038153e+005  4.1192714e+006  4.2334900e+001
  4.1038071e+005  4.1192691e+006  4.2665200e+001
  4.1038086e+005  4.1192692e+006  4.2659000e+001
  4.1038086e+005  4.1192692e+006  4.2648500e+001
  4.1038090e+005  4.1192692e+006  4.2656400e+001
  4.1037999e+005  4.1192670e+006  4.2803800e+001
  4.1037881e+005  4.1192643e+006  4.3442400e+001
  4.1037767e+005  4.1192616e+006  4.4243900e+001
  4.1037607e+005  4.1192593e+006  4.5116500e+001
  4.1037491e+005  4.1192568e+006  4.6043900e+001
  4.1037486e+005  4.1192568e+006  4.6061800e+001
  4.1037409e+005  4.1192557e+006  4.6482300e+001
  4.1037297e+005  4.1192538e+006  4.7210800e+001
  4.1037208e+005  4.1192522e+006  4.7806400e+001
  4.1037080e+005  4.1192506e+006  4.8388300e+001
  4.1036963e+005  4.1192496e+006  4.8680300e+001
  4.1036899e+005  4.1192476e+006  4.9220700e+001
  4.1036784e+005  4.1192459e+006  4.9790400e+001
  4.1036645e+005  4.1192436e+006  5.0317400e+001
  4.1036470e+005  4.1192413e+006  5.1061200e+001
  4.1036226e+005  4.1192387e+006  5.1763100e+001
  4.1036027e+005  4.1192366e+006  5.2280500e+001
  4.1035751e+005  4.1192339e+006  5.2584000e+001
  4.1035523e+005  4.1192310e+006  5.3110900e+001
  4.1035254e+005  4.1192285e+006  5.3761000e+001
  4.1035009e+005  4.1192255e+006  5.4343500e+001
  4.1034859e+005  4.1192228e+006  5.4832300e+001
  4.1034649e+005  4.1192216e+006  5.5398800e+001
  4.1034650e+005  4.1192218e+006  5.5439100e+001
  4.1034496e+005  4.1192196e+006  5.5817600e+001
  4.1034284e+005  4.1192165e+006  5.6425800e+001
  4.1034126e+005  4.1192137e+006  5.6781700e+001
  4.1033918e+005  4.1192115e+006  5.7016500e+001
  4.1033673e+005  4.1192083e+006  5.7019100e+001
  4.1033594e+005  4.1192061e+006  5.7535500e+001
  4.1033476e+005  4.1192052e+006  5.7604100e+001
  4.1033405e+005  4.1192038e+006  5.7951400e+001
  4.1033201e+005  4.1192010e+006  5.8009700e+001
  4.1033030e+005  4.1191984e+006  5.8086100e+001
  4.1032796e+005  4.1191961e+006  5.7921800e+001
  4.1032682e+005  4.1191947e+006  5.8390200e+001
  4.1032549e+005  4.1191929e+006  5.8521200e+001
  4.1032305e+005  4.1191901e+006  5.9081200e+001
  4.1032147e+005  4.1191878e+006  5.9604500e+001
  4.1032013e+005  4.1191864e+006  6.0285200e+001
  4.1031971e+005  4.1191856e+006  6.0239300e+001
  4.1031905e+005  4.1191855e+006  6.0595900e+001
  4.1031906e+005  4.1191852e+006  6.0338800e+001
  4.1031903e+005  4.1191854e+006  6.0365300e+001
  4.1031900e+005  4.1191853e+006  6.0348600e+001
  4.1031894e+005  4.1191853e+006  6.0358500e+001
  4.1031900e+005  4.1191854e+006  6.0349900e+001
  4.1031898e+005  4.1191854e+006  6.0352400e+001
  4.1031908e+005  4.1191854e+006  6.0350900e+001
  4.1031916e+005  4.1191853e+006  6.0318700e+001
  4.1031912e+005  4.1191853e+006  6.0335600e+001
  4.1031917e+005  4.1191850e+006  6.0399700e+001
  4.1031770e+005  4.1191841e+006  6.0163700e+001
  4.1031508e+005  4.1191817e+006  6.0208600e+001
  4.1031343e+005  4.1191799e+006  5.9853100e+001
  4.1031073e+005  4.1191776e+006  5.9565400e+001
  4.1031068e+005  4.1191777e+006  5.9560900e+001
  4.1030948e+005  4.1191762e+006  5.9517200e+001
  4.1030938e+005  4.1191759e+006  5.9516300e+001
  4.1030936e+005  4.1191759e+006  5.9520300e+001
  4.1030639e+005  4.1191732e+006  5.8798900e+001
  4.1030274e+005  4.1191700e+006  5.9356000e+001
  4.1029905e+005  4.1191673e+006  6.0188300e+001
  4.1029590e+005  4.1191643e+006  6.0871600e+001
  4.1029218e+005  4.1191615e+006  6.1334600e+001
  4.1028852e+005  4.1191582e+006  6.1878500e+001
  4.1028494e+005  4.1191555e+006  6.2519000e+001
  4.1028246e+005  4.1191537e+006  6.3306700e+001
  4.1027981e+005  4.1191524e+006  6.4165100e+001
  4.1027713e+005  4.1191516e+006  6.5087500e+001
  4.1027523e+005  4.1191496e+006  6.6055800e+001
  4.1027336e+005  4.1191488e+006  6.5877900e+001
  4.1026956e+005  4.1191464e+006  6.6211300e+001
  4.1026663e+005  4.1191434e+006  6.6908800e+001
  4.1026370e+005  4.1191417e+006  6.7641600e+001
  4.1026102e+005  4.1191390e+006  6.7946600e+001
  4.1025760e+005  4.1191372e+006  6.8502700e+001
  4.1025396e+005  4.1191353e+006  6.9032000e+001
  4.1025038e+005  4.1191338e+006  6.9971900e+001
  4.1024947e+005  4.1191329e+006  7.0146700e+001
  4.1024944e+005  4.1191330e+006  7.0140000e+001
  4.1024946e+005  4.1191330e+006  7.0133100e+001
  4.1024917e+005  4.1191330e+006  7.0146200e+001
  4.1024943e+005  4.1191330e+006  7.0117800e+001
  4.1024940e+005  4.1191331e+006  7.0120000e+001
  4.1024947e+005  4.1191330e+006  7.0123400e+001
  4.1024943e+005  4.1191331e+006  7.0149000e+001
  4.1024944e+005  4.1191331e+006  7.0161800e+001
  4.1024934e+005  4.1191351e+006  7.0372500e+001
  4.1025092e+005  4.1191397e+006  6.9921000e+001
  4.1025259e+005  4.1191440e+006  6.9117600e+001
  4.1025593e+005  4.1191467e+006  6.8121300e+001
  4.1025904e+005  4.1191508e+006  6.7338400e+001
  4.1025962e+005  4.1191551e+006  6.6939100e+001
  4.1025978e+005  4.1191583e+006  6.7048800e+001
  4.1025935e+005  4.1191595e+006  6.6977100e+001
  4.1025936e+005  4.1191602e+006  6.7114100e+001
  4.1025947e+005  4.1191602e+006  6.7092300e+001
  4.1025941e+005  4.1191602e+006  6.7069400e+001
  4.1025938e+005  4.1191601e+006  6.7060500e+001
  4.1025939e+005  4.1191601e+006  6.7078000e+001
  4.1025941e+005  4.1191601e+006  6.7080300e+001
  4.1025941e+005  4.1191601e+006  6.7071200e+001
  4.1025940e+005  4.1191602e+006  6.7080000e+001
  4.1025834e+005  4.1191587e+006  6.7761900e+001
  4.1025554e+005  4.1191568e+006  6.8893100e+001
  4.1025361e+005  4.1191551e+006  6.9726000e+001
  4.1025087e+005  4.1191542e+006  7.0644400e+001
  4.1024788e+005  4.1191534e+006  7.1553300e+001
  4.1024495e+005  4.1191524e+006  7.2414900e+001
  4.1024311e+005  4.1191518e+006  7.3086700e+001
  4.1024166e+005  4.1191501e+006  7.3545200e+001
  4.1024129e+005  4.1191504e+006  7.3943800e+001
  4.1024031e+005  4.1191496e+006  7.4418700e+001
  4.1023888e+005  4.1191493e+006  7.5186600e+001
  4.1023837e+005  4.1191485e+006  7.5307000e+001
  4.1023717e+005  4.1191475e+006  7.5782800e+001
  4.1023657e+005  4.1191462e+006  7.5908500e+001
  4.1023582e+005  4.1191452e+006  7.6281800e+001
  4.1023489e+005  4.1191445e+006  7.6726800e+001
  4.1023253e+005  4.1191436e+006  7.7048000e+001
  4.1023259e+005  4.1191436e+006  7.7063900e+001
  4.1023257e+005  4.1191437e+006  7.7072200e+001
  4.1023171e+005  4.1191436e+006  7.7216300e+001
  4.1022991e+005  4.1191432e+006  7.7684400e+001
  4.1022754e+005  4.1191419e+006  7.8131800e+001
  4.1022469e+005  4.1191408e+006  7.8659100e+001
  4.1022280e+005  4.1191396e+006  7.9383400e+001
  4.1022185e+005  4.1191391e+006  7.9957600e+001
  4.1021958e+005  4.1191383e+006  8.0707600e+001
  4.1021732e+005  4.1191374e+006  8.0991300e+001
  4.1021709e+005  4.1191376e+006  8.1064900e+001
  4.1021592e+005  4.1191366e+006  8.1349600e+001
  4.1021413e+005  4.1191353e+006  8.2258400e+001
  4.1021358e+005  4.1191342e+006  8.2626300e+001
  4.1021257e+005  4.1191333e+006  8.3195100e+001
  4.1021170e+005  4.1191328e+006  8.3814400e+001
  4.1021011e+005  4.1191310e+006  8.4331800e+001
  4.1020811e+005  4.1191300e+006  8.4976200e+001
  4.1020581e+005  4.1191288e+006  8.5402000e+001
  4.1020309e+005  4.1191277e+006  8.5760400e+001
  4.1020050e+005  4.1191267e+006  8.6230600e+001
  4.1019803e+005  4.1191247e+006  8.6771100e+001
  4.1019669e+005  4.1191218e+006  8.7506800e+001
  4.1019432e+005  4.1191205e+006  8.8262600e+001
  4.1019197e+005  4.1191176e+006  8.8963900e+001
  4.1019061e+005  4.1191154e+006  8.9620900e+001
  4.1018888e+005  4.1191127e+006  9.0146200e+001
  4.1018725e+005  4.1191104e+006  9.0670400e+001
  4.1018581e+005  4.1191086e+006  9.1475400e+001
  4.1018464e+005  4.1191069e+006  9.1695300e+001
  4.1018261e+005  4.1191048e+006  9.2377000e+001
  4.1018097e+005  4.1191037e+006  9.2706900e+001
  4.1018002e+005  4.1191022e+006  9.2960600e+001
  4.1017757e+005  4.1191005e+006  9.3870000e+001
  4.1017533e+005  4.1190987e+006  9.4656700e+001
  4.1017297e+005  4.1190968e+006  9.5712200e+001
  4.1017006e+005  4.1190957e+006  9.6677600e+001
  4.1016783e+005  4.1190938e+006  9.7478300e+001
  4.1016565e+005  4.1190918e+006  9.8069600e+001
  4.1016398e+005  4.1190907e+006  9.8848500e+001
  4.1016381e+005  4.1190902e+006  9.9035200e+001
  4.1016179e+005  4.1190889e+006  9.9944700e+001
  4.1015917e+005  4.1190889e+006  1.0087940e+002
  4.1015861e+005  4.1190882e+006  1.0091960e+002
  4.1015769e+005  4.1190876e+006  1.0178580e+002
  4.1015544e+005  4.1190859e+006  1.0247410e+002
  4.1015402e+005  4.1190846e+006  1.0357030e+002
  4.1015207e+005  4.1190839e+006  1.0459860e+002
  4.1014984e+005  4.1190831e+006  1.0549690e+002
  4.1014691e+005  4.1190820e+006  1.0636500e+002
  4.1014452e+005  4.1190803e+006  1.0724770e+002
  4.1014265e+005  4.1190783e+006  1.0807450e+002
  4.1014057e+005  4.1190756e+006  1.0786940e+002
  4.1013940e+005  4.1190715e+006  1.0784600e+002
  4.1013794e+005  4.1190704e+006  1.0805970e+002
  4.1013512e+005  4.1190689e+006  1.0878040e+002
  4.1013258e+005  4.1190671e+006  1.0926890e+002
  4.1013035e+005  4.1190649e+006  1.0958270e+002
  4.1012799e+005  4.1190625e+006  1.0974500e+002
  4.1012525e+005  4.1190610e+006  1.1042810e+002
  4.1012454e+005  4.1190607e+006  1.1070050e+002
  4.1012480e+005  4.1190607e+006  1.1066070e+002
  4.1012245e+005  4.1190593e+006  1.1151570e+002
  4.1012114e+005  4.1190583e+006  1.1181690e+002
  4.1011862e+005  4.1190568e+006  1.1260130e+002
  4.1011541e+005  4.1190555e+006  1.1328300e+002
  4.1011290e+005  4.1190537e+006  1.1387920e+002
  4.1010967e+005  4.1190522e+006  1.1463070e+002
  4.1010702e+005  4.1190506e+006  1.1544630e+002
  4.1010470e+005  4.1190490e+006  1.1620740e+002
  4.1010300e+005  4.1190472e+006  1.1716530e+002
  4.1010060e+005  4.1190462e+006  1.1794840e+002
  4.1009778e+005  4.1190456e+006  1.1878540e+002
  4.1009459e+005  4.1190451e+006  1.1968110e+002
  4.1009265e+005  4.1190449e+006  1.2038940e+002
  4.1009023e+005  4.1190450e+006  1.2121220e+002
  4.1008992e+005  4.1190447e+006  1.2138370e+002
  4.1008991e+005  4.1190448e+006  1.2137850e+002
  4.1008990e+005  4.1190447e+006  1.2138050e+002
  4.1008817e+005  4.1190446e+006  1.2190250e+002
  4.1008555e+005  4.1190454e+006  1.2283850e+002
  4.1008495e+005  4.1190451e+006  1.2339190e+002
  4.1008502e+005  4.1190452e+006  1.2341700e+002
  4.1008507e+005  4.1190451e+006  1.2338380e+002
  4.1008502e+005  4.1190450e+006  1.2337590e+002
  4.1008490e+005  4.1190450e+006  1.2337290e+002
  4.1008499e+005  4.1190450e+006  1.2337400e+002
  4.1008502e+005  4.1190451e+006  1.2336950e+002
  4.1008500e+005  4.1190452e+006  1.2339150e+002
  4.1008500e+005  4.1190452e+006  1.2337850e+002
  4.1008501e+005  4.1190452e+006  1.2337540e+002
  4.1008500e+005  4.1190451e+006  1.2337360e+002
  4.1008497e+005  4.1190452e+006  1.2338260e+002
  4.1008497e+005  4.1190452e+006  1.2337780e+002
  4.1008498e+005  4.1190452e+006  1.2338880e+002
  4.1008497e+005  4.1190451e+006  1.2339280e+002
  4.1008497e+005  4.1190451e+006  1.2338090e+002
  4.1008489e+005  4.1190451e+006  1.2339420e+002
  4.1008493e+005  4.1190450e+006  1.2337040e+002
  4.1008490e+005  4.1190452e+006  1.2339820e+002
  4.1008494e+005  4.1190451e+006  1.2338800e+002
  4.1008472e+005  4.1190453e+006  1.2348460e+002
  4.1008467e+005  4.1190452e+006  1.2347310e+002
  4.1008468e+005  4.1190452e+006  1.2349000e+002
  4.1008469e+005  4.1190452e+006  1.2349090e+002
  4.1008471e+005  4.1190452e+006  1.2348650e+002
  4.1008472e+005  4.1190453e+006  1.2350000e+002
  4.1008403e+005  4.1190447e+006  1.2380860e+002
  4.1008207e+005  4.1190448e+006  1.2483640e+002
  4.1008040e+005  4.1190441e+006  1.2559440e+002
  4.1007885e+005  4.1190451e+006  1.2638280e+002
  4.1007858e+005  4.1190448e+006  1.2664640e+002
  4.1007862e+005  4.1190449e+006  1.2663970e+002
  4.1007796e+005  4.1190445e+006  1.2686080e+002
  4.1007634e+005  4.1190440e+006  1.2757470e+002
  4.1007531e+005  4.1190439e+006  1.2839010e+002
  4.1007474e+005  4.1190441e+006  1.2855720e+002
  4.1007382e+005  4.1190447e+006  1.2925250e+002
  4.1007245e+005  4.1190443e+006  1.2999700e+002
  4.1007118e+005  4.1190448e+006  1.3059800e+002
  4.1007003e+005  4.1190450e+006  1.3163160e+002
  4.1006970e+005  4.1190454e+006  1.3194630e+002
  4.1006927e+005  4.1190453e+006  1.3196230e+002
  4.1006854e+005  4.1190458e+006  1.3281150e+002
  4.1006784e+005  4.1190460e+006  1.3313670e+002
  4.1006651e+005  4.1190456e+006  1.3399360e+002
  4.1006595e+005  4.1190459e+006  1.3450490e+002
  4.1006533e+005  4.1190461e+006  1.3486770e+002
  4.1006448e+005  4.1190467e+006  1.3541490e+002
  4.1006458e+005  4.1190465e+006  1.3543950e+002
  4.1006399e+005  4.1190463e+006  1.3565670e+002
  4.1006236e+005  4.1190459e+006  1.3644190e+002
  4.1006219e+005  4.1190463e+006  1.3702920e+002
  4.1006214e+005  4.1190463e+006  1.3698520e+002
  4.1006099e+005  4.1190465e+006  1.3743950e+002
  4.1005993e+005  4.1190468e+006  1.3807680e+002
  4.1005784e+005  4.1190465e+006  1.3913640e+002
  4.1005738e+005  4.1190467e+006  1.3900790e+002
  4.1005755e+005  4.1190468e+006  1.3938820e+002
  4.1005755e+005  4.1190468e+006  1.3937810e+002
  4.1005679e+005  4.1190473e+006  1.3972090e+002
  4.1005577e+005  4.1190478e+006  1.4051420e+002
  4.1005481e+005  4.1190475e+006  1.4137070e+002
  4.1005370e+005  4.1190477e+006  1.4195490e+002
  4.1005335e+005  4.1190480e+006  1.4210010e+002
  4.1005198e+005  4.1190484e+006  1.4266350e+002
  4.1005156e+005  4.1190483e+006  1.4299590e+002
  4.1005022e+005  4.1190485e+006  1.4377960e+002
  4.1004921e+005  4.1190492e+006  1.4446970e+002
  4.1004837e+005  4.1190499e+006  1.4485610e+002
  4.1004737e+005  4.1190498e+006  1.4563820e+002
  4.1004617e+005  4.1190496e+006  1.4640260e+002
  4.1004594e+005  4.1190495e+006  1.4666160e+002
  4.1004471e+005  4.1190502e+006  1.4735510e+002
  4.1004311e+005  4.1190498e+006  1.4827190e+002
  4.1004202e+005  4.1190493e+006  1.4880920e+002
  4.1004014e+005  4.1190496e+006  1.4989980e+002
  4.1003829e+005  4.1190490e+006  1.5067260e+002
  4.1003697e+005  4.1190492e+006  1.5140510e+002
  4.1003560e+005  4.1190502e+006  1.5214010e+002
  4.1003460e+005  4.1190491e+006  1.5283970e+002
  4.1003324e+005  4.1190495e+006  1.5362460e+002
  4.1003217e+005  4.1190500e+006  1.5422150e+002
  4.1003133e+005  4.1190504e+006  1.5488410e+002
  4.1003017e+005  4.1190500e+006  1.5538220e+002
  4.1002910e+005  4.1190501e+006  1.5603120e+002
  4.1002867e+005  4.1190502e+006  1.5645920e+002
  4.1002871e+005  4.1190504e+006  1.5648560e+002
  4.1002761e+005  4.1190501e+006  1.5698640e+002
  4.1002640e+005  4.1190503e+006  1.5779640e+002
  4.1002559e+005  4.1190500e+006  1.5823030e+002
  4.1002561e+005  4.1190500e+006  1.5817930e+002
  4.1002564e+005  4.1190501e+006  1.5817860e+002
  4.1002564e+005  4.1190500e+006  1.5816400e+002
  4.1002564e+005  4.1190500e+006  1.5815870e+002
  4.1002563e+005  4.1190500e+006  1.5814860e+002
  4.1002568e+005  4.1190500e+006  1.5814590e+002
  4.1002565e+005  4.1190501e+006  1.5815200e+002
  4.1002517e+005  4.1190500e+006  1.5841460e+002
  4.1002519e+005  4.1190500e+006  1.5840450e+002
  4.1002517e+005  4.1190500e+006  1.5842680e+002
  4.1002419e+005  4.1190505e+006  1.5883320e+002
  4.1002264e+005  4.1190514e+006  1.5981350e+002
  4.1002152e+005  4.1190524e+006  1.6079510e+002
  4.1002145e+005  4.1190523e+006  1.6075370e+002
  4.1002007e+005  4.1190522e+006  1.6138160e+002
  4.1001868e+005  4.1190528e+006  1.6217090e+002
  4.1001781e+005  4.1190538e+006  1.6278140e+002
  4.1001654e+005  4.1190532e+006  1.6338790e+002
  4.1001490e+005  4.1190531e+006  1.6430310e+002
  4.1001467e+005  4.1190530e+006  1.6445060e+002
  4.1001462e+005  4.1190530e+006  1.6442080e+002
  4.1001465e+005  4.1190530e+006  1.6445120e+002
  4.1001466e+005  4.1190530e+006  1.6444620e+002
  4.1001464e+005  4.1190530e+006  1.6445710e+002
  4.1001456e+005  4.1190529e+006  1.6444770e+002
  4.1001433e+005  4.1190529e+006  1.6444220e+002
  4.1001233e+005  4.1190538e+006  1.6561130e+002
  4.1001038e+005  4.1190539e+006  1.6665980e+002
  4.1000865e+005  4.1190545e+006  1.6762530e+002
  4.1000737e+005  4.1190550e+006  1.6850590e+002
  4.1000700e+005  4.1190566e+006  1.6917310e+002
  4.1000605e+005  4.1190569e+006  1.7002810e+002
  4.1000457e+005  4.1190567e+006  1.7059190e+002
  4.1000370e+005  4.1190578e+006  1.7124770e+002
  4.1000263e+005  4.1190580e+006  1.7218070e+002
  4.1000110e+005  4.1190572e+006  1.7290210e+002
  4.1000008e+005  4.1190586e+006  1.7358950e+002
  4.0999941e+005  4.1190592e+006  1.7426830e+002
  4.0999892e+005  4.1190586e+006  1.7471940e+002
  4.0999835e+005  4.1190585e+006  1.7501670e+002
  4.0999763e+005  4.1190586e+006  1.7537330e+002
  4.0999577e+005  4.1190588e+006  1.7634670e+002
  4.0999525e+005  4.1190595e+006  1.7673780e+002
  4.0999458e+005  4.1190595e+006  1.7720220e+002
  4.0999335e+005  4.1190603e+006  1.7809530e+002
  4.0999206e+005  4.1190608e+006  1.7884970e+002
  4.0999054e+005  4.1190609e+006  1.7959520e+002
  4.0999038e+005  4.1190617e+006  1.8021850e+002
  4.0999033e+005  4.1190617e+006  1.8020010e+002
  4.0999035e+005  4.1190617e+006  1.8021090e+002
  4.0999036e+005  4.1190617e+006  1.8019980e+002
  4.0999038e+005  4.1190617e+006  1.8019760e+002
  4.0999040e+005  4.1190618e+006  1.8020370e+002
  4.0999038e+005  4.1190618e+006  1.8020740e+002
  4.0999039e+005  4.1190618e+006  1.8021600e+002
  4.0999039e+005  4.1190618e+006  1.8020560e+002
  4.0999038e+005  4.1190618e+006  1.8021460e+002
  4.0998959e+005  4.1190620e+006  1.8039750e+002
  4.0998816e+005  4.1190623e+006  1.8110530e+002
  4.0998732e+005  4.1190634e+006  1.8193760e+002
  4.0998592e+005  4.1190641e+006  1.8277040e+002
  4.0998434e+005  4.1190644e+006  1.8367570e+002
  4.0998346e+005  4.1190650e+006  1.8436610e+002
  4.0998312e+005  4.1190663e+006  1.8476470e+002
  4.0998134e+005  4.1190664e+006  1.8565010e+002
  4.0998019e+005  4.1190670e+006  1.8658750e+002
  4.0997942e+005  4.1190669e+006  1.8694670e+002
  4.0997892e+005  4.1190684e+006  1.8770510e+002
  4.0997768e+005  4.1190689e+006  1.8839040e+002
  4.0997610e+005  4.1190694e+006  1.8954860e+002
  4.0997532e+005  4.1190704e+006  1.9013480e+002
  4.0997459e+005  4.1190714e+006  1.9110840e+002
  4.0997339e+005  4.1190728e+006  1.9184010e+002
  4.0997263e+005  4.1190737e+006  1.9262680e+002
  4.0997114e+005  4.1190740e+006  1.9344310e+002
  4.0997030e+005  4.1190750e+006  1.9406860e+002
  4.0996880e+005  4.1190758e+006  1.9512720e+002
  4.0996829e+005  4.1190765e+006  1.9569040e+002
  4.0996760e+005  4.1190778e+006  1.9652070e+002
  4.0996632e+005  4.1190780e+006  1.9742810e+002
  4.0996501e+005  4.1190782e+006  1.9812370e+002
  4.0996407e+005  4.1190781e+006  1.9879810e+002
  4.0996411e+005  4.1190781e+006  1.9880240e+002
  4.0996420e+005  4.1190781e+006  1.9880860e+002
  4.0996423e+005  4.1190781e+006  1.9878550e+002
  4.0996425e+005  4.1190781e+006  1.9880060e+002
  4.0996424e+005  4.1190781e+006  1.9878400e+002
  4.0996423e+005  4.1190781e+006  1.9878550e+002
  4.0996411e+005  4.1190780e+006  1.9876740e+002
  4.0996398e+005  4.1190781e+006  1.9875600e+002
  4.0996391e+005  4.1190787e+006  1.9902430e+002
  4.0996394e+005  4.1190788e+006  1.9907740e+002
  4.0996400e+005  4.1190786e+006  1.9904020e+002
  4.0996403e+005  4.1190786e+006  1.9903730e+002
  4.0996476e+005  4.1190799e+006  1.9896880e+002
  4.0996584e+005  4.1190823e+006  1.9912190e+002
  4.0996709e+005  4.1190848e+006  1.9915460e+002
  4.0996817e+005  4.1190873e+006  1.9912740e+002
  4.0996882e+005  4.1190896e+006  1.9893220e+002
  4.0996983e+005  4.1190921e+006  1.9900440e+002
  4.0997071e+005  4.1190943e+006  1.9891050e+002
  4.0997121e+005  4.1190956e+006  1.9875440e+002
  4.0997164e+005  4.1190980e+006  1.9890690e+002
  4.0997152e+005  4.1190997e+006  1.9919120e+002
  4.0997196e+005  4.1191014e+006  1.9931330e+002
  4.0997201e+005  4.1191013e+006  1.9928540e+002
  4.0997206e+005  4.1191013e+006  1.9929870e+002
  4.0997203e+005  4.1191013e+006  1.9930240e+002
  4.0997200e+005  4.1191013e+006  1.9930500e+002
  4.0997202e+005  4.1191013e+006  1.9932220e+002
  4.0997202e+005  4.1191013e+006  1.9930530e+002
  4.0997200e+005  4.1191013e+006  1.9929690e+002
  4.0997211e+005  4.1191014e+006  1.9928390e+002
  4.0997211e+005  4.1191014e+006  1.9922300e+002
  4.0997242e+005  4.1191017e+006  1.9910520e+002
  4.0997245e+005  4.1191017e+006  1.9908890e+002
  4.0997241e+005  4.1191016e+006  1.9909240e+002
  4.0997241e+005  4.1191017e+006  1.9909940e+002
  4.0997244e+005  4.1191017e+006  1.9908530e+002
  4.0997238e+005  4.1191017e+006  1.9908840e+002
  4.0997240e+005  4.1191017e+006  1.9904260e+002
  4.0997357e+005  4.1191009e+006  1.9819730e+002
  4.0997531e+005  4.1191009e+006  1.9721170e+002
  4.0997582e+005  4.1191006e+006  1.9680180e+002
  4.0997732e+005  4.1191011e+006  1.9587590e+002
  4.0997919e+005  4.1191015e+006  1.9496530e+002
  4.0998100e+005  4.1191012e+006  1.9370860e+002
  4.0998295e+005  4.1191011e+006  1.9251810e+002
  4.0998506e+005  4.1191008e+006  1.9125410e+002
  4.0998694e+005  4.1191001e+006  1.9015820e+002
  4.0998824e+005  4.1190997e+006  1.8907960e+002
  4.0999052e+005  4.1191003e+006  1.8769430e+002
  4.0999206e+005  4.1191007e+006  1.8667590e+002
  4.0999410e+005  4.1191005e+006  1.8549670e+002
  4.0999579e+005  4.1191002e+006  1.8449320e+002
  4.0999763e+005  4.1190998e+006  1.8346520e+002
  4.0999917e+005  4.1190997e+006  1.8254240e+002
  4.1000152e+005  4.1191002e+006  1.8109360e+002
  4.1000358e+005  4.1191010e+006  1.7978270e+002
  4.1000503e+005  4.1191013e+006  1.7894160e+002
  4.1000683e+005  4.1191023e+006  1.7788960e+002
  4.1000872e+005  4.1191019e+006  1.7668000e+002
  4.1001059e+005  4.1191015e+006  1.7566270e+002
  4.1001282e+005  4.1191010e+006  1.7450480e+002
  4.1001522e+005  4.1191011e+006  1.7320510e+002
  4.1001746e+005  4.1191010e+006  1.7189010e+002
  4.1001926e+005  4.1191015e+006  1.7057890e+002
  4.1002142e+005  4.1191020e+006  1.6944270e+002
  4.1002330e+005  4.1191038e+006  1.6815040e+002
  4.1002604e+005  4.1191026e+006  1.6686650e+002
  4.1002810e+005  4.1191018e+006  1.6558890e+002
  4.1002938e+005  4.1191010e+006  1.6479790e+002
  4.1003021e+005  4.1191013e+006  1.6432460e+002
  4.1003303e+005  4.1191024e+006  1.6269310e+002
  4.1003589e+005  4.1191021e+006  1.6119220e+002
  4.1003810e+005  4.1191017e+006  1.5997370e+002
  4.1004048e+005  4.1191027e+006  1.5878800e+002
  4.1004364e+005  4.1191019e+006  1.5716690e+002
  4.1004673e+005  4.1191019e+006  1.5567470e+002
  4.1005039e+005  4.1191019e+006  1.5432040e+002
  4.1005335e+005  4.1191035e+006  1.5292140e+002
  4.1005644e+005  4.1191039e+006  1.5148770e+002
  4.1005942e+005  4.1191055e+006  1.5014070e+002
  4.1006264e+005  4.1191060e+006  1.4862890e+002
  4.1006616e+005  4.1191073e+006  1.4711260e+002
  4.1007030e+005  4.1191075e+006  1.4550280e+002
  4.1007411e+005  4.1191093e+006  1.4429280e+002
  4.1007846e+005  4.1191089e+006  1.4256590e+002
  4.1008227e+005  4.1191105e+006  1.4118420e+002
  4.1008499e+005  4.1191120e+006  1.4050500e+002
  4.1008725e+005  4.1191129e+006  1.3967620e+002
  4.1008989e+005  4.1191147e+006  1.3864550e+002
  4.1009188e+005  4.1191149e+006  1.3802880e+002
  4.1009235e+005  4.1191152e+006  1.3777050e+002
  4.1009550e+005  4.1191148e+006  1.3645840e+002
  4.1009836e+005  4.1191161e+006  1.3493950e+002
  4.1010124e+005  4.1191152e+006  1.3363500e+002
  4.1010478e+005  4.1191142e+006  1.3181600e+002
  4.1010844e+005  4.1191134e+006  1.3028440e+002
  4.1011330e+005  4.1191131e+006  1.2879310e+002
  4.1011684e+005  4.1191121e+006  1.2781430e+002
  4.1011749e+005  4.1191121e+006  1.2777820e+002
  4.1011726e+005  4.1191121e+006  1.2778870e+002
  4.1011726e+005  4.1191121e+006  1.2779760e+002
  4.1011727e+005  4.1191122e+006  1.2778650e+002
  4.1011717e+005  4.1191121e+006  1.2780690e+002
  4.1011720e+005  4.1191121e+006  1.2781330e+002
  4.1011723e+005  4.1191121e+006  1.2781170e+002
  4.1011727e+005  4.1191121e+006  1.2781050e+002
  4.1011730e+005  4.1191122e+006  1.2779970e+002
  4.1011725e+005  4.1191120e+006  1.2781400e+002
  4.1011569e+005  4.1191101e+006  1.2719450e+002
  4.1011761e+005  4.1191084e+006  1.2570550e+002
  4.1012023e+005  4.1191065e+006  1.2370670e+002
  4.1012323e+005  4.1191052e+006  1.2164620e+002
  4.1012616e+005  4.1191034e+006  1.1947730e+002
  4.1012909e+005  4.1191017e+006  1.1735010e+002
  4.1013271e+005  4.1191001e+006  1.1493980e+002
  4.1013641e+005  4.1190985e+006  1.1251100e+002
  4.1013994e+005  4.1190964e+006  1.1022950e+002
  4.1014335e+005  4.1190948e+006  1.0818380e+002
  4.1014601e+005  4.1190948e+006  1.0684730e+002
  4.1014779e+005  4.1190921e+006  1.0568380e+002
  4.1015074e+005  4.1190890e+006  1.0386010e+002
  4.1015480e+005  4.1190868e+006  1.0289350e+002
  4.1015544e+005  4.1190863e+006  1.0278300e+002
  4.1015535e+005  4.1190864e+006  1.0276180e+002
  4.1015536e+005  4.1190864e+006  1.0276290e+002
  4.1015537e+005  4.1190864e+006  1.0276510e+002
  4.1015537e+005  4.1190864e+006  1.0277040e+002
  4.1118186e+005  4.1184211e+006  9.8899000e+000
  4.1118186e+005  4.1184211e+006  9.8902000e+000
  4.1118186e+005  4.1184211e+006  9.9011000e+000
  4.1118186e+005  4.1184211e+006  9.8897000e+000
  4.1118186e+005  4.1184211e+006  9.8896000e+000
  4.1118127e+005  4.1184212e+006  1.0288200e+001
  4.1118111e+005  4.1184210e+006  1.0201400e+001
  4.1118108e+005  4.1184210e+006  1.0202700e+001
  4.1118109e+005  4.1184210e+006  1.0205900e+001
  4.1118107e+005  4.1184210e+006  1.0203400e+001
  4.1118106e+005  4.1184210e+006  1.0192700e+001
  4.1118110e+005  4.1184210e+006  1.0793200e+001
  4.1118088e+005  4.1184208e+006  1.0839200e+001
  4.1118111e+005  4.1184210e+006  1.0953800e+001
  4.1118118e+005  4.1184211e+006  1.0970400e+001
  4.1118092e+005  4.1184211e+006  1.0683100e+001
  4.1118104e+005  4.1184210e+006  1.0498300e+001
  4.1118085e+005  4.1184211e+006  1.0507500e+001
  4.1118088e+005  4.1184210e+006  1.0490000e+001
  4.1118042e+005  4.1184212e+006  1.1266500e+001
  4.1117917e+005  4.1184203e+006  1.1506700e+001
  4.1117961e+005  4.1184203e+006  1.1513200e+001
  4.1117981e+005  4.1184203e+006  1.1476500e+001
  4.1117983e+005  4.1184203e+006  1.1465700e+001
  4.1117983e+005  4.1184202e+006  1.1478300e+001
  4.1117983e+005  4.1184205e+006  1.1430000e+001
  4.1117980e+005  4.1184205e+006  1.1426900e+001
  4.1117986e+005  4.1184203e+006  1.1440100e+001
  4.1117978e+005  4.1184201e+006  1.1439700e+001
  4.1117969e+005  4.1184201e+006  1.1437300e+001
  4.1117967e+005  4.1184199e+006  1.1413100e+001
  4.1118009e+005  4.1184199e+006  1.1279600e+001
  4.1117923e+005  4.1184202e+006  1.1537300e+001
  4.1117928e+005  4.1184203e+006  1.1497800e+001
  4.1117971e+005  4.1184202e+006  1.1468400e+001
  4.1117967e+005  4.1184202e+006  1.1508000e+001
  4.1117970e+005  4.1184202e+006  1.1495400e+001
  4.1117932e+005  4.1184202e+006  1.1526300e+001
  4.1117780e+005  4.1184213e+006  1.1657900e+001
  4.1117461e+005  4.1184203e+006  1.2092000e+001
  4.1117193e+005  4.1184197e+006  1.2609700e+001
  4.1117156e+005  4.1184196e+006  1.2898900e+001
  4.1117139e+005  4.1184193e+006  1.2868400e+001
  4.1116882e+005  4.1184190e+006  1.3582900e+001
  4.1116691e+005  4.1184186e+006  1.4749400e+001
  4.1116397e+005  4.1184179e+006  1.5531900e+001
  4.1116178e+005  4.1184177e+006  1.5675600e+001
  4.1115858e+005  4.1184176e+006  1.5740600e+001
  4.1115530e+005  4.1184177e+006  1.6027100e+001
  4.1115304e+005  4.1184193e+006  1.6577900e+001
  4.1115207e+005  4.1184186e+006  1.7264100e+001
  4.1115219e+005  4.1184165e+006  1.8029900e+001
  4.1115002e+005  4.1184155e+006  1.8884800e+001
  4.1114855e+005  4.1184150e+006  1.8849500e+001
  4.1114677e+005  4.1184130e+006  1.8942400e+001
  4.1114497e+005  4.1184114e+006  1.9077700e+001
  4.1114252e+005  4.1184112e+006  1.9711600e+001
  4.1114074e+005  4.1184108e+006  2.0407700e+001
  4.1113912e+005  4.1184100e+006  2.0871400e+001
  4.1113754e+005  4.1184091e+006  2.1206000e+001
  4.1113716e+005  4.1184095e+006  2.1424100e+001
  4.1113475e+005  4.1184088e+006  2.2060500e+001
  4.1113234e+005  4.1184079e+006  2.3020600e+001
  4.1112955e+005  4.1184083e+006  2.3718300e+001
  4.1112825e+005  4.1184089e+006  2.4281100e+001
  4.1112580e+005  4.1184086e+006  2.5113500e+001
  4.1112413e+005  4.1184091e+006  2.5863300e+001
  4.1112223e+005  4.1184077e+006  2.6486300e+001
  4.1111955e+005  4.1184065e+006  2.7260900e+001
  4.1111680e+005  4.1184056e+006  2.8002700e+001
  4.1111378e+005  4.1184047e+006  2.8678400e+001
  4.1111177e+005  4.1184044e+006  2.9256300e+001
  4.1110952e+005  4.1184050e+006  2.9905100e+001
  4.1110907e+005  4.1184042e+006  3.0189600e+001
  4.1110669e+005  4.1184038e+006  3.0804500e+001
  4.1110534e+005  4.1184028e+006  3.1334200e+001
  4.1110340e+005  4.1184028e+006  3.2200400e+001
  4.1110103e+005  4.1184023e+006  3.2752800e+001
  4.1109854e+005  4.1184021e+006  3.3474400e+001
  4.1109722e+005  4.1183992e+006  3.3899200e+001
  4.1109483e+005  4.1183974e+006  3.4819000e+001
  4.1109383e+005  4.1183954e+006  3.5776300e+001
  4.1109205e+005  4.1183934e+006  3.6488800e+001
  4.1108878e+005  4.1183918e+006  3.6871800e+001
  4.1108595e+005  4.1183919e+006  3.7606300e+001
  4.1108297e+005  4.1183911e+006  3.8301700e+001
  4.1107918e+005  4.1183918e+006  3.8876800e+001
  4.1107567e+005  4.1183909e+006  3.8907400e+001
  4.1107120e+005  4.1183902e+006  3.8777800e+001
  4.1106679e+005  4.1183905e+006  3.8971400e+001
  4.1106396e+005  4.1183886e+006  3.9915000e+001
  4.1105987e+005  4.1183881e+006  4.0264600e+001
  4.1105587e+005  4.1183885e+006  4.0384100e+001
  4.1105303e+005  4.1183889e+006  4.0493100e+001
  4.1105024e+005  4.1183881e+006  4.0795700e+001
  4.1104795e+005  4.1183883e+006  4.1563600e+001
  4.1104491e+005  4.1183880e+006  4.1922400e+001
  4.1104171e+005  4.1183871e+006  4.2524000e+001
  4.1103812e+005  4.1183877e+006  4.2975000e+001
  4.1103482e+005  4.1183879e+006  4.3591300e+001
  4.1103239e+005  4.1183881e+006  4.4284800e+001
  4.1102886e+005  4.1183874e+006  4.4563800e+001
  4.1102532e+005  4.1183879e+006  4.5060500e+001
  4.1102219e+005  4.1183877e+006  4.5615300e+001
  4.1101894e+005  4.1183876e+006  4.6002400e+001
  4.1101603e+005  4.1183878e+006  4.6482900e+001
  4.1101187e+005  4.1183879e+006  4.7005000e+001
  4.1100851e+005  4.1183878e+006  4.7594800e+001
  4.1100583e+005  4.1183881e+006  4.8263100e+001
  4.1100292e+005  4.1183876e+006  4.8858000e+001
  4.1099980e+005  4.1183874e+006  4.9405100e+001
  4.1099683e+005  4.1183872e+006  4.9980100e+001
  4.1099358e+005  4.1183876e+006  5.0514700e+001
  4.1099094e+005  4.1183880e+006  5.1013000e+001
  4.1098799e+005  4.1183878e+006  5.1406200e+001
  4.1098534e+005  4.1183880e+006  5.2073600e+001
  4.1098244e+005  4.1183880e+006  5.2445700e+001
  4.1097985e+005  4.1183881e+006  5.3150200e+001
  4.1097707e+005  4.1183875e+006  5.3748200e+001
  4.1097508e+005  4.1183872e+006  5.4495800e+001
  4.1097274e+005  4.1183866e+006  5.5230200e+001
  4.1097025e+005  4.1183862e+006  5.5942900e+001
  4.1096857e+005  4.1183853e+006  5.6463000e+001
  4.1096628e+005  4.1183843e+006  5.7184900e+001
  4.1096362e+005  4.1183841e+006  5.7671900e+001
  4.1096122e+005  4.1183839e+006  5.8100000e+001
  4.1095880e+005  4.1183836e+006  5.8539500e+001
  4.1095569e+005  4.1183826e+006  5.8716100e+001
  4.1095271e+005  4.1183824e+006  5.9384700e+001
  4.1095075e+005  4.1183822e+006  5.9976300e+001
  4.1094821e+005  4.1183817e+006  6.0524800e+001
  4.1094530e+005  4.1183809e+006  6.0726900e+001
  4.1094269e+005  4.1183805e+006  6.1047700e+001
  4.1093944e+005  4.1183801e+006  6.1563200e+001
  4.1093687e+005  4.1183788e+006  6.2141100e+001
  4.1093404e+005  4.1183782e+006  6.2693100e+001
  4.1093176e+005  4.1183774e+006  6.3263400e+001
  4.1093014e+005  4.1183759e+006  6.3950600e+001
  4.1092747e+005  4.1183749e+006  6.4673900e+001
  4.1092599e+005  4.1183739e+006  6.5243300e+001
  4.1092314e+005  4.1183729e+006  6.5833700e+001
  4.1092015e+005  4.1183717e+006  6.5998900e+001
  4.1091731e+005  4.1183704e+006  6.6400700e+001
  4.1091466e+005  4.1183690e+006  6.6542100e+001
  4.1091220e+005  4.1183685e+006  6.6600100e+001
  4.1090906e+005  4.1183672e+006  6.6731500e+001
  4.1090615e+005  4.1183658e+006  6.6922100e+001
  4.1090355e+005  4.1183649e+006  6.6962500e+001
  4.1090042e+005  4.1183638e+006  6.6962700e+001
  4.1089749e+005  4.1183629e+006  6.7046600e+001
  4.1089432e+005  4.1183619e+006  6.7246000e+001
  4.1089054e+005  4.1183606e+006  6.7161100e+001
  4.1088722e+005  4.1183593e+006  6.7297300e+001
  4.1088459e+005  4.1183572e+006  6.7443700e+001
  4.1088170e+005  4.1183561e+006  6.7488600e+001
  4.1087894e+005  4.1183546e+006  6.7822200e+001
  4.1087589e+005  4.1183534e+006  6.8024100e+001
  4.1087363e+005  4.1183524e+006  6.7741500e+001
  4.1087022e+005  4.1183511e+006  6.7850000e+001
  4.1086722e+005  4.1183503e+006  6.7747700e+001
  4.1086449e+005  4.1183492e+006  6.7972200e+001
  4.1086139e+005  4.1183476e+006  6.8308500e+001
  4.1085885e+005  4.1183456e+006  6.8875100e+001
  4.1085691e+005  4.1183445e+006  6.9561100e+001
  4.1085407e+005  4.1183429e+006  7.0011500e+001
  4.1085132e+005  4.1183409e+006  7.0253300e+001
  4.1084872e+005  4.1183396e+006  7.0793300e+001
  4.1084539e+005  4.1183378e+006  7.0844400e+001
  4.1084166e+005  4.1183364e+006  7.1070300e+001
  4.1083839e+005  4.1183349e+006  7.1343600e+001
  4.1083499e+005  4.1183336e+006  7.1630600e+001
  4.1083181e+005  4.1183322e+006  7.1847400e+001
  4.1082922e+005  4.1183309e+006  7.2308000e+001
  4.1082598e+005  4.1183290e+006  7.2554400e+001
  4.1082267e+005  4.1183273e+006  7.2812300e+001
  4.1081953e+005  4.1183255e+006  7.3068300e+001
  4.1081627e+005  4.1183242e+006  7.3158000e+001
  4.1081289e+005  4.1183235e+006  7.3023900e+001
  4.1081027e+005  4.1183227e+006  7.3204800e+001
  4.1080689e+005  4.1183215e+006  7.3483100e+001
  4.1080333e+005  4.1183205e+006  7.3691100e+001
  4.1080001e+005  4.1183192e+006  7.4018800e+001
  4.1079698e+005  4.1183176e+006  7.4179700e+001
  4.1079443e+005  4.1183170e+006  7.4203000e+001
  4.1079200e+005  4.1183163e+006  7.4410100e+001
  4.1078981e+005  4.1183155e+006  7.4675900e+001
  4.1078659e+005  4.1183143e+006  7.4676000e+001
  4.1078381e+005  4.1183135e+006  7.5027300e+001
  4.1078097e+005  4.1183123e+006  7.5258500e+001
  4.1077816e+005  4.1183113e+006  7.5362600e+001
  4.1077492e+005  4.1183099e+006  7.5450000e+001
  4.1077245e+005  4.1183090e+006  7.5543700e+001
  4.1077029e+005  4.1183084e+006  7.5732600e+001
  4.1076834e+005  4.1183075e+006  7.5665500e+001
  4.1076599e+005  4.1183069e+006  7.5671500e+001
  4.1076321e+005  4.1183054e+006  7.5616600e+001
  4.1076000e+005  4.1183045e+006  7.5771000e+001
  4.1075882e+005  4.1183038e+006  7.5908100e+001
  4.1075596e+005  4.1183026e+006  7.6001800e+001
  4.1075554e+005  4.1183027e+006  7.6204600e+001
  4.1075549e+005  4.1183027e+006  7.6217200e+001
  4.1075316e+005  4.1183016e+006  7.6231200e+001
  4.1074928e+005  4.1182998e+006  7.6061200e+001
  4.1074627e+005  4.1182986e+006  7.6189700e+001
  4.1074376e+005  4.1182975e+006  7.6255300e+001
  4.1074118e+005  4.1182967e+006  7.6424500e+001
  4.1073837e+005  4.1182949e+006  7.6623300e+001
  4.1073611e+005  4.1182946e+006  7.7110500e+001
  4.1073409e+005  4.1182931e+006  7.7309600e+001
  4.1073169e+005  4.1182916e+006  7.7629500e+001
  4.1073037e+005  4.1182912e+006  7.7969400e+001
  4.1072751e+005  4.1182898e+006  7.8511300e+001
  4.1072495e+005  4.1182883e+006  7.8637100e+001
  4.1072308e+005  4.1182876e+006  7.9209600e+001
  4.1072033e+005  4.1182861e+006  7.9336100e+001
  4.1071798e+005  4.1182851e+006  7.9725200e+001
  4.1071605e+005  4.1182838e+006  8.0088500e+001
  4.1071365e+005  4.1182821e+006  8.0310700e+001
  4.1071156e+005  4.1182810e+006  8.0786500e+001
  4.1070879e+005  4.1182795e+006  8.1078400e+001
  4.1070632e+005  4.1182779e+006  8.1429300e+001
  4.1070415e+005  4.1182763e+006  8.1511100e+001
  4.1070243e+005  4.1182756e+006  8.1661000e+001
  4.1070069e+005  4.1182746e+006  8.1882300e+001
  4.1069801e+005  4.1182729e+006  8.2137400e+001
  4.1069550e+005  4.1182718e+006  8.2557900e+001
  4.1069532e+005  4.1182716e+006  8.2542300e+001
  4.1069456e+005  4.1182713e+006  8.2567300e+001
  4.1069222e+005  4.1182698e+006  8.3133900e+001
  4.1068995e+005  4.1182687e+006  8.3578100e+001
  4.1068797e+005  4.1182679e+006  8.4061800e+001
  4.1068597e+005  4.1182672e+006  8.4627000e+001
  4.1068407e+005  4.1182665e+006  8.5354600e+001
  4.1068177e+005  4.1182652e+006  8.5785500e+001
  4.1067966e+005  4.1182646e+006  8.6734500e+001
  4.1067792e+005  4.1182631e+006  8.7364900e+001
  4.1067597e+005  4.1182623e+006  8.7841800e+001
  4.1067373e+005  4.1182612e+006  8.8542400e+001
  4.1067208e+005  4.1182599e+006  8.9191000e+001
  4.1067022e+005  4.1182596e+006  8.9913100e+001
  4.1066838e+005  4.1182583e+006  9.0629200e+001
  4.1066645e+005  4.1182576e+006  9.1133000e+001
  4.1066465e+005  4.1182567e+006  9.1928200e+001
  4.1066317e+005  4.1182555e+006  9.2308400e+001
  4.1066115e+005  4.1182550e+006  9.2966800e+001
  4.1065980e+005  4.1182541e+006  9.3689700e+001
  4.1065789e+005  4.1182536e+006  9.4263900e+001
  4.1065555e+005  4.1182534e+006  9.4515000e+001
  4.1065515e+005  4.1182522e+006  9.5814200e+001
  4.1065373e+005  4.1182513e+006  9.6459000e+001
  4.1065188e+005  4.1182502e+006  9.7220500e+001
  4.1065000e+005  4.1182495e+006  9.7940900e+001
  4.1064870e+005  4.1182487e+006  9.8763000e+001
  4.1064706e+005  4.1182479e+006  9.9439600e+001
  4.1064593e+005  4.1182471e+006  1.0012340e+002
  4.1064448e+005  4.1182466e+006  1.0077430e+002
  4.1064421e+005  4.1182463e+006  1.0083060e+002
  4.1064289e+005  4.1182459e+006  1.0136260e+002
  4.1064107e+005  4.1182448e+006  1.0211480e+002
  4.1063955e+005  4.1182439e+006  1.0306950e+002
  4.1063830e+005  4.1182436e+006  1.0365620e+002
  4.1063779e+005  4.1182438e+006  1.0413530e+002
  4.1063758e+005  4.1182435e+006  1.0414200e+002
  4.1063600e+005  4.1182420e+006  1.0481500e+002
  4.1063437e+005  4.1182418e+006  1.0567600e+002
  4.1063311e+005  4.1182404e+006  1.0620990e+002
  4.1063114e+005  4.1182399e+006  1.0679230e+002
  4.1062921e+005  4.1182395e+006  1.0747860e+002
  4.1062713e+005  4.1182390e+006  1.0775880e+002
  4.1062389e+005  4.1182385e+006  1.0831160e+002
  4.1062135e+005  4.1182381e+006  1.0864680e+002
  4.1061835e+005  4.1182373e+006  1.0884210e+002
  4.1061823e+005  4.1182377e+006  1.0891550e+002
  4.1061826e+005  4.1182378e+006  1.0890070e+002
  4.1061825e+005  4.1182378e+006  1.0889440e+002
  4.1061828e+005  4.1182377e+006  1.0888380e+002
  4.1061833e+005  4.1182377e+006  1.0886560e+002
  4.1061833e+005  4.1182377e+006  1.0885710e+002
  4.1061835e+005  4.1182377e+006  1.0884880e+002
  4.1061835e+005  4.1182376e+006  1.0883960e+002
  4.1061835e+005  4.1182376e+006  1.0884300e+002
  4.1061837e+005  4.1182376e+006  1.0884840e+002
  4.1061829e+005  4.1182378e+006  1.0886970e+002
  4.1061831e+005  4.1182377e+006  1.0885810e+002
  4.1061664e+005  4.1182371e+006  1.0893270e+002
  4.1061267e+005  4.1182357e+006  1.0875360e+002
  4.1061067e+005  4.1182353e+006  1.0856640e+002
  4.1061072e+005  4.1182353e+006  1.0854590e+002
  4.1061070e+005  4.1182352e+006  1.0853860e+002
  4.1060874e+005  4.1182348e+006  1.0811660e+002
  4.1060462e+005  4.1182337e+006  1.0776910e+002
  4.1060137e+005  4.1182331e+006  1.0693450e+002
  4.1059679e+005  4.1182325e+006  1.0650970e+002
  4.1059308e+005  4.1182321e+006  1.0576180e+002
  4.1058874e+005  4.1182314e+006  1.0532420e+002
  4.1058500e+005  4.1182308e+006  1.0505680e+002
  4.1058137e+005  4.1182306e+006  1.0438330e+002
  4.1057715e+005  4.1182312e+006  1.0365310e+002
  4.1057269e+005  4.1182295e+006  1.0305360e+002
  4.1056792e+005  4.1182287e+006  1.0251080e+002
  4.1056356e+005  4.1182271e+006  1.0207740e+002
  4.1055875e+005  4.1182250e+006  1.0196880e+002
  4.1055580e+005  4.1182242e+006  1.0210070e+002
  4.1055465e+005  4.1182241e+006  1.0221600e+002
  4.1055472e+005  4.1182242e+006  1.0220820e+002
  4.1055480e+005  4.1182242e+006  1.0218980e+002
  4.1055477e+005  4.1182242e+006  1.0219160e+002
  4.1055476e+005  4.1182242e+006  1.0219670e+002
  4.1055478e+005  4.1182242e+006  1.0219550e+002
  4.1055476e+005  4.1182242e+006  1.0219590e+002
  4.1055471e+005  4.1182242e+006  1.0219530e+002
  4.1055273e+005  4.1182226e+006  1.0223380e+002
  4.1054990e+005  4.1182192e+006  1.0250310e+002
  4.1054624e+005  4.1182165e+006  1.0279240e+002
  4.1054391e+005  4.1182139e+006  1.0306810e+002
  4.1054239e+005  4.1182106e+006  1.0357280e+002
  4.1054061e+005  4.1182074e+006  1.0417940e+002
  4.1053851e+005  4.1182053e+006  1.0491320e+002
  4.1053728e+005  4.1182028e+006  1.0551570e+002
  4.1053621e+005  4.1182001e+006  1.0608710e+002
  4.1053634e+005  4.1181974e+006  1.0652810e+002
  4.1053749e+005  4.1181946e+006  1.0705840e+002
  4.1053822e+005  4.1181924e+006  1.0775130e+002
  4.1053902e+005  4.1181902e+006  1.0834780e+002
  4.1054017e+005  4.1181883e+006  1.0885840e+002
  4.1054103e+005  4.1181861e+006  1.0946270e+002
  4.1054235e+005  4.1181844e+006  1.0992810e+002
  4.1054187e+005  4.1181824e+006  1.1054980e+002
  4.1054124e+005  4.1181804e+006  1.1113320e+002
  4.1054050e+005  4.1181790e+006  1.1211780e+002
  4.1053911e+005  4.1181776e+006  1.1268020e+002
  4.1053763e+005  4.1181773e+006  1.1354010e+002
  4.1053557e+005  4.1181768e+006  1.1429450e+002
  4.1053392e+005  4.1181761e+006  1.1497210e+002
  4.1053185e+005  4.1181765e+006  1.1586660e+002
  4.1053018e+005  4.1181759e+006  1.1670950e+002
  4.1052851e+005  4.1181752e+006  1.1747660e+002
  4.1052686e+005  4.1181754e+006  1.1814890e+002
  4.1052545e+005  4.1181752e+006  1.1898570e+002
  4.1052342e+005  4.1181750e+006  1.1953040e+002
  4.1052177e+005  4.1181743e+006  1.2030320e+002
  4.1052015e+005  4.1181740e+006  1.2119840e+002
  4.1051855e+005  4.1181733e+006  1.2182810e+002
  4.1051739e+005  4.1181724e+006  1.2246550e+002
  4.1051576e+005  4.1181716e+006  1.2324680e+002
  4.1051407e+005  4.1181707e+006  1.2399550e+002
  4.1051194e+005  4.1181696e+006  1.2446070e+002
  4.1050984e+005  4.1181686e+006  1.2498430e+002
  4.1050751e+005  4.1181676e+006  1.2557470e+002
  4.1050459e+005  4.1181664e+006  1.2626110e+002
  4.1050218e+005  4.1181656e+006  1.2691010e+002
  4.1050008e+005  4.1181646e+006  1.2749840e+002
  4.1049780e+005  4.1181633e+006  1.2800010e+002
  4.1049535e+005  4.1181626e+006  1.2859770e+002
  4.1049371e+005  4.1181614e+006  1.2927300e+002
  4.1049198e+005  4.1181605e+006  1.3003520e+002
  4.1049028e+005  4.1181596e+006  1.3077970e+002
  4.1048816e+005  4.1181587e+006  1.3135190e+002
  4.1048610e+005  4.1181572e+006  1.3199090e+002
  4.1048375e+005  4.1181555e+006  1.3256520e+002
  4.1048158e+005  4.1181539e+006  1.3296030e+002
  4.1047993e+005  4.1181530e+006  1.3333670e+002
  4.1047840e+005  4.1181520e+006  1.3337330e+002
  4.1047589e+005  4.1181502e+006  1.3374690e+002
  4.1047372e+005  4.1181486e+006  1.3442920e+002
  4.1047110e+005  4.1181469e+006  1.3496520e+002
  4.1046863e+005  4.1181454e+006  1.3552790e+002
  4.1046595e+005  4.1181439e+006  1.3609270e+002
  4.1046393e+005  4.1181422e+006  1.3679680e+002
  4.1046179e+005  4.1181406e+006  1.3725960e+002
  4.1045978e+005  4.1181391e+006  1.3756550e+002
  4.1045756e+005  4.1181375e+006  1.3797660e+002
  4.1045516e+005  4.1181359e+006  1.3857980e+002
  4.1045276e+005  4.1181343e+006  1.3903380e+002
  4.1045002e+005  4.1181326e+006  1.3959200e+002
  4.1044774e+005  4.1181308e+006  1.3983260e+002
  4.1044572e+005  4.1181293e+006  1.4031340e+002
  4.1044341e+005  4.1181281e+006  1.4085630e+002
  4.1044143e+005  4.1181265e+006  1.4129260e+002
  4.1043924e+005  4.1181249e+006  1.4181590e+002
  4.1043763e+005  4.1181233e+006  1.4204860e+002
  4.1043499e+005  4.1181221e+006  1.4243940e+002
  4.1043422e+005  4.1181213e+006  1.4247870e+002
  4.1043424e+005  4.1181213e+006  1.4247480e+002
  4.1043288e+005  4.1181203e+006  1.4255930e+002
  4.1043008e+005  4.1181187e+006  1.4306320e+002
  4.1042787e+005  4.1181172e+006  1.4338400e+002
  4.1042557e+005  4.1181156e+006  1.4379040e+002
  4.1042392e+005  4.1181144e+006  1.4417020e+002
  4.1042144e+005  4.1181132e+006  1.4463840e+002
  4.1041930e+005  4.1181118e+006  1.4514620e+002
  4.1041676e+005  4.1181100e+006  1.4567640e+002
  4.1041450e+005  4.1181084e+006  1.4608890e+002
  4.1041198e+005  4.1181066e+006  1.4646680e+002
  4.1040961e+005  4.1181047e+006  1.4675940e+002
  4.1040740e+005  4.1181035e+006  1.4714580e+002
  4.1040471e+005  4.1181015e+006  1.4756990e+002
  4.1040221e+005  4.1181000e+006  1.4811900e+002
  4.1039994e+005  4.1180983e+006  1.4860590e+002
  4.1039825e+005  4.1180972e+006  1.4914930e+002
  4.1039616e+005  4.1180957e+006  1.4949220e+002
  4.1039442e+005  4.1180946e+006  1.4978730e+002
  4.1039341e+005  4.1180939e+006  1.5000560e+002
  4.1039265e+005  4.1180935e+006  1.5009830e+002
  4.1039024e+005  4.1180919e+006  1.5047300e+002
  4.1038792e+005  4.1180902e+006  1.5087030e+002
  4.1038623e+005  4.1180886e+006  1.5137040e+002
  4.1038420e+005  4.1180875e+006  1.5179040e+002
  4.1038190e+005  4.1180856e+006  1.5215720e+002
  4.1037975e+005  4.1180842e+006  1.5251520e+002
  4.1037743e+005  4.1180826e+006  1.5304470e+002
  4.1037542e+005  4.1180810e+006  1.5345000e+002
  4.1037313e+005  4.1180794e+006  1.5393000e+002
  4.1037079e+005  4.1180780e+006  1.5433950e+002
  4.1036821e+005  4.1180760e+006  1.5495090e+002
  4.1036596e+005  4.1180742e+006  1.5532680e+002
  4.1036303e+005  4.1180722e+006  1.5561070e+002
  4.1036079e+005  4.1180705e+006  1.5608640e+002
  4.1035840e+005  4.1180690e+006  1.5652550e+002
  4.1035627e+005  4.1180672e+006  1.5691950e+002
  4.1035412e+005  4.1180654e+006  1.5743000e+002
  4.1035193e+005  4.1180637e+006  1.5788950e+002
  4.1034958e+005  4.1180621e+006  1.5845740e+002
  4.1034759e+005  4.1180604e+006  1.5886260e+002
  4.1034573e+005  4.1180589e+006  1.5931990e+002
  4.1034352e+005  4.1180577e+006  1.5977710e+002
  4.1034131e+005  4.1180564e+006  1.6027810e+002
  4.1033881e+005  4.1180548e+006  1.6073310e+002
  4.1033662e+005  4.1180529e+006  1.6121850e+002
  4.1033467e+005  4.1180515e+006  1.6157620e+002
  4.1033209e+005  4.1180500e+006  1.6206910e+002
  4.1033022e+005  4.1180485e+006  1.6244680e+002
  4.1032807e+005  4.1180469e+006  1.6283680e+002
  4.1032653e+005  4.1180457e+006  1.6318290e+002
  4.1032448e+005  4.1180445e+006  1.6366050e+002
  4.1032286e+005  4.1180432e+006  1.6391900e+002
  4.1032100e+005  4.1180422e+006  1.6446390e+002
  4.1032057e+005  4.1180411e+006  1.6441670e+002
  4.1032002e+005  4.1180404e+006  1.6450720e+002
  4.1031835e+005  4.1180386e+006  1.6434400e+002
  4.1031700e+005  4.1180382e+006  1.6499140e+002
  4.1031564e+005  4.1180374e+006  1.6529320e+002
  4.1031388e+005  4.1180362e+006  1.6564490e+002
  4.1031313e+005  4.1180354e+006  1.6568230e+002
  4.1031268e+005  4.1180347e+006  1.6600530e+002
  4.1031120e+005  4.1180337e+006  1.6636320e+002
  4.1030979e+005  4.1180327e+006  1.6662140e+002
  4.1030953e+005  4.1180329e+006  1.6674050e+002
  4.1030740e+005  4.1180309e+006  1.6686190e+002
  4.1030491e+005  4.1180293e+006  1.6750300e+002
  4.1030294e+005  4.1180276e+006  1.6789650e+002
  4.1030179e+005  4.1180263e+006  1.6804480e+002
  4.1029945e+005  4.1180249e+006  1.6840620e+002
  4.1029945e+005  4.1180249e+006  1.6840620e+002
  4.1029945e+005  4.1180249e+006  1.6840620e+002
  4.1029886e+005  4.1180246e+006  1.6721200e+002
  4.1029974e+005  4.1180252e+006  1.6953330e+002
  4.1029979e+005  4.1180260e+006  1.6876400e+002
  4.1029951e+005  4.1180257e+006  1.6886730e+002
  4.1029915e+005  4.1180259e+006  1.6816060e+002
  4.1029903e+005  4.1180256e+006  1.6863450e+002
  4.1029947e+005  4.1180251e+006  1.6964340e+002
  4.1029945e+005  4.1180257e+006  1.6830220e+002
  4.1030067e+005  4.1180255e+006  1.6675540e+002
  4.1030068e+005  4.1180255e+006  1.6675730e+002
  4.1030068e+005  4.1180255e+006  1.6675260e+002
  4.1030068e+005  4.1180255e+006  1.6675860e+002
  4.1030068e+005  4.1180255e+006  1.6675770e+002
  4.1030123e+005  4.1180257e+006  1.6721960e+002
  4.1030112e+005  4.1180257e+006  1.6695380e+002
  4.1030106e+005  4.1180256e+006  1.6681000e+002
  4.1030096e+005  4.1180252e+006  1.6670610e+002
  4.1030100e+005  4.1180254e+006  1.6668010e+002
  4.1030120e+005  4.1180254e+006  1.6684410e+002
  4.1030158e+005  4.1180259e+006  1.6686720e+002
  4.1030101e+005  4.1180255e+006  1.6740860e+002
  4.1030105e+005  4.1180255e+006  1.6739940e+002
  4.1030135e+005  4.1180255e+006  1.6732790e+002
  4.1030126e+005  4.1180256e+006  1.6735170e+002
  4.1030156e+005  4.1180254e+006  1.6767670e+002
  4.1030153e+005  4.1180253e+006  1.6761320e+002
  4.1030155e+005  4.1180253e+006  1.6762150e+002
  4.1030129e+005  4.1180253e+006  1.6761830e+002
  4.1030133e+005  4.1180252e+006  1.6761920e+002
  4.1030132e+005  4.1180251e+006  1.6759460e+002
  4.1030118e+005  4.1180252e+006  1.6758570e+002
  4.1030113e+005  4.1180253e+006  1.6759030e+002
  4.1030127e+005  4.1180253e+006  1.6762160e+002
  4.1030131e+005  4.1180253e+006  1.6761760e+002
  4.1030131e+005  4.1180251e+006  1.6756780e+002
  4.1030128e+005  4.1180251e+006  1.6759070e+002
  4.1030139e+005  4.1180251e+006  1.6762090e+002
  4.1030140e+005  4.1180253e+006  1.6764720e+002
  4.1030209e+005  4.1180261e+006  1.6782960e+002
  4.1030225e+005  4.1180261e+006  1.6782270e+002
  4.1030224e+005  4.1180262e+006  1.6781740e+002
  4.1030186e+005  4.1180264e+006  1.6779790e+002
  4.1030141e+005  4.1180262e+006  1.6816640e+002
  4.1030066e+005  4.1180253e+006  1.6847810e+002
  4.1029823e+005  4.1180241e+006  1.6892170e+002
  4.1029816e+005  4.1180240e+006  1.6896590e+002
  4.1029814e+005  4.1180239e+006  1.6895290e+002
  4.1029818e+005  4.1180239e+006  1.6895000e+002
  4.1029825e+005  4.1180241e+006  1.6896460e+002
  4.1029801e+005  4.1180239e+006  1.6896210e+002
  4.1029637e+005  4.1180224e+006  1.6917520e+002
  4.1029490e+005  4.1180215e+006  1.6962480e+002
  4.1029311e+005  4.1180199e+006  1.7012440e+002
  4.1029193e+005  4.1180185e+006  1.7047070e+002
  4.1029050e+005  4.1180176e+006  1.7084950e+002
  4.1028888e+005  4.1180167e+006  1.7128570e+002
  4.1028741e+005  4.1180151e+006  1.7168140e+002
  4.1028628e+005  4.1180136e+006  1.7213620e+002
  4.1028505e+005  4.1180125e+006  1.7253640e+002
  4.1028397e+005  4.1180111e+006  1.7288350e+002
  4.1028258e+005  4.1180099e+006  1.7305470e+002
  4.1028059e+005  4.1180084e+006  1.7378240e+002
  4.1027878e+005  4.1180069e+006  1.7416720e+002
  4.1027731e+005  4.1180055e+006  1.7479710e+002
  4.1027620e+005  4.1180039e+006  1.7526320e+002
  4.1027452e+005  4.1180022e+006  1.7573300e+002
  4.1027317e+005  4.1180006e+006  1.7604760e+002
  4.1027256e+005  4.1180005e+006  1.7649090e+002
  4.1027260e+005  4.1180006e+006  1.7647400e+002
  4.1027261e+005  4.1180006e+006  1.7647340e+002
  4.1027202e+005  4.1179993e+006  1.7663090e+002
  4.1027005e+005  4.1179974e+006  1.7704630e+002
  4.1026842e+005  4.1179952e+006  1.7767090e+002
  4.1026728e+005  4.1179938e+006  1.7791440e+002
  4.1026628e+005  4.1179931e+006  1.7803640e+002
  4.1026485e+005  4.1179916e+006  1.7898510e+002
  4.1026409e+005  4.1179908e+006  1.7954400e+002
  4.1026255e+005  4.1179890e+006  1.8004770e+002
  4.1026090e+005  4.1179871e+006  1.8069210e+002
  4.1025947e+005  4.1179860e+006  1.8138550e+002
  4.1025754e+005  4.1179837e+006  1.8194950e+002
  4.1025589e+005  4.1179817e+006  1.8272230e+002
  4.1025427e+005  4.1179797e+006  1.8314220e+002
  4.1025287e+005  4.1179781e+006  1.8340820e+002
  4.1025178e+005  4.1179767e+006  1.8368740e+002
  4.1024993e+005  4.1179752e+006  1.8434320e+002
  4.1024905e+005  4.1179736e+006  1.8462470e+002
  4.1024723e+005  4.1179714e+006  1.8488560e+002
  4.1024723e+005  4.1179714e+006  1.8488560e+002
  4.1024457e+005  4.1179684e+006  1.8615050e+002
  4.1024276e+005  4.1179655e+006  1.8504760e+002
  4.1024223e+005  4.1179631e+006  1.8683290e+002
  4.1024067e+005  4.1179615e+006  1.8617580e+002
  4.1023958e+005  4.1179598e+006  1.8594790e+002
  4.1023863e+005  4.1179578e+006  1.8636760e+002
  4.1023666e+005  4.1179555e+006  1.8601900e+002
  4.1023505e+005  4.1179543e+006  1.8614280e+002
  4.1023338e+005  4.1179515e+006  1.8640740e+002
  4.1023227e+005  4.1179496e+006  1.8669990e+002
  4.1022990e+005  4.1179473e+006  1.8724040e+002
  4.1022888e+005  4.1179474e+006  1.8652060e+002
  4.1022790e+005  4.1179448e+006  1.8622690e+002
  4.1022484e+005  4.1179424e+006  1.8601340e+002
  4.1022366e+005  4.1179387e+006  1.8598920e+002
  4.1022050e+005  4.1179366e+006  1.8552770e+002
  4.1021846e+005  4.1179340e+006  1.8513270e+002
  4.1021688e+005  4.1179322e+006  1.8444890e+002
  4.1021700e+005  4.1179294e+006  1.8429270e+002
  4.1021479e+005  4.1179269e+006  1.8335210e+002
  4.1021267e+005  4.1179254e+006  1.8305490e+002
  4.1021036e+005  4.1179234e+006  1.8210020e+002
  4.1020732e+005  4.1179207e+006  1.8089850e+002
  4.1020428e+005  4.1179186e+006  1.8038340e+002
  4.1020019e+005  4.1179195e+006  1.7928410e+002
  4.1019830e+005  4.1179221e+006  1.7906520e+002
  4.1019355e+005  4.1179217e+006  1.7840210e+002
  4.1018952e+005  4.1179189e+006  1.7797820e+002
  4.1018520e+005  4.1179164e+006  1.7775590e+002
  4.1018121e+005  4.1179140e+006  1.7764520e+002
  4.1017839e+005  4.1179121e+006  1.7806700e+002
  4.1017626e+005  4.1179111e+006  1.7784720e+002
  4.1017628e+005  4.1179111e+006  1.7801970e+002
  4.1017637e+005  4.1179110e+006  1.7797280e+002
  4.1017603e+005  4.1179110e+006  1.7809240e+002
  4.1017623e+005  4.1179109e+006  1.7808070e+002
  4.1017614e+005  4.1179110e+006  1.7809670e+002
  4.1017490e+005  4.1179091e+006  1.7801750e+002
  4.1017040e+005  4.1179091e+006  1.7755900e+002
  4.1016674e+005  4.1179079e+006  1.7739100e+002
  4.1016639e+005  4.1179072e+006  1.7742400e+002
  4.1016507e+005  4.1179027e+006  1.7766180e+002
  4.1016454e+005  4.1178998e+006  1.7832150e+002
  4.1016446e+005  4.1178966e+006  1.7913650e+002
  4.1016185e+005  4.1178947e+006  1.7943360e+002
  4.1015910e+005  4.1178931e+006  1.7983630e+002
  4.1015776e+005  4.1178911e+006  1.8038020e+002
  4.1015851e+005  4.1178886e+006  1.8071760e+002
  4.1015501e+005  4.1178884e+006  1.8108580e+002
  4.1015201e+005  4.1178878e+006  1.8127660e+002
  4.1014980e+005  4.1178870e+006  1.8159460e+002
  4.1014847e+005  4.1178850e+006  1.8197730e+002
  4.1014716e+005  4.1178832e+006  1.8261080e+002
  4.1014526e+005  4.1178814e+006  1.8313970e+002
  4.1014284e+005  4.1178803e+006  1.8357450e+002
  4.1014093e+005  4.1178797e+006  1.8454210e+002
  4.1013997e+005  4.1178783e+006  1.8525140e+002
  4.1013906e+005  4.1178771e+006  1.8595130e+002
  4.1013872e+005  4.1178758e+006  1.8666280e+002
  4.1013724e+005  4.1178746e+006  1.8734020e+002
  4.1013645e+005  4.1178736e+006  1.8808700e+002
  4.1013566e+005  4.1178723e+006  1.8869800e+002
  4.1013452e+005  4.1178700e+006  1.8948100e+002
  4.1013255e+005  4.1178683e+006  1.9014270e+002
  4.1013195e+005  4.1178666e+006  1.9098270e+002
  4.1013113e+005  4.1178651e+006  1.9186330e+002
  4.1012982e+005  4.1178630e+006  1.9235110e+002
  4.1012887e+005  4.1178618e+006  1.9293240e+002
  4.1012816e+005  4.1178610e+006  1.9399540e+002
  4.1012763e+005  4.1178595e+006  1.9457000e+002
  4.1012705e+005  4.1178588e+006  1.9491990e+002
  4.1012623e+005  4.1178570e+006  1.9568780e+002
  4.1012505e+005  4.1178555e+006  1.9621930e+002
  4.1012415e+005  4.1178538e+006  1.9699400e+002
  4.1012301e+005  4.1178517e+006  1.9754610e+002
  4.1012155e+005  4.1178500e+006  1.9820130e+002
  4.1012096e+005  4.1178482e+006  1.9886290e+002
  4.1011996e+005  4.1178469e+006  1.9942630e+002
  4.1011882e+005  4.1178449e+006  2.0031450e+002
  4.1011771e+005  4.1178432e+006  2.0103640e+002
  4.1011662e+005  4.1178414e+006  2.0181780e+002
  4.1011587e+005  4.1178396e+006  2.0256640e+002
  4.1011505e+005  4.1178380e+006  2.0325490e+002
  4.1011459e+005  4.1178364e+006  2.0408540e+002
  4.1011486e+005  4.1178348e+006  2.0489920e+002
  4.1011388e+005  4.1178330e+006  2.0570790e+002
  4.1011388e+005  4.1178312e+006  2.0629270e+002
  4.1011250e+005  4.1178298e+006  2.0719540e+002
  4.1011214e+005  4.1178280e+006  2.0799500e+002
  4.1011095e+005  4.1178264e+006  2.0869210e+002
  4.1011025e+005  4.1178250e+006  2.0920900e+002
  4.1010843e+005  4.1178239e+006  2.0991340e+002
  4.1010724e+005  4.1178228e+006  2.1055200e+002
  4.1010685e+005  4.1178212e+006  2.1107190e+002
  4.1010598e+005  4.1178202e+006  2.1175130e+002
  4.1010475e+005  4.1178187e+006  2.1235660e+002
  4.1010347e+005  4.1178176e+006  2.1297340e+002
  4.1010258e+005  4.1178165e+006  2.1363390e+002
  4.1010188e+005  4.1178148e+006  2.1410090e+002
  4.1010055e+005  4.1178139e+006  2.1511170e+002
  4.1009980e+005  4.1178117e+006  2.1569510e+002
  4.1009836e+005  4.1178109e+006  2.1627330e+002
  4.1009763e+005  4.1178093e+006  2.1688320e+002
  4.1009566e+005  4.1178090e+006  2.1749100e+002
  4.1009465e+005  4.1178077e+006  2.1801160e+002
  4.1009239e+005  4.1178078e+006  2.1866650e+002
  4.1009015e+005  4.1178075e+006  2.1935880e+002
  4.1008810e+005  4.1178076e+006  2.1979890e+002
  4.1008567e+005  4.1178072e+006  2.2035070e+002
  4.1008328e+005  4.1178062e+006  2.2097270e+002
  4.1008071e+005  4.1178060e+006  2.2150790e+002
  4.1007799e+005  4.1178053e+006  2.2199600e+002
  4.1007465e+005  4.1178063e+006  2.2226230e+002
  4.1007157e+005  4.1178072e+006  2.2269040e+002
  4.1006884e+005  4.1178078e+006  2.2293290e+002
  4.1006606e+005  4.1178077e+006  2.2348960e+002
  4.1006340e+005  4.1178076e+006  2.2390720e+002
  4.1006056e+005  4.1178085e+006  2.2417540e+002
  4.1005890e+005  4.1178077e+006  2.2471620e+002
  4.1005658e+005  4.1178067e+006  2.2507430e+002
  4.1005351e+005  4.1178066e+006  2.2527610e+002
  4.1005041e+005  4.1178060e+006  2.2571820e+002
  4.1004711e+005  4.1178058e+006  2.2594720e+002
  4.1004421e+005  4.1178053e+006  2.2665870e+002
  4.1004132e+005  4.1178070e+006  2.2682550e+002
  4.1003905e+005  4.1178080e+006  2.2740940e+002
  4.1003676e+005  4.1178078e+006  2.2799540e+002
  4.1003447e+005  4.1178075e+006  2.2872830e+002
  4.1003295e+005  4.1178074e+006  2.2913320e+002
  4.1003126e+005  4.1178057e+006  2.2963060e+002
  4.1002890e+005  4.1178062e+006  2.3028260e+002
  4.1002717e+005  4.1178055e+006  2.3091520e+002
  4.1002545e+005  4.1178042e+006  2.3150180e+002
  4.1002336e+005  4.1178040e+006  2.3204840e+002
  4.1002208e+005  4.1178041e+006  2.3256340e+002
  4.1002102e+005  4.1178034e+006  2.3299920e+002
  4.1001918e+005  4.1178036e+006  2.3348160e+002
  4.1001704e+005  4.1178032e+006  2.3400730e+002
  4.1001498e+005  4.1178016e+006  2.3456010e+002
  4.1001405e+005  4.1178003e+006  2.3493340e+002
  4.1001298e+005  4.1177989e+006  2.3551100e+002
  4.1001175e+005  4.1177969e+006  2.3621510e+002
  4.1000995e+005  4.1177959e+006  2.3692190e+002
  4.1000767e+005  4.1177949e+006  2.3754150e+002
  4.1000568e+005  4.1177936e+006  2.3815060e+002
  4.1000377e+005  4.1177928e+006  2.3869660e+002
  4.1000218e+005  4.1177918e+006  2.3930990e+002
  4.1000051e+005  4.1177911e+006  2.3998200e+002
  4.0999893e+005  4.1177900e+006  2.4067010e+002
  4.0999784e+005  4.1177886e+006  2.4127360e+002
  4.0999610e+005  4.1177875e+006  2.4196900e+002
  4.0999405e+005  4.1177870e+006  2.4255180e+002
  4.0999288e+005  4.1177857e+006  2.4321790e+002
  4.0999144e+005  4.1177845e+006  2.4389850e+002
  4.0998969e+005  4.1177834e+006  2.4482620e+002
  4.0998861e+005  4.1177814e+006  2.4541310e+002
  4.0998724e+005  4.1177814e+006  2.4595190e+002
  4.0998552e+005  4.1177816e+006  2.4649280e+002
  4.0998432e+005  4.1177830e+006  2.4713410e+002
  4.0998346e+005  4.1177817e+006  2.4789550e+002
  4.0998240e+005  4.1177799e+006  2.4856510e+002
  4.0998095e+005  4.1177795e+006  2.4924770e+002
  4.0998019e+005  4.1177782e+006  2.5001130e+002
  4.0997988e+005  4.1177762e+006  2.5048640e+002
  4.0997870e+005  4.1177746e+006  2.5091510e+002
  4.0997696e+005  4.1177737e+006  2.5167790e+002
  4.0997535e+005  4.1177726e+006  2.5220330e+002
  4.0997435e+005  4.1177710e+006  2.5266010e+002
  4.0997364e+005  4.1177703e+006  2.5323000e+002
  4.0997343e+005  4.1177679e+006  2.5393480e+002
  4.0997181e+005  4.1177669e+006  2.5461370e+002
  4.0997040e+005  4.1177656e+006  2.5550740e+002
  4.0996852e+005  4.1177652e+006  2.5625920e+002
  4.0996703e+005  4.1177639e+006  2.5697710e+002
  4.0996457e+005  4.1177640e+006  2.5765470e+002
  4.0996390e+005  4.1177627e+006  2.5841930e+002
  4.0996232e+005  4.1177620e+006  2.5909760e+002
  4.0996179e+005  4.1177617e+006  2.5936260e+002
  4.0996137e+005  4.1177613e+006  2.5974560e+002
  4.0996133e+005  4.1177607e+006  2.6011270e+002
  4.0996098e+005  4.1177591e+006  2.6049780e+002
  4.0995932e+005  4.1177585e+006  2.6139560e+002
  4.0995826e+005  4.1177570e+006  2.6238570e+002
  4.0995649e+005  4.1177569e+006  2.6323680e+002
  4.0995569e+005  4.1177559e+006  2.6413970e+002
  4.0995396e+005  4.1177543e+006  2.6476720e+002
  4.0995204e+005  4.1177544e+006  2.6507830e+002
  4.0995021e+005  4.1177547e+006  2.6562880e+002
  4.0994847e+005  4.1177554e+006  2.6628430e+002
  4.0994670e+005  4.1177543e+006  2.6681290e+002
  4.0994524e+005  4.1177540e+006  2.6737470e+002
  4.0994439e+005  4.1177539e+006  2.6855480e+002
  4.0994260e+005  4.1177521e+006  2.6936070e+002
  4.0993986e+005  4.1177512e+006  2.7017650e+002
  4.0993702e+005  4.1177519e+006  2.7099050e+002
  4.0993412e+005  4.1177517e+006  2.7163910e+002
  4.0993171e+005  4.1177511e+006  2.7227630e+002
  4.0992994e+005  4.1177519e+006  2.7303030e+002
  4.0992760e+005  4.1177517e+006  2.7371150e+002
  4.0992499e+005  4.1177520e+006  2.7435540e+002
  4.0992292e+005  4.1177518e+006  2.7498620e+002
  4.0992149e+005  4.1177519e+006  2.7576640e+002
  4.0991857e+005  4.1177521e+006  2.7639150e+002
  4.0991586e+005  4.1177524e+006  2.7723860e+002
  4.0991347e+005  4.1177532e+006  2.7782480e+002
  4.0991046e+005  4.1177531e+006  2.7835270e+002
  4.0990735e+005  4.1177548e+006  2.7879440e+002
  4.0990630e+005  4.1177566e+006  2.7937360e+002
  4.0990412e+005  4.1177578e+006  2.7965380e+002
  4.0990311e+005  4.1177583e+006  2.8006450e+002
  4.0990314e+005  4.1177582e+006  2.8005810e+002
  4.0990133e+005  4.1177572e+006  2.8024080e+002
  4.0989869e+005  4.1177587e+006  2.8065910e+002
  4.0989564e+005  4.1177615e+006  2.8062310e+002
  4.0989457e+005  4.1177618e+006  2.8068340e+002
  4.0989435e+005  4.1177617e+006  2.8068080e+002
  4.0989445e+005  4.1177616e+006  2.8065920e+002
  4.0989444e+005  4.1177617e+006  2.8065670e+002
  4.0989344e+005  4.1177614e+006  2.8056200e+002
  4.0989085e+005  4.1177617e+006  2.8072140e+002
  4.0989084e+005  4.1177617e+006  2.8070760e+002
  4.0989084e+005  4.1177617e+006  2.8071060e+002
  4.0989082e+005  4.1177617e+006  2.8071940e+002
  4.0989088e+005  4.1177618e+006  2.8069190e+002
  4.0989081e+005  4.1177618e+006  2.8070310e+002
  4.0989087e+005  4.1177618e+006  2.8070590e+002
