  0.0000000e+000  4.0497500e+005  4.0502500e+005  4.0507500e+005  4.0512500e+005  4.0517500e+005  4.0522500e+005  4.0527500e+005  4.0532500e+005  4.0537500e+005  4.0542500e+005  4.0547500e+005  4.0552500e+005  4.0557500e+005  4.0562500e+005  4.0567500e+005  4.0572500e+005  4.0577500e+005  4.0582500e+005  4.0587500e+005  4.0592500e+005  4.0597500e+005  4.0602500e+005  4.0607500e+005  4.0612500e+005  4.0617500e+005  4.0622500e+005  4.0627500e+005  4.0632500e+005  4.0637500e+005  4.0642500e+005  4.0647500e+005  4.0652500e+005  4.0657500e+005  4.0662500e+005  4.0667500e+005  4.0672500e+005  4.0677500e+005  4.0682500e+005  4.0687500e+005  4.0692500e+005  4.0697500e+005  4.0702500e+005  4.0707500e+005  4.0712500e+005  4.0717500e+005  4.0722500e+005  4.0727500e+005  4.0732500e+005  4.0737500e+005  4.0742500e+005  4.0747500e+005  4.0752500e+005  4.0757500e+005  4.0762500e+005  4.0767500e+005  4.0772500e+005  4.0777500e+005  4.0782500e+005  4.0787500e+005  4.0792500e+005  4.0797500e+005  4.0802500e+005  4.0807500e+005  4.0812500e+005  4.0817500e+005  4.0822500e+005  4.0827500e+005  4.0832500e+005  4.0837500e+005  4.0842500e+005  4.0847500e+005  4.0852500e+005  4.0857500e+005  4.0862500e+005  4.0867500e+005  4.0872500e+005  4.0877500e+005  4.0882500e+005  4.0887500e+005  4.0892500e+005  4.0897500e+005  4.0902500e+005  4.0907500e+005  4.0912500e+005  4.0917500e+005  4.0922500e+005  4.0927500e+005  4.0932500e+005  4.0937500e+005  4.0942500e+005  4.0947500e+005  4.0952500e+005  4.0957500e+005  4.0962500e+005  4.0967500e+005  4.0972500e+005  4.0977500e+005  4.0982500e+005  4.0987500e+005  4.0992500e+005  4.0997500e+005  4.1002500e+005  4.1007500e+005  4.1012500e+005  4.1017500e+005  4.1022500e+005  4.1027500e+005  4.1032500e+005  4.1037500e+005  4.1042500e+005  4.1047500e+005  4.1052500e+005  4.1057500e+005  4.1062500e+005  4.1067500e+005  4.1072500e+005  4.1077500e+005  4.1082500e+005  4.1087500e+005  4.1092500e+005  4.1097500e+005  4.1102500e+005  4.1107500e+005  4.1112500e+005  4.1117500e+005  4.1122500e+005  4.1127500e+005  4.1132500e+005  4.1137500e+005  4.1142500e+005  4.1147500e+005  4.1152500e+005  4.1157500e+005  4.1162500e+005  4.1167500e+005  4.1172500e+005  4.1177500e+005  4.1182500e+005  4.1187500e+005  4.1192500e+005  4.1197500e+005
  4.1154750e+006  1.5113250e+003  1.4848750e+003  1.4700610e+003  1.4593020e+003  1.4449900e+003  1.4275460e+003  1.4003790e+003  1.3711800e+003  1.3484510e+003  1.3290680e+003  1.3073820e+003  1.2830040e+003  1.2600220e+003  1.2406640e+003  1.2252490e+003  1.2120820e+003  1.1995950e+003  1.1891120e+003  1.1795480e+003  1.1624180e+003  1.1366200e+003  1.1013300e+003  1.0729900e+003  1.0629730e+003  1.0636300e+003  1.0668920e+003  1.0642180e+003  1.0464150e+003  1.0200530e+003  1.0052460e+003  1.0037560e+003  1.0070800e+003  1.0106720e+003  1.0100920e+003  1.0013860e+003  9.8502210e+002  9.6758930e+002  9.5683560e+002  9.4420070e+002  9.1890650e+002  8.8667100e+002  8.6090220e+002  8.4858160e+002  8.4375240e+002  8.4243570e+002  8.4476210e+002  8.4743510e+002  8.4727720e+002  8.4559640e+002  8.4500180e+002  8.4630540e+002  8.4941460e+002  8.5468360e+002  8.6100150e+002  8.6082080e+002  8.5160520e+002  8.4238900e+002  8.3254120e+002  8.1432950e+002  7.8617910e+002  7.5296360e+002  7.1914260e+002  6.8649520e+002  6.5690120e+002  6.3544820e+002  6.2589070e+002  6.2342380e+002  6.1797920e+002  6.0194810e+002  5.7283680e+002  5.3395150e+002  4.9886940e+002  4.7098070e+002  4.4643950e+002  4.3019800e+002  4.2470730e+002  4.1808640e+002  4.0048990e+002  3.7942250e+002  3.5875730e+002  3.3213670e+002  3.0907200e+002  2.9691650e+002  2.9271980e+002  2.9199720e+002  2.9262810e+002  2.9295210e+002  2.9033480e+002  2.8203080e+002  2.6728320e+002  2.5082660e+002  2.4077160e+002  2.4092290e+002  2.4515450e+002  2.4995460e+002  2.5450350e+002  2.5706880e+002  2.5605290e+002  2.4944990e+002  2.3805120e+002  2.2781920e+002  2.2018180e+002  2.1544110e+002  2.1398880e+002  2.1659510e+002  2.2019280e+002  2.1996920e+002  2.1860210e+002  2.1855740e+002  2.1946190e+002  2.1906000e+002  2.1681020e+002  2.1450050e+002  2.1247940e+002  2.0735180e+002  1.9705090e+002  1.8458830e+002  1.7207550e+002  1.5935880e+002  1.4670480e+002  1.3442270e+002  1.2202540e+002  1.1205510e+002  1.0648760e+002  9.7530260e+001  8.3898810e+001  6.7971180e+001  6.0671060e+001  5.8088320e+001  5.7339550e+001  5.7169530e+001  5.6123930e+001  5.4275040e+001  5.1846280e+001  4.8465960e+001  4.3681290e+001  3.7188790e+001  2.8889120e+001  1.9369450e+001  1.1488590e+001  7.8613200e+000
  4.1155250e+006  1.5296340e+003  1.5091270e+003  1.4987700e+003  1.4852490e+003  1.4655090e+003  1.4498190e+003  1.4256360e+003  1.3961550e+003  1.3669350e+003  1.3369750e+003  1.3042230e+003  1.2705660e+003  1.2422840e+003  1.2237450e+003  1.2127710e+003  1.2062530e+003  1.2006810e+003  1.1923270e+003  1.1837520e+003  1.1720220e+003  1.1480110e+003  1.1093570e+003  1.0772640e+003  1.0650740e+003  1.0648980e+003  1.0671230e+003  1.0635710e+003  1.0464540e+003  1.0220570e+003  1.0072350e+003  1.0039060e+003  1.0058600e+003  1.0100110e+003  1.0127270e+003  1.0096470e+003  9.9792710e+002  9.8004000e+002  9.6376140e+002  9.4647610e+002  9.2288250e+002  8.9599890e+002  8.7363890e+002  8.5914040e+002  8.4923490e+002  8.4543550e+002  8.4621400e+002  8.4726080e+002  8.4698540e+002  8.4641670e+002  8.4687080e+002  8.4828250e+002  8.5000690e+002  8.5134210e+002  8.5134830e+002  8.4949730e+002  8.4595970e+002  8.4099690e+002  8.3167950e+002  8.1100200e+002  7.7793380e+002  7.3853920e+002  6.9965670e+002  6.6807260e+002  6.4836740e+002  6.3774100e+002  6.3225720e+002  6.2935280e+002  6.2355820e+002  6.0942990e+002  5.8299550e+002  5.4684640e+002  5.1292720e+002  4.8212510e+002  4.5151170e+002  4.3301880e+002  4.2857940e+002  4.2330960e+002  4.0739770e+002  3.8680320e+002  3.6220870e+002  3.2876190e+002  3.0401680e+002  2.9449930e+002  2.9329460e+002  2.9447490e+002  2.9606080e+002  2.9677660e+002  2.9419890e+002  2.8607230e+002  2.7206600e+002  2.5656230e+002  2.4675020e+002  2.4600770e+002  2.4928090e+002  2.5349860e+002  2.5813040e+002  2.6102040e+002  2.5994250e+002  2.5377280e+002  2.4353770e+002  2.3291460e+002  2.2308310e+002  2.1791980e+002  2.1849650e+002  2.2258580e+002  2.2472790e+002  2.2130030e+002  2.1772630e+002  2.1616840e+002  2.1545950e+002  2.1453230e+002  2.1298310e+002  2.1112570e+002  2.0873420e+002  2.0292470e+002  1.9333540e+002  1.8238450e+002  1.7096710e+002  1.5854620e+002  1.4561800e+002  1.3372840e+002  1.2224570e+002  1.1316090e+002  1.0843360e+002  1.0160340e+002  9.0602170e+001  7.5361240e+001  6.6152460e+001  6.2828060e+001  6.1156400e+001  5.9592830e+001  5.7604790e+001  5.4791910e+001  5.1467320e+001  4.6952420e+001  4.0750450e+001  3.3244290e+001  2.5149260e+001  1.7190290e+001  1.0828910e+001  7.3086660e+000
  4.1155750e+006  1.5387720e+003  1.5212720e+003  1.5114750e+003  1.5027150e+003  1.4849700e+003  1.4659920e+003  1.4501350e+003  1.4256160e+003  1.3922750e+003  1.3525760e+003  1.3094250e+003  1.2674360e+003  1.2350920e+003  1.2180900e+003  1.2113260e+003  1.2093270e+003  1.2057780e+003  1.1952250e+003  1.1846860e+003  1.1741250e+003  1.1528030e+003  1.1179000e+003  1.0894110e+003  1.0780690e+003  1.0765660e+003  1.0765120e+003  1.0696820e+003  1.0498040e+003  1.0253050e+003  1.0106560e+003  1.0063580e+003  1.0068540e+003  1.0099660e+003  1.0137990e+003  1.0150090e+003  1.0087860e+003  9.9373630e+002  9.7474870e+002  9.5369030e+002  9.3103610e+002  9.0856100e+002  8.8924410e+002  8.7282230e+002  8.5840330e+002  8.5180460e+002  8.5020120e+002  8.4922160e+002  8.4881730e+002  8.4901360e+002  8.4923850e+002  8.4920260e+002  8.4856850e+002  8.4550350e+002  8.3876460e+002  8.3328630e+002  8.3192110e+002  8.2884420e+002  8.1973710e+002  7.9794020e+002  7.6345700e+002  7.2257850e+002  6.8287050e+002  6.5407160e+002  6.4244790e+002  6.4004530e+002  6.3718120e+002  6.3166070e+002  6.2224990e+002  6.0531210e+002  5.7396010e+002  5.3475740e+002  5.0571100e+002  4.8114370e+002  4.5204630e+002  4.3476890e+002  4.3051910e+002  4.2375960e+002  4.0675380e+002  3.8403490e+002  3.5760340e+002  3.2532820e+002  3.0273170e+002  2.9487520e+002  2.9503970e+002  2.9744960e+002  2.9976000e+002  3.0063890e+002  2.9827680e+002  2.9130070e+002  2.7997520e+002  2.6772450e+002  2.5942720e+002  2.5731020e+002  2.5865660e+002  2.6112160e+002  2.6348410e+002  2.6417290e+002  2.6279240e+002  2.5945730e+002  2.5438100e+002  2.4567220e+002  2.3214920e+002  2.2273050e+002  2.2257800e+002  2.2741670e+002  2.2952380e+002  2.2527140e+002  2.1978590e+002  2.1555210e+002  2.1261020e+002  2.1098370e+002  2.0954530e+002  2.0750500e+002  2.0354810e+002  1.9738570e+002  1.8971640e+002  1.8126450e+002  1.7143460e+002  1.6001830e+002  1.4820660e+002  1.3838150e+002  1.2878350e+002  1.2046720e+002  1.1565470e+002  1.1282780e+002  1.0664570e+002  9.3888640e+001  8.4479480e+001  7.6992420e+001  7.0744650e+001  6.5451490e+001  6.1647060e+001  5.6945800e+001  5.2697460e+001  4.7190730e+001  3.9403870e+001  3.0746440e+001  2.2973520e+001  1.6367840e+001  1.1064500e+001  7.8440670e+000
  4.1156250e+006  1.5419020e+003  1.5265270e+003  1.5172110e+003  1.5121190e+003  1.5032600e+003  1.4848740e+003  1.4690170e+003  1.4508850e+003  1.4208070e+003  1.3758880e+003  1.3260670e+003  1.2803850e+003  1.2472630e+003  1.2295940e+003  1.2193360e+003  1.2129990e+003  1.2062400e+003  1.1928880e+003  1.1789350e+003  1.1660320e+003  1.1472390e+003  1.1206160e+003  1.1015730e+003  1.0944770e+003  1.0920880e+003  1.0895860e+003  1.0789730e+003  1.0554410e+003  1.0305580e+003  1.0160190e+003  1.0107530e+003  1.0097630e+003  1.0113580e+003  1.0151520e+003  1.0190680e+003  1.0174730e+003  1.0068890e+003  9.8924880e+002  9.6684530e+002  9.4270290e+002  9.1963710e+002  8.9960170e+002  8.8167180e+002  8.6614360e+002  8.5878820e+002  8.5611560e+002  8.5452900e+002  8.5349260e+002  8.5285170e+002  8.5115670e+002  8.4780410e+002  8.4297460e+002  8.3541990e+002  8.2339760e+002  8.1252930e+002  8.0794760e+002  8.0346050e+002  7.9452140e+002  7.7543850e+002  7.4564400e+002  7.0973980e+002  6.7467400e+002  6.5024480e+002  6.4227630e+002  6.4255680e+002  6.4060600e+002  6.3479910e+002  6.2820290e+002  6.1916170e+002  5.9106040e+002  5.4251390e+002  5.0509590e+002  4.8078410e+002  4.5557610e+002  4.4182700e+002  4.3827290e+002  4.3151680e+002  4.1657400e+002  3.9311460e+002  3.6096830e+002  3.2646780e+002  3.0522100e+002  2.9876840e+002  2.9972210e+002  3.0264980e+002  3.0510770e+002  3.0582130e+002  3.0366640e+002  2.9804870e+002  2.8956430e+002  2.8056570e+002  2.7400300e+002  2.7128960e+002  2.7130270e+002  2.7227670e+002  2.7236270e+002  2.7064870e+002  2.6883270e+002  2.6801450e+002  2.6723430e+002  2.6033330e+002  2.4428690e+002  2.3076090e+002  2.2763870e+002  2.3094110e+002  2.3278610e+002  2.2908860e+002  2.2280710e+002  2.1629930e+002  2.1135750e+002  2.0867590e+002  2.0502220e+002  2.0072370e+002  1.9664050e+002  1.9249060e+002  1.8796910e+002  1.8198570e+002  1.7388660e+002  1.6405510e+002  1.5441770e+002  1.4770180e+002  1.4110050e+002  1.3653190e+002  1.3524640e+002  1.3319050e+002  1.2481880e+002  1.1224680e+002  1.0395320e+002  9.5604020e+001  8.9217730e+001  8.3110810e+001  7.3311410e+001  6.1684640e+001  5.5638430e+001  4.9327570e+001  3.9260570e+001  2.8724000e+001  2.1518900e+001  1.6831630e+001  1.2834580e+001  1.0147250e+001
  4.1156750e+006  1.5433440e+003  1.5303610e+003  1.5247720e+003  1.5225480e+003  1.5178950e+003  1.5073390e+003  1.4942910e+003  1.4693530e+003  1.4452630e+003  1.4025090e+003  1.3521030e+003  1.3091800e+003  1.2803910e+003  1.2604470e+003  1.2379830e+003  1.2186190e+003  1.2066720e+003  1.1928460e+003  1.1739370e+003  1.1547830e+003  1.1369480e+003  1.1195280e+003  1.1108990e+003  1.1082760e+003  1.1046710e+003  1.0998990e+003  1.0863440e+003  1.0602340e+003  1.0356740e+003  1.0217520e+003  1.0159320e+003  1.0139640e+003  1.0150220e+003  1.0190520e+003  1.0239290e+003  1.0244790e+003  1.0175480e+003  1.0030190e+003  9.8080240e+002  9.5348770e+002  9.2609360e+002  9.0301940e+002  8.8494520e+002  8.7055540e+002  8.6188400e+002  8.5951900e+002  8.5866760e+002  8.5698880e+002  8.5483640e+002  8.5130900e+002  8.4535830e+002  8.3713750e+002  8.2783100e+002  8.1494470e+002  8.0069810e+002  7.9024160e+002  7.8079160e+002  7.6945860e+002  7.5323630e+002  7.3038770e+002  7.0209000e+002  6.7314980e+002  6.5241160e+002  6.4539140e+002  6.4554080e+002  6.4370500e+002  6.3874490e+002  6.3554330e+002  6.3414920e+002  6.1560980e+002  5.6963960e+002  5.2426190e+002  4.9687200e+002  4.7481590e+002  4.6109050e+002  4.5423720e+002  4.4549000e+002  4.3047970e+002  4.0528320e+002  3.6889190e+002  3.3268370e+002  3.1266770e+002  3.0737850e+002  3.0851960e+002  3.1113200e+002  3.1307030e+002  3.1329510e+002  3.1117660e+002  3.0657790e+002  3.0014020e+002  2.9339970e+002  2.8812000e+002  2.8525340e+002  2.8444390e+002  2.8444650e+002  2.8337420e+002  2.8069160e+002  2.7887410e+002  2.7832620e+002  2.7651330e+002  2.6809840e+002  2.5160470e+002  2.3703200e+002  2.3170610e+002  2.3293000e+002  2.3412150e+002  2.3124120e+002  2.2516930e+002  2.1748370e+002  2.1088320e+002  2.0633310e+002  1.9996620e+002  1.9314260e+002  1.9000980e+002  1.8898380e+002  1.8769630e+002  1.8440780e+002  1.7836710e+002  1.7050970e+002  1.6288630e+002  1.5754240e+002  1.5319160e+002  1.5219650e+002  1.5434120e+002  1.5280380e+002  1.4332010e+002  1.3087140e+002  1.2137460e+002  1.1664520e+002  1.1160670e+002  1.0349400e+002  8.8530140e+001  6.8934080e+001  5.9556770e+001  5.2717060e+001  3.9770110e+001  2.6184110e+001  2.0033520e+001  1.8088220e+001  1.5057510e+001  1.1863030e+001
  4.1157250e+006  1.5434010e+003  1.5315610e+003  1.5293850e+003  1.5289420e+003  1.5244150e+003  1.5170820e+003  1.5069580e+003  1.4852190e+003  1.4588550e+003  1.4258190e+003  1.3817140e+003  1.3456670e+003  1.3245730e+003  1.3022840e+003  1.2653780e+003  1.2294560e+003  1.2100290e+003  1.1957290e+003  1.1738740e+003  1.1514600e+003  1.1365470e+003  1.1268230e+003  1.1235200e+003  1.1211600e+003  1.1149470e+003  1.1075620e+003  1.0915210e+003  1.0639810e+003  1.0397260e+003  1.0266010e+003  1.0208050e+003  1.0182460e+003  1.0194340e+003  1.0237420e+003  1.0277100e+003  1.0275090e+003  1.0226360e+003  1.0116060e+003  9.9059350e+002  9.5955210e+002  9.2577080e+002  8.9828530e+002  8.8083690e+002  8.6964230e+002  8.6252550e+002  8.6038320e+002  8.5959240e+002  8.5778020e+002  8.5501950e+002  8.5086820e+002  8.4416310e+002  8.3491580e+002  8.2578980e+002  8.1366250e+002  7.9795690e+002  7.8315980e+002  7.6867600e+002  7.5339210e+002  7.3844170e+002  7.2194020e+002  7.0082880e+002  6.7629130e+002  6.5689870e+002  6.4955400e+002  6.4898990e+002  6.4696610e+002  6.4216780e+002  6.3926040e+002  6.3973470e+002  6.3093230e+002  5.9992050e+002  5.5798900e+002  5.2783420e+002  5.0517350e+002  4.8778220e+002  4.7446520e+002  4.6051160e+002  4.4186080e+002  4.1473540e+002  3.7984590e+002  3.4728650e+002  3.2875500e+002  3.2262400e+002  3.2219660e+002  3.2329100e+002  3.2395600e+002  3.2327260e+002  3.2083620e+002  3.1667940e+002  3.1133370e+002  3.0578360e+002  3.0109290e+002  2.9789040e+002  2.9608620e+002  2.9489180e+002  2.9302370e+002  2.9031620e+002  2.8846250e+002  2.8653130e+002  2.8119430e+002  2.6991430e+002  2.5357110e+002  2.3952290e+002  2.3367460e+002  2.3400710e+002  2.3498580e+002  2.3290880e+002  2.2737330e+002  2.1894500e+002  2.1118050e+002  2.0600850e+002  1.9793140e+002  1.8846920e+002  1.8529360e+002  1.8636640e+002  1.8830830e+002  1.8840960e+002  1.8517110e+002  1.8001380e+002  1.7369770e+002  1.6663880e+002  1.6390710e+002  1.6372980e+002  1.6442460e+002  1.6408800e+002  1.6185280e+002  1.5845070e+002  1.5543490e+002  1.5142100e+002  1.3903230e+002  1.2103400e+002  1.0444850e+002  8.4589610e+001  6.7582130e+001  5.6768510e+001  4.1069660e+001  2.4032060e+001  1.8905160e+001  1.9725000e+001  1.7277650e+001  1.3402900e+001
  4.1157750e+006  1.5420050e+003  1.5304920e+003  1.5273500e+003  1.5258060e+003  1.5219510e+003  1.5172780e+003  1.5126810e+003  1.4983410e+003  1.4695510e+003  1.4478070e+003  1.4139550e+003  1.3836440e+003  1.3673590e+003  1.3403900e+003  1.2904370e+003  1.2404300e+003  1.2125140e+003  1.1961610e+003  1.1761490e+003  1.1574820e+003  1.1476340e+003  1.1421620e+003  1.1394890e+003  1.1355150e+003  1.1268920e+003  1.1146720e+003  1.0930780e+003  1.0637990e+003  1.0406140e+003  1.0291660e+003  1.0244140e+003  1.0217720e+003  1.0230710e+003  1.0272230e+003  1.0295590e+003  1.0274890e+003  1.0233070e+003  1.0151080e+003  9.9538130e+002  9.6042350e+002  9.1915410e+002  8.8615320e+002  8.6984110e+002  8.6437080e+002  8.6115630e+002  8.5991930e+002  8.5914870e+002  8.5733950e+002  8.5465790e+002  8.5103060e+002  8.4550090e+002  8.3753520e+002  8.2808840e+002  8.1441390e+002  7.9727960e+002  7.8204320e+002  7.6661720e+002  7.4845940e+002  7.3291850e+002  7.2132630e+002  7.0704890e+002  6.8614340e+002  6.6683870e+002  6.5798500e+002  6.5565670e+002  6.5220900e+002  6.4571800e+002  6.4051180e+002  6.3938020e+002  6.3659580e+002  6.2333050e+002  5.9715500e+002  5.6753770e+002  5.3964790e+002  5.1565340e+002  4.9490810e+002  4.7445230e+002  4.5131840e+002  4.2366480e+002  3.9340520e+002  3.6686040e+002  3.5019930e+002  3.4250800e+002  3.3965860e+002  3.3852940e+002  3.3740020e+002  3.3542210e+002  3.3226210e+002  3.2796470e+002  3.2290360e+002  3.1769080e+002  3.1295520e+002  3.0907190e+002  3.0599600e+002  3.0325960e+002  3.0021080e+002  2.9687090e+002  2.9394640e+002  2.9019360e+002  2.8287850e+002  2.7082620e+002  2.5548590e+002  2.4231870e+002  2.3644190e+002  2.3640590e+002  2.3734590e+002  2.3582850e+002  2.3081850e+002  2.2194480e+002  2.1316610e+002  2.0836100e+002  2.0036720e+002  1.8839360e+002  1.8411710e+002  1.8596740e+002  1.9027460e+002  1.9383290e+002  1.9465940e+002  1.9395910e+002  1.9100790e+002  1.8652510e+002  1.8487870e+002  1.8465730e+002  1.8430260e+002  1.8390310e+002  1.8470520e+002  1.8402210e+002  1.8313660e+002  1.7980030e+002  1.7047990e+002  1.5166870e+002  1.2595200e+002  1.0771830e+002  8.4888340e+001  6.2573300e+001  4.5181630e+001  2.5940930e+001  1.9589320e+001  2.0765030e+001  1.9212920e+001  1.6488190e+001
  4.1158250e+006  1.5373970e+003  1.5279950e+003  1.5225210e+003  1.5185100e+003  1.5152590e+003  1.5120750e+003  1.5092800e+003  1.5003670e+003  1.4782520e+003  1.4638870e+003  1.4470760e+003  1.4193000e+003  1.3969090e+003  1.3572080e+003  1.2962420e+003  1.2391080e+003  1.2111920e+003  1.1948380e+003  1.1774050e+003  1.1630490e+003  1.1575360e+003  1.1545630e+003  1.1515010e+003  1.1469060e+003  1.1389600e+003  1.1236110e+003  1.0962620e+003  1.0642610e+003  1.0428250e+003  1.0312640e+003  1.0267450e+003  1.0243020e+003  1.0254800e+003  1.0290860e+003  1.0301250e+003  1.0265730e+003  1.0217750e+003  1.0151550e+003  9.9683970e+002  9.5933840e+002  9.1180770e+002  8.7354330e+002  8.5796150e+002  8.5793770e+002  8.5863370e+002  8.5840480e+002  8.5780050e+002  8.5633110e+002  8.5426710e+002  8.5192490e+002  8.4872200e+002  8.4348110e+002  8.3408020e+002  8.1745890e+002  7.9758000e+002  7.8388320e+002  7.7153170e+002  7.5253220e+002  7.3406160e+002  7.2513760e+002  7.1783160e+002  7.0234850e+002  6.8438950e+002  6.7273430e+002  6.6635990e+002  6.5961270e+002  6.5011460e+002  6.4195630e+002  6.3785680e+002  6.3440690e+002  6.2766300e+002  6.1426840e+002  5.9215080e+002  5.6539740e+002  5.3872420e+002  5.1305740e+002  4.8729410e+002  4.6048870e+002  4.3312760e+002  4.0759600e+002  3.8668990e+002  3.7240000e+002  3.6395810e+002  3.5908080e+002  3.5574840e+002  3.5267380e+002  3.4917040e+002  3.4496130e+002  3.4006030e+002  3.3469880e+002  3.2923660e+002  3.2402420e+002  3.1924980e+002  3.1484320e+002  3.1049370e+002  3.0585660e+002  3.0099190e+002  2.9632770e+002  2.9143620e+002  2.8479090e+002  2.7506540e+002  2.6253650e+002  2.5067290e+002  2.4393100e+002  2.4244950e+002  2.4251880e+002  2.4102100e+002  2.3675370e+002  2.2889630e+002  2.1947790e+002  2.1262190e+002  2.0574500e+002  1.9388850e+002  1.8836940e+002  1.8923610e+002  1.9374630e+002  1.9957720e+002  2.0438690e+002  2.0648730e+002  2.0650940e+002  2.0622240e+002  2.0634080e+002  2.0642920e+002  2.0548930e+002  2.0352310e+002  2.0456700e+002  2.0515650e+002  2.0608830e+002  2.0593840e+002  2.0106700e+002  1.8652010e+002  1.6320410e+002  1.3825690e+002  1.0669030e+002  7.2650510e+001  5.2482090e+001  3.1044840e+001  2.2432970e+001  2.2255420e+001  2.2180670e+001  2.3194660e+001
  4.1158750e+006  1.5310380e+003  1.5251430e+003  1.5183500e+003  1.5127680e+003  1.5101570e+003  1.5069760e+003  1.5005050e+003  1.4916060e+003  1.4804830e+003  1.4745190e+003  1.4681310e+003  1.4486140e+003  1.4110000e+003  1.3569820e+003  1.2879590e+003  1.2279460e+003  1.2061560e+003  1.1931990e+003  1.1790500e+003  1.1674800e+003  1.1620460e+003  1.1600200e+003  1.1574430e+003  1.1535600e+003  1.1478990e+003  1.1322110e+003  1.1041840e+003  1.0714650e+003  1.0530300e+003  1.0371590e+003  1.0293010e+003  1.0253960e+003  1.0262950e+003  1.0299180e+003  1.0304020e+003  1.0252750e+003  1.0185140e+003  1.0132660e+003  9.9827210e+002  9.6178820e+002  9.1195790e+002  8.7013490e+002  8.5211150e+002  8.5168890e+002  8.5417230e+002  8.5560750e+002  8.5607970e+002  8.5557700e+002  8.5449280e+002  8.5345290e+002  8.5249650e+002  8.5043910e+002  8.4297360e+002  8.2471010e+002  8.0071860e+002  7.8625960e+002  7.7624570e+002  7.5754320e+002  7.3618170e+002  7.2816770e+002  7.2644270e+002  7.1748080e+002  7.0232620e+002  6.8723490e+002  6.7476350e+002  6.6342440e+002  6.5194410e+002  6.4316090e+002  6.3704160e+002  6.2951030e+002  6.2043440e+002  6.1270330e+002  6.0041550e+002  5.8073550e+002  5.5618780e+002  5.2891220e+002  4.9997880e+002  4.7070500e+002  4.4379710e+002  4.2216400e+002  4.0587310e+002  3.9401080e+002  3.8554280e+002  3.7924110e+002  3.7399700e+002  3.6903740e+002  3.6391910e+002  3.5845400e+002  3.5263960e+002  3.4660440e+002  3.4054400e+002  3.3463600e+002  3.2894900e+002  3.2337900e+002  3.1765370e+002  3.1146090e+002  3.0476530e+002  2.9822240e+002  2.9311570e+002  2.8957760e+002  2.8478060e+002  2.7648390e+002  2.6609900e+002  2.5771230e+002  2.5347410e+002  2.5137840e+002  2.4900020e+002  2.4532660e+002  2.3953140e+002  2.3113970e+002  2.2207290e+002  2.1283590e+002  2.0289990e+002  1.9648090e+002  1.9520390e+002  1.9818220e+002  2.0416710e+002  2.1009720e+002  2.1071310e+002  2.1129980e+002  2.1407090e+002  2.1639600e+002  2.1724040e+002  2.1594320e+002  2.1316780e+002  2.1507430e+002  2.2157160e+002  2.2467900e+002  2.2585550e+002  2.2334140e+002  2.1279860e+002  1.9360030e+002  1.6567950e+002  1.2848780e+002  8.8340670e+001  5.7929790e+001  3.6870290e+001  2.8679010e+001  2.6922500e+001  2.6514740e+001  2.9412060e+001
  4.1159250e+006  1.5249760e+003  1.5217170e+003  1.5152720e+003  1.5103510e+003  1.5065650e+003  1.5003040e+003  1.4906830e+003  1.4815520e+003  1.4782900e+003  1.4788550e+003  1.4765380e+003  1.4610430e+003  1.4207350e+003  1.3564440e+003  1.2814970e+003  1.2217160e+003  1.1989950e+003  1.1891730e+003  1.1805150e+003  1.1729520e+003  1.1681080e+003  1.1647610e+003  1.1604280e+003  1.1570200e+003  1.1523960e+003  1.1354530e+003  1.1102700e+003  1.0847970e+003  1.0619870e+003  1.0461010e+003  1.0341890e+003  1.0258400e+003  1.0251110e+003  1.0287020e+003  1.0293720e+003  1.0230070e+003  1.0134670e+003  1.0090660e+003  9.9893950e+002  9.6748960e+002  9.1990840e+002  8.7651650e+002  8.5351570e+002  8.4895210e+002  8.5075760e+002  8.5327460e+002  8.5505620e+002  8.5591270e+002  8.5594340e+002  8.5531770e+002  8.5510440e+002  8.5496150e+002  8.4957310e+002  8.3148290e+002  8.0491780e+002  7.8810720e+002  7.7803780e+002  7.6024640e+002  7.3874430e+002  7.3120360e+002  7.3201100e+002  7.2736490e+002  7.1396230e+002  6.9431570e+002  6.7391970e+002  6.5718320e+002  6.4662490e+002  6.4186650e+002  6.3691180e+002  6.2740770e+002  6.1626520e+002  6.1080690e+002  6.0522580e+002  5.9203550e+002  5.7089900e+002  5.4393830e+002  5.1381220e+002  4.8366210e+002  4.5762690e+002  4.3886160e+002  4.2571400e+002  4.1554570e+002  4.0705790e+002  3.9958290e+002  3.9263550e+002  3.8588400e+002  3.7913680e+002  3.7231180e+002  3.6541120e+002  3.5849880e+002  3.5167050e+002  3.4501070e+002  3.3854280e+002  3.3218390e+002  3.2571740e+002  3.1881450e+002  3.1123900e+002  3.0373440e+002  2.9949000e+002  3.0057060e+002  3.0172580e+002  2.9766220e+002  2.8817990e+002  2.7742890e+002  2.6914580e+002  2.6347010e+002  2.5918860e+002  2.5552800e+002  2.5162460e+002  2.4607370e+002  2.3791030e+002  2.2712510e+002  2.1562210e+002  2.0674920e+002  2.0284460e+002  2.0334900e+002  2.0703110e+002  2.1146340e+002  2.1241600e+002  2.1392110e+002  2.1726970e+002  2.2039540e+002  2.2259020e+002  2.2375190e+002  2.2447900e+002  2.2787530e+002  2.3343510e+002  2.3473910e+002  2.3441440e+002  2.3322840e+002  2.2857910e+002  2.1572560e+002  1.8814430e+002  1.4375400e+002  9.4285420e+001  5.7815390e+001  3.9428090e+001  3.4163640e+001  3.1859830e+001  2.9469540e+001  3.0680710e+001
  4.1159750e+006  1.5169600e+003  1.5161810e+003  1.5115440e+003  1.5078700e+003  1.5038320e+003  1.4959240e+003  1.4864710e+003  1.4787920e+003  1.4760360e+003  1.4765960e+003  1.4750660e+003  1.4613750e+003  1.4220430e+003  1.3538200e+003  1.2763990e+003  1.2187660e+003  1.1937300e+003  1.1854470e+003  1.1819380e+003  1.1784410e+003  1.1753690e+003  1.1704590e+003  1.1625730e+003  1.1593070e+003  1.1553380e+003  1.1373460e+003  1.1158290e+003  1.0979580e+003  1.0698690e+003  1.0543710e+003  1.0383470e+003  1.0248030e+003  1.0202560e+003  1.0217130e+003  1.0219720e+003  1.0149350e+003  1.0035000e+003  9.9896130e+002  9.9311520e+002  9.6906030e+002  9.2654880e+002  8.8301690e+002  8.5557020e+002  8.4746450e+002  8.4869770e+002  8.5206560e+002  8.5475850e+002  8.5659330e+002  8.5742850e+002  8.5668270e+002  8.5584660e+002  8.5484560e+002  8.4830600e+002  8.3034320e+002  8.0529410e+002  7.8802860e+002  7.7693090e+002  7.6087970e+002  7.4272130e+002  7.3651440e+002  7.3634910e+002  7.3108030e+002  7.1648860e+002  6.9253880e+002  6.6549350e+002  6.4393030e+002  6.3474190e+002  6.3504840e+002  6.3341260e+002  6.2583970e+002  6.1641940e+002  6.1264270e+002  6.1034740e+002  6.0161650e+002  5.8395700e+002  5.5841270e+002  5.2885800e+002  4.9983290e+002  4.7562840e+002  4.5868860e+002  4.4694910e+002  4.3731950e+002  4.2839860e+002  4.1973150e+002  4.1116820e+002  4.0270050e+002  3.9435480e+002  3.8615030e+002  3.7810170e+002  3.7023180e+002  3.6257780e+002  3.5518890e+002  3.4811880e+002  3.4141760e+002  3.3512670e+002  3.2927170e+002  3.2347810e+002  3.1748190e+002  3.1508540e+002  3.1898130e+002  3.2318620e+002  3.2130720e+002  3.1202230e+002  2.9890820e+002  2.8605210e+002  2.7617460e+002  2.6958410e+002  2.6583120e+002  2.6389000e+002  2.6145490e+002  2.5548870e+002  2.4448460e+002  2.3094380e+002  2.1932460e+002  2.1259230e+002  2.0993680e+002  2.0973870e+002  2.1086290e+002  2.1240610e+002  2.1549950e+002  2.1942410e+002  2.2306260e+002  2.2650930e+002  2.3018400e+002  2.3406230e+002  2.3755440e+002  2.3934860e+002  2.3850020e+002  2.3706920e+002  2.3740220e+002  2.3912790e+002  2.3311700e+002  2.0502270e+002  1.4921650e+002  8.7013730e+001  4.7640400e+001  3.4473320e+001  3.4323140e+001  3.2649390e+001  2.9212940e+001  2.9745570e+001
  4.1160250e+006  1.5023770e+003  1.5017220e+003  1.4991550e+003  1.4961020e+003  1.4960020e+003  1.4903580e+003  1.4815910e+003  1.4735840e+003  1.4675220e+003  1.4651350e+003  1.4644940e+003  1.4543350e+003  1.4161710e+003  1.3444700e+003  1.2665370e+003  1.2148620e+003  1.1885080e+003  1.1798730e+003  1.1813180e+003  1.1816270e+003  1.1809150e+003  1.1755530e+003  1.1642540e+003  1.1603540e+003  1.1558150e+003  1.1389210e+003  1.1211650e+003  1.1041380e+003  1.0765480e+003  1.0571040e+003  1.0357290e+003  1.0195920e+003  1.0128270e+003  1.0104690e+003  1.0069480e+003  9.9710910e+002  9.8545560e+002  9.8071610e+002  9.7694270e+002  9.6018400e+002  9.2456060e+002  8.8323220e+002  8.5418300e+002  8.4497240e+002  8.4729930e+002  8.5188700e+002  8.5477470e+002  8.5665590e+002  8.5780400e+002  8.5733890e+002  8.5616390e+002  8.5323200e+002  8.4410580e+002  8.2753030e+002  8.0726290e+002  7.8977950e+002  7.7544950e+002  7.6118430e+002  7.4989790e+002  7.4551350e+002  7.3999390e+002  7.2832790e+002  7.1021690e+002  6.8610220e+002  6.5967820e+002  6.3786910e+002  6.2782250e+002  6.2680890e+002  6.2474590e+002  6.1964560e+002  6.1494910e+002  6.1455340e+002  6.1464650e+002  6.0890430e+002  5.9399650e+002  5.7026120e+002  5.4241910e+002  5.1569350e+002  4.9385190e+002  4.7843680e+002  4.6752740e+002  4.5810680e+002  4.4877980e+002  4.3907270e+002  4.2903530e+002  4.1897160e+002  4.0912490e+002  3.9960840e+002  3.9044730e+002  3.8162880e+002  3.7314600e+002  3.6503660e+002  3.5741930e+002  3.5054320e+002  3.4486900e+002  3.4113310e+002  3.3855290e+002  3.3381860e+002  3.3111080e+002  3.3297780e+002  3.3550710e+002  3.3428340e+002  3.2752900e+002  3.1548180e+002  2.9950060e+002  2.8610970e+002  2.7761410e+002  2.7409510e+002  2.7461220e+002  2.7582240e+002  2.7274010e+002  2.6235950e+002  2.4787910e+002  2.3445820e+002  2.2505350e+002  2.1911540e+002  2.1518180e+002  2.1278250e+002  2.1294590e+002  2.1672740e+002  2.2189090e+002  2.2635530e+002  2.2999270e+002  2.3350360e+002  2.3714340e+002  2.4002900e+002  2.4120690e+002  2.4094530e+002  2.4062520e+002  2.4262090e+002  2.4697980e+002  2.4305780e+002  2.1154910e+002  1.4454670e+002  7.2961940e+001  3.3647320e+001  2.6191680e+001  3.1216290e+001  3.1080310e+001  2.7925590e+001  2.9160120e+001
  4.1160750e+006  1.4707140e+003  1.4674220e+003  1.4629790e+003  1.4619760e+003  1.4685400e+003  1.4671120e+003  1.4600220e+003  1.4512990e+003  1.4413160e+003  1.4346960e+003  1.4330420e+003  1.4252870e+003  1.3889660e+003  1.3177160e+003  1.2457390e+003  1.2043420e+003  1.1784750e+003  1.1688770e+003  1.1749690e+003  1.1801020e+003  1.1814080e+003  1.1758020e+003  1.1629690e+003  1.1547670e+003  1.1454620e+003  1.1308580e+003  1.1192080e+003  1.1040570e+003  1.0766420e+003  1.0551640e+003  1.0287500e+003  1.0135580e+003  1.0073670e+003  9.9960350e+002  9.9016040e+002  9.7979810e+002  9.7106470e+002  9.6682210e+002  9.6208130e+002  9.4758790e+002  9.1755510e+002  8.8085520e+002  8.5338340e+002  8.4438100e+002  8.4750800e+002  8.5253440e+002  8.5491860e+002  8.5609200e+002  8.5666970e+002  8.5605150e+002  8.5400280e+002  8.4820770e+002  8.3565810e+002  8.2030150e+002  8.0562980e+002  7.9013170e+002  7.7481340e+002  7.6323160e+002  7.5836890e+002  7.5464950e+002  7.4207290e+002  7.2230010e+002  7.0135310e+002  6.8258040e+002  6.6599870e+002  6.5165660e+002  6.4004100e+002  6.2953530e+002  6.1979100e+002  6.1438120e+002  6.1450560e+002  6.1874840e+002  6.2112050e+002  6.1531260e+002  6.0003120e+002  5.7725290e+002  5.5149880e+002  5.2726760e+002  5.0757900e+002  4.9354770e+002  4.8372500e+002  4.7538020e+002  4.6670680e+002  4.5665180e+002  4.4551560e+002  4.3411980e+002  4.2299050e+002  4.1234040e+002  4.0220300e+002  3.9252320e+002  3.8323880e+002  3.7435900e+002  3.6603140e+002  3.5861660e+002  3.5280660e+002  3.4973520e+002  3.4857470e+002  3.4457570e+002  3.4091750e+002  3.3933240e+002  3.3834230e+002  3.3667670e+002  3.3241400e+002  3.2236890e+002  3.0562210e+002  2.9083650e+002  2.8157630e+002  2.7865640e+002  2.8150200e+002  2.8580700e+002  2.8544850e+002  2.7674770e+002  2.6311400e+002  2.4953150e+002  2.3866110e+002  2.3062080e+002  2.2461110e+002  2.2058920e+002  2.1973360e+002  2.2287730e+002  2.2768230e+002  2.3159360e+002  2.3404150e+002  2.3595730e+002  2.3832490e+002  2.4072660e+002  2.4249550e+002  2.4373510e+002  2.4490310e+002  2.4638090e+002  2.4690740e+002  2.3748150e+002  2.0093920e+002  1.3155570e+002  6.2049960e+001  2.6652470e+001  2.2100880e+001  2.8932440e+001  3.0464010e+001  2.8126820e+001  2.9244160e+001
  4.1161250e+006  1.4418480e+003  1.4347860e+003  1.4210210e+003  1.4121560e+003  1.4159380e+003  1.4186730e+003  1.4150940e+003  1.4059090e+003  1.3922030e+003  1.3795850e+003  1.3722990e+003  1.3627750e+003  1.3307970e+003  1.2728920e+003  1.2193770e+003  1.1843950e+003  1.1659860e+003  1.1607520e+003  1.1645830e+003  1.1733410e+003  1.1754360e+003  1.1704340e+003  1.1575770e+003  1.1391210e+003  1.1266020e+003  1.1145530e+003  1.1042250e+003  1.0930400e+003  1.0685840e+003  1.0488900e+003  1.0207700e+003  1.0085550e+003  1.0013330e+003  9.8993740e+002  9.7781330e+002  9.6962820e+002  9.6516880e+002  9.6226330e+002  9.5568370e+002  9.4034770e+002  9.1422140e+002  8.8357200e+002  8.5972090e+002  8.5001330e+002  8.5056030e+002  8.5382510e+002  8.5594870e+002  8.5691500e+002  8.5627780e+002  8.5309860e+002  8.4668490e+002  8.3510250e+002  8.1780790e+002  8.0210860e+002  7.9287900e+002  7.8424160e+002  7.7414500e+002  7.6697670e+002  7.6483270e+002  7.5932210e+002  7.4127420e+002  7.1607040e+002  6.9440670e+002  6.8246150e+002  6.7714620e+002  6.7157710e+002  6.5905560e+002  6.3889970e+002  6.2036790e+002  6.1260960e+002  6.1489330e+002  6.2182270e+002  6.2510330e+002  6.1775600e+002  6.0101040e+002  5.7886120e+002  5.5512180e+002  5.3299510e+002  5.1473890e+002  5.0146260e+002  4.9279640e+002  4.8683980e+002  4.8050430e+002  4.7124720e+002  4.5971880e+002  4.4751040e+002  4.3550010e+002  4.2403140e+002  4.1316790e+002  4.0280390e+002  3.9279290e+002  3.8307920e+002  3.7377830e+002  3.6522330e+002  3.5803110e+002  3.5320720e+002  3.5067760e+002  3.4744650e+002  3.4391250e+002  3.3932630e+002  3.3397990e+002  3.3063980e+002  3.2713700e+002  3.1799680e+002  3.0328100e+002  2.9018170e+002  2.8198990e+002  2.8019240e+002  2.8432830e+002  2.8944710e+002  2.9029300e+002  2.8438780e+002  2.7380900e+002  2.6197580e+002  2.5156100e+002  2.4361850e+002  2.3714860e+002  2.3266340e+002  2.3102110e+002  2.3296740e+002  2.3661780e+002  2.3932500e+002  2.4000870e+002  2.4001570e+002  2.4102160e+002  2.4271690e+002  2.4454210e+002  2.4657750e+002  2.4812400e+002  2.4599360e+002  2.3639880e+002  2.1450110e+002  1.7186220e+002  1.0892630e+002  5.2522420e+001  2.6673580e+001  2.4589530e+001  3.0661970e+001  3.1769840e+001  2.9636620e+001  3.0681560e+001
  4.1161750e+006  1.4003740e+003  1.3877970e+003  1.3688380e+003  1.3556820e+003  1.3576740e+003  1.3626700e+003  1.3604730e+003  1.3494620e+003  1.3314040e+003  1.3116970e+003  1.2977040e+003  1.2876920e+003  1.2655590e+003  1.2299110e+003  1.2005750e+003  1.1709060e+003  1.1589380e+003  1.1553120e+003  1.1553260e+003  1.1600250e+003  1.1616070e+003  1.1598910e+003  1.1490820e+003  1.1220230e+003  1.1071860e+003  1.0953690e+003  1.0748280e+003  1.0628900e+003  1.0504520e+003  1.0348840e+003  1.0145600e+003  1.0042620e+003  9.9589780e+002  9.8459090e+002  9.7383940e+002  9.6772810e+002  9.6561970e+002  9.6374900e+002  9.5600620e+002  9.3979650e+002  9.1649490e+002  8.9110530e+002  8.7074250e+002  8.6002890e+002  8.5723660e+002  8.5803260e+002  8.5942060e+002  8.5987010e+002  8.5739050e+002  8.5013710e+002  8.3779160e+002  8.2010280e+002  7.9888940e+002  7.8262130e+002  7.7733860e+002  7.7555770e+002  7.7161930e+002  7.6791930e+002  7.6557800e+002  7.5751320e+002  7.3700820e+002  7.1060330e+002  6.9020670e+002  6.8247720e+002  6.8231260e+002  6.7984940e+002  6.6689080e+002  6.4379140e+002  6.2213740e+002  6.1221240e+002  6.1303490e+002  6.1836210e+002  6.2006690e+002  6.1210450e+002  5.9592480e+002  5.7546260e+002  5.5385930e+002  5.3349210e+002  5.1614640e+002  5.0315320e+002  4.9541120e+002  4.9206930e+002  4.8878270e+002  4.8145210e+002  4.7070860e+002  4.5858180e+002  4.4628850e+002  4.3443800e+002  4.2321510e+002  4.1245380e+002  4.0187200e+002  3.9131950e+002  3.8087110e+002  3.7080450e+002  3.6157560e+002  3.5389660e+002  3.4858960e+002  3.4553640e+002  3.4250200e+002  3.3482860e+002  3.2377630e+002  3.1745480e+002  3.1386580e+002  3.0586660e+002  2.9525290e+002  2.8611330e+002  2.8082260e+002  2.8104960e+002  2.8587260e+002  2.9037630e+002  2.9135140e+002  2.8803920e+002  2.8085480e+002  2.7149560e+002  2.6267400e+002  2.5643110e+002  2.5092850e+002  2.4650900e+002  2.4328430e+002  2.4374550e+002  2.4667360e+002  2.4893930e+002  2.4833350e+002  2.4699710e+002  2.4655540e+002  2.4666010e+002  2.4751190e+002  2.4924830e+002  2.4968440e+002  2.4170080e+002  2.1939940e+002  1.8376410e+002  1.3668600e+002  8.4225370e+001  4.5653600e+001  3.3077930e+001  3.4298230e+001  3.8026830e+001  3.6140070e+001  3.4234470e+001  3.6122920e+001
  4.1162250e+006  1.3614890e+003  1.3482080e+003  1.3323040e+003  1.3210810e+003  1.3195050e+003  1.3198330e+003  1.3139410e+003  1.2994820e+003  1.2774370e+003  1.2524790e+003  1.2352420e+003  1.2282110e+003  1.2173070e+003  1.1985100e+003  1.1819990e+003  1.1625140e+003  1.1523490e+003  1.1480740e+003  1.1468120e+003  1.1487770e+003  1.1500140e+003  1.1484280e+003  1.1380860e+003  1.1109530e+003  1.0845900e+003  1.0681510e+003  1.0507420e+003  1.0344360e+003  1.0218270e+003  1.0146130e+003  1.0081500e+003  1.0015290e+003  9.9305310e+002  9.8241250e+002  9.7325170e+002  9.6835510e+002  9.6705080e+002  9.6597960e+002  9.5812550e+002  9.4213970e+002  9.2110960e+002  8.9928940e+002  8.8126730e+002  8.6992640e+002  8.6476720e+002  8.6346010e+002  8.6369060e+002  8.6319760e+002  8.5884860e+002  8.4809890e+002  8.3157820e+002  8.1096960e+002  7.8937650e+002  7.7378120e+002  7.6881200e+002  7.6830930e+002  7.6614260e+002  7.6274570e+002  7.5831600e+002  7.4816720e+002  7.2852260e+002  7.0498930e+002  6.8768900e+002  6.8206010e+002  6.8214180e+002  6.7834230e+002  6.6483850e+002  6.4307700e+002  6.2252770e+002  6.1146680e+002  6.0921240e+002  6.1062930e+002  6.0943650e+002  6.0131480e+002  5.8682800e+002  5.6863670e+002  5.4919360e+002  5.3043940e+002  5.1393600e+002  5.0121090e+002  4.9400730e+002  4.9228690e+002  4.9145760e+002  4.8688650e+002  4.7830040e+002  4.6723400e+002  4.5522070e+002  4.4342660e+002  4.3230650e+002  4.2156340e+002  4.1065910e+002  3.9933060e+002  3.8768670e+002  3.7607240e+002  3.6496120e+002  3.5499070e+002  3.4720130e+002  3.4235500e+002  3.3748740e+002  3.2667070e+002  3.1190440e+002  3.0143900e+002  2.9674540e+002  2.9170030e+002  2.8566170e+002  2.8071400e+002  2.7887960e+002  2.8160940e+002  2.8736410e+002  2.9162570e+002  2.9283650e+002  2.9110880e+002  2.8607740e+002  2.7871450e+002  2.7055280e+002  2.6304840e+002  2.5946750e+002  2.5702730e+002  2.5403750e+002  2.5347820e+002  2.5531200e+002  2.5704480e+002  2.5589570e+002  2.5433180e+002  2.5327930e+002  2.5191800e+002  2.5130920e+002  2.5195610e+002  2.5007330e+002  2.3503750e+002  2.0017390e+002  1.5326550e+002  1.0521170e+002  6.4119210e+001  4.1829660e+001  4.0931940e+001  4.5271990e+001  4.7044910e+001  4.2893940e+001  4.2141490e+001  4.4595520e+001
  4.1162750e+006  1.3361530e+003  1.3249880e+003  1.3138080e+003  1.3051360e+003  1.2992240e+003  1.2932730e+003  1.2834250e+003  1.2670060e+003  1.2433820e+003  1.2171730e+003  1.2013130e+003  1.1977500e+003  1.1937250e+003  1.1831450e+003  1.1695490e+003  1.1543080e+003  1.1433380e+003  1.1379990e+003  1.1369230e+003  1.1391640e+003  1.1410640e+003  1.1383760e+003  1.1288160e+003  1.1051500e+003  1.0714120e+003  1.0507660e+003  1.0257750e+003  1.0135100e+003  1.0081890e+003  1.0042660e+003  1.0019950e+003  9.9942930e+002  9.9246410e+002  9.8109480e+002  9.7206430e+002  9.6752480e+002  9.6571520e+002  9.6503220e+002  9.5800070e+002  9.4364220e+002  9.2488160e+002  9.0534530e+002  8.8867490e+002  8.7703930e+002  8.7044700e+002  8.6753970e+002  8.6645780e+002  8.6475440e+002  8.5887070e+002  8.4611410e+002  8.2794610e+002  8.0726300e+002  7.8727090e+002  7.7241080e+002  7.6511060e+002  7.6167210e+002  7.5780950e+002  7.5287390e+002  7.4634120e+002  7.3546380e+002  7.1866400e+002  6.9999950e+002  6.8670300e+002  6.8220930e+002  6.8058990e+002  6.7379270e+002  6.5940280e+002  6.4005760e+002  6.2211070e+002  6.1074460e+002  6.0552910e+002  6.0293270e+002  5.9871470e+002  5.9001140e+002  5.7674320e+002  5.6041870e+002  5.4283100e+002  5.2562180e+002  5.1025250e+002  4.9829660e+002  4.9172840e+002  4.9092290e+002  4.9177850e+002  4.8989260e+002  4.8382640e+002  4.7403050e+002  4.6238260e+002  4.5092320e+002  4.4047270e+002  4.3033090e+002  4.1942090e+002  4.0736290e+002  3.9445680e+002  3.8128610e+002  3.6850520e+002  3.5681820e+002  3.4699620e+002  3.3874320e+002  3.2856700e+002  3.1608050e+002  3.0556740e+002  2.9230550e+002  2.8539950e+002  2.8130490e+002  2.7758580e+002  2.7550070e+002  2.7646130e+002  2.8120490e+002  2.8772270e+002  2.9229100e+002  2.9421040e+002  2.9362380e+002  2.9003860e+002  2.8447900e+002  2.7774250e+002  2.7001210e+002  2.6505580e+002  2.6189760e+002  2.6041670e+002  2.6006200e+002  2.6039830e+002  2.6081200e+002  2.6042000e+002  2.5958150e+002  2.5847050e+002  2.5654410e+002  2.5524250e+002  2.5484080e+002  2.5059230e+002  2.2853830e+002  1.8175210e+002  1.2612810e+002  8.0891580e+001  5.1758850e+001  4.0696070e+001  4.3461880e+001  4.7697590e+001  4.9581500e+001  4.6583090e+001  4.6805510e+001  4.9348310e+001
  4.1163250e+006  1.3248530e+003  1.3137660e+003  1.3024420e+003  1.2929460e+003  1.2848690e+003  1.2770570e+003  1.2675160e+003  1.2524780e+003  1.2291090e+003  1.2036120e+003  1.1903680e+003  1.1888910e+003  1.1874310e+003  1.1795950e+003  1.1651110e+003  1.1469020e+003  1.1319890e+003  1.1244320e+003  1.1237460e+003  1.1280570e+003  1.1323960e+003  1.1296410e+003  1.1207850e+003  1.1021800e+003  1.0665910e+003  1.0402490e+003  1.0154430e+003  1.0040310e+003  1.0003100e+003  9.9709180e+002  9.9740440e+002  1.0024300e+003  9.9634450e+002  9.8010310e+002  9.6949620e+002  9.6560390e+002  9.6282130e+002  9.6155490e+002  9.5535380e+002  9.4324040e+002  9.2644590e+002  9.0810460e+002  8.9208940e+002  8.8040160e+002  8.7306100e+002  8.6900580e+002  8.6655730e+002  8.6333850e+002  8.5617070e+002  8.4289450e+002  8.2501650e+002  8.0554970e+002  7.8714780e+002  7.7230470e+002  7.6210830e+002  7.5478370e+002  7.4810080e+002  7.4141020e+002  7.3397590e+002  7.2378490e+002  7.0989670e+002  6.9511200e+002  6.8471690e+002  6.8081090e+002  6.7730690e+002  6.6761470e+002  6.5256340e+002  6.3571210e+002  6.2060490e+002  6.0961800e+002  6.0236760e+002  5.9668320e+002  5.8993930e+002  5.8030780e+002  5.6748640e+002  5.5229710e+002  5.3606340e+002  5.2028480e+002  5.0649430e+002  4.9621830e+002  4.9091480e+002  4.9063920e+002  4.9227760e+002  4.9224820e+002  4.8822210e+002  4.7926540e+002  4.6768140e+002  4.5676960e+002  4.4778720e+002  4.3906230e+002  4.2846370e+002  4.1557910e+002  4.0118190e+002  3.8626260e+002  3.7172700e+002  3.5838210e+002  3.4681980e+002  3.3627610e+002  3.2399290e+002  3.1171300e+002  3.0206270e+002  2.9001090e+002  2.8184060e+002  2.7662720e+002  2.7292790e+002  2.7203540e+002  2.7425400e+002  2.7933760e+002  2.8560050e+002  2.9081100e+002  2.9404690e+002  2.9480480e+002  2.9287880e+002  2.8932200e+002  2.8444710e+002  2.7773000e+002  2.7208290e+002  2.6839450e+002  2.6691930e+002  2.6620660e+002  2.6594780e+002  2.6617750e+002  2.6569430e+002  2.6322000e+002  2.6035050e+002  2.5861150e+002  2.5787620e+002  2.5734590e+002  2.5160610e+002  2.2389780e+002  1.6707040e+002  1.0556430e+002  6.6198390e+001  4.8929190e+001  4.4864270e+001  4.6045720e+001  4.7573100e+001  5.1151440e+001  5.2224250e+001  5.2856200e+001  5.2882490e+001
  4.1163750e+006  1.3228480e+003  1.3099880e+003  1.2949940e+003  1.2825470e+003  1.2738160e+003  1.2669720e+003  1.2600370e+003  1.2476560e+003  1.2252190e+003  1.2019900e+003  1.1901610e+003  1.1871480e+003  1.1841200e+003  1.1759180e+003  1.1593620e+003  1.1346690e+003  1.1149300e+003  1.1059650e+003  1.1063020e+003  1.1142390e+003  1.1238480e+003  1.1240110e+003  1.1136590e+003  1.0975320e+003  1.0638860e+003  1.0350890e+003  1.0127870e+003  1.0001220e+003  9.9366870e+002  9.8981860e+002  9.9459240e+002  1.0110990e+003  1.0031290e+003  9.7893370e+002  9.6546560e+002  9.6120320e+002  9.5769670e+002  9.5428450e+002  9.4936190e+002  9.4027440e+002  9.2507000e+002  9.0694430e+002  8.9125980e+002  8.7995920e+002  8.7256730e+002  8.6799120e+002  8.6464860e+002  8.6036110e+002  8.5254900e+002  8.3956900e+002  8.2257380e+002  8.0433920e+002  7.8687760e+002  7.7150810e+002  7.5875090e+002  7.4796010e+002  7.3844650e+002  7.3040810e+002  7.2345710e+002  7.1511280e+002  7.0366390e+002  6.9113310e+002  6.8194850e+002  6.7751460e+002  6.7159050e+002  6.5930810e+002  6.4430720e+002  6.3012230e+002  6.1779130e+002  6.0770160e+002  5.9943920e+002  5.9178550e+002  5.8323440e+002  5.7266950e+002  5.5979430e+002  5.4508600e+002  5.2959720e+002  5.1483870e+002  5.0259520e+002  4.9434030e+002  4.9055980e+002  4.9051150e+002  4.9202160e+002  4.9281810e+002  4.9038750e+002  4.8217090e+002  4.7071770e+002  4.6089210e+002  4.5447530e+002  4.4811130e+002  4.3796880e+002  4.2391500e+002  4.0762970e+002  3.9061990e+002  3.7403990e+002  3.5887650e+002  3.4583430e+002  3.3430200e+002  3.2222250e+002  3.1065520e+002  3.0079720e+002  2.9073100e+002  2.8282820e+002  2.7715500e+002  2.7345710e+002  2.7254270e+002  2.7431300e+002  2.7819550e+002  2.8334110e+002  2.8897140e+002  2.9351880e+002  2.9568800e+002  2.9549000e+002  2.9345700e+002  2.8940980e+002  2.8387060e+002  2.7910060e+002  2.7614620e+002  2.7465810e+002  2.7322570e+002  2.7217670e+002  2.7214410e+002  2.7065150e+002  2.6576180e+002  2.6095530e+002  2.5912580e+002  2.5863880e+002  2.5775170e+002  2.5105300e+002  2.2067460e+002  1.5911890e+002  9.6749740e+001  6.4244360e+001  5.5434170e+001  5.3478170e+001  5.0499840e+001  4.7604200e+001  5.1462560e+001  5.6056240e+001  5.6914190e+001  5.4247220e+001
  4.1164250e+006  1.3224490e+003  1.3081450e+003  1.2904290e+003  1.2765360e+003  1.2674660e+003  1.2617390e+003  1.2569410e+003  1.2453090e+003  1.2224750e+003  1.2023750e+003  1.1910870e+003  1.1820200e+003  1.1728860e+003  1.1639550e+003  1.1482190e+003  1.1166940e+003  1.0928960e+003  1.0836410e+003  1.0849490e+003  1.0950290e+003  1.1100990e+003  1.1177260e+003  1.1054840e+003  1.0849900e+003  1.0594900e+003  1.0329370e+003  1.0117970e+003  9.9800930e+002  9.8887890e+002  9.8319240e+002  9.8842080e+002  1.0061780e+003  9.9745500e+002  9.7451650e+002  9.5977060e+002  9.4828440e+002  9.4227980e+002  9.4007940e+002  9.3868670e+002  9.3347030e+002  9.1982500e+002  9.0139450e+002  8.8641800e+002  8.7640470e+002  8.6973810e+002  8.6536340e+002  8.6196530e+002  8.5764830e+002  8.5022010e+002  8.3802350e+002  8.2165830e+002  8.0390420e+002  7.8654630e+002  7.7031870e+002  7.5548480e+002  7.4193020e+002  7.2996060e+002  7.2100240e+002  7.1543900e+002  7.0962180e+002  7.0041270e+002  6.8956220e+002  6.8095600e+002  6.7512920e+002  6.6604910e+002  6.5087740e+002  6.3626870e+002  6.2471320e+002  6.1475670e+002  6.0559750e+002  5.9690890e+002  5.8810460e+002  5.7838560e+002  5.6708890e+002  5.5397200e+002  5.3931510e+002  5.2397920e+002  5.0956210e+002  4.9832950e+002  4.9187410e+002  4.8943240e+002  4.8907780e+002  4.8914180e+002  4.8929040e+002  4.8829340e+002  4.8172530e+002  4.7150830e+002  4.6383080e+002  4.6080020e+002  4.5721550e+002  4.4734510e+002  4.3174480e+002  4.1328720e+002  3.9390190e+002  3.7490480e+002  3.5780210e+002  3.4378550e+002  3.3207620e+002  3.2085280e+002  3.1037950e+002  3.0120640e+002  2.9276070e+002  2.8574410e+002  2.8041020e+002  2.7691000e+002  2.7567650e+002  2.7668230e+002  2.7955160e+002  2.8386000e+002  2.8922410e+002  2.9405020e+002  2.9705580e+002  2.9808160e+002  2.9638720e+002  2.9239330e+002  2.8765630e+002  2.8415530e+002  2.8293260e+002  2.8333630e+002  2.8236500e+002  2.7843800e+002  2.7537090e+002  2.7151960e+002  2.6583250e+002  2.6085820e+002  2.5860550e+002  2.5691470e+002  2.5336380e+002  2.4223930e+002  2.0959380e+002  1.5163030e+002  9.6619550e+001  6.9869280e+001  6.2162900e+001  5.5874790e+001  4.8016110e+001  4.3844730e+001  4.8435720e+001  5.4775430e+001  5.5841210e+001  5.2511930e+001
  4.1164750e+006  1.3187290e+003  1.3039600e+003  1.2865410e+003  1.2738290e+003  1.2649480e+003  1.2603830e+003  1.2564940e+003  1.2441290e+003  1.2193490e+003  1.2007980e+003  1.1893550e+003  1.1760550e+003  1.1639260e+003  1.1531600e+003  1.1306940e+003  1.0986650e+003  1.0745820e+003  1.0649090e+003  1.0641380e+003  1.0673240e+003  1.0777070e+003  1.0946810e+003  1.0864120e+003  1.0678700e+003  1.0511880e+003  1.0281850e+003  1.0104260e+003  9.9715700e+002  9.8713780e+002  9.8017960e+002  9.7880340e+002  9.8464550e+002  9.7819730e+002  9.6483100e+002  9.5373800e+002  9.3714650e+002  9.2745730e+002  9.2538870e+002  9.2597540e+002  9.2349460e+002  9.1128420e+002  8.9259890e+002  8.7928660e+002  8.7157320e+002  8.6608040e+002  8.6222310e+002  8.5926730e+002  8.5566050e+002  8.4942490e+002  8.3843950e+002  8.2242630e+002  8.0436250e+002  7.8643990e+002  7.6930280e+002  7.5306830e+002  7.3780050e+002  7.2427990e+002  7.1470230e+002  7.1002550e+002  7.0588240e+002  6.9821940e+002  6.8852410e+002  6.7998050e+002  6.7245280e+002  6.6080140e+002  6.4418910e+002  6.3095030e+002  6.2155220e+002  6.1293860e+002  6.0415080e+002  5.9511710e+002  5.8561490e+002  5.7522170e+002  5.6351730e+002  5.5028020e+002  5.3562550e+002  5.2019930e+002  5.0563820e+002  4.9486290e+002  4.8985390e+002  4.8839700e+002  4.8702720e+002  4.8402840e+002  4.8150540e+002  4.8151920e+002  4.7786320e+002  4.7050420e+002  4.6587850e+002  4.6570320e+002  4.6407420e+002  4.5440190e+002  4.3770200e+002  4.1749850e+002  3.9578840e+002  3.7446340e+002  3.5651270e+002  3.4233510e+002  3.3046450e+002  3.1981260e+002  3.1038780e+002  3.0237450e+002  2.9534950e+002  2.8935640e+002  2.8457740e+002  2.8126610e+002  2.7980760e+002  2.8051100e+002  2.8342690e+002  2.8769010e+002  2.9181850e+002  2.9535090e+002  2.9826630e+002  2.9997260e+002  2.9789680e+002  2.9325500e+002  2.8841600e+002  2.8542950e+002  2.8567760e+002  2.8894100e+002  2.9007610e+002  2.8226470e+002  2.7432840e+002  2.6810100e+002  2.6361700e+002  2.6008200e+002  2.5650030e+002  2.5113860e+002  2.4153000e+002  2.2127970e+002  1.8301110e+002  1.3439680e+002  9.4047500e+001  7.2776300e+001  6.1673220e+001  4.8796220e+001  3.7942800e+001  3.7152690e+001  4.4520840e+001  5.0887800e+001  5.0556490e+001  4.7074910e+001
  4.1165250e+006  1.3148490e+003  1.3024840e+003  1.2883230e+003  1.2762900e+003  1.2646810e+003  1.2597260e+003  1.2558480e+003  1.2444600e+003  1.2198790e+003  1.1992050e+003  1.1835720e+003  1.1699470e+003  1.1588130e+003  1.1422940e+003  1.1161150e+003  1.0906960e+003  1.0695360e+003  1.0600700e+003  1.0562600e+003  1.0553100e+003  1.0585940e+003  1.0637510e+003  1.0611530e+003  1.0520620e+003  1.0349980e+003  1.0168680e+003  1.0059160e+003  9.9396830e+002  9.8355910e+002  9.7481370e+002  9.6782210e+002  9.6535150e+002  9.6224100e+002  9.5654290e+002  9.4566450e+002  9.2987410e+002  9.2042350e+002  9.1773630e+002  9.1715310e+002  9.1454740e+002  9.0303840e+002  8.8508130e+002  8.7404190e+002  8.6854730e+002  8.6382040e+002  8.6002380e+002  8.5696850e+002  8.5354990e+002  8.4809200e+002  8.3806380e+002  8.2245540e+002  8.0424650e+002  7.8599000e+002  7.6845690e+002  7.5178500e+002  7.3616780e+002  7.2245860e+002  7.1250920e+002  7.0696860e+002  7.0227810e+002  6.9499570e+002  6.8578900e+002  6.7654070e+002  6.6691350e+002  6.5407640e+002  6.3932010e+002  6.2902280e+002  6.2109520e+002  6.1265040e+002  6.0357390e+002  5.9411940e+002  5.8420810e+002  5.7356830e+002  5.6189250e+002  5.4896870e+002  5.3480540e+002  5.1986180e+002  5.0566830e+002  4.9538900e+002  4.9114870e+002  4.8976980e+002  4.8679110e+002  4.8028050e+002  4.7395100e+002  4.7324800e+002  4.7211130e+002  4.6821880e+002  4.6653740e+002  4.6772140e+002  4.6659890e+002  4.5749100e+002  4.4101860e+002  4.2022440e+002  3.9664240e+002  3.7344390e+002  3.5671390e+002  3.4199660e+002  3.2929480e+002  3.1887930e+002  3.1046160e+002  3.0384250e+002  2.9818460e+002  2.9317230e+002  2.8892290e+002  2.8570650e+002  2.8395480e+002  2.8438640e+002  2.8740810e+002  2.9115120e+002  2.9362000e+002  2.9555220e+002  2.9800420e+002  2.9992760e+002  2.9726810e+002  2.9151470e+002  2.8551880e+002  2.8131320e+002  2.7999210e+002  2.8085910e+002  2.7996240e+002  2.7414600e+002  2.6777640e+002  2.6251630e+002  2.5977130e+002  2.5739300e+002  2.5164480e+002  2.4124050e+002  2.2429210e+002  1.9252030e+002  1.4609560e+002  1.0715530e+002  8.3403590e+001  6.9348920e+001  5.8889430e+001  4.8011480e+001  4.1845310e+001  4.3095080e+001  4.8483360e+001  5.0188640e+001  4.4505030e+001  3.9526820e+001
  4.1165750e+006  1.3141840e+003  1.3070550e+003  1.2975830e+003  1.2839570e+003  1.2651200e+003  1.2546580e+003  1.2458360e+003  1.2340540e+003  1.2143310e+003  1.1932450e+003  1.1746590e+003  1.1633590e+003  1.1552350e+003  1.1373490e+003  1.1124000e+003  1.0900480e+003  1.0707760e+003  1.0597960e+003  1.0528300e+003  1.0485140e+003  1.0460690e+003  1.0430390e+003  1.0397930e+003  1.0324180e+003  1.0179420e+003  1.0072780e+003  9.9682920e+002  9.8600620e+002  9.7882660e+002  9.7071520e+002  9.6266530e+002  9.5866640e+002  9.5432970e+002  9.4772920e+002  9.3716400e+002  9.2707390e+002  9.2121200e+002  9.1786830e+002  9.1420130e+002  9.0911680e+002  8.9747340e+002  8.8241050e+002  8.7366170e+002  8.6913470e+002  8.6416170e+002  8.5975100e+002  8.5535320e+002  8.5045780e+002  8.4421140e+002  8.3420920e+002  8.1942440e+002  8.0209110e+002  7.8441870e+002  7.6729750e+002  7.5103910e+002  7.3596270e+002  7.2276220e+002  7.1249390e+002  7.0526690e+002  6.9886960e+002  6.9107630e+002  6.8179490e+002  6.7170340e+002  6.6057970e+002  6.4783800e+002  6.3601280e+002  6.2850510e+002  6.2141400e+002  6.1275060e+002  6.0330530e+002  5.9359220e+002  5.8360370e+002  5.7314770e+002  5.6199930e+002  5.5000200e+002  5.3718010e+002  5.2395090e+002  5.1159390e+002  5.0253680e+002  4.9814480e+002  4.9557960e+002  4.9099520e+002  4.8283950e+002  4.7444430e+002  4.7099050e+002  4.6918860e+002  4.6715420e+002  4.6753740e+002  4.6926970e+002  4.6785400e+002  4.5898040e+002  4.4309400e+002  4.2267610e+002  3.9749630e+002  3.7022540e+002  3.5166810e+002  3.3778820e+002  3.2642050e+002  3.1738310e+002  3.1051290e+002  3.0556300e+002  3.0121780e+002  2.9706440e+002  2.9326900e+002  2.9008180e+002  2.8789310e+002  2.8752250e+002  2.8938940e+002  2.9127350e+002  2.9229730e+002  2.9340840e+002  2.9553460e+002  2.9725260e+002  2.9417360e+002  2.8731870e+002  2.7975810e+002  2.7369050e+002  2.7003420e+002  2.6784820e+002  2.6461920e+002  2.6115190e+002  2.5812090e+002  2.5514840e+002  2.5215990e+002  2.4931220e+002  2.4210600e+002  2.2814650e+002  2.0676600e+002  1.6304080e+002  1.1008940e+002  7.8234740e+001  6.6758170e+001  5.9637340e+001  5.3565640e+001  4.9163350e+001  4.9748630e+001  4.9250790e+001  4.8199160e+001  4.5548680e+001  3.7367970e+001  3.3092810e+001
  4.1166250e+006  1.3135570e+003  1.3084140e+003  1.2990950e+003  1.2818660e+003  1.2560800e+003  1.2375220e+003  1.2253130e+003  1.2140900e+003  1.2012660e+003  1.1812780e+003  1.1654060e+003  1.1583310e+003  1.1507660e+003  1.1356830e+003  1.1149550e+003  1.0926410e+003  1.0719610e+003  1.0591980e+003  1.0490230e+003  1.0411220e+003  1.0352480e+003  1.0300800e+003  1.0261750e+003  1.0204640e+003  1.0103670e+003  9.9848730e+002  9.8535850e+002  9.7856400e+002  9.7756080e+002  9.7057330e+002  9.6138680e+002  9.5534250e+002  9.4884170e+002  9.4022170e+002  9.3052670e+002  9.2518100e+002  9.2030140e+002  9.1553190e+002  9.1129410e+002  9.0579410e+002  8.9371280e+002  8.8170590e+002  8.7482660e+002  8.7022910e+002  8.6428290e+002  8.5944420e+002  8.5358570e+002  8.4654060e+002  8.3857970e+002  8.2796440e+002  8.1401260e+002  7.9804000e+002  7.8155570e+002  7.6540770e+002  7.5003210e+002  7.3579060e+002  7.2315520e+002  7.1259790e+002  7.0396250e+002  6.9601010e+002  6.8744680e+002  6.7789950e+002  6.6747850e+002  6.5619090e+002  6.4448320e+002  6.3453750e+002  6.2769790e+002  6.2063870e+002  6.1203770e+002  6.0268080e+002  5.9311220e+002  5.8343150e+002  5.7355960e+002  5.6337690e+002  5.5281820e+002  5.4198880e+002  5.3128110e+002  5.2161300e+002  5.1430910e+002  5.0975360e+002  5.0595720e+002  5.0038840e+002  4.9202250e+002  4.8274800e+002  4.7571330e+002  4.7053910e+002  4.6771750e+002  4.6887600e+002  4.7121330e+002  4.6978130e+002  4.6065370e+002  4.4499770e+002  4.2613090e+002  4.0005860e+002  3.6631710e+002  3.4469270e+002  3.3213800e+002  3.2294840e+002  3.1572390e+002  3.1059650e+002  3.0750690e+002  3.0436990e+002  3.0093980e+002  2.9760070e+002  2.9457770e+002  2.9220550e+002  2.9097410e+002  2.9063570e+002  2.9020050e+002  2.8982050e+002  2.9018490e+002  2.9162710e+002  2.9246840e+002  2.8928170e+002  2.8165260e+002  2.7297740e+002  2.6627590e+002  2.6197540e+002  2.5851500e+002  2.5436700e+002  2.4821030e+002  2.4215560e+002  2.3703910e+002  2.3458140e+002  2.3311840e+002  2.2563520e+002  2.0798720e+002  1.8714250e+002  1.3547960e+002  8.6128700e+001  6.0159210e+001  5.2026050e+001  4.8464170e+001  4.7344280e+001  4.6358360e+001  4.8757630e+001  4.6632210e+001  4.2002440e+001  3.8595850e+001  3.3317570e+001  3.1464320e+001
  4.1166750e+006  1.3059820e+003  1.2955040e+003  1.2793150e+003  1.2533600e+003  1.2260410e+003  1.2136240e+003  1.2059150e+003  1.1934620e+003  1.1804680e+003  1.1666170e+003  1.1583650e+003  1.1517530e+003  1.1436310e+003  1.1335200e+003  1.1189170e+003  1.0968450e+003  1.0745990e+003  1.0588100e+003  1.0437860e+003  1.0329760e+003  1.0256810e+003  1.0201880e+003  1.0172760e+003  1.0144590e+003  1.0074860e+003  9.9272270e+002  9.7896410e+002  9.7783150e+002  9.7903530e+002  9.7116180e+002  9.6084490e+002  9.5262950e+002  9.4439140e+002  9.3479530e+002  9.2473610e+002  9.1920810e+002  9.1524710e+002  9.1147340e+002  9.0771250e+002  9.0046810e+002  8.8924100e+002  8.8008840e+002  8.7421850e+002  8.6850810e+002  8.6226320e+002  8.5803220e+002  8.5121050e+002  8.4228820e+002  8.3254820e+002  8.2112390e+002  8.0766390e+002  7.9286130e+002  7.7763030e+002  7.6263400e+002  7.4829240e+002  7.3491800e+002  7.2279110e+002  7.1207780e+002  7.0257290e+002  6.9359260e+002  6.8441280e+002  6.7469670e+002  6.6441710e+002  6.5371390e+002  6.4315830e+002  6.3398650e+002  6.2656980e+002  6.1905080e+002  6.1059580e+002  6.0158900e+002  5.9244790e+002  5.8335670e+002  5.7435090e+002  5.6539830e+002  5.5653530e+002  5.4805740e+002  5.3999620e+002  5.3299370e+002  5.2764940e+002  5.2363000e+002  5.1950150e+002  5.1377830e+002  5.0562840e+002  4.9552230e+002  4.8501510e+002  4.7540190e+002  4.6951740e+002  4.6973080e+002  4.7245340e+002  4.7136250e+002  4.6160980e+002  4.4587160e+002  4.3047230e+002  4.0599690e+002  3.6660660e+002  3.4193690e+002  3.2960690e+002  3.2135480e+002  3.1507030e+002  3.1098730e+002  3.0926040e+002  3.0713960e+002  3.0445940e+002  3.0169570e+002  2.9898840e+002  2.9648330e+002  2.9424930e+002  2.9182600e+002  2.8964740e+002  2.8830970e+002  2.8793230e+002  2.8810300e+002  2.8723130e+002  2.8358580e+002  2.7550030e+002  2.6690340e+002  2.6113580e+002  2.5517850e+002  2.4535420e+002  2.3647430e+002  2.2979170e+002  2.2330930e+002  2.1624050e+002  2.1097330e+002  2.0595450e+002  1.9562860e+002  1.6860500e+002  1.4699320e+002  1.0276420e+002  7.1731040e+001  5.4814700e+001  4.5059940e+001  4.2576290e+001  4.6502410e+001  4.5386800e+001  4.3482640e+001  4.1487200e+001  3.9436000e+001  3.7357210e+001  3.4400060e+001  3.1591950e+001
  4.1167250e+006  1.2858500e+003  1.2659850e+003  1.2481360e+003  1.2206810e+003  1.2050620e+003  1.1963340e+003  1.1875270e+003  1.1751420e+003  1.1649370e+003  1.1578200e+003  1.1502230e+003  1.1405920e+003  1.1314610e+003  1.1240830e+003  1.1127300e+003  1.0956820e+003  1.0764830e+003  1.0547400e+003  1.0337380e+003  1.0227520e+003  1.0170020e+003  1.0127680e+003  1.0112490e+003  1.0103700e+003  1.0050110e+003  9.9022690e+002  9.7762600e+002  9.7694400e+002  9.7526340e+002  9.6774050e+002  9.5946890e+002  9.5003480e+002  9.3939830e+002  9.2819820e+002  9.1791060e+002  9.1245980e+002  9.0980390e+002  9.0691860e+002  9.0126370e+002  8.9304270e+002  8.8504140e+002  8.7935810e+002  8.7398190e+002  8.6716210e+002  8.6073140e+002  8.5540450e+002  8.4763750e+002  8.3767590e+002  8.2650670e+002  8.1426820e+002  8.0098500e+002  7.8701200e+002  7.7286240e+002  7.5897650e+002  7.4566560e+002  7.3314000e+002  7.2152950e+002  7.1084810e+002  7.0091600e+002  6.9136430e+002  6.8182150e+002  6.7208910e+002  6.6214420e+002  6.5211600e+002  6.4237080e+002  6.3345120e+002  6.2539220e+002  6.1735170e+002  6.0888620e+002  6.0016350e+002  5.9149310e+002  5.8309740e+002  5.7508330e+002  5.6730550e+002  5.5991840e+002  5.5419430e+002  5.4860330e+002  5.4379680e+002  5.4045990e+002  5.3772650e+002  5.3415210e+002  5.2906130e+002  5.2162930e+002  5.1100680e+002  4.9764980e+002  4.8340570e+002  4.7286350e+002  4.7028850e+002  4.7224220e+002  4.7084170e+002  4.6010090e+002  4.4450680e+002  4.3371380e+002  4.1375850e+002  3.7329820e+002  3.4660310e+002  3.3249280e+002  3.2312230e+002  3.1635130e+002  3.1198060e+002  3.1003890e+002  3.0878880e+002  3.0716930e+002  3.0518410e+002  3.0291990e+002  3.0020540e+002  2.9654900e+002  2.9228500e+002  2.8923920e+002  2.8811210e+002  2.8761520e+002  2.8616520e+002  2.8291280e+002  2.7750210e+002  2.6959630e+002  2.6204720e+002  2.5509810e+002  2.4249990e+002  2.2745260e+002  2.1654930e+002  2.1049180e+002  2.0604530e+002  1.9886280e+002  1.8511560e+002  1.6568110e+002  1.5142580e+002  1.2335660e+002  1.0233370e+002  7.1611440e+001  5.5707850e+001  4.5280510e+001  3.4645560e+001  3.3642860e+001  4.0686900e+001  3.8135550e+001  3.0633940e+001  2.8712200e+001  3.0663020e+001  3.2006060e+001  3.0647010e+001  2.5711230e+001
  4.1167750e+006  1.2552820e+003  1.2271710e+003  1.2112800e+003  1.1929430e+003  1.1835150e+003  1.1778490e+003  1.1713530e+003  1.1634150e+003  1.1567310e+003  1.1484360e+003  1.1385050e+003  1.1277750e+003  1.1196870e+003  1.1139930e+003  1.1011750e+003  1.0819860e+003  1.0608950e+003  1.0386060e+003  1.0186720e+003  1.0105220e+003  1.0074320e+003  1.0060050e+003  1.0055230e+003  1.0047800e+003  9.9832860e+002  9.8551540e+002  9.7474580e+002  9.7123570e+002  9.6742950e+002  9.6220340e+002  9.5677580e+002  9.4645290e+002  9.3391980e+002  9.2208280e+002  9.1279290e+002  9.0794840e+002  9.0323950e+002  8.9786460e+002  8.9093270e+002  8.8425470e+002  8.8109820e+002  8.7892330e+002  8.7299050e+002  8.6547040e+002  8.5948390e+002  8.5250380e+002  8.4334360e+002  8.3261960e+002  8.2024240e+002  8.0722150e+002  7.9394900e+002  7.8056970e+002  7.6732700e+002  7.5446190e+002  7.4215090e+002  7.3048400e+002  7.1946210e+002  7.0899940e+002  6.9894240e+002  6.8911810e+002  6.7940440e+002  6.6976210e+002  6.6020030e+002  6.5075630e+002  6.4154170e+002  6.3271080e+002  6.2421150e+002  6.1571290e+002  6.0706570e+002  5.9843690e+002  5.9012500e+002  5.8239060e+002  5.7536110e+002  5.6853630e+002  5.6185090e+002  5.5843430e+002  5.5500710e+002  5.5202580e+002  5.5046840e+002  5.4942710e+002  5.4705690e+002  5.4328060e+002  5.3752260e+002  5.2759530e+002  5.1253370e+002  4.9327950e+002  4.7615230e+002  4.6964690e+002  4.7026840e+002  4.6799130e+002  4.5705790e+002  4.4306600e+002  4.3569180e+002  4.2204430e+002  3.8985480e+002  3.5935320e+002  3.4006200e+002  3.2782140e+002  3.1931120e+002  3.1362780e+002  3.1065400e+002  3.0972880e+002  3.0898150e+002  3.0761150e+002  3.0534430e+002  3.0175220e+002  2.9637650e+002  2.9060720e+002  2.8748110e+002  2.8773400e+002  2.8777590e+002  2.8459470e+002  2.7922200e+002  2.7250530e+002  2.6541840e+002  2.5821090e+002  2.4498040e+002  2.2727060e+002  2.1384010e+002  2.0311010e+002  1.9059270e+002  1.8024710e+002  1.6541710e+002  1.4907980e+002  1.2300160e+002  1.0800050e+002  8.6779910e+001  6.5227040e+001  4.6843800e+001  4.0607840e+001  3.5350610e+001  2.7592410e+001  2.7585440e+001  3.2825200e+001  3.1657680e+001  2.5169390e+001  2.3529750e+001  2.6305480e+001  2.7596740e+001  2.4087750e+001  1.7810910e+001
  4.1168250e+006  1.2261870e+003  1.2038370e+003  1.1868960e+003  1.1731700e+003  1.1655370e+003  1.1617940e+003  1.1588220e+003  1.1542160e+003  1.1447700e+003  1.1332480e+003  1.1245890e+003  1.1171590e+003  1.1124250e+003  1.1053250e+003  1.0862200e+003  1.0624490e+003  1.0426610e+003  1.0259210e+003  1.0109770e+003  9.9908420e+002  9.9115590e+002  9.8998650e+002  9.9105080e+002  9.9062990e+002  9.8555970e+002  9.7664610e+002  9.6864730e+002  9.6479830e+002  9.6165110e+002  9.5802190e+002  9.5138080e+002  9.3998970e+002  9.2737220e+002  9.1694060e+002  9.0868470e+002  9.0126910e+002  8.9320900e+002  8.8563640e+002  8.7881180e+002  8.7361610e+002  8.7236250e+002  8.7159280e+002  8.6740290e+002  8.6174810e+002  8.5662880e+002  8.4786110e+002  8.3726910e+002  8.2637290e+002  8.1313410e+002  7.9948090e+002  7.8624610e+002  7.7339320e+002  7.6097560e+002  7.4908550e+002  7.3778300e+002  7.2704360e+002  7.1673790e+002  7.0666750e+002  6.9666880e+002  6.8671360e+002  6.7691000e+002  6.6740990e+002  6.5827060e+002  6.4938960e+002  6.4061440e+002  6.3185710e+002  6.2304530e+002  6.1410190e+002  6.0510030e+002  5.9632480e+002  5.8816950e+002  5.8097860e+002  5.7490270e+002  5.6937380e+002  5.6378450e+002  5.6045990e+002  5.5817990e+002  5.5645720e+002  5.5573750e+002  5.5556740e+002  5.5456110e+002  5.5235340e+002  5.4931020e+002  5.4257420e+002  5.2879810e+002  5.0526320e+002  4.7952580e+002  4.6849020e+002  4.6835060e+002  4.6545570e+002  4.5546290e+002  4.4403000e+002  4.3780600e+002  4.2706010e+002  4.0048600e+002  3.6825590e+002  3.4763990e+002  3.3392790e+002  3.2356260e+002  3.1633830e+002  3.1210200e+002  3.1038800e+002  3.0985530e+002  3.0893180e+002  3.0627430e+002  3.0104480e+002  2.9356350e+002  2.8668370e+002  2.8400470e+002  2.8625370e+002  2.8704840e+002  2.8201030e+002  2.7522720e+002  2.6844520e+002  2.6176270e+002  2.5347990e+002  2.3494960e+002  2.1596360e+002  2.0302440e+002  1.8498680e+002  1.6737280e+002  1.5117870e+002  1.2836560e+002  1.0823910e+002  8.7815220e+001  7.1503600e+001  5.4953310e+001  4.1633230e+001  3.5248480e+001  3.6050730e+001  3.5252220e+001  2.9918800e+001  2.7261670e+001  2.8054100e+001  2.9831570e+001  2.7869610e+001  2.6320140e+001  2.6527190e+001  2.3595870e+001  1.7520010e+001  1.2157540e+001
  4.1168750e+006  1.2113330e+003  1.1845770e+003  1.1680450e+003  1.1611890e+003  1.1567180e+003  1.1502130e+003  1.1440210e+003  1.1376110e+003  1.1263780e+003  1.1142410e+003  1.1077660e+003  1.1017180e+003  1.0954380e+003  1.0852180e+003  1.0639350e+003  1.0436580e+003  1.0288370e+003  1.0180210e+003  1.0073060e+003  9.9001110e+002  9.7515340e+002  9.7261230e+002  9.7428330e+002  9.7417940e+002  9.7166960e+002  9.6709770e+002  9.6237440e+002  9.5972940e+002  9.5701350e+002  9.5156610e+002  9.4295890e+002  9.3136880e+002  9.1963700e+002  9.1100690e+002  9.0195430e+002  8.9137840e+002  8.8101690e+002  8.7298090e+002  8.6755510e+002  8.6288090e+002  8.5958310e+002  8.5814780e+002  8.5687060e+002  8.5432620e+002  8.4813970e+002  8.3796370e+002  8.2692490e+002  8.1720530e+002  8.0411320e+002  7.9039400e+002  7.7748750e+002  7.6526830e+002  7.5369810e+002  7.4279910e+002  7.3256950e+002  7.2289610e+002  7.1350120e+002  7.0400390e+002  6.9415530e+002  6.8406210e+002  6.7411850e+002  6.6476260e+002  6.5615030e+002  6.4796340e+002  6.3970240e+002  6.3106990e+002  6.2198970e+002  6.1253080e+002  6.0294730e+002  5.9371230e+002  5.8542930e+002  5.7861550e+002  5.7346260e+002  5.6947750e+002  5.6561650e+002  5.6230270e+002  5.5982600e+002  5.5803040e+002  5.5694290e+002  5.5631050e+002  5.5534160e+002  5.5386400e+002  5.5347240e+002  5.5212200e+002  5.4394360e+002  5.1985550e+002  4.8560610e+002  4.6845350e+002  4.6594650e+002  4.6083820e+002  4.5057570e+002  4.4118670e+002  4.3574950e+002  4.2702250e+002  4.0696330e+002  3.8054980e+002  3.5947170e+002  3.4259650e+002  3.2946180e+002  3.2036380e+002  3.1479080e+002  3.1174420e+002  3.1027950e+002  3.0962630e+002  3.0719860e+002  3.0099750e+002  2.9163730e+002  2.8384050e+002  2.8152220e+002  2.8497500e+002  2.8606420e+002  2.7999890e+002  2.7317700e+002  2.6712250e+002  2.5902270e+002  2.4529410e+002  2.2547840e+002  2.0906310e+002  1.9043950e+002  1.6728380e+002  1.4563270e+002  1.1712870e+002  9.1751250e+001  7.2170410e+001  5.7818410e+001  4.7301850e+001  3.7662710e+001  3.2749930e+001  3.3210110e+001  3.5907620e+001  3.5623220e+001  3.0308060e+001  2.4750800e+001  2.3575090e+001  2.6946330e+001  2.7331410e+001  2.4169140e+001  2.0842140e+001  1.6666170e+001  1.1572610e+001  8.3702430e+000
  4.1169250e+006  1.1965220e+003  1.1703460e+003  1.1593230e+003  1.1541560e+003  1.1475130e+003  1.1373550e+003  1.1276430e+003  1.1210050e+003  1.1116740e+003  1.0986250e+003  1.0879170e+003  1.0780530e+003  1.0688740e+003  1.0594120e+003  1.0441160e+003  1.0299750e+003  1.0189580e+003  1.0117930e+003  1.0031790e+003  9.8432580e+002  9.6818480e+002  9.6392280e+002  9.6389170e+002  9.6281940e+002  9.6117400e+002  9.5925370e+002  9.5666170e+002  9.5261480e+002  9.4750900e+002  9.4060620e+002  9.3285020e+002  9.2335700e+002  9.1335110e+002  9.0588640e+002  8.9430770e+002  8.8086540e+002  8.6990950e+002  8.6288720e+002  8.5806700e+002  8.5171390e+002  8.4165130e+002  8.3706900e+002  8.3629850e+002  8.3526350e+002  8.3100050e+002  8.2316840e+002  8.1315160e+002  8.0449710e+002  7.9240310e+002  7.7952410e+002  7.6741670e+002  7.5603800e+002  7.4538730e+002  7.3551760e+002  7.2645040e+002  7.1804150e+002  7.0984340e+002  7.0115300e+002  6.9148790e+002  6.8110880e+002  6.7082190e+002  6.6154680e+002  6.5367170e+002  6.4650600e+002  6.3897960e+002  6.3057190e+002  6.2123470e+002  6.1113170e+002  6.0066080e+002  5.9054270e+002  5.8174680e+002  5.7510600e+002  5.7091070e+002  5.6859670e+002  5.6656360e+002  5.6347340e+002  5.6029820e+002  5.5783050e+002  5.5586820e+002  5.5424770e+002  5.5276290e+002  5.5117150e+002  5.5090880e+002  5.5155830e+002  5.4730960e+002  5.2565440e+002  4.8854110e+002  4.6678230e+002  4.6011670e+002  4.5129270e+002  4.3963630e+002  4.3222040e+002  4.2921950e+002  4.2408230e+002  4.1098750e+002  3.9129200e+002  3.7102300e+002  3.5274790e+002  3.3765480e+002  3.2649190e+002  3.1965960e+002  3.1587410e+002  3.1323180e+002  3.1152040e+002  3.0909540e+002  3.0364780e+002  2.9372570e+002  2.8520930e+002  2.8283260e+002  2.8540530e+002  2.8560520e+002  2.7994310e+002  2.7396590e+002  2.6786110e+002  2.5750820e+002  2.3820940e+002  2.1671760e+002  2.0195790e+002  1.8046030e+002  1.5485510e+002  1.1830800e+002  8.7018650e+001  6.2926580e+001  4.5095340e+001  3.8010090e+001  3.9184650e+001  3.6821590e+001  3.3316450e+001  3.2960380e+001  3.3263630e+001  3.1690450e+001  2.7615100e+001  2.1956490e+001  1.9285370e+001  2.0196210e+001  1.9591030e+001  1.6454090e+001  1.2838360e+001  9.9727330e+000  6.3670040e+000  0.0000000e+000
  4.1169750e+006  1.1740320e+003  1.1606360e+003  1.1545830e+003  1.1478270e+003  1.1384600e+003  1.1263420e+003  1.1153010e+003  1.1100790e+003  1.1030430e+003  1.0873850e+003  1.0731010e+003  1.0633760e+003  1.0536270e+003  1.0390540e+003  1.0276730e+003  1.0190790e+003  1.0105100e+003  1.0040760e+003  9.9231200e+002  9.7506110e+002  9.6315860e+002  9.5923030e+002  9.5794790e+002  9.5632710e+002  9.5289380e+002  9.4918710e+002  9.4516370e+002  9.4012070e+002  9.3382310e+002  9.2695760e+002  9.2219210e+002  9.1666850e+002  9.0753050e+002  8.9676380e+002  8.8370210e+002  8.7084670e+002  8.6221430e+002  8.5515620e+002  8.4377010e+002  8.3096990e+002  8.1885340e+002  8.1354610e+002  8.1153970e+002  8.1035410e+002  8.0921230e+002  8.0633590e+002  7.9911540e+002  7.8947890e+002  7.7831130e+002  7.6697740e+002  7.5607060e+002  7.4569850e+002  7.3599410e+002  7.2713140e+002  7.1925980e+002  7.1231450e+002  7.0569290e+002  6.9815380e+002  6.8871780e+002  6.7783230e+002  6.6685790e+002  6.5748520e+002  6.5064970e+002  6.4503630e+002  6.3859310e+002  6.3058180e+002  6.2105540e+002  6.1020510e+002  5.9849270e+002  5.8702390e+002  5.7750970e+002  5.7102120e+002  5.6779310e+002  5.6697800e+002  5.6631480e+002  5.6369490e+002  5.6023680e+002  5.5712540e+002  5.5432620e+002  5.5207860e+002  5.5068070e+002  5.4872930e+002  5.4490490e+002  5.3889470e+002  5.2883500e+002  5.0798220e+002  4.7800270e+002  4.6095790e+002  4.5394540e+002  4.4249000e+002  4.2914490e+002  4.2309160e+002  4.2291390e+002  4.2166630e+002  4.1403650e+002  3.9976320e+002  3.8315530e+002  3.6634620e+002  3.5008790e+002  3.3589020e+002  3.2759940e+002  3.2561450e+002  3.2451830e+002  3.1966740e+002  3.1319450e+002  3.0713380e+002  2.9689720e+002  2.8842210e+002  2.8617140e+002  2.8749690e+002  2.8649390e+002  2.8037570e+002  2.7336040e+002  2.6727270e+002  2.5695510e+002  2.3626280e+002  2.1210910e+002  1.9103330e+002  1.6797550e+002  1.4540220e+002  1.0506530e+002  7.2221270e+001  4.6784070e+001  2.8995840e+001  2.6713460e+001  3.3871430e+001  3.0438020e+001  2.6702410e+001  2.7890690e+001  2.8128580e+001  2.5796970e+001  2.2595890e+001  1.7946010e+001  1.4702310e+001  1.3559650e+001  1.2164330e+001  1.0541360e+001  8.5357670e+000  0.0000000e+000  0.0000000e+000  0.0000000e+000
  4.1170250e+006  1.1601930e+003  1.1543250e+003  1.1489570e+003  1.1416760e+003  1.1324360e+003  1.1214830e+003  1.1107970e+003  1.1020490e+003  1.0909260e+003  1.0748840e+003  1.0633910e+003  1.0547830e+003  1.0387560e+003  1.0198950e+003  1.0110910e+003  1.0054180e+003  9.9683090e+002  9.8811050e+002  9.7609670e+002  9.6449730e+002  9.5753210e+002  9.5144880e+002  9.4695470e+002  9.4427660e+002  9.4058850e+002  9.3546640e+002  9.2948100e+002  9.2504980e+002  9.2009100e+002  9.1392040e+002  9.0936590e+002  9.0491690e+002  8.9485700e+002  8.8195370e+002  8.7148320e+002  8.6252570e+002  8.5470180e+002  8.4285730e+002  8.2720560e+002  8.1516360e+002  8.0708230e+002  7.9825830e+002  7.9045110e+002  7.8563370e+002  7.8461360e+002  7.8394650e+002  7.7986000e+002  7.7194220e+002  7.6281360e+002  7.5334020e+002  7.4378050e+002  7.3443330e+002  7.2557970e+002  7.1755130e+002  7.1071800e+002  7.0526250e+002  7.0054280e+002  6.9459270e+002  6.8563870e+002  6.7427980e+002  6.6236720e+002  6.5255360e+002  6.4688180e+002  6.4332510e+002  6.3841730e+002  6.3118330e+002  6.2178380e+002  6.1027720e+002  5.9703700e+002  5.8387120e+002  5.7405650e+002  5.6816200e+002  5.6567580e+002  5.6542470e+002  5.6520690e+002  5.6318810e+002  5.6000760e+002  5.5643010e+002  5.5303190e+002  5.5056790e+002  5.4919760e+002  5.4675210e+002  5.3916420e+002  5.2349060e+002  5.0448670e+002  4.8628690e+002  4.6924460e+002  4.6071480e+002  4.5582140e+002  4.4462190e+002  4.3061020e+002  4.2267630e+002  4.2129140e+002  4.2079560e+002  4.1547630e+002  4.0470370e+002  3.9299370e+002  3.7971900e+002  3.6429400e+002  3.4751000e+002  3.3684330e+002  3.3661670e+002  3.3834200e+002  3.3252700e+002  3.2191750e+002  3.0999770e+002  2.9753390e+002  2.8977010e+002  2.8828110e+002  2.8923470e+002  2.8751440e+002  2.7959120e+002  2.6920500e+002  2.6423320e+002  2.5639820e+002  2.3646120e+002  2.1078250e+002  1.8592040e+002  1.6096610e+002  1.3529090e+002  1.0207310e+002  7.0315250e+001  4.2812220e+001  2.5164650e+001  2.6006790e+001  3.5504980e+001  2.9617300e+001  2.5215320e+001  2.8012120e+001  2.9018520e+001  2.5282620e+001  1.9548290e+001  1.4300540e+001  1.1317540e+001  1.0093150e+001  8.7978360e+000  6.6008190e+000  0.0000000e+000  0.0000000e+000  0.0000000e+000  0.0000000e+000
  4.1170750e+006  1.1498300e+003  1.1456050e+003  1.1411460e+003  1.1353540e+003  1.1279080e+003  1.1191380e+003  1.1091260e+003  1.0963160e+003  1.0807310e+003  1.0654900e+003  1.0568070e+003  1.0445730e+003  1.0260970e+003  1.0102320e+003  9.9693620e+002  9.8595800e+002  9.7796240e+002  9.7126600e+002  9.6381720e+002  9.5724950e+002  9.4832210e+002  9.3791530e+002  9.3051660e+002  9.2761660e+002  9.2531840e+002  9.2060300e+002  9.1305450e+002  9.0912660e+002  9.0644750e+002  9.0128970e+002  8.9140010e+002  8.8460260e+002  8.7571890e+002  8.6348600e+002  8.5703410e+002  8.5108370e+002  8.3907400e+002  8.2636350e+002  8.1469290e+002  8.0698040e+002  7.9760100e+002  7.8484900e+002  7.7302550e+002  7.6480000e+002  7.6212840e+002  7.6126590e+002  7.5938890e+002  7.5413610e+002  7.4720640e+002  7.3938980e+002  7.3105850e+002  7.2260630e+002  7.1439140e+002  7.0685810e+002  7.0061300e+002  6.9624190e+002  6.9329310e+002  6.8921490e+002  6.8150740e+002  6.7060320e+002  6.5818800e+002  6.4748770e+002  6.4225340e+002  6.4058770e+002  6.3778490e+002  6.3223340e+002  6.2379990e+002  6.1214400e+002  5.9732260e+002  5.8198680e+002  5.7163310e+002  5.6614130e+002  5.6407340e+002  5.6402460e+002  5.6391080e+002  5.6217280e+002  5.5936880e+002  5.5505910e+002  5.5094650e+002  5.4853440e+002  5.4715360e+002  5.4435800e+002  5.3535670e+002  5.1503100e+002  4.9195540e+002  4.7660940e+002  4.6844130e+002  4.6595580e+002  4.6415010e+002  4.5594490e+002  4.4273490e+002  4.2986060e+002  4.2315730e+002  4.1989160e+002  4.1345760e+002  4.0434400e+002  3.9820140e+002  3.9025430e+002  3.7916130e+002  3.6248730e+002  3.4885740e+002  3.4522060e+002  3.4587560e+002  3.4232750e+002  3.3089830e+002  3.1267860e+002  2.9569630e+002  2.8775580e+002  2.8730940e+002  2.8856740e+002  2.8725160e+002  2.7968120e+002  2.6774000e+002  2.6265260e+002  2.5606820e+002  2.3666080e+002  2.1046000e+002  1.8475310e+002  1.6067500e+002  1.3731920e+002  1.0909740e+002  7.7117040e+001  4.6410640e+001  2.7016240e+001  2.7542890e+001  3.6484790e+001  3.3534830e+001  2.9917080e+001  3.0639820e+001  2.9852920e+001  2.3663240e+001  1.6238400e+001  1.1552920e+001  9.4956210e+000  7.8184170e+000  5.5936970e+000  0.0000000e+000  0.0000000e+000  0.0000000e+000  0.0000000e+000  0.0000000e+000
  4.1171250e+006  1.1326070e+003  1.1322390e+003  1.1313190e+003  1.1281990e+003  1.1228890e+003  1.1159100e+003  1.1068020e+003  1.0925590e+003  1.0761140e+003  1.0617310e+003  1.0509650e+003  1.0356200e+003  1.0174430e+003  1.0037620e+003  9.8492320e+002  9.6918080e+002  9.6357250e+002  9.6159390e+002  9.5782060e+002  9.4923590e+002  9.3559040e+002  9.2293190e+002  9.1485550e+002  9.1079020e+002  9.0826010e+002  9.0477620e+002  8.9673170e+002  8.8995900e+002  8.8449660e+002  8.7839230e+002  8.6861850e+002  8.6293130e+002  8.5639200e+002  8.4385350e+002  8.3507290e+002  8.2844370e+002  8.1800120e+002  8.1055700e+002  8.0448180e+002  7.9614690e+002  7.8467970e+002  7.7223540e+002  7.6203450e+002  7.5312900e+002  7.4706210e+002  7.4342910e+002  7.4161380e+002  7.3796030e+002  7.3246530e+002  7.2582510e+002  7.1846690e+002  7.1073740e+002  7.0296510e+002  6.9560930e+002  6.8943510e+002  6.8546160e+002  6.8362660e+002  6.8126380e+002  6.7575160e+002  6.6685460e+002  6.5503660e+002  6.4317480e+002  6.3704310e+002  6.3648210e+002  6.3640280e+002  6.3380800e+002  6.2758920e+002  6.1675700e+002  6.0069130e+002  5.8264600e+002  5.7075560e+002  5.6470330e+002  5.6243460e+002  5.6228770e+002  5.6178820e+002  5.5917070e+002  5.5632860e+002  5.5079210e+002  5.4545100e+002  5.4287140e+002  5.4156850e+002  5.3853850e+002  5.3061690e+002  5.1418980e+002  4.9484640e+002  4.7940030e+002  4.7120940e+002  4.6969640e+002  4.6794100e+002  4.5871040e+002  4.4473820e+002  4.3044100e+002  4.2233660e+002  4.1752460e+002  4.0928530e+002  4.0098310e+002  3.9945420e+002  3.9692680e+002  3.9254070e+002  3.7946940e+002  3.6461470e+002  3.5558500e+002  3.5194860e+002  3.4840550e+002  3.3584170e+002  3.1265600e+002  2.9144000e+002  2.8295770e+002  2.8372700e+002  2.8647770e+002  2.8747850e+002  2.8249080e+002  2.7051570e+002  2.6322250e+002  2.5592410e+002  2.3642990e+002  2.1071920e+002  1.8673550e+002  1.6661420e+002  1.5002120e+002  1.2589410e+002  9.2905620e+001  5.8410260e+001  3.5311260e+001  3.1964640e+001  3.6940250e+001  3.6037700e+001  3.1413900e+001  2.6428450e+001  2.2770160e+001  1.7341970e+001  1.2089590e+001  9.3778880e+000  7.3504180e+000  5.0099640e+000  0.0000000e+000  0.0000000e+000  0.0000000e+000  0.0000000e+000  0.0000000e+000  0.0000000e+000
  4.1171750e+006  1.1150270e+003  1.1186480e+003  1.1206400e+003  1.1197560e+003  1.1165070e+003  1.1106930e+003  1.1013270e+003  1.0874660e+003  1.0727400e+003  1.0604560e+003  1.0494440e+003  1.0353750e+003  1.0177970e+003  9.9781570e+002  9.7657960e+002  9.6300860e+002  9.5951990e+002  9.5866540e+002  9.5324170e+002  9.4063480e+002  9.2396510e+002  9.1280480e+002  9.0470760e+002  8.9474920e+002  8.8686490e+002  8.8290780e+002  8.7762190e+002  8.7159920e+002  8.6567330e+002  8.6170000e+002  8.5662300e+002  8.4880400e+002  8.3855850e+002  8.2524540e+002  8.1614280e+002  8.1136760e+002  8.0492750e+002  7.9484640e+002  7.8597540e+002  7.7860030e+002  7.7075460e+002  7.6326160e+002  7.5741860e+002  7.4819290e+002  7.3827410e+002  7.3083540e+002  7.2771840e+002  7.2412550e+002  7.1906830e+002  7.1311110e+002  7.0650840e+002  6.9942820e+002  6.9210610e+002  6.8498950e+002  6.7894490e+002  6.7522970e+002  6.7399600e+002  6.7276180e+002  6.6925230e+002  6.6262840e+002  6.5188460e+002  6.3929710e+002  6.3241470e+002  6.3290920e+002  6.3570630e+002  6.3655310e+002  6.3338370e+002  6.2451860e+002  6.0803550e+002  5.8691920e+002  5.7204750e+002  5.6408960e+002  5.6080220e+002  5.5941260e+002  5.5741050e+002  5.5278160e+002  5.4824920e+002  5.4129050e+002  5.3421480e+002  5.2987300e+002  5.2744810e+002  5.2453750e+002  5.1921730e+002  5.0988040e+002  4.9807070e+002  4.8408970e+002  4.7459830e+002  4.7174220e+002  4.6616660e+002  4.5174300e+002  4.3710560e+002  4.2573500e+002  4.1975240e+002  4.1484340e+002  4.0579190e+002  3.9874540e+002  3.9938330e+002  4.0043670e+002  4.0077180e+002  3.9118320e+002  3.7626790e+002  3.6356390e+002  3.5480190e+002  3.4604730e+002  3.3002700e+002  3.0614650e+002  2.8580850e+002  2.7799310e+002  2.7926110e+002  2.8326580e+002  2.8496400e+002  2.7896990e+002  2.6817810e+002  2.6118700e+002  2.5355050e+002  2.3448400e+002  2.1168510e+002  1.9415820e+002  1.8183490e+002  1.6975760e+002  1.4900410e+002  1.1607220e+002  7.9128490e+001  5.2336690e+001  4.4154770e+001  4.2503810e+001  3.8766380e+001  3.0954450e+001  2.0670110e+001  1.4558260e+001  1.1429730e+001  8.8923610e+000  6.2720760e+000  3.6576960e+000  0.0000000e+000  0.0000000e+000  0.0000000e+000  0.0000000e+000  0.0000000e+000  0.0000000e+000  0.0000000e+000
  4.1172250e+006  1.1032940e+003  1.1058070e+003  1.1072480e+003  1.1072450e+003  1.1063560e+003  1.1029720e+003  1.0934590e+003  1.0804320e+003  1.0682290e+003  1.0595200e+003  1.0502890e+003  1.0385310e+003  1.0225170e+003  9.9866740e+002  9.7443230e+002  9.6150480e+002  9.5924990e+002  9.5774510e+002  9.4909910e+002  9.3339290e+002  9.1524540e+002  9.0291850e+002  8.8864430e+002  8.7595480e+002  8.6688570e+002  8.6324240e+002  8.6111290e+002  8.5897850e+002  8.5605350e+002  8.5154380e+002  8.4588870e+002  8.3664150e+002  8.2518370e+002  8.1442710e+002  8.0814130e+002  8.0088710e+002  7.9048270e+002  7.7665050e+002  7.6703030e+002  7.6332840e+002  7.6107370e+002  7.5845450e+002  7.5380860e+002  7.4479150e+002  7.3364570e+002  7.2358070e+002  7.1758850e+002  7.1237630e+002  7.0699600e+002  7.0145780e+002  6.9555340e+002  6.8919900e+002  6.8254960e+002  6.7611960e+002  6.7092090e+002  6.6806800e+002  6.6726770e+002  6.6634450e+002  6.6367800e+002  6.5830970e+002  6.4840230e+002  6.3613440e+002  6.2977180e+002  6.3156900e+002  6.3656310e+002  6.4003520e+002  6.3961210e+002  6.3328050e+002  6.1744120e+002  5.9367400e+002  5.7473430e+002  5.6397630e+002  5.5959600e+002  5.5586190e+002  5.5222100e+002  5.4824390e+002  5.4099860e+002  5.3075530e+002  5.2068500e+002  5.1305660e+002  5.0817100e+002  5.0534580e+002  5.0180320e+002  4.9627840e+002  4.8976620e+002  4.8075250e+002  4.7419650e+002  4.7095910e+002  4.6130830e+002  4.4333160e+002  4.3057180e+002  4.2239500e+002  4.1772750e+002  4.1336530e+002  4.0494730e+002  3.9882210e+002  3.9917200e+002  4.0012680e+002  4.0009060e+002  3.8927450e+002  3.7288960e+002  3.6021960e+002  3.4862850e+002  3.3157870e+002  3.1059280e+002  2.9232140e+002  2.8039280e+002  2.7545400e+002  2.7570880e+002  2.7779690e+002  2.7667510e+002  2.7003460e+002  2.6230030e+002  2.5575310e+002  2.4480330e+002  2.2808950e+002  2.1085530e+002  1.9856930e+002  1.9150950e+002  1.8340220e+002  1.6633190e+002  1.3502430e+002  9.7025850e+001  6.6689780e+001  5.5967000e+001  4.9292900e+001  4.1557460e+001  3.1838380e+001  1.9839200e+001  1.1799850e+001  8.3340680e+000  4.7381970e+000  1.1634370e+000  0.0000000e+000  0.0000000e+000  0.0000000e+000  0.0000000e+000  0.0000000e+000  0.0000000e+000  0.0000000e+000  0.0000000e+000
  4.1172750e+006  1.0841660e+003  1.0849340e+003  1.0856210e+003  1.0857540e+003  1.0854850e+003  1.0840690e+003  1.0794760e+003  1.0713880e+003  1.0631200e+003  1.0580450e+003  1.0499050e+003  1.0385390e+003  1.0240180e+003  1.0002840e+003  9.7451480e+002  9.6065890e+002  9.5829770e+002  9.5539780e+002  9.4302540e+002  9.2421670e+002  9.0413900e+002  8.8489160e+002  8.6905400e+002  8.6199460e+002  8.5774720e+002  8.5297780e+002  8.4896340e+002  8.4585860e+002  8.4274270e+002  8.3849580e+002  8.3328970e+002  8.2579270e+002  8.1726370e+002  8.1030540e+002  8.0334940e+002  7.9253220e+002  7.7868490e+002  7.6560350e+002  7.6020480e+002  7.5765460e+002  7.5564650e+002  7.5339670e+002  7.4904990e+002  7.4165480e+002  7.3148210e+002  7.1946760e+002  7.0937890e+002  7.0176390e+002  6.9598070e+002  6.9094890e+002  6.8584960e+002  6.8037420e+002  6.7464010e+002  6.6927140e+002  6.6548860e+002  6.6418540e+002  6.6427810e+002  6.6368710e+002  6.6135080e+002  6.5652000e+002  6.4708510e+002  6.3506880e+002  6.2913870e+002  6.3172000e+002  6.3758990e+002  6.4172250e+002  6.4199850e+002  6.3665020e+002  6.2144540e+002  5.9701750e+002  5.7561550e+002  5.6293410e+002  5.5811820e+002  5.5369590e+002  5.5009720e+002  5.4526570e+002  5.3548510e+002  5.2316690e+002  5.1193370e+002  5.0330240e+002  4.9765950e+002  4.9425730e+002  4.9029520e+002  4.8504010e+002  4.8009360e+002  4.7549780e+002  4.7278530e+002  4.6955890e+002  4.5765060e+002  4.3965710e+002  4.2960870e+002  4.2132410e+002  4.1460610e+002  4.1055240e+002  4.0403490e+002  3.9840830e+002  3.9704330e+002  3.9460260e+002  3.9076480e+002  3.8003860e+002  3.6586120e+002  3.5464800e+002  3.4127330e+002  3.1727780e+002  2.9236100e+002  2.8033340e+002  2.7713680e+002  2.7495690e+002  2.7275710e+002  2.7001180e+002  2.6702220e+002  2.6205720e+002  2.5542640e+002  2.4374340e+002  2.2957990e+002  2.1766600e+002  2.0646830e+002  1.9610320e+002  1.8870320e+002  1.7957260e+002  1.6344330e+002  1.3698670e+002  1.0363500e+002  7.4978300e+001  6.0623290e+001  5.2083720e+001  4.3502420e+001  3.4116620e+001  2.1104910e+001  1.1123800e+001  5.0141300e+000  2.0000000e+000  0.0000000e+000  0.0000000e+000  0.0000000e+000  0.0000000e+000  0.0000000e+000  0.0000000e+000  0.0000000e+000  0.0000000e+000  0.0000000e+000
  4.1173250e+006  1.0631200e+003  1.0616480e+003  1.0609040e+003  1.0610910e+003  1.0626680e+003  1.0649790e+003  1.0664240e+003  1.0644340e+003  1.0603930e+003  1.0561090e+003  1.0473510e+003  1.0342290e+003  1.0201860e+003  1.0000310e+003  9.7692740e+002  9.6130330e+002  9.5397410e+002  9.4622370e+002  9.3116220e+002  9.1040360e+002  8.8495940e+002  8.6745720e+002  8.5955830e+002  8.5492410e+002  8.5047860e+002  8.4445230e+002  8.3806320e+002  8.3189390e+002  8.2682510e+002  8.2379170e+002  8.2103630e+002  8.1682250e+002  8.1195000e+002  8.0754020e+002  7.9925200e+002  7.8714540e+002  7.7371010e+002  7.6313360e+002  7.5931900e+002  7.5555720e+002  7.5129710e+002  7.4741890e+002  7.4324100e+002  7.3793440e+002  7.2941000e+002  7.1525280e+002  7.0113540e+002  6.9171680e+002  6.8606440e+002  6.8179190e+002  6.7760440e+002  6.7312880e+002  6.6852750e+002  6.6452390e+002  6.6244980e+002  6.6299210e+002  6.6448230e+002  6.6476310e+002  6.6261090e+002  6.5730090e+002  6.4789940e+002  6.3629220e+002  6.3024860e+002  6.3221890e+002  6.3692730e+002  6.3905870e+002  6.3694590e+002  6.2942640e+002  6.1361800e+002  5.9114510e+002  5.7160410e+002  5.6002810e+002  5.5487630e+002  5.5168870e+002  5.4954300e+002  5.4280660e+002  5.2983050e+002  5.1651900e+002  5.0596310e+002  4.9819420e+002  4.9357320e+002  4.9047420e+002  4.8603220e+002  4.8067800e+002  4.7652780e+002  4.7424110e+002  4.7294660e+002  4.6928860e+002  4.5608840e+002  4.3679260e+002  4.2579120e+002  4.1612530e+002  4.0814380e+002  4.0491840e+002  3.9937270e+002  3.9290330e+002  3.8964520e+002  3.8384690e+002  3.7586350e+002  3.6795350e+002  3.5863720e+002  3.4818800e+002  3.3493760e+002  3.1112800e+002  2.8725090e+002  2.7772170e+002  2.7705610e+002  2.7503400e+002  2.7032860e+002  2.6328000e+002  2.5884380e+002  2.5409250e+002  2.4339600e+002  2.2787910e+002  2.1509970e+002  2.0850740e+002  2.0094400e+002  1.9133860e+002  1.8082660e+002  1.6678290e+002  1.4933190e+002  1.2928440e+002  1.0393460e+002  7.8809240e+001  6.2436320e+001  5.4107540e+001  4.4250290e+001  3.2013020e+001  1.8628730e+001  9.8740540e+000  2.7216260e+000  0.0000000e+000  0.0000000e+000  0.0000000e+000  0.0000000e+000  0.0000000e+000  0.0000000e+000  0.0000000e+000  0.0000000e+000  0.0000000e+000  0.0000000e+000
  4.1173750e+006  1.0505620e+003  1.0437660e+003  1.0393080e+003  1.0391600e+003  1.0453830e+003  1.0532290e+003  1.0559150e+003  1.0561340e+003  1.0557120e+003  1.0529790e+003  1.0455050e+003  1.0323400e+003  1.0182160e+003  1.0017080e+003  9.8203850e+002  9.6185960e+002  9.4305100e+002  9.2844470e+002  9.1431240e+002  8.9579460e+002  8.7047270e+002  8.5977620e+002  8.5488330e+002  8.4893750e+002  8.4283770e+002  8.3641960e+002  8.2909510e+002  8.2086860e+002  8.1436940e+002  8.1144240e+002  8.0965830e+002  8.0789010e+002  8.0616990e+002  8.0211720e+002  7.9397090e+002  7.8325400e+002  7.7236900e+002  7.6407500e+002  7.5923960e+002  7.5304540e+002  7.4599510e+002  7.3995340e+002  7.3515890e+002  7.3069810e+002  7.2346700e+002  7.0874580e+002  6.9318340e+002  6.8336150e+002  6.7810310e+002  6.7442360e+002  6.7094720e+002  6.6737790e+002  6.6396740e+002  6.6148320e+002  6.6107240e+002  6.6297170e+002  6.6533360e+002  6.6599520e+002  6.6288120e+002  6.5521360e+002  6.4548080e+002  6.3598670e+002  6.3093000e+002  6.3141190e+002  6.3318900e+002  6.3168740e+002  6.2583290e+002  6.1520010e+002  5.9848890e+002  5.7789390e+002  5.6130580e+002  5.5220090e+002  5.4911040e+002  5.4925520e+002  5.4765870e+002  5.3721580e+002  5.2032950e+002  5.0693940e+002  4.9718270e+002  4.8893840e+002  4.8490560e+002  4.8423110e+002  4.8173020e+002  4.7859220e+002  4.7737630e+002  4.7630340e+002  4.7316670e+002  4.6830830e+002  4.5465630e+002  4.3158440e+002  4.1510350e+002  4.0676890e+002  4.0287060e+002  4.0347230e+002  3.9944280e+002  3.9076410e+002  3.8599120e+002  3.7953560e+002  3.6837480e+002  3.5977370e+002  3.5036850e+002  3.3700540e+002  3.2366350e+002  3.0531210e+002  2.8679820e+002  2.7841450e+002  2.7691840e+002  2.7322340e+002  2.6614060e+002  2.5659300e+002  2.4698330e+002  2.3887820e+002  2.2835370e+002  2.1734970e+002  2.1194690e+002  2.0818690e+002  1.9933550e+002  1.8715730e+002  1.7387410e+002  1.5950160e+002  1.4443460e+002  1.2776130e+002  1.0707570e+002  8.2137070e+001  6.3919870e+001  5.6375020e+001  4.4406670e+001  2.8400110e+001  1.4404660e+001  7.8684460e+000  1.1152270e+000  0.0000000e+000  0.0000000e+000  0.0000000e+000  0.0000000e+000  0.0000000e+000  0.0000000e+000  0.0000000e+000  0.0000000e+000  0.0000000e+000  0.0000000e+000
  4.1174250e+006  1.0405520e+003  1.0305470e+003  1.0230600e+003  1.0211960e+003  1.0273920e+003  1.0343640e+003  1.0356470e+003  1.0368880e+003  1.0411130e+003  1.0440590e+003  1.0420980e+003  1.0338140e+003  1.0196900e+003  1.0015740e+003  9.8239540e+002  9.5808340e+002  9.3028880e+002  9.1317710e+002  8.9671830e+002  8.7397380e+002  8.6130760e+002  8.5619650e+002  8.5057220e+002  8.4351820e+002  8.3719300e+002  8.3122810e+002  8.2408200e+002  8.1565350e+002  8.0963640e+002  8.0355620e+002  7.9735660e+002  7.9328000e+002  7.9359390e+002  7.9221640e+002  7.8679320e+002  7.7891770e+002  7.7086100e+002  7.6447800e+002  7.5878630e+002  7.4963820e+002  7.3917540e+002  7.3070440e+002  7.2463620e+002  7.1925780e+002  7.1237550e+002  7.0063550e+002  6.8741720e+002  6.7830560e+002  6.7288300e+002  6.6903330e+002  6.6569890e+002  6.6260310e+002  6.5993460e+002  6.5834610e+002  6.5868050e+002  6.6069650e+002  6.6238620e+002  6.6156800e+002  6.5586610e+002  6.4558730e+002  6.3693400e+002  6.3125540e+002  6.2803120e+002  6.2678070e+002  6.2511830e+002  6.2022340e+002  6.1143080e+002  5.9875620e+002  5.8184200e+002  5.6254640e+002  5.4766280e+002  5.3902120e+002  5.3596940e+002  5.3635350e+002  5.3334840e+002  5.2105580e+002  5.0544620e+002  4.9448140e+002  4.8470030e+002  4.7318620e+002  4.6759120e+002  4.7008440e+002  4.7194710e+002  4.7324620e+002  4.7626340e+002  4.7617300e+002  4.7017690e+002  4.6376850e+002  4.5012730e+002  4.2510820e+002  4.0705950e+002  4.0305500e+002  4.0247830e+002  4.0418040e+002  4.0025240e+002  3.8872810e+002  3.8298590e+002  3.7826240e+002  3.6678900e+002  3.5498330e+002  3.4202070e+002  3.2567580e+002  3.1172150e+002  2.9811280e+002  2.8418010e+002  2.7602030e+002  2.7317890e+002  2.6724600e+002  2.5616890e+002  2.4372510e+002  2.3207680e+002  2.2420420e+002  2.1797110e+002  2.1351150e+002  2.1289000e+002  2.0875480e+002  1.9523980e+002  1.7803040e+002  1.6063530e+002  1.4367560e+002  1.2889830e+002  1.1829640e+002  1.0609640e+002  8.2832780e+001  6.4019000e+001  5.5845560e+001  4.3008970e+001  2.6319390e+001  1.2304600e+001  4.9939690e+000  0.0000000e+000  0.0000000e+000  0.0000000e+000  0.0000000e+000  0.0000000e+000  0.0000000e+000  0.0000000e+000  0.0000000e+000  0.0000000e+000  0.0000000e+000  0.0000000e+000
  4.1174750e+006  1.0300260e+003  1.0208030e+003  1.0139870e+003  1.0124530e+003  1.0151000e+003  1.0163850e+003  1.0143970e+003  1.0165330e+003  1.0238320e+003  1.0312920e+003  1.0322470e+003  1.0265720e+003  1.0130300e+003  9.8703870e+002  9.6639420e+002  9.4589500e+002  9.1902370e+002  9.0072120e+002  8.7537780e+002  8.6200620e+002  8.5788020e+002  8.5390780e+002  8.4794070e+002  8.4136630e+002  8.3592240e+002  8.3010420e+002  8.2260370e+002  8.1304440e+002  8.0668680e+002  7.9710420e+002  7.8570120e+002  7.7764050e+002  7.8040230e+002  7.8234500e+002  7.7954060e+002  7.7398280e+002  7.6794840e+002  7.6323640e+002  7.5759950e+002  7.4521280e+002  7.3103540e+002  7.2113280e+002  7.1578100e+002  7.1160160e+002  7.0535130e+002  6.9327260e+002  6.8301200e+002  6.7540450e+002  6.6953740e+002  6.6498300e+002  6.6130190e+002  6.5817250e+002  6.5551450e+002  6.5370120e+002  6.5343170e+002  6.5429990e+002  6.5399280e+002  6.5031120e+002  6.4210560e+002  6.3168040e+002  6.2595040e+002  6.2377470e+002  6.2155980e+002  6.1853550e+002  6.1400450e+002  6.0662160e+002  5.9593730e+002  5.8217400e+002  5.6577040e+002  5.4821030e+002  5.3279600e+002  5.2107260e+002  5.1285290e+002  5.0682380e+002  5.0092440e+002  4.9396150e+002  4.8647810e+002  4.7938930e+002  4.6922750e+002  4.5502260e+002  4.4767270e+002  4.5200280e+002  4.5800310e+002  4.6287010e+002  4.6821230e+002  4.6921760e+002  4.6307000e+002  4.5511530e+002  4.3914340e+002  4.1441370e+002  4.0110510e+002  4.0349120e+002  4.0395060e+002  4.0348860e+002  3.9844140e+002  3.8467360e+002  3.7861610e+002  3.7536220e+002  3.6303380e+002  3.4726580e+002  3.3095590e+002  3.1329340e+002  2.9925500e+002  2.8905220e+002  2.7884830e+002  2.7127740e+002  2.6726460e+002  2.5835750e+002  2.4301660e+002  2.3053130e+002  2.2284140e+002  2.1849480e+002  2.1500630e+002  2.1285230e+002  2.1322480e+002  2.0666750e+002  1.8839540e+002  1.6933080e+002  1.5178920e+002  1.3311450e+002  1.1719250e+002  1.0915920e+002  1.0047550e+002  7.8336800e+001  6.1859910e+001  5.2333530e+001  3.9611120e+001  2.4478650e+001  1.1279980e+001  2.6105040e+000  0.0000000e+000  0.0000000e+000  0.0000000e+000  0.0000000e+000  0.0000000e+000  0.0000000e+000  0.0000000e+000  0.0000000e+000  0.0000000e+000  0.0000000e+000  0.0000000e+000
  4.1175250e+006  1.0136630e+003  1.0057780e+003  1.0014630e+003  1.0029210e+003  1.0055220e+003  1.0026380e+003  9.9876600e+002  1.0028500e+003  1.0100800e+003  1.0189470e+003  1.0198150e+003  1.0126970e+003  9.9689220e+002  9.7009110e+002  9.5028550e+002  9.2457510e+002  9.0715710e+002  8.8946080e+002  8.6707330e+002  8.5972970e+002  8.5692030e+002  8.5259720e+002  8.4765620e+002  8.4300260e+002  8.3839200e+002  8.3246640e+002  8.2443930e+002  8.1280600e+002  8.0214360e+002  7.8999920e+002  7.7749630e+002  7.6821560e+002  7.7266770e+002  7.7536310e+002  7.7335300e+002  7.6901750e+002  7.6421550e+002  7.6068570e+002  7.5467360e+002  7.3906790e+002  7.2232020e+002  7.1323260e+002  7.0962040e+002  7.0583870e+002  6.9716290e+002  6.8571410e+002  6.7931650e+002  6.7329090e+002  6.6679910e+002  6.6135360e+002  6.5713700e+002  6.5370230e+002  6.5059390e+002  6.4789490e+002  6.4653280e+002  6.4642410e+002  6.4496860e+002  6.4019980e+002  6.3269870e+002  6.2451450e+002  6.1966170e+002  6.1691190e+002  6.1332530e+002  6.0843960e+002  6.0194200e+002  5.9286870e+002  5.8081000e+002  5.6618760e+002  5.4988230e+002  5.3300840e+002  5.1682590e+002  5.0212330e+002  4.8911470e+002  4.7833420e+002  4.7140830e+002  4.6838420e+002  4.6526670e+002  4.5974010e+002  4.5088900e+002  4.4027320e+002  4.3583430e+002  4.4057340e+002  4.4638420e+002  4.4968740e+002  4.5380010e+002  4.5669050e+002  4.5491590e+002  4.4683080e+002  4.2584370e+002  4.0090110e+002  3.9328800e+002  3.9962590e+002  4.0000160e+002  3.9790640e+002  3.9381310e+002  3.8006690e+002  3.7184120e+002  3.6541100e+002  3.4926710e+002  3.3082670e+002  3.1427680e+002  2.9802820e+002  2.8515530e+002  2.7789610e+002  2.7245180e+002  2.6732850e+002  2.6275430e+002  2.5093320e+002  2.3274890e+002  2.2191380e+002  2.1888050e+002  2.1789110e+002  2.1617230e+002  2.1472200e+002  2.1389510e+002  2.0366220e+002  1.8204040e+002  1.6479990e+002  1.5098390e+002  1.3307640e+002  1.1615780e+002  1.0516500e+002  9.0177290e+001  6.8626810e+001  5.7781420e+001  4.8427440e+001  3.5875830e+001  2.2428770e+001  1.0527770e+001  0.0000000e+000  0.0000000e+000  0.0000000e+000  0.0000000e+000  0.0000000e+000  0.0000000e+000  0.0000000e+000  0.0000000e+000  0.0000000e+000  0.0000000e+000  0.0000000e+000  0.0000000e+000
  4.1175750e+006  9.8878580e+002  9.8090610e+002  9.7667820e+002  9.7864780e+002  9.8175700e+002  9.7794290e+002  9.7392870e+002  9.7936900e+002  9.8931460e+002  9.9951370e+002  1.0015640e+003  9.9434570e+002  9.7309740e+002  9.5496240e+002  9.3501700e+002  9.1308480e+002  8.9668180e+002  8.7905360e+002  8.6440230e+002  8.5950270e+002  8.5558320e+002  8.5039060e+002  8.4585080e+002  8.4296450e+002  8.4002140e+002  8.3512560e+002  8.2752260e+002  8.1528000e+002  7.9905890e+002  7.8314970e+002  7.7122370e+002  7.6418330e+002  7.6631570e+002  7.6800490e+002  7.6696750e+002  7.6428610e+002  7.6099160e+002  7.5729630e+002  7.4816970e+002  7.3126610e+002  7.1533150e+002  7.0855430e+002  7.0337620e+002  6.9669460e+002  6.8823330e+002  6.8091110e+002  6.7748080e+002  6.7158610e+002  6.6393850e+002  6.5752670e+002  6.5279150e+002  6.4902180e+002  6.4548220e+002  6.4213460e+002  6.4027250e+002  6.4040860e+002  6.3995860e+002  6.3665850e+002  6.3124210e+002  6.2410550e+002  6.1642710e+002  6.0949260e+002  6.0340770e+002  5.9747490e+002  5.9025810e+002  5.8022360e+002  5.6690530e+002  5.5122420e+002  5.3459380e+002  5.1794870e+002  5.0153580e+002  4.8530470e+002  4.6997380e+002  4.5800160e+002  4.5196310e+002  4.4979120e+002  4.4633730e+002  4.4076730e+002  4.3428930e+002  4.2893440e+002  4.2810640e+002  4.3206130e+002  4.3485160e+002  4.3446940e+002  4.3743320e+002  4.4318460e+002  4.4607610e+002  4.3837910e+002  4.1375100e+002  3.8832460e+002  3.8252600e+002  3.8786540e+002  3.8756820e+002  3.8759630e+002  3.8764010e+002  3.7431180e+002  3.5902850e+002  3.4323900e+002  3.2307420e+002  3.0714560e+002  2.9593800e+002  2.8483090e+002  2.7444930e+002  2.6860880e+002  2.6672440e+002  2.6390900e+002  2.6006340e+002  2.4809470e+002  2.2995850e+002  2.2038960e+002  2.1885980e+002  2.1832750e+002  2.1697200e+002  2.1623460e+002  2.1440140e+002  2.0153790e+002  1.7806390e+002  1.6242170e+002  1.5100440e+002  1.3339870e+002  1.1610690e+002  1.0360340e+002  8.4849590e+001  6.4100560e+001  5.3503300e+001  4.3814620e+001  3.1742970e+001  1.9866600e+001  9.9649890e+000  0.0000000e+000  0.0000000e+000  0.0000000e+000  0.0000000e+000  0.0000000e+000  0.0000000e+000  0.0000000e+000  0.0000000e+000  0.0000000e+000  0.0000000e+000  0.0000000e+000  0.0000000e+000
  4.1176250e+006  9.5962370e+002  9.4947440e+002  9.4122920e+002  9.3888650e+002  9.4072720e+002  9.3918480e+002  9.3969740e+002  9.5021130e+002  9.5683930e+002  9.6169420e+002  9.6379080e+002  9.6236760e+002  9.5417060e+002  9.3928100e+002  9.1940910e+002  9.0585170e+002  8.8921110e+002  8.7146960e+002  8.6229850e+002  8.5889530e+002  8.5319850e+002  8.4531590e+002  8.3828120e+002  8.3424600e+002  8.3207540e+002  8.2942370e+002  8.2367490e+002  8.1231820e+002  7.9478970e+002  7.7764110e+002  7.6655460e+002  7.6141130e+002  7.6046510e+002  7.5990350e+002  7.5887580e+002  7.5767100e+002  7.5600950e+002  7.5083650e+002  7.4030490e+002  7.2547640e+002  7.1224740e+002  7.0520180e+002  6.9848100e+002  6.9108590e+002  6.8572090e+002  6.8223960e+002  6.7830460e+002  6.7044050e+002  6.6102400e+002  6.5356470e+002  6.4829540e+002  6.4415780e+002  6.4040420e+002  6.3710380e+002  6.3556580e+002  6.3673340e+002  6.3867570e+002  6.3780880e+002  6.3259840e+002  6.2331140e+002  6.1103590e+002  5.9970350e+002  5.9209250e+002  5.8667750e+002  5.8014370e+002  5.6972920e+002  5.5480100e+002  5.3745630e+002  5.2034490e+002  5.0440480e+002  4.8881900e+002  4.7236000e+002  4.5585600e+002  4.4333860e+002  4.3818400e+002  4.3637170e+002  4.3264490e+002  4.2834610e+002  4.2445180e+002  4.2107630e+002  4.1991540e+002  4.2153550e+002  4.2203370e+002  4.2107800e+002  4.2543250e+002  4.3326620e+002  4.3594100e+002  4.2656480e+002  4.0340300e+002  3.8095010e+002  3.7362820e+002  3.7558290e+002  3.7769050e+002  3.8242350e+002  3.8471160e+002  3.7128960e+002  3.4828470e+002  3.2290160e+002  3.0032210e+002  2.8872060e+002  2.8362110e+002  2.7761030e+002  2.6932240e+002  2.6305860e+002  2.6170570e+002  2.5946540e+002  2.5573500e+002  2.4419920e+002  2.2868660e+002  2.2209170e+002  2.2105360e+002  2.1931870e+002  2.1651640e+002  2.1400780e+002  2.0932060e+002  1.9407420e+002  1.7024840e+002  1.5591260e+002  1.4481710e+002  1.2753660e+002  1.1184680e+002  1.0088220e+002  8.2542580e+001  6.3014530e+001  5.1621580e+001  4.0728510e+001  2.7937000e+001  1.6704040e+001  9.3776280e+000  0.0000000e+000  0.0000000e+000  0.0000000e+000  0.0000000e+000  0.0000000e+000  0.0000000e+000  0.0000000e+000  0.0000000e+000  0.0000000e+000  0.0000000e+000  0.0000000e+000  0.0000000e+000
  4.1176750e+006  9.3233410e+002  9.1992830e+002  9.0757320e+002  9.0054680e+002  9.0065680e+002  9.0128510e+002  9.0412480e+002  9.1408570e+002  9.2087110e+002  9.2722170e+002  9.3145340e+002  9.3363550e+002  9.3289210e+002  9.2428610e+002  9.0981520e+002  8.9808070e+002  8.8347720e+002  8.6939370e+002  8.6246390e+002  8.5850520e+002  8.5010960e+002  8.3785790e+002  8.2515610e+002  8.1541470e+002  8.0977550e+002  8.0899690e+002  8.0695970e+002  7.9880860e+002  7.8429300e+002  7.7025900e+002  7.6223170e+002  7.5856260e+002  7.5476190e+002  7.5061550e+002  7.4680510e+002  7.4441890e+002  7.4390660e+002  7.4018870e+002  7.3198270e+002  7.2108440e+002  7.1107230e+002  7.0449140e+002  6.9900970e+002  6.9454740e+002  6.9200850e+002  6.8820170e+002  6.8142710e+002  6.7079200e+002  6.5926620e+002  6.5040450e+002  6.4420560e+002  6.3942150e+002  6.3539940e+002  6.3226320e+002  6.3097850e+002  6.3245610e+002  6.3532230e+002  6.3493130e+002  6.2791190e+002  6.1580590e+002  6.0095390e+002  5.8802030e+002  5.8090000e+002  5.7751380e+002  5.7291570e+002  5.6243200e+002  5.4485570e+002  5.2471100e+002  5.0719750e+002  4.9321610e+002  4.8017700e+002  4.6480990e+002  4.4741060e+002  4.3321030e+002  4.2733250e+002  4.2551600e+002  4.2289750e+002  4.2157470e+002  4.2041230e+002  4.1770840e+002  4.1494330e+002  4.1395210e+002  4.1451610e+002  4.1597060e+002  4.2097230e+002  4.2761030e+002  4.2576120e+002  4.1325490e+002  3.9414920e+002  3.7720980e+002  3.6896800e+002  3.6809530e+002  3.7343000e+002  3.8193130e+002  3.8295110e+002  3.6828810e+002  3.4258390e+002  3.1561080e+002  2.9499030e+002  2.8548130e+002  2.8153800e+002  2.7664730e+002  2.6889760e+002  2.6093320e+002  2.5680180e+002  2.5491520e+002  2.5118950e+002  2.3967430e+002  2.2837480e+002  2.2578620e+002  2.2406260e+002  2.2017320e+002  2.1429350e+002  2.0573940e+002  1.9430170e+002  1.7684760e+002  1.5710890e+002  1.4627930e+002  1.3463130e+002  1.1875220e+002  1.0648460e+002  9.7780470e+001  8.0848920e+001  6.3137660e+001  5.2944020e+001  4.0598620e+001  2.5633380e+001  1.3555680e+001  7.8012160e+000  0.0000000e+000  0.0000000e+000  0.0000000e+000  0.0000000e+000  0.0000000e+000  0.0000000e+000  0.0000000e+000  0.0000000e+000  0.0000000e+000  0.0000000e+000  0.0000000e+000  0.0000000e+000
  4.1177250e+006  9.1157730e+002  8.9944490e+002  8.8699750e+002  8.7903900e+002  8.7783440e+002  8.7840220e+002  8.8161060e+002  8.9255310e+002  9.0309870e+002  9.0742690e+002  9.0883060e+002  9.0943320e+002  9.0931960e+002  9.0592570e+002  8.9694730e+002  8.8747710e+002  8.7702040e+002  8.6758060e+002  8.6235350e+002  8.5805990e+002  8.4768190e+002  8.3199430e+002  8.1383260e+002  7.9666490e+002  7.8491030e+002  7.8348330e+002  7.8436810e+002  7.8023440e+002  7.7118320e+002  7.6308000e+002  7.5877370e+002  7.5429530e+002  7.4789700e+002  7.4086350e+002  7.3425640e+002  7.3011350e+002  7.3054570e+002  7.2930720e+002  7.2443630e+002  7.1741660e+002  7.1049040e+002  7.0518190e+002  7.0108280e+002  6.9851460e+002  6.9691310e+002  6.9246590e+002  6.8431150e+002  6.7212310e+002  6.5898580e+002  6.4840930e+002  6.4068010e+002  6.3480950e+002  6.3021380e+002  6.2686020e+002  6.2512520e+002  6.2520560e+002  6.2565250e+002  6.2267930e+002  6.1418290e+002  6.0237250e+002  5.8886830e+002  5.7715640e+002  5.7167040e+002  5.7093060e+002  5.6906160e+002  5.5853460e+002  5.3675560e+002  5.1242300e+002  4.9511550e+002  4.8507840e+002  4.7661900e+002  4.6361370e+002  4.4553600e+002  4.2822390e+002  4.1967810e+002  4.1691820e+002  4.1556910e+002  4.1689420e+002  4.1663660e+002  4.1400810e+002  4.1054830e+002  4.0711060e+002  4.0767860e+002  4.1141060e+002  4.1535270e+002  4.1868680e+002  4.1243650e+002  3.9886020e+002  3.8526920e+002  3.7536730e+002  3.6950530e+002  3.6628590e+002  3.6881580e+002  3.7556410e+002  3.7420190e+002  3.5989210e+002  3.3727710e+002  3.1553350e+002  2.9988240e+002  2.9109510e+002  2.8462010e+002  2.7696210e+002  2.6671960e+002  2.5503980e+002  2.4710950e+002  2.4655600e+002  2.4500040e+002  2.3693780e+002  2.3127670e+002  2.3049740e+002  2.2471790e+002  2.1620180e+002  2.0576780e+002  1.9120780e+002  1.7589140e+002  1.6150080e+002  1.5033990e+002  1.4427870e+002  1.3218940e+002  1.1639540e+002  1.0505770e+002  9.6510760e+001  7.9952770e+001  6.3536990e+001  5.4912180e+001  4.1664500e+001  2.5350060e+001  1.1960290e+001  4.4281430e+000  0.0000000e+000  0.0000000e+000  0.0000000e+000  0.0000000e+000  0.0000000e+000  0.0000000e+000  0.0000000e+000  0.0000000e+000  0.0000000e+000  0.0000000e+000  0.0000000e+000  0.0000000e+000
  4.1177750e+006  8.9853000e+002  8.8821080e+002  8.7805560e+002  8.7148240e+002  8.6938040e+002  8.6781900e+002  8.6938560e+002  8.7628860e+002  8.8325760e+002  8.8521980e+002  8.8499570e+002  8.8459800e+002  8.8422610e+002  8.8283220e+002  8.7892910e+002  8.7485240e+002  8.6965350e+002  8.6421160e+002  8.6081840e+002  8.5684800e+002  8.4613640e+002  8.3031540e+002  8.1086720e+002  7.8919890e+002  7.7447880e+002  7.7001680e+002  7.6939920e+002  7.6688260e+002  7.6257620e+002  7.5911040e+002  7.5491890e+002  7.4847780e+002  7.4048570e+002  7.3250550e+002  7.2576570e+002  7.2178040e+002  7.2165950e+002  7.2122540e+002  7.1861890e+002  7.1452780e+002  7.0999190e+002  7.0531900e+002  7.0080930e+002  6.9726720e+002  6.9473150e+002  6.9037340e+002  6.8275070e+002  6.7081010e+002  6.5736270e+002  6.4570700e+002  6.3662070e+002  6.2964150e+002  6.2434220e+002  6.2046560e+002  6.1785570e+002  6.1581400e+002  6.1255020e+002  6.0602120e+002  5.9717400e+002  5.8861580e+002  5.7886680e+002  5.6898370e+002  5.6485660e+002  5.6642350e+002  5.6719370e+002  5.5643960e+002  5.2981600e+002  5.0095670e+002  4.8476500e+002  4.7991200e+002  4.7671290e+002  4.6661110e+002  4.4888390e+002  4.2849310e+002  4.1633440e+002  4.1213370e+002  4.1181530e+002  4.1409620e+002  4.1351870e+002  4.1103410e+002  4.0749250e+002  4.0078250e+002  3.9745650e+002  4.0024450e+002  4.0180970e+002  4.0141990e+002  3.9427010e+002  3.8423600e+002  3.7734400e+002  3.7364750e+002  3.7203930e+002  3.6694930e+002  3.5865590e+002  3.5648570e+002  3.5332050e+002  3.4283670e+002  3.2713950e+002  3.1236160e+002  3.0112720e+002  2.9249680e+002  2.8319240e+002  2.7195730e+002  2.5761820e+002  2.4244560e+002  2.3343690e+002  2.3489840e+002  2.3591990e+002  2.3370700e+002  2.3207490e+002  2.2902350e+002  2.1714440e+002  2.0345890e+002  1.8974620e+002  1.7432560e+002  1.6180980e+002  1.5524380e+002  1.5194620e+002  1.4608690e+002  1.3234920e+002  1.1625090e+002  1.0436700e+002  9.4914370e+001  7.8792220e+001  6.2538680e+001  5.2435950e+001  3.9759960e+001  2.4678860e+001  1.1090140e+001  1.2065200e+000  0.0000000e+000  0.0000000e+000  0.0000000e+000  0.0000000e+000  0.0000000e+000  0.0000000e+000  0.0000000e+000  0.0000000e+000  0.0000000e+000  0.0000000e+000  0.0000000e+000  0.0000000e+000
  4.1178250e+006  8.9193690e+002  8.8299010e+002  8.7467840e+002  8.6916900e+002  8.6625850e+002  8.6228300e+002  8.6026860e+002  8.6030440e+002  8.6097190e+002  8.6112310e+002  8.6119930e+002  8.6158460e+002  8.6227930e+002  8.6310530e+002  8.6389530e+002  8.6464330e+002  8.6354770e+002  8.6103550e+002  8.5839640e+002  8.5314090e+002  8.4259880e+002  8.2790940e+002  8.0967550e+002  7.8936430e+002  7.7426750e+002  7.6676840e+002  7.6357010e+002  7.6134090e+002  7.5920010e+002  7.5581160e+002  7.4995270e+002  7.4195680e+002  7.3312570e+002  7.2523770e+002  7.1978560e+002  7.1690430e+002  7.1633620e+002  7.1596720e+002  7.1451960e+002  7.1228200e+002  7.0927580e+002  7.0405410e+002  6.9713620e+002  6.8982710e+002  6.8458440e+002  6.8034100e+002  6.7416980e+002  6.6408440e+002  6.5187980e+002  6.4007560e+002  6.3008230e+002  6.2254490e+002  6.1727530e+002  6.1302870e+002  6.0978450e+002  6.0645970e+002  6.0087050e+002  5.9221250e+002  5.8422240e+002  5.8004190e+002  5.7461530e+002  5.6589520e+002  5.6185880e+002  5.6432530e+002  5.6652570e+002  5.5578330e+002  5.2667160e+002  4.9527730e+002  4.7936350e+002  4.7640030e+002  4.7472140e+002  4.6587430e+002  4.5023650e+002  4.3034010e+002  4.1739690e+002  4.1333560e+002  4.1379090e+002  4.1409030e+002  4.1201940e+002  4.0947040e+002  4.0460100e+002  3.9627800e+002  3.9011790e+002  3.8944350e+002  3.8782520e+002  3.8546840e+002  3.8051140e+002  3.7553980e+002  3.7220260e+002  3.6733280e+002  3.6453580e+002  3.5900340e+002  3.4335310e+002  3.3306390e+002  3.2783690e+002  3.2020820e+002  3.0946200e+002  2.9839790e+002  2.8766380e+002  2.7742730e+002  2.6792680e+002  2.5755630e+002  2.4279280e+002  2.2883530e+002  2.2282430e+002  2.2589950e+002  2.2772590e+002  2.2804460e+002  2.2562730e+002  2.1681530e+002  1.9984140e+002  1.8582910e+002  1.7383220e+002  1.6097590e+002  1.5045120e+002  1.4591580e+002  1.4393480e+002  1.3753160e+002  1.2513320e+002  1.1136020e+002  1.0032740e+002  9.0908250e+001  7.6549030e+001  6.1320580e+001  4.9506160e+001  3.7124150e+001  2.3553270e+001  1.0332050e+001  2.0000000e+000  0.0000000e+000  0.0000000e+000  0.0000000e+000  0.0000000e+000  0.0000000e+000  0.0000000e+000  0.0000000e+000  0.0000000e+000  0.0000000e+000  0.0000000e+000  0.0000000e+000  0.0000000e+000
  4.1178750e+006  8.8963420e+002  8.8087700e+002  8.7297130e+002  8.6711290e+002  8.6301650e+002  8.5781840e+002  8.5132920e+002  8.4533280e+002  8.4175450e+002  8.4082720e+002  8.4191970e+002  8.4434670e+002  8.4777010e+002  8.5210140e+002  8.5629610e+002  8.5773140e+002  8.5760300e+002  8.5632120e+002  8.5276620e+002  8.4659660e+002  8.3727180e+002  8.2489220e+002  8.0928110e+002  7.9142240e+002  7.7642550e+002  7.6711250e+002  7.6246370e+002  7.5994710e+002  7.5709880e+002  7.5217110e+002  7.4484520e+002  7.3576050e+002  7.2620180e+002  7.1848500e+002  7.1469440e+002  7.1318490e+002  7.1284140e+002  7.1269090e+002  7.1183230e+002  7.1048120e+002  7.0775100e+002  7.0094050e+002  6.9063400e+002  6.7793180e+002  6.6965940e+002  6.6607250e+002  6.6173490e+002  6.5377780e+002  6.4298820e+002  6.3095660e+002  6.2034430e+002  6.1352190e+002  6.0926640e+002  6.0460160e+002  6.0117010e+002  5.9792130e+002  5.9220490e+002  5.8365560e+002  5.7731730e+002  5.7628710e+002  5.7420410e+002  5.6687200e+002  5.6269780e+002  5.6500210e+002  5.6751000e+002  5.5801810e+002  5.3101640e+002  5.0071060e+002  4.8260140e+002  4.7507390e+002  4.6883780e+002  4.5870420e+002  4.4640400e+002  4.3194310e+002  4.2214490e+002  4.1952950e+002  4.2016250e+002  4.1676590e+002  4.1154080e+002  4.0821690e+002  4.0258700e+002  3.9468520e+002  3.8814560e+002  3.8483250e+002  3.8177110e+002  3.7959160e+002  3.7656340e+002  3.7319860e+002  3.6882690e+002  3.5799510e+002  3.4679290e+002  3.4037710e+002  3.2660210e+002  3.1162380e+002  3.0139100e+002  2.9371000e+002  2.8475730e+002  2.7383220e+002  2.6017370e+002  2.4609960e+002  2.3849540e+002  2.3340820e+002  2.2181990e+002  2.1152770e+002  2.0834550e+002  2.1140260e+002  2.1352750e+002  2.1405180e+002  2.0925660e+002  1.9596950e+002  1.7930460e+002  1.7203130e+002  1.6474750e+002  1.5174460e+002  1.3730460e+002  1.2823820e+002  1.2385140e+002  1.1888300e+002  1.1110060e+002  1.0196750e+002  9.3543290e+001  8.5303420e+001  7.3324550e+001  6.0202380e+001  4.7641610e+001  3.4974610e+001  2.2330650e+001  9.5871240e+000  2.0000000e+000  0.0000000e+000  0.0000000e+000  0.0000000e+000  0.0000000e+000  0.0000000e+000  0.0000000e+000  0.0000000e+000  0.0000000e+000  0.0000000e+000  0.0000000e+000  0.0000000e+000  0.0000000e+000
  4.1179250e+006  8.8963550e+002  8.8002520e+002  8.7127700e+002  8.6384740e+002  8.5737360e+002  8.5004900e+002  8.4076150e+002  8.3150040e+002  8.2584530e+002  8.2464950e+002  8.2691800e+002  8.3112400e+002  8.3628310e+002  8.4146880e+002  8.4511190e+002  8.4543610e+002  8.4480380e+002  8.4383980e+002  8.4151890e+002  8.3725780e+002  8.3070620e+002  8.2157710e+002  8.0886900e+002  7.9245210e+002  7.7714890e+002  7.6699220e+002  7.6201460e+002  7.5937720e+002  7.5534010e+002  7.4904830e+002  7.4074910e+002  7.3097960e+002  7.2090920e+002  7.1322640e+002  7.1068500e+002  7.1020490e+002  7.1035660e+002  7.1074130e+002  7.1025710e+002  7.0851670e+002  7.0373880e+002  6.9457650e+002  6.8165370e+002  6.6507370e+002  6.5582010e+002  6.5342370e+002  6.5019620e+002  6.4312380e+002  6.3309410e+002  6.2213550e+002  6.1320540e+002  6.0776060e+002  6.0138750e+002  5.9510060e+002  5.9157130e+002  5.8898370e+002  5.8419920e+002  5.7687080e+002  5.7191100e+002  5.7152790e+002  5.7078970e+002  5.6591720e+002  5.6297660e+002  5.6504650e+002  5.6685390e+002  5.5878470e+002  5.3674930e+002  5.1056340e+002  4.9102690e+002  4.7834360e+002  4.6747240e+002  4.5609990e+002  4.4573920e+002  4.3574940e+002  4.2891850e+002  4.2714490e+002  4.2696150e+002  4.2003360e+002  4.1142100e+002  4.0621290e+002  4.0079720e+002  3.9462300e+002  3.8943920e+002  3.8574070e+002  3.8207780e+002  3.7909520e+002  3.7458120e+002  3.6819770e+002  3.6089630e+002  3.4683640e+002  3.2823950e+002  3.1936220e+002  3.0767280e+002  2.8841380e+002  2.7315820e+002  2.6742470e+002  2.6070100e+002  2.5042990e+002  2.3691790e+002  2.2116730e+002  2.1392950e+002  2.1190210e+002  2.0296220e+002  1.9597400e+002  1.9507460e+002  1.9815980e+002  2.0104660e+002  2.0169430e+002  1.9682320e+002  1.8333210e+002  1.6943560e+002  1.6779890e+002  1.6193350e+002  1.4405980e+002  1.2120760e+002  1.0619350e+002  1.0026750e+002  9.8183610e+001  9.5730560e+001  9.1573790e+001  8.5922040e+001  7.8237080e+001  6.8243270e+001  5.7684570e+001  4.5082420e+001  3.2088720e+001  2.0353830e+001  8.9177320e+000  2.0000000e+000  0.0000000e+000  0.0000000e+000  0.0000000e+000  0.0000000e+000  0.0000000e+000  0.0000000e+000  0.0000000e+000  0.0000000e+000  0.0000000e+000  0.0000000e+000  0.0000000e+000  0.0000000e+000
  4.1179750e+006  8.9057310e+002  8.7946090e+002  8.6921420e+002  8.5991030e+002  8.5113630e+002  8.4188080e+002  8.3159920e+002  8.2183810e+002  8.1547380e+002  8.1400900e+002  8.1647010e+002  8.2074570e+002  8.2561770e+002  8.2940400e+002  8.3055680e+002  8.2886160e+002  8.2764050e+002  8.2740670e+002  8.2787210e+002  8.2683610e+002  8.2356690e+002  8.1798470e+002  8.0804460e+002  7.9164680e+002  7.7517740e+002  7.6498740e+002  7.6078450e+002  7.5842580e+002  7.5369200e+002  7.4672490e+002  7.3810060e+002  7.2836400e+002  7.1867190e+002  7.1129910e+002  7.0829850e+002  7.0751570e+002  7.0774260e+002  7.0841550e+002  7.0772450e+002  7.0423180e+002  6.9709720e+002  6.8514740e+002  6.7073540e+002  6.5546830e+002  6.4768040e+002  6.4573110e+002  6.4176240e+002  6.3395630e+002  6.2448140e+002  6.1611830e+002  6.0948490e+002  6.0140750e+002  5.9163470e+002  5.8448490e+002  5.8107890e+002  5.7928300e+002  5.7586430e+002  5.7063780e+002  5.6770940e+002  5.6744200e+002  5.6710240e+002  5.6442690e+002  5.6257590e+002  5.6418760e+002  5.6484880e+002  5.5758620e+002  5.4008500e+002  5.1855750e+002  4.9989290e+002  4.8530730e+002  4.7271860e+002  4.6103710e+002  4.5087630e+002  4.4200850e+002  4.3564310e+002  4.3275210e+002  4.2998820e+002  4.2085860e+002  4.1105060e+002  4.0450250e+002  3.9923560e+002  3.9474250e+002  3.9114060e+002  3.8649300e+002  3.7900870e+002  3.7328920e+002  3.6768150e+002  3.5741990e+002  3.4529900e+002  3.2079480e+002  2.9879320e+002  2.9019940e+002  2.8313300e+002  2.6855340e+002  2.5835700e+002  2.5704180e+002  2.4879280e+002  2.3641850e+002  2.2581740e+002  2.1274320e+002  2.0558520e+002  2.0343700e+002  1.9610510e+002  1.9104650e+002  1.9080670e+002  1.9252820e+002  1.9458610e+002  1.9495440e+002  1.9197670e+002  1.8024480e+002  1.6632240e+002  1.6363570e+002  1.5527050e+002  1.3293880e+002  1.0340330e+002  8.6005690e+001  8.1175720e+001  8.2153060e+001  8.3861770e+001  8.3358600e+001  7.9303590e+001  7.1384540e+001  6.2046330e+001  5.2304430e+001  3.9998180e+001  2.7173180e+001  1.6818730e+001  8.5779880e+000  2.0000000e+000  0.0000000e+000  0.0000000e+000  0.0000000e+000  0.0000000e+000  0.0000000e+000  0.0000000e+000  0.0000000e+000  0.0000000e+000  0.0000000e+000  0.0000000e+000  0.0000000e+000  0.0000000e+000
  4.1180250e+006  8.9159570e+002  8.7866140e+002  8.6671180e+002  8.5576190e+002  8.4558720e+002  8.3578480e+002  8.2632620e+002  8.1814660e+002  8.1264920e+002  8.1056440e+002  8.1102950e+002  8.1253030e+002  8.1471470e+002  8.1599290e+002  8.1496570e+002  8.1217110e+002  8.1199330e+002  8.1377440e+002  8.1642770e+002  8.1746850e+002  8.1662250e+002  8.1411830e+002  8.0660830e+002  7.8889990e+002  7.7074030e+002  7.6189460e+002  7.5901460e+002  7.5631970e+002  7.5153120e+002  7.4488150e+002  7.3655860e+002  7.2722420e+002  7.1809480e+002  7.1077370e+002  7.0645840e+002  7.0408750e+002  7.0293190e+002  7.0243460e+002  7.0062230e+002  6.9570120e+002  6.8856990e+002  6.7668820e+002  6.6245580e+002  6.4977220e+002  6.4307760e+002  6.4076170e+002  6.3515040e+002  6.2620950e+002  6.1736080e+002  6.1142690e+002  6.0534930e+002  5.9344250e+002  5.8118740e+002  5.7420180e+002  5.7131040e+002  5.7078200e+002  5.6923520e+002  5.6665370e+002  5.6629290e+002  5.6661350e+002  5.6581340e+002  5.6390410e+002  5.6285060e+002  5.6419590e+002  5.6343770e+002  5.5591520e+002  5.4112560e+002  5.2341690e+002  5.0716630e+002  4.9346700e+002  4.8130350e+002  4.6982450e+002  4.5903770e+002  4.4911560e+002  4.4100830e+002  4.3472610e+002  4.2694120e+002  4.1754130e+002  4.0977260e+002  4.0270780e+002  3.9700630e+002  3.9375480e+002  3.9098530e+002  3.8271690e+002  3.7085640e+002  3.6277390e+002  3.5315410e+002  3.3512720e+002  3.1796210e+002  2.9401140e+002  2.6337020e+002  2.5340730e+002  2.5238210e+002  2.4948980e+002  2.5114510e+002  2.5556950e+002  2.4448220e+002  2.2594990e+002  2.1427290e+002  2.0434000e+002  1.9819420e+002  1.9541090e+002  1.9116610e+002  1.8901760e+002  1.8889870e+002  1.8884340e+002  1.8921750e+002  1.8879250e+002  1.8689820e+002  1.7605710e+002  1.6061340e+002  1.5522980e+002  1.4563430e+002  1.2250560e+002  9.2925980e+001  7.8540040e+001  7.4611680e+001  7.5571850e+001  7.8285960e+001  7.8610320e+001  7.3887280e+001  6.6403780e+001  5.8952790e+001  4.8303560e+001  3.4755050e+001  2.1702320e+001  1.2779270e+001  7.5814290e+000  0.0000000e+000  0.0000000e+000  0.0000000e+000  0.0000000e+000  0.0000000e+000  0.0000000e+000  0.0000000e+000  0.0000000e+000  0.0000000e+000  0.0000000e+000  0.0000000e+000  0.0000000e+000  0.0000000e+000
  4.1180750e+006  8.9215590e+002  8.7723490e+002  8.6351160e+002  8.5110730e+002  8.4005620e+002  8.3036880e+002  8.2224100e+002  8.1608500e+002  8.1197580e+002  8.0904030e+002  8.0600720e+002  8.0299100e+002  8.0097220e+002  7.9951560e+002  7.9787920e+002  7.9689360e+002  7.9970800e+002  8.0452040e+002  8.0760340e+002  8.0963750e+002  8.1096350e+002  8.1025050e+002  8.0334650e+002  7.8422810e+002  7.6535300e+002  7.5786790e+002  7.5542270e+002  7.5305850e+002  7.4944420e+002  7.4368460e+002  7.3568080e+002  7.2661990e+002  7.1787930e+002  7.1036040e+002  7.0435120e+002  6.9941600e+002  6.9540920e+002  6.9214980e+002  6.8794270e+002  6.8124200e+002  6.7580810e+002  6.6855890e+002  6.5771150e+002  6.4591010e+002  6.3836330e+002  6.3505110e+002  6.2872540e+002  6.2000560e+002  6.1235780e+002  6.0653940e+002  5.9662270e+002  5.8326170e+002  5.7252800e+002  5.6681450e+002  5.6467680e+002  5.6514510e+002  5.6475590e+002  5.6383780e+002  5.6498820e+002  5.6681960e+002  5.6540740e+002  5.6364430e+002  5.6410320e+002  5.6538350e+002  5.6225190e+002  5.5305450e+002  5.3956030e+002  5.2514830e+002  5.1235680e+002  5.0139430e+002  4.9102990e+002  4.8011010e+002  4.6829820e+002  4.5606130e+002  4.4456390e+002  4.3349720e+002  4.2084310e+002  4.1229640e+002  4.0639610e+002  3.9827570e+002  3.9212640e+002  3.9050410e+002  3.8924030e+002  3.7869890e+002  3.6425620e+002  3.5296550e+002  3.3475710e+002  3.1470700e+002  2.9290480e+002  2.6145760e+002  2.3843830e+002  2.3218980e+002  2.3276920e+002  2.3493770e+002  2.4099070e+002  2.4639020e+002  2.3559270e+002  2.1306420e+002  1.9662740e+002  1.9001490e+002  1.8895660e+002  1.8841840e+002  1.8741830e+002  1.8790570e+002  1.8776710e+002  1.8588630e+002  1.8482380e+002  1.8364190e+002  1.8110030e+002  1.7067070e+002  1.5301190e+002  1.4139180e+002  1.3084550e+002  1.1372080e+002  9.6572780e+001  9.0759400e+001  8.3841710e+001  7.9124260e+001  7.8475400e+001  7.6274070e+001  6.9567400e+001  6.2416140e+001  5.6458380e+001  4.4782170e+001  3.0020580e+001  1.7441860e+001  1.0447940e+001  5.2841570e+000  0.0000000e+000  0.0000000e+000  0.0000000e+000  0.0000000e+000  0.0000000e+000  0.0000000e+000  0.0000000e+000  0.0000000e+000  0.0000000e+000  0.0000000e+000  0.0000000e+000  0.0000000e+000  0.0000000e+000
  4.1181250e+006  8.9190110e+002  8.7483530e+002  8.5919400e+002  8.4527000e+002  8.3331000e+002  8.2353180e+002  8.1619390e+002  8.1143410e+002  8.0845310e+002  8.0461540e+002  7.9775360e+002  7.9014650e+002  7.8451140e+002  7.8118400e+002  7.7945360e+002  7.7941090e+002  7.8219930e+002  7.8654570e+002  7.9222880e+002  7.9864440e+002  8.0379260e+002  8.0330780e+002  7.9360860e+002  7.7559060e+002  7.5870040e+002  7.4993650e+002  7.4854870e+002  7.4854620e+002  7.4746580e+002  7.4272990e+002  7.3464810e+002  7.2554300e+002  7.1725400e+002  7.0978230e+002  7.0188510e+002  6.9379960e+002  6.8605080e+002  6.7891880e+002  6.7211780e+002  6.6551970e+002  6.6184700e+002  6.5771240e+002  6.4912590e+002  6.3887450e+002  6.3147690e+002  6.2727630e+002  6.2185690e+002  6.1539900e+002  6.0902990e+002  5.9897440e+002  5.8490600e+002  5.7330510e+002  5.6670730e+002  5.6330240e+002  5.6183520e+002  5.6197490e+002  5.6169220e+002  5.6096140e+002  5.6154280e+002  5.6386220e+002  5.6330350e+002  5.6259370e+002  5.6397350e+002  5.6423600e+002  5.5837790e+002  5.4743550e+002  5.3501560e+002  5.2400860e+002  5.1566020e+002  5.0888310e+002  5.0142490e+002  4.9141900e+002  4.7824080e+002  4.6278540e+002  4.4670290e+002  4.3051270e+002  4.1484540e+002  4.0597310e+002  3.9691560e+002  3.8761920e+002  3.8325930e+002  3.8514340e+002  3.8628250e+002  3.7672330e+002  3.6048030e+002  3.4179580e+002  3.1745340e+002  2.9379540e+002  2.6131350e+002  2.3986080e+002  2.3050410e+002  2.2667820e+002  2.2384620e+002  2.2341800e+002  2.2688990e+002  2.2926280e+002  2.2010390e+002  2.0145980e+002  1.8577920e+002  1.8112330e+002  1.8322920e+002  1.8438820e+002  1.8473860e+002  1.8644490e+002  1.8637650e+002  1.8349740e+002  1.8151710e+002  1.7921380e+002  1.7538520e+002  1.6688430e+002  1.5044480e+002  1.3556900e+002  1.2469150e+002  1.1477230e+002  1.1096530e+002  1.1075120e+002  9.8043810e+001  8.6186930e+001  7.9866750e+001  7.3082940e+001  6.5757230e+001  5.9707080e+001  5.2070690e+001  3.9472890e+001  2.4970700e+001  1.3409920e+001  7.7385640e+000  0.0000000e+000  0.0000000e+000  0.0000000e+000  0.0000000e+000  0.0000000e+000  0.0000000e+000  0.0000000e+000  0.0000000e+000  0.0000000e+000  0.0000000e+000  0.0000000e+000  0.0000000e+000  0.0000000e+000  0.0000000e+000
  4.1181750e+006  8.9066280e+002  8.7121110e+002  8.5335690e+002  8.3760500e+002  8.2433880e+002  8.1376980e+002  8.0600320e+002  8.0092810e+002  7.9733140e+002  7.9177390e+002  7.8187390e+002  7.7156070e+002  7.6452580e+002  7.6110990e+002  7.6003920e+002  7.6035220e+002  7.6184530e+002  7.6441110e+002  7.7154150e+002  7.7973780e+002  7.8490780e+002  7.8499020e+002  7.7653560e+002  7.6227850e+002  7.4812810e+002  7.4170740e+002  7.4120120e+002  7.4207870e+002  7.4242280e+002  7.3951600e+002  7.3179580e+002  7.2263260e+002  7.1502860e+002  7.0807290e+002  6.9876340e+002  6.8815720e+002  6.7758360e+002  6.6844760e+002  6.6247780e+002  6.5789150e+002  6.5185680e+002  6.4493330e+002  6.3638930e+002  6.2799580e+002  6.2181570e+002  6.1849820e+002  6.1525180e+002  6.1135170e+002  6.0555360e+002  5.9185850e+002  5.7624490e+002  5.6771480e+002  5.6374190e+002  5.6175780e+002  5.6084190e+002  5.6060770e+002  5.6011040e+002  5.5871260e+002  5.5726500e+002  5.5785780e+002  5.5815280e+002  5.5821420e+002  5.5873930e+002  5.5691990e+002  5.4945750e+002  5.3839070e+002  5.2786660e+002  5.2073760e+002  5.1777220e+002  5.1638710e+002  5.1274000e+002  5.0390600e+002  4.8891260e+002  4.6952540e+002  4.4839620e+002  4.2755010e+002  4.0897200e+002  3.9390390e+002  3.8073690e+002  3.7249300e+002  3.7166740e+002  3.7714850e+002  3.8078430e+002  3.7467070e+002  3.5877870e+002  3.3540530e+002  3.0444870e+002  2.7026060e+002  2.4597050e+002  2.3547460e+002  2.2760460e+002  2.2045940e+002  2.1589280e+002  2.1287240e+002  2.1079890e+002  2.0725100e+002  1.9789290e+002  1.8701250e+002  1.7821600e+002  1.7578720e+002  1.7795040e+002  1.7871280e+002  1.7843660e+002  1.8034680e+002  1.8168520e+002  1.8041100e+002  1.7779630e+002  1.7291370e+002  1.6752100e+002  1.6130620e+002  1.4978760e+002  1.3955850e+002  1.3118680e+002  1.2398350e+002  1.2278550e+002  1.1948060e+002  1.0421960e+002  9.0058700e+001  7.8501820e+001  6.8038370e+001  6.1570080e+001  5.6215340e+001  4.6061780e+001  3.3007250e+001  1.9975490e+001  9.2739560e+000  2.1956210e+000  0.0000000e+000  0.0000000e+000  0.0000000e+000  0.0000000e+000  0.0000000e+000  0.0000000e+000  0.0000000e+000  0.0000000e+000  0.0000000e+000  0.0000000e+000  0.0000000e+000  0.0000000e+000  0.0000000e+000  0.0000000e+000
  4.1182250e+006  8.8849770e+002  8.6628300e+002  8.4575740e+002  8.2773450e+002  8.1269420e+002  8.0059670e+002  7.9103130e+002  7.8337150e+002  7.7633600e+002  7.6749780e+002  7.5615260e+002  7.4642840e+002  7.4105170e+002  7.3964770e+002  7.4017040e+002  7.4124070e+002  7.4292680e+002  7.4594830e+002  7.5190370e+002  7.5873640e+002  7.6300450e+002  7.6526120e+002  7.6103560e+002  7.5188260e+002  7.3978820e+002  7.3357860e+002  7.3226070e+002  7.3266420e+002  7.3358760e+002  7.3275270e+002  7.2605690e+002  7.1750760e+002  7.1095120e+002  7.0408970e+002  6.9441350e+002  6.8315630e+002  6.7189970e+002  6.6290060e+002  6.5799300e+002  6.5153810e+002  6.4176290e+002  6.3160440e+002  6.2313240e+002  6.1719070e+002  6.1292590e+002  6.1066680e+002  6.0898550e+002  6.0614130e+002  5.9870100e+002  5.8556250e+002  5.7269260e+002  5.6580590e+002  5.6266350e+002  5.6125210e+002  5.6065810e+002  5.6003970e+002  5.5834540e+002  5.5481630e+002  5.5188690e+002  5.5156170e+002  5.5156430e+002  5.5098880e+002  5.4991770e+002  5.4641690e+002  5.3871230e+002  5.2884830e+002  5.2080880e+002  5.1757960e+002  5.2011670e+002  5.2438180e+002  5.2476420e+002  5.1701640e+002  4.9960250e+002  4.7582010e+002  4.4996240e+002  4.2462250e+002  4.0121960e+002  3.8094170e+002  3.6658310e+002  3.6113780e+002  3.6258460e+002  3.6809240e+002  3.7351000e+002  3.7320900e+002  3.5926720e+002  3.3043060e+002  2.9482010e+002  2.6471970e+002  2.4664580e+002  2.3706690e+002  2.2481000e+002  2.1412450e+002  2.0962780e+002  2.0525480e+002  1.9563730e+002  1.8473510e+002  1.7581250e+002  1.7008880e+002  1.6778290e+002  1.6872600e+002  1.7026090e+002  1.6852220e+002  1.6521900e+002  1.6722930e+002  1.7294790e+002  1.7569700e+002  1.7353580e+002  1.6707750e+002  1.5776710e+002  1.4648990e+002  1.3347810e+002  1.2933280e+002  1.2836270e+002  1.2158930e+002  1.1600090e+002  1.1025890e+002  9.9169850e+001  8.7822060e+001  7.4813630e+001  6.3472960e+001  5.7232710e+001  4.8720080e+001  3.6607380e+001  2.4729570e+001  1.3669220e+001  3.7317050e+000  2.0000000e+000  0.0000000e+000  0.0000000e+000  0.0000000e+000  0.0000000e+000  0.0000000e+000  0.0000000e+000  0.0000000e+000  0.0000000e+000  0.0000000e+000  0.0000000e+000  0.0000000e+000  0.0000000e+000  0.0000000e+000  0.0000000e+000
  4.1182750e+006  8.8575640e+002  8.6021710e+002  8.3637480e+002  8.1560820e+002  7.9859170e+002  7.8481230e+002  7.7298620e+002  7.6182640e+002  7.5033480e+002  7.3794550e+002  7.2634320e+002  7.1940620e+002  7.1764590e+002  7.1936280e+002  7.2157170e+002  7.2279370e+002  7.2410220e+002  7.2685520e+002  7.3168750e+002  7.3805660e+002  7.4429260e+002  7.4837310e+002  7.4601960e+002  7.3756180e+002  7.2784430e+002  7.2314520e+002  7.2195420e+002  7.2202590e+002  7.2254000e+002  7.2203060e+002  7.1781240e+002  7.1222660e+002  7.0752830e+002  6.9990230e+002  6.8986320e+002  6.7922750e+002  6.6915000e+002  6.6075160e+002  6.5377420e+002  6.4411050e+002  6.3170370e+002  6.2021650e+002  6.1331900e+002  6.1013530e+002  6.0730830e+002  6.0312060e+002  5.9911980e+002  5.9461850e+002  5.8709040e+002  5.7764260e+002  5.6937770e+002  5.6444650e+002  5.6204110e+002  5.6098300e+002  5.6051930e+002  5.5907620e+002  5.5474710e+002  5.4946180e+002  5.4695800e+002  5.4673520e+002  5.4504030e+002  5.4293590e+002  5.4104400e+002  5.3764050e+002  5.3149030e+002  5.2416880e+002  5.1900150e+002  5.1879470e+002  5.2471540e+002  5.3237140e+002  5.3537120e+002  5.2797070e+002  5.0763090e+002  4.7961840e+002  4.5026920e+002  4.2244370e+002  3.9713910e+002  3.7606410e+002  3.6283870e+002  3.5892310e+002  3.5870940e+002  3.6214550e+002  3.6807570e+002  3.7300990e+002  3.6238360e+002  3.3016040e+002  2.9272480e+002  2.6381700e+002  2.4463780e+002  2.3183900e+002  2.1939550e+002  2.0956920e+002  2.0284360e+002  1.9463430e+002  1.8097970e+002  1.6657510e+002  1.5722220e+002  1.5224970e+002  1.5274200e+002  1.5585110e+002  1.5652540e+002  1.5199350e+002  1.4612230e+002  1.4881180e+002  1.5785160e+002  1.6038460e+002  1.5559670e+002  1.5058800e+002  1.3705240e+002  1.1835570e+002  1.0426220e+002  1.0732850e+002  1.1450700e+002  1.0872180e+002  9.9200450e+001  9.2830180e+001  8.5178320e+001  7.6529370e+001  6.8056180e+001  5.9955020e+001  5.0782120e+001  3.8345780e+001  2.6234080e+001  1.7633310e+001  1.0698490e+001  3.9455490e+000  2.0000000e+000  0.0000000e+000  0.0000000e+000  0.0000000e+000  0.0000000e+000  0.0000000e+000  0.0000000e+000  0.0000000e+000  0.0000000e+000  0.0000000e+000  0.0000000e+000  0.0000000e+000  0.0000000e+000  0.0000000e+000  0.0000000e+000
  4.1183250e+006  8.8318700e+002  8.5352190e+002  8.2543040e+002  8.0140960e+002  7.8268940e+002  7.6802920e+002  7.5479360e+002  7.4098700e+002  7.2641700e+002  7.1242270e+002  7.0216170e+002  6.9887790e+002  7.0067260e+002  7.0425350e+002  7.0617090e+002  7.0549820e+002  7.0502760e+002  7.0677300e+002  7.1079360e+002  7.1632510e+002  7.2198520e+002  7.2547800e+002  7.2416550e+002  7.1812820e+002  7.1143290e+002  7.0888740e+002  7.0851150e+002  7.0887790e+002  7.0927500e+002  7.0924150e+002  7.0826780e+002  7.0608570e+002  7.0114110e+002  6.9313210e+002  6.8397520e+002  6.7503870e+002  6.6703430e+002  6.5961860e+002  6.5056050e+002  6.3853560e+002  6.2488060e+002  6.1378070e+002  6.0886470e+002  6.0464140e+002  5.9909750e+002  5.9218900e+002  5.8586280e+002  5.8014010e+002  5.7386770e+002  5.6875620e+002  5.6508340e+002  5.6253100e+002  5.6110990e+002  5.6007400e+002  5.5866090e+002  5.5581940e+002  5.4963540e+002  5.4475670e+002  5.4418510e+002  5.4283260e+002  5.3836410e+002  5.3505150e+002  5.3380770e+002  5.3246580e+002  5.2979790e+002  5.2650010e+002  5.2450920e+002  5.2588350e+002  5.3122250e+002  5.3778220e+002  5.4040390e+002  5.3196820e+002  5.0866930e+002  4.7773520e+002  4.4728960e+002  4.1986120e+002  3.9550980e+002  3.7534210e+002  3.6253480e+002  3.5869450e+002  3.5811900e+002  3.5910520e+002  3.6046040e+002  3.6101140e+002  3.4844350e+002  3.2002140e+002  2.8840160e+002  2.6113920e+002  2.3927510e+002  2.2376610e+002  2.1254380e+002  2.0386390e+002  1.9520020e+002  1.8454600e+002  1.7100590e+002  1.5670120e+002  1.4330050e+002  1.3572160e+002  1.3518640e+002  1.3739560e+002  1.3676110e+002  1.3208990e+002  1.2878910e+002  1.3124130e+002  1.3495800e+002  1.3185310e+002  1.2244580e+002  1.1568790e+002  1.0307770e+002  8.8163440e+001  7.9611890e+001  8.4065660e+001  9.1144990e+001  8.8167660e+001  8.1210490e+001  7.6128270e+001  7.0585490e+001  6.4224730e+001  6.0133250e+001  5.5120620e+001  4.3657420e+001  2.9818940e+001  1.9929490e+001  1.4248530e+001  1.0454080e+001  6.3781660e+000  2.0000000e+000  0.0000000e+000  0.0000000e+000  0.0000000e+000  0.0000000e+000  0.0000000e+000  0.0000000e+000  0.0000000e+000  0.0000000e+000  0.0000000e+000  0.0000000e+000  0.0000000e+000  0.0000000e+000  0.0000000e+000  0.0000000e+000
  4.1183750e+006  8.8210000e+002  8.4726280e+002  8.1352360e+002  7.8551050e+002  7.6584460e+002  7.5208540e+002  7.3926260e+002  7.2436430e+002  7.0889320e+002  6.9639060e+002  6.8960000e+002  6.8968020e+002  6.9302140e+002  6.9513390e+002  6.9337880e+002  6.8832130e+002  6.8522140e+002  6.8617870e+002  6.8992960e+002  6.9483870e+002  6.9943540e+002  7.0214630e+002  7.0165650e+002  6.9800890e+002  6.9334780e+002  6.9072420e+002  6.9025960e+002  6.9183670e+002  6.9309740e+002  6.9363830e+002  6.9379740e+002  6.9276900e+002  6.8883580e+002  6.8281960e+002  6.7623720e+002  6.6976330e+002  6.6421770e+002  6.5861710e+002  6.4890410e+002  6.3585910e+002  6.2223540e+002  6.1177550e+002  6.0610020e+002  5.9869800e+002  5.8897560e+002  5.7960290e+002  5.7257520e+002  5.6767500e+002  5.6355600e+002  5.6191090e+002  5.6143130e+002  5.6045860e+002  5.5913490e+002  5.5691790e+002  5.5205970e+002  5.4631400e+002  5.4136330e+002  5.3983460e+002  5.4076170e+002  5.3822310e+002  5.3192220e+002  5.2827520e+002  5.2821920e+002  5.2894890e+002  5.2911080e+002  5.2879110e+002  5.2910180e+002  5.3100830e+002  5.3373720e+002  5.3621610e+002  5.3534170e+002  5.2408370e+002  4.9855180e+002  4.6752550e+002  4.3979300e+002  4.1624790e+002  3.9512910e+002  3.7607830e+002  3.6277700e+002  3.5890160e+002  3.5828590e+002  3.5626290e+002  3.5011170e+002  3.3897790e+002  3.1998680e+002  3.0009450e+002  2.8211890e+002  2.6107970e+002  2.3746100e+002  2.1912490e+002  2.0928990e+002  1.9976520e+002  1.8866210e+002  1.7625220e+002  1.6191740e+002  1.4629130e+002  1.3276110e+002  1.2408870e+002  1.2128640e+002  1.2130460e+002  1.1951370e+002  1.1490970e+002  1.1134510e+002  1.0966510e+002  1.0822250e+002  1.0440120e+002  9.5404400e+001  7.5615750e+001  6.1444060e+001  5.5680020e+001  5.3819850e+001  5.5547020e+001  5.9061200e+001  5.9835370e+001  5.8971610e+001  5.7922810e+001  5.6642610e+001  5.4260620e+001  5.0322710e+001  4.4889430e+001  3.5053360e+001  2.4621730e+001  1.8293320e+001  1.3740230e+001  9.9551050e+000  5.0191570e+000  2.0000000e+000  0.0000000e+000  0.0000000e+000  0.0000000e+000  0.0000000e+000  0.0000000e+000  0.0000000e+000  0.0000000e+000  0.0000000e+000  0.0000000e+000  0.0000000e+000  0.0000000e+000  0.0000000e+000  0.0000000e+000  0.0000000e+000
  4.1184250e+006  8.8456320e+002  8.4353900e+002  8.0224400e+002  7.6896210e+002  7.4930470e+002  7.3885720e+002  7.2863230e+002  7.1369430e+002  6.9821090e+002  6.8849540e+002  6.8506170e+002  6.8577550e+002  6.8705240e+002  6.8506570e+002  6.7835860e+002  6.6901320e+002  6.6441390e+002  6.6569560e+002  6.6988980e+002  6.7477230e+002  6.7897830e+002  6.8148380e+002  6.8160010e+002  6.7928870e+002  6.7544260e+002  6.7180540e+002  6.7079150e+002  6.7398700e+002  6.7601170e+002  6.7659890e+002  6.7672230e+002  6.7614060e+002  6.7415590e+002  6.7127750e+002  6.6810870e+002  6.6435380e+002  6.6113090e+002  6.5724160e+002  6.4767820e+002  6.3456010e+002  6.2139470e+002  6.1156120e+002  6.0525430e+002  5.9418330e+002  5.7967220e+002  5.6870140e+002  5.6284290e+002  5.5977980e+002  5.5784060e+002  5.5712560e+002  5.5693040e+002  5.5612540e+002  5.5322070e+002  5.4873740e+002  5.4190050e+002  5.3529330e+002  5.3297830e+002  5.3460500e+002  5.3593150e+002  5.3292460e+002  5.2671170e+002  5.2321740e+002  5.2339670e+002  5.2419050e+002  5.2404290e+002  5.2304990e+002  5.2384010e+002  5.2625700e+002  5.2719100e+002  5.2506070e+002  5.1824770e+002  5.0252870e+002  4.7675040e+002  4.4989980e+002  4.2926790e+002  4.1256040e+002  3.9620100e+002  3.7909010e+002  3.6528580e+002  3.6075410e+002  3.5940450e+002  3.5554140e+002  3.4434300e+002  3.2657140e+002  3.0560640e+002  2.8989740e+002  2.7981770e+002  2.6433400e+002  2.3833300e+002  2.1600910e+002  2.0650010e+002  1.9571110e+002  1.8271520e+002  1.6981580e+002  1.5594740e+002  1.3889700e+002  1.2518170e+002  1.1636340e+002  1.1234060e+002  1.1012230e+002  1.0766730e+002  1.0337930e+002  9.4792340e+001  8.5690780e+001  7.8880070e+001  7.0056630e+001  5.9833220e+001  4.6129390e+001  2.5952290e+001  1.9244110e+001  1.9037810e+001  2.1384420e+001  2.7092060e+001  3.1245960e+001  3.3233120e+001  3.4053730e+001  3.4521290e+001  3.4526540e+001  3.3611030e+001  3.1001860e+001  2.5824210e+001  2.0279100e+001  1.6268740e+001  1.2742470e+001  9.1596910e+000  2.8107340e+000  2.0000000e+000  0.0000000e+000  0.0000000e+000  0.0000000e+000  0.0000000e+000  0.0000000e+000  0.0000000e+000  0.0000000e+000  0.0000000e+000  0.0000000e+000  0.0000000e+000  0.0000000e+000  0.0000000e+000  0.0000000e+000  0.0000000e+000
  4.1184750e+006  8.9331410e+002  8.4622830e+002  7.9593650e+002  7.5564660e+002  7.3589650e+002  7.2999870e+002  7.2385530e+002  7.0953180e+002  6.9383160e+002  6.8561780e+002  6.8251260e+002  6.7928880e+002  6.7499140e+002  6.6908370e+002  6.6022710e+002  6.5028380e+002  6.4605810e+002  6.4778730e+002  6.5216380e+002  6.5697750e+002  6.6098400e+002  6.6354010e+002  6.6433690e+002  6.6317240e+002  6.6010580e+002  6.5608890e+002  6.5449980e+002  6.5826460e+002  6.6023260e+002  6.6083490e+002  6.6124350e+002  6.6143730e+002  6.6139450e+002  6.6158920e+002  6.6197580e+002  6.6086580e+002  6.5917070e+002  6.5501400e+002  6.4573330e+002  6.3345830e+002  6.2126030e+002  6.1240110e+002  6.0653330e+002  5.9220760e+002  5.7232280e+002  5.6118110e+002  5.5666630e+002  5.5166390e+002  5.4771550e+002  5.4542790e+002  5.4423070e+002  5.4387050e+002  5.4182810e+002  5.3805620e+002  5.3293960e+002  5.2881580e+002  5.2852980e+002  5.2977100e+002  5.2786850e+002  5.2348900e+002  5.1930910e+002  5.1732260e+002  5.1740900e+002  5.1758890e+002  5.1590700e+002  5.1167050e+002  5.1021970e+002  5.1204320e+002  5.1288280e+002  5.0756900e+002  4.9537520e+002  4.7629770e+002  4.5274940e+002  4.3315730e+002  4.2159030e+002  4.1177450e+002  3.9961730e+002  3.8571730e+002  3.7281870e+002  3.6476840e+002  3.6062950e+002  3.5659250e+002  3.4364160e+002  3.2407010e+002  3.0417950e+002  2.9026120e+002  2.8088950e+002  2.6626230e+002  2.3906280e+002  2.1448680e+002  2.0244400e+002  1.9012380e+002  1.7590110e+002  1.6154230e+002  1.4756040e+002  1.3239500e+002  1.2034160e+002  1.1219930e+002  1.0706610e+002  9.9457720e+001  9.1269030e+001  8.4203370e+001  7.5655840e+001  6.4893520e+001  5.5014190e+001  4.4242160e+001  2.3618600e+001  1.5163810e+001  8.8407140e+000  4.7176360e+000  4.8169560e+000  7.8872180e+000  1.0507460e+001  1.1977600e+001  1.2732820e+001  1.3308420e+001  1.4113090e+001  1.5490610e+001  1.7703210e+001  1.8368070e+001  1.7127340e+001  1.5255720e+001  1.3195630e+001  1.0940270e+001  8.1655460e+000  1.7595100e+000  2.0000000e+000  0.0000000e+000  0.0000000e+000  0.0000000e+000  0.0000000e+000  0.0000000e+000  0.0000000e+000  0.0000000e+000  0.0000000e+000  0.0000000e+000  0.0000000e+000  0.0000000e+000  0.0000000e+000  0.0000000e+000  0.0000000e+000
  4.1185250e+006  9.0994510e+002  8.6050670e+002  8.0298960e+002  7.5477150e+002  7.3121230e+002  7.2572380e+002  7.2188230e+002  7.0896200e+002  6.9360780e+002  6.8485330e+002  6.7859420e+002  6.6880700e+002  6.5866560e+002  6.5199110e+002  6.4603360e+002  6.3920890e+002  6.3479430e+002  6.3475970e+002  6.3788200e+002  6.4202860e+002  6.4556330e+002  6.4811110e+002  6.4985330e+002  6.5052780e+002  6.4939640e+002  6.4615520e+002  6.4337340e+002  6.4489370e+002  6.4662580e+002  6.4848650e+002  6.5028270e+002  6.5156010e+002  6.5282530e+002  6.5505150e+002  6.5799400e+002  6.5890350e+002  6.5761770e+002  6.5271370e+002  6.4360980e+002  6.3254050e+002  6.2198210e+002  6.1410150e+002  6.0809700e+002  5.9326200e+002  5.6807690e+002  5.5647110e+002  5.4963780e+002  5.4121590e+002  5.3451470e+002  5.3058550e+002  5.2869090e+002  5.2915580e+002  5.2894240e+002  5.2731090e+002  5.2476450e+002  5.2289170e+002  5.2289130e+002  5.2213640e+002  5.1801090e+002  5.1344450e+002  5.1070170e+002  5.0945420e+002  5.0919600e+002  5.0894150e+002  5.0631380e+002  4.9893570e+002  4.9291440e+002  4.9216640e+002  4.9504600e+002  4.8902410e+002  4.7431280e+002  4.5548380e+002  4.3696120e+002  4.2565590e+002  4.2185400e+002  4.1614000e+002  4.0499730e+002  3.9115030e+002  3.7819430e+002  3.6755740e+002  3.6142930e+002  3.5722640e+002  3.4430040e+002  3.2413940e+002  3.0460270e+002  2.9255940e+002  2.8101320e+002  2.6238140e+002  2.3643840e+002  2.1394510e+002  2.0189360e+002  1.8845860e+002  1.7383910e+002  1.5827220e+002  1.4440120e+002  1.3167220e+002  1.2040050e+002  1.1050310e+002  1.0097830e+002  8.7726340e+001  7.4198300e+001  6.4302480e+001  5.4749230e+001  4.4608030e+001  2.5518940e+001  1.4208920e+001  8.8077500e-001  2.0000000e+000  2.0000000e+000  2.0000000e+000  2.0000000e+000  1.1677280e+000  1.7698970e+000  2.1608280e+000  2.7644650e+000  3.9673840e+000  6.1833950e+000  8.8994030e+000  1.0492440e+001  1.1158970e+001  1.1435120e+001  1.1514190e+001  1.1067730e+001  9.7199940e+000  6.4942470e+000  3.2005700e-001  0.0000000e+000  0.0000000e+000  0.0000000e+000  0.0000000e+000  0.0000000e+000  0.0000000e+000  0.0000000e+000  0.0000000e+000  0.0000000e+000  0.0000000e+000  0.0000000e+000  0.0000000e+000  0.0000000e+000  0.0000000e+000  0.0000000e+000
  4.1185750e+006  9.3024210e+002  8.8662900e+002  8.2759160e+002  7.7204300e+002  7.3823990e+002  7.2443730e+002  7.1776890e+002  7.0656280e+002  6.9330720e+002  6.8467480e+002  6.7493520e+002  6.5786850e+002  6.4177140e+002  6.3571010e+002  6.3448470e+002  6.3153770e+002  6.2676230e+002  6.2475760e+002  6.2659580e+002  6.2991640e+002  6.3244100e+002  6.3449000e+002  6.3726510e+002  6.4060430e+002  6.4286590e+002  6.4176010e+002  6.3802890e+002  6.3645490e+002  6.3734700e+002  6.4037920e+002  6.4346970e+002  6.4513870e+002  6.4615190e+002  6.4825320e+002  6.5232730e+002  6.5574130e+002  6.5556020e+002  6.5025180e+002  6.4090170e+002  6.3078850e+002  6.2187700e+002  6.1505870e+002  6.1032890e+002  5.9925370e+002  5.7177810e+002  5.5829280e+002  5.4783180e+002  5.3455220e+002  5.2461200e+002  5.1982400e+002  5.1817290e+002  5.1838450e+002  5.1837880e+002  5.1789720e+002  5.1705760e+002  5.1662590e+002  5.1712190e+002  5.1597050e+002  5.1196870e+002  5.0782420e+002  5.0294730e+002  4.9958410e+002  4.9809180e+002  4.9715250e+002  4.9334440e+002  4.8515570e+002  4.7730290e+002  4.7559280e+002  4.8101970e+002  4.7398460e+002  4.5847310e+002  4.4296750e+002  4.3055370e+002  4.2567150e+002  4.2708340e+002  4.2346880e+002  4.1163960e+002  3.9447330e+002  3.7758080e+002  3.6677880e+002  3.6173870e+002  3.5779890e+002  3.4614000e+002  3.2548540e+002  3.0387360e+002  2.9290680e+002  2.8244360e+002  2.6291090e+002  2.3829480e+002  2.1782090e+002  2.0764930e+002  1.9616980e+002  1.8400340e+002  1.6843580e+002  1.5499660e+002  1.4239150e+002  1.2658110e+002  1.1100640e+002  9.7512940e+001  8.0963120e+001  6.5083890e+001  5.1591960e+001  2.7237850e+001  1.6265190e+001  8.3323590e+000  6.7124200e-001  2.0000000e+000  2.0000000e+000  2.0000000e+000  2.0000000e+000  2.0000000e+000  2.0000000e+000  2.0000000e+000  2.0000000e+000  2.0000000e+000  1.4204790e+000  3.9275020e+000  6.5454140e+000  7.8152120e+000  8.5826530e+000  9.3791580e+000  9.7323910e+000  9.6660840e+000  8.4378050e+000  4.4051250e+000  0.0000000e+000  0.0000000e+000  0.0000000e+000  0.0000000e+000  0.0000000e+000  0.0000000e+000  0.0000000e+000  0.0000000e+000  0.0000000e+000  0.0000000e+000  0.0000000e+000  0.0000000e+000  0.0000000e+000  0.0000000e+000  0.0000000e+000  0.0000000e+000
  4.1186250e+006  9.4215270e+002  9.0939080e+002  8.5534490e+002  7.9416780e+002  7.4828560e+002  7.2339450e+002  7.1187850e+002  7.0194080e+002  6.9133280e+002  6.8474490e+002  6.7440050e+002  6.5227590e+002  6.3051970e+002  6.2285330e+002  6.2329670e+002  6.2251880e+002  6.1872520e+002  6.1670790e+002  6.1826950e+002  6.2064190e+002  6.2110270e+002  6.2158950e+002  6.2492920e+002  6.3080440e+002  6.3640150e+002  6.3722270e+002  6.3309820e+002  6.3127970e+002  6.3302320e+002  6.3666790e+002  6.3991370e+002  6.4090280e+002  6.4018260e+002  6.4041170e+002  6.4502640e+002  6.5121600e+002  6.5212380e+002  6.4583940e+002  6.3576590e+002  6.2687130e+002  6.2010800e+002  6.1508040e+002  6.1162990e+002  6.0397320e+002  5.8259220e+002  5.6585550e+002  5.4792680e+002  5.2896280e+002  5.1756760e+002  5.1358620e+002  5.1266250e+002  5.1232000e+002  5.1134860e+002  5.1007070e+002  5.1019150e+002  5.1149640e+002  5.1303270e+002  5.1249860e+002  5.0802370e+002  5.0094300e+002  4.9328630e+002  4.8842290e+002  4.8636530e+002  4.8608140e+002  4.8214670e+002  4.7494680e+002  4.7020140e+002  4.7148140e+002  4.7543880e+002  4.6385650e+002  4.4763700e+002  4.3647060e+002  4.2925020e+002  4.2725510e+002  4.3044070e+002  4.2867710e+002  4.1846310e+002  3.9945110e+002  3.7766430e+002  3.6616740e+002  3.6213390e+002  3.5898190e+002  3.5044290e+002  3.3073050e+002  3.0741760e+002  2.9673780e+002  2.8892930e+002  2.7171800e+002  2.5028550e+002  2.3113820e+002  2.1854220e+002  2.1232740e+002  2.0456120e+002  1.8798360e+002  1.7282970e+002  1.5754210e+002  1.3469940e+002  1.1321420e+002  9.9600570e+001  8.2235480e+001  6.3598010e+001  4.7147640e+001  1.7402740e+001  2.8120120e+000  2.0000000e+000  2.0000000e+000  2.0000000e+000  2.0000000e+000  2.0000000e+000  2.0000000e+000  2.0000000e+000  2.0000000e+000  2.0000000e+000  2.0000000e+000  2.2071800e-001  1.5268170e+000  3.3916020e+000  5.2887690e+000  6.4975810e+000  7.3748440e+000  8.0865440e+000  8.2213630e+000  7.7233960e+000  5.8837850e+000  1.5799290e+000  0.0000000e+000  0.0000000e+000  0.0000000e+000  0.0000000e+000  0.0000000e+000  0.0000000e+000  0.0000000e+000  0.0000000e+000  0.0000000e+000  0.0000000e+000  0.0000000e+000  0.0000000e+000  0.0000000e+000  0.0000000e+000  0.0000000e+000  0.0000000e+000
  4.1186750e+006  9.4029270e+002  9.1033420e+002  8.6528630e+002  8.0287760e+002  7.4918550e+002  7.1693420e+002  7.0203910e+002  6.9282040e+002  6.8444730e+002  6.8118370e+002  6.7425930e+002  6.5352910e+002  6.3058100e+002  6.1957370e+002  6.1760500e+002  6.1698650e+002  6.1458610e+002  6.1269650e+002  6.1332320e+002  6.1360210e+002  6.1080940e+002  6.0894500e+002  6.1228000e+002  6.1971590e+002  6.2762850e+002  6.3015160e+002  6.2661560e+002  6.2668270e+002  6.3104540e+002  6.3552360e+002  6.3810340e+002  6.3787610e+002  6.3501990e+002  6.3317760e+002  6.3788120e+002  6.4441000e+002  6.4409630e+002  6.3613840e+002  6.2604630e+002  6.1973290e+002  6.1597540e+002  6.1309010e+002  6.1038300e+002  6.0420540e+002  5.8790520e+002  5.6929360e+002  5.4511270e+002  5.2299300e+002  5.1279130e+002  5.1044110e+002  5.1027970e+002  5.0928800e+002  5.0629960e+002  5.0153970e+002  5.0231310e+002  5.0615880e+002  5.0774080e+002  5.0664010e+002  5.0105020e+002  4.9274260e+002  4.8523380e+002  4.8034760e+002  4.7792520e+002  4.7988370e+002  4.7699550e+002  4.6855760e+002  4.6543860e+002  4.6786610e+002  4.6956700e+002  4.5590750e+002  4.4043100e+002  4.3258470e+002  4.2875360e+002  4.2710980e+002  4.2840840e+002  4.2795210e+002  4.2242610e+002  4.0577520e+002  3.8217620e+002  3.6977890e+002  3.6518110e+002  3.6162170e+002  3.5457960e+002  3.3446670e+002  3.1009650e+002  2.9971500e+002  2.9462300e+002  2.8174440e+002  2.6562300e+002  2.4747420e+002  2.3027570e+002  2.2375430e+002  2.1828680e+002  2.0283950e+002  1.8588070e+002  1.6733650e+002  1.4129890e+002  1.1753530e+002  1.0602060e+002  9.0490020e+001  6.9423870e+001  5.1247560e+001  2.0852630e+001  2.5960850e+000  2.0000000e+000  2.0000000e+000  2.0000000e+000  2.0000000e+000  2.0000000e+000  2.0000000e+000  2.0000000e+000  2.0000000e+000  5.6395700e-001  1.2776110e+000  1.7744980e+000  2.5775260e+000  3.7214390e+000  4.9088360e+000  5.8030850e+000  6.4560010e+000  6.8521120e+000  6.7065390e+000  5.7620200e+000  3.4599570e+000  0.0000000e+000  0.0000000e+000  0.0000000e+000  0.0000000e+000  0.0000000e+000  0.0000000e+000  0.0000000e+000  0.0000000e+000  0.0000000e+000  0.0000000e+000  0.0000000e+000  0.0000000e+000  0.0000000e+000  0.0000000e+000  0.0000000e+000  0.0000000e+000  0.0000000e+000
  4.1187250e+006  9.3091250e+002  8.9763490e+002  8.5054790e+002  7.9031650e+002  7.3605670e+002  7.0220700e+002  6.8656980e+002  6.7861890e+002  6.7252320e+002  6.7081960e+002  6.6726190e+002  6.5275290e+002  6.3396100e+002  6.2162930e+002  6.1678520e+002  6.1550720e+002  6.1404470e+002  6.1164480e+002  6.0979540e+002  6.0676540e+002  6.0125370e+002  5.9825870e+002  6.0149220e+002  6.0860280e+002  6.1687900e+002  6.2147430e+002  6.2063810e+002  6.2295210e+002  6.2922460e+002  6.3484650e+002  6.3699310e+002  6.3487710e+002  6.3045830e+002  6.2856450e+002  6.3189020e+002  6.3294950e+002  6.2889960e+002  6.2172050e+002  6.1367450e+002  6.1045910e+002  6.0936520e+002  6.0817960e+002  6.0526810e+002  5.9633850e+002  5.8005240e+002  5.6099400e+002  5.3737410e+002  5.1842350e+002  5.1171440e+002  5.1002420e+002  5.0921080e+002  5.0567200e+002  4.9863200e+002  4.9057700e+002  4.9078000e+002  4.9472070e+002  4.9636430e+002  4.9578370e+002  4.9273930e+002  4.8824850e+002  4.8427520e+002  4.7907520e+002  4.7442190e+002  4.7649000e+002  4.7520300e+002  4.6425220e+002  4.5998080e+002  4.6131470e+002  4.6338640e+002  4.5148610e+002  4.3653240e+002  4.2877970e+002  4.2618420e+002  4.2592490e+002  4.2586850e+002  4.2466970e+002  4.2264990e+002  4.1028650e+002  3.8880940e+002  3.7617990e+002  3.7040040e+002  3.6533110e+002  3.5519010e+002  3.3269420e+002  3.0739280e+002  2.9652400e+002  2.9320390e+002  2.8594410e+002  2.7578780e+002  2.5998910e+002  2.3962350e+002  2.2944350e+002  2.2290920e+002  2.0839750e+002  1.9053760e+002  1.7154680e+002  1.4934640e+002  1.2740680e+002  1.1379230e+002  1.0355470e+002  8.4983160e+001  6.0487000e+001  3.4852750e+001  1.1149440e+001  2.0000000e+000  2.0000000e+000  2.0000000e+000  2.0000000e+000  2.0000000e+000  2.0000000e+000  2.0000000e+000  2.9555100e-001  1.9533580e+000  2.8790090e+000  3.3308750e+000  3.7946320e+000  4.3773420e+000  4.9653820e+000  5.4166490e+000  5.7158970e+000  5.8093260e+000  5.4821210e+000  4.4313240e+000  0.0000000e+000  0.0000000e+000  0.0000000e+000  0.0000000e+000  0.0000000e+000  0.0000000e+000  0.0000000e+000  0.0000000e+000  0.0000000e+000  0.0000000e+000  0.0000000e+000  0.0000000e+000  0.0000000e+000  0.0000000e+000  0.0000000e+000  0.0000000e+000  0.0000000e+000  0.0000000e+000
  4.1187750e+006  9.0961160e+002  8.6905330e+002  8.1994930e+002  7.6720260e+002  7.1555050e+002  6.8386070e+002  6.7093240e+002  6.6657030e+002  6.6301860e+002  6.5986610e+002  6.5701300e+002  6.4832520e+002  6.3455130e+002  6.2255030e+002  6.1573030e+002  6.1324400e+002  6.1209010e+002  6.0947260e+002  6.0490560e+002  5.9897380e+002  5.9322540e+002  5.9184530e+002  5.9528170e+002  6.0010510e+002  6.0658670e+002  6.1319830e+002  6.1649030e+002  6.2133310e+002  6.2859020e+002  6.3468350e+002  6.3627450e+002  6.3232450e+002  6.2640310e+002  6.2333730e+002  6.2217600e+002  6.1935830e+002  6.1442210e+002  6.0958480e+002  6.0392080e+002  6.0121080e+002  5.9974290e+002  5.9731850e+002  5.9229880e+002  5.8152030e+002  5.6416720e+002  5.4564160e+002  5.2635600e+002  5.1419940e+002  5.1225060e+002  5.1048300e+002  5.0821550e+002  5.0266780e+002  4.9410190e+002  4.8542580e+002  4.8285060e+002  4.8421190e+002  4.8550230e+002  4.8659500e+002  4.8783150e+002  4.8781600e+002  4.8479990e+002  4.7787470e+002  4.7012560e+002  4.6673720e+002  4.6326910e+002  4.5747340e+002  4.5423820e+002  4.5335810e+002  4.5388600e+002  4.4581890e+002  4.3408100e+002  4.2723720e+002  4.2532510e+002  4.2664280e+002  4.2591630e+002  4.2206280e+002  4.1993380e+002  4.0995890e+002  3.9061060e+002  3.7711980e+002  3.6957990e+002  3.6321340e+002  3.5217130e+002  3.2948930e+002  3.0398330e+002  2.9254150e+002  2.8988900e+002  2.8519230e+002  2.7753510e+002  2.6631480e+002  2.4932090e+002  2.3634700e+002  2.2484770e+002  2.0874920e+002  1.9107400e+002  1.7375630e+002  1.5783970e+002  1.4178240e+002  1.2653960e+002  1.1633810e+002  1.0319800e+002  7.4877340e+001  5.0144340e+001  2.0085930e+001  2.3169670e+000  2.0000000e+000  2.0000000e+000  2.0000000e+000  2.0000000e+000  2.0000000e+000  2.0000000e+000  9.8878900e-001  2.8676300e+000  4.0764730e+000  4.6332890e+000  4.9095610e+000  5.0805850e+000  5.1550940e+000  5.1145400e+000  5.0032770e+000  4.8394700e+000  4.4824940e+000  3.6437420e+000  0.0000000e+000  0.0000000e+000  0.0000000e+000  0.0000000e+000  0.0000000e+000  0.0000000e+000  0.0000000e+000  0.0000000e+000  0.0000000e+000  0.0000000e+000  0.0000000e+000  0.0000000e+000  0.0000000e+000  0.0000000e+000  0.0000000e+000  0.0000000e+000  0.0000000e+000  0.0000000e+000
  4.1188250e+006  8.9469450e+002  8.5792870e+002  8.1024480e+002  7.5813120e+002  7.0464070e+002  6.7346080e+002  6.6247090e+002  6.6065910e+002  6.5843390e+002  6.5336630e+002  6.5020610e+002  6.4438070e+002  6.3252120e+002  6.1983220e+002  6.1077750e+002  6.0572780e+002  6.0275630e+002  5.9940520e+002  5.9459280e+002  5.8939860e+002  5.8612650e+002  5.8745830e+002  5.9133400e+002  5.9414180e+002  5.9853300e+002  6.0621590e+002  6.1352200e+002  6.2113790e+002  6.2907030e+002  6.3455910e+002  6.3537340e+002  6.3062900e+002  6.2227550e+002  6.1642550e+002  6.1301290e+002  6.1051230e+002  6.0659300e+002  6.0008650e+002  5.9447170e+002  5.9143800e+002  5.8850910e+002  5.8366280e+002  5.7691390e+002  5.6737570e+002  5.5001590e+002  5.3012420e+002  5.1200080e+002  5.0376670e+002  5.0640130e+002  5.0709580e+002  5.0440390e+002  4.9805880e+002  4.8967700e+002  4.8168990e+002  4.7812240e+002  4.7833280e+002  4.8011400e+002  4.8293870e+002  4.8630200e+002  4.8781210e+002  4.8377700e+002  4.7497080e+002  4.6601400e+002  4.6010780e+002  4.5432480e+002  4.5209770e+002  4.5147350e+002  4.5022150e+002  4.4853540e+002  4.4243200e+002  4.3468820e+002  4.3039730e+002  4.2878490e+002  4.2949440e+002  4.2730440e+002  4.2026840e+002  4.1450280e+002  4.0439020e+002  3.8780170e+002  3.7431020e+002  3.6544950e+002  3.5864110e+002  3.4881900e+002  3.2774460e+002  3.0212770e+002  2.9042990e+002  2.8873470e+002  2.8494640e+002  2.7693960e+002  2.6867840e+002  2.5802140e+002  2.4633340e+002  2.2962150e+002  2.1138890e+002  1.9681150e+002  1.8099390e+002  1.6654130e+002  1.5708280e+002  1.4562820e+002  1.3739680e+002  1.2566650e+002  9.8055340e+001  6.3126460e+001  3.4529620e+001  1.1188200e+001  2.0000000e+000  2.0000000e+000  2.0000000e+000  2.0000000e+000  2.0000000e+000  2.0000000e+000  1.5956080e+000  3.5726390e+000  5.0638500e+000  5.7404480e+000  5.8846320e+000  5.7258530e+000  5.3158380e+000  4.7052150e+000  4.0638430e+000  3.5832210e+000  3.2398030e+000  0.0000000e+000  0.0000000e+000  0.0000000e+000  0.0000000e+000  0.0000000e+000  0.0000000e+000  0.0000000e+000  0.0000000e+000  0.0000000e+000  0.0000000e+000  0.0000000e+000  0.0000000e+000  0.0000000e+000  0.0000000e+000  0.0000000e+000  0.0000000e+000  0.0000000e+000  0.0000000e+000  0.0000000e+000
  4.1188750e+006  8.7412290e+002  8.4984200e+002  8.0903600e+002  7.5926120e+002  7.1060720e+002  6.7847240e+002  6.6472520e+002  6.6030970e+002  6.5703380e+002  6.5198140e+002  6.4889250e+002  6.4254180e+002  6.2853720e+002  6.1344510e+002  6.0187970e+002  5.9343270e+002  5.8674160e+002  5.8191930e+002  5.7989330e+002  5.7923800e+002  5.7951440e+002  5.8199770e+002  5.8584640e+002  5.8917480e+002  5.9343540e+002  5.9999860e+002  6.0802600e+002  6.1750740e+002  6.2682890e+002  6.3285800e+002  6.3429300e+002  6.2955380e+002  6.1853050e+002  6.1180830e+002  6.0860980e+002  6.0438240e+002  5.9698110e+002  5.8759630e+002  5.8283720e+002  5.8076890e+002  5.7705410e+002  5.7055460e+002  5.6316720e+002  5.5616680e+002  5.4034720e+002  5.1770380e+002  4.9636990e+002  4.8678100e+002  4.9075910e+002  4.9511790e+002  4.9445220e+002  4.8928460e+002  4.8259620e+002  4.7662320e+002  4.7381050e+002  4.7425290e+002  4.7644880e+002  4.7960680e+002  4.8283020e+002  4.8381760e+002  4.7921870e+002  4.7042760e+002  4.6244000e+002  4.5760540e+002  4.5266490e+002  4.5162700e+002  4.5023480e+002  4.4822240e+002  4.4601410e+002  4.4100950e+002  4.3434600e+002  4.3091050e+002  4.2886220e+002  4.2836780e+002  4.2524870e+002  4.1660770e+002  4.0738560e+002  3.9598920e+002  3.8182000e+002  3.7006790e+002  3.6199920e+002  3.5641140e+002  3.4866090e+002  3.2951510e+002  3.0326600e+002  2.9019470e+002  2.8920800e+002  2.8717690e+002  2.7966560e+002  2.7133660e+002  2.6304820e+002  2.5425180e+002  2.3585450e+002  2.1705790e+002  2.0650300e+002  1.9524080e+002  1.8224730e+002  1.7163370e+002  1.6107030e+002  1.5299380e+002  1.3635570e+002  1.0773510e+002  7.4907280e+001  4.9929020e+001  2.0115390e+001  3.3492160e+000  2.0000000e+000  2.0000000e+000  2.0000000e+000  2.0000000e+000  4.2000200e-001  2.2665940e+000  4.2773900e+000  5.9559330e+000  6.6796110e+000  6.7140500e+000  6.2892610e+000  5.3890690e+000  4.0467490e+000  2.5888900e+000  1.4634480e+000  9.1725200e-001  0.0000000e+000  0.0000000e+000  0.0000000e+000  0.0000000e+000  0.0000000e+000  0.0000000e+000  0.0000000e+000  0.0000000e+000  0.0000000e+000  0.0000000e+000  0.0000000e+000  0.0000000e+000  0.0000000e+000  0.0000000e+000  0.0000000e+000  0.0000000e+000  0.0000000e+000  0.0000000e+000  0.0000000e+000
  4.1189250e+006  8.6219210e+002  8.3965860e+002  8.0515590e+002  7.6055620e+002  7.1880180e+002  6.9083970e+002  6.7428330e+002  6.6442330e+002  6.5839670e+002  6.5383650e+002  6.5008780e+002  6.4046810e+002  6.2224780e+002  6.0506490e+002  5.9258410e+002  5.8275680e+002  5.7471810e+002  5.6994270e+002  5.6981650e+002  5.7157370e+002  5.7273700e+002  5.7374730e+002  5.7641710e+002  5.8063510e+002  5.8519920e+002  5.8970480e+002  5.9644900e+002  6.0659050e+002  6.1743460e+002  6.2532170e+002  6.2882100e+002  6.2521420e+002  6.1363240e+002  6.0646570e+002  6.0263810e+002  5.9776510e+002  5.8759980e+002  5.7594590e+002  5.7168050e+002  5.6946780e+002  5.6397830e+002  5.5646740e+002  5.4884440e+002  5.4070360e+002  5.2589260e+002  5.0303030e+002  4.8156280e+002  4.7166280e+002  4.7403490e+002  4.7772230e+002  4.7818320e+002  4.7573720e+002  4.7228140e+002  4.6923530e+002  4.6814110e+002  4.6965870e+002  4.7198220e+002  4.7440620e+002  4.7634390e+002  4.7626430e+002  4.7225710e+002  4.6574880e+002  4.5966870e+002  4.5300500e+002  4.4747810e+002  4.4684290e+002  4.4431810e+002  4.4243220e+002  4.4143120e+002  4.3672160e+002  4.2772250e+002  4.2297410e+002  4.2093810e+002  4.2054830e+002  4.1827120e+002  4.1134980e+002  4.0176530e+002  3.8951720e+002  3.7664690e+002  3.6698490e+002  3.6016450e+002  3.5580910e+002  3.5024270e+002  3.3401380e+002  3.0905620e+002  2.9539720e+002  2.9435950e+002  2.9355520e+002  2.8728580e+002  2.7966590e+002  2.7165550e+002  2.6136520e+002  2.4607460e+002  2.3081100e+002  2.1631530e+002  2.0701890e+002  1.9733230e+002  1.8448040e+002  1.7063320e+002  1.5798720e+002  1.3958990e+002  1.1716360e+002  9.5002990e+001  6.2929770e+001  3.4455920e+001  1.1859270e+001  2.1609880e+000  2.0000000e+000  2.0000000e+000  2.0000000e+000  1.1947330e+000  3.0750540e+000  4.9965060e+000  6.5792920e+000  7.3021580e+000  7.3373910e+000  6.7759250e+000  5.4128490e+000  3.1316760e+000  4.4768900e-001  2.0000000e+000  0.0000000e+000  0.0000000e+000  0.0000000e+000  0.0000000e+000  0.0000000e+000  0.0000000e+000  0.0000000e+000  0.0000000e+000  0.0000000e+000  0.0000000e+000  0.0000000e+000  0.0000000e+000  0.0000000e+000  0.0000000e+000  0.0000000e+000  0.0000000e+000  0.0000000e+000  0.0000000e+000  0.0000000e+000  0.0000000e+000
  4.1189750e+006  8.5601750e+002  8.3060040e+002  7.9988940e+002  7.6531050e+002  7.3477730e+002  7.0744210e+002  6.8745190e+002  6.7303500e+002  6.6330710e+002  6.5793190e+002  6.5182060e+002  6.3791720e+002  6.1668190e+002  5.9920070e+002  5.8710360e+002  5.7720650e+002  5.6958920e+002  5.6548400e+002  5.6490820e+002  5.6503910e+002  5.6344730e+002  5.6098460e+002  5.6158220e+002  5.6513880e+002  5.6865480e+002  5.7163750e+002  5.7750480e+002  5.8701150e+002  5.9733830e+002  6.0551340e+002  6.1001400e+002  6.0847030e+002  5.9936270e+002  5.8855290e+002  5.8742580e+002  5.8885480e+002  5.8177960e+002  5.7064290e+002  5.6386750e+002  5.5685550e+002  5.4535140e+002  5.3376610e+002  5.2348130e+002  5.1228170e+002  4.9690680e+002  4.7777450e+002  4.6302250e+002  4.5794470e+002  4.6010070e+002  4.6144260e+002  4.6106300e+002  4.5998440e+002  4.5925550e+002  4.5944380e+002  4.6094320e+002  4.6417290e+002  4.6635140e+002  4.6768950e+002  4.6841880e+002  4.6793410e+002  4.6533300e+002  4.6123140e+002  4.5526810e+002  4.4342150e+002  4.3311760e+002  4.3049270e+002  4.2941340e+002  4.3047620e+002  4.3122240e+002  4.2479050e+002  4.1459770e+002  4.1181550e+002  4.1239370e+002  4.1327500e+002  4.1255740e+002  4.0857740e+002  4.0113480e+002  3.9052270e+002  3.8023220e+002  3.7171230e+002  3.6299820e+002  3.5624380e+002  3.5087170e+002  3.3916790e+002  3.2091080e+002  3.0966300e+002  3.0726860e+002  3.0553490e+002  3.0006090e+002  2.9394710e+002  2.8757670e+002  2.7618770e+002  2.6227790e+002  2.5026130e+002  2.3116120e+002  2.1537080e+002  2.0614690e+002  1.9296640e+002  1.7621850e+002  1.6096900e+002  1.4823190e+002  1.3257380e+002  1.0701450e+002  7.4906910e+001  4.9232670e+001  1.7934610e+001  4.9548610e+000  1.3839720e+000  1.4402800e-001  5.8767300e-001  2.1020160e+000  3.9190600e+000  5.5347900e+000  6.8248710e+000  7.5470470e+000  7.7012900e+000  7.1615720e+000  5.4491350e+000  2.1460690e+000  2.0000000e+000  2.0000000e+000  0.0000000e+000  0.0000000e+000  0.0000000e+000  0.0000000e+000  0.0000000e+000  0.0000000e+000  0.0000000e+000  0.0000000e+000  0.0000000e+000  0.0000000e+000  0.0000000e+000  0.0000000e+000  0.0000000e+000  0.0000000e+000  0.0000000e+000  0.0000000e+000  0.0000000e+000  0.0000000e+000  0.0000000e+000  0.0000000e+000
  4.1190250e+006  8.5269920e+002  8.2900070e+002  8.0344220e+002  7.7678420e+002  7.4999260e+002  7.1644500e+002  6.9742140e+002  6.8346330e+002  6.7164390e+002  6.6360380e+002  6.5483890e+002  6.3887560e+002  6.1762010e+002  6.0082950e+002  5.8846240e+002  5.7711170e+002  5.6846540e+002  5.6341650e+002  5.6041250e+002  5.5652800e+002  5.5023810e+002  5.4398490e+002  5.4334250e+002  5.4639400e+002  5.4840620e+002  5.4984520e+002  5.5450630e+002  5.6163650e+002  5.6875350e+002  5.7442190e+002  5.7732320e+002  5.7398940e+002  5.6169590e+002  5.5154460e+002  5.6162120e+002  5.7392680e+002  5.7248800e+002  5.6321340e+002  5.5474130e+002  5.4365080e+002  5.2667470e+002  5.1000680e+002  4.9470660e+002  4.7832310e+002  4.6085850e+002  4.4681810e+002  4.4199130e+002  4.4458720e+002  4.4889740e+002  4.4958790e+002  4.4714760e+002  4.4448190e+002  4.4452830e+002  4.4802190e+002  4.5276760e+002  4.5728850e+002  4.5886550e+002  4.5930230e+002  4.5949910e+002  4.5945130e+002  4.5859930e+002  4.5547730e+002  4.4592880e+002  4.3025610e+002  4.1737840e+002  4.1398890e+002  4.1464850e+002  4.1843170e+002  4.2081040e+002  4.1017620e+002  3.9864480e+002  3.9914760e+002  4.0319400e+002  4.0640680e+002  4.0804840e+002  4.0685780e+002  4.0218840e+002  3.9484060e+002  3.8957520e+002  3.8285360e+002  3.7014110e+002  3.5875500e+002  3.5249760e+002  3.4560030e+002  3.3568000e+002  3.2852620e+002  3.2505330e+002  3.2238530e+002  3.1780380e+002  3.1071870e+002  3.0444460e+002  2.9371050e+002  2.7709730e+002  2.6035100e+002  2.4410380e+002  2.2599150e+002  2.1104590e+002  1.9869870e+002  1.8251020e+002  1.6755190e+002  1.6015590e+002  1.4906630e+002  1.2289790e+002  9.8099910e+001  6.6010110e+001  2.7798090e+001  9.8188970e+000  3.2590900e+000  8.8336900e-001  1.2556460e+000  2.8473170e+000  4.3995860e+000  5.6730080e+000  6.7142450e+000  7.4238820e+000  7.6957440e+000  7.2367020e+000  5.2974090e+000  1.0918050e+000  2.0000000e+000  0.0000000e+000  0.0000000e+000  0.0000000e+000  0.0000000e+000  0.0000000e+000  0.0000000e+000  0.0000000e+000  0.0000000e+000  0.0000000e+000  0.0000000e+000  0.0000000e+000  0.0000000e+000  0.0000000e+000  0.0000000e+000  0.0000000e+000  0.0000000e+000  0.0000000e+000  0.0000000e+000  0.0000000e+000  0.0000000e+000  0.0000000e+000
  4.1190750e+006  8.4757070e+002  8.2661740e+002  8.0510410e+002  7.8148790e+002  7.5359340e+002  7.2053340e+002  7.0552960e+002  6.9240910e+002  6.7906230e+002  6.6826230e+002  6.5709730e+002  6.4025360e+002  6.2061670e+002  6.0671220e+002  5.9555270e+002  5.8169920e+002  5.6911540e+002  5.6009310e+002  5.5292860e+002  5.4498880e+002  5.3532800e+002  5.2742240e+002  5.2749370e+002  5.3154940e+002  5.3314390e+002  5.3275390e+002  5.3379630e+002  5.3528950e+002  5.3638760e+002  5.3758090e+002  5.3817600e+002  5.3332220e+002  5.2031330e+002  5.1717680e+002  5.3970610e+002  5.5792680e+002  5.5884970e+002  5.5121240e+002  5.4230990e+002  5.3008140e+002  5.1210250e+002  4.9251450e+002  4.7227610e+002  4.5090610e+002  4.3214450e+002  4.2356310e+002  4.2760580e+002  4.3593570e+002  4.4088700e+002  4.4080300e+002  4.3681830e+002  4.3298980e+002  4.3359390e+002  4.3858190e+002  4.4369650e+002  4.4715850e+002  4.4816900e+002  4.4853360e+002  4.4896950e+002  4.4927290e+002  4.4853370e+002  4.4451100e+002  4.3406050e+002  4.2045440e+002  4.1133870e+002  4.0821030e+002  4.0907550e+002  4.1307850e+002  4.1678050e+002  4.0282460e+002  3.8529500e+002  3.8170070e+002  3.8527820e+002  3.9200030e+002  3.9817040e+002  4.0040970e+002  3.9825840e+002  3.9333560e+002  3.9443450e+002  3.9071300e+002  3.7471010e+002  3.6054930e+002  3.5467710e+002  3.5175140e+002  3.4796900e+002  3.4449190e+002  3.4084340e+002  3.3893140e+002  3.3689920e+002  3.2558700e+002  3.1352190e+002  3.0510560e+002  2.8946870e+002  2.6788490e+002  2.5508090e+002  2.3885870e+002  2.1897480e+002  2.0816430e+002  1.9622440e+002  1.8494220e+002  1.7477620e+002  1.6266110e+002  1.4660980e+002  1.2176350e+002  9.4139140e+001  5.2243550e+001  1.7116930e+001  4.7815090e+000  1.5427130e+000  1.5891000e+000  3.0049670e+000  4.3560070e+000  5.4094310e+000  6.2499080e+000  6.8617900e+000  7.1005670e+000  6.5531120e+000  4.2414740e+000  2.0000000e+000  0.0000000e+000  0.0000000e+000  0.0000000e+000  0.0000000e+000  0.0000000e+000  0.0000000e+000  0.0000000e+000  0.0000000e+000  0.0000000e+000  0.0000000e+000  0.0000000e+000  0.0000000e+000  0.0000000e+000  0.0000000e+000  0.0000000e+000  0.0000000e+000  0.0000000e+000  0.0000000e+000  0.0000000e+000  0.0000000e+000  0.0000000e+000  0.0000000e+000
  4.1191250e+006  8.3729980e+002  8.1723110e+002  7.9631930e+002  7.7364040e+002  7.4937100e+002  7.2532510e+002  7.0961190e+002  6.9587990e+002  6.8299950e+002  6.7158780e+002  6.5878080e+002  6.4024270e+002  6.2052830e+002  6.1002920e+002  6.0205390e+002  5.8636320e+002  5.6853060e+002  5.5373960e+002  5.4177620e+002  5.3127260e+002  5.2155110e+002  5.1559160e+002  5.1785000e+002  5.2346220e+002  5.2533560e+002  5.2242500e+002  5.1639080e+002  5.0907140e+002  5.0271510e+002  4.9962700e+002  5.0107810e+002  5.0139670e+002  4.9477890e+002  4.9984160e+002  5.2670160e+002  5.4623940e+002  5.4652670e+002  5.3771610e+002  5.2810820e+002  5.1723390e+002  5.0208810e+002  4.8283120e+002  4.6035000e+002  4.3687330e+002  4.1930260e+002  4.1663590e+002  4.2714590e+002  4.3707020e+002  4.3796400e+002  4.3445280e+002  4.3079240e+002  4.2983420e+002  4.3284510e+002  4.3564610e+002  4.3660750e+002  4.3639490e+002  4.3581340e+002  4.3608150e+002  4.3692750e+002  4.3752680e+002  4.3669590e+002  4.3259650e+002  4.2377130e+002  4.1362510e+002  4.0757600e+002  4.0278990e+002  4.0181260e+002  4.0432950e+002  4.0203070e+002  3.8507150e+002  3.6858290e+002  3.6445010e+002  3.6663530e+002  3.7329090e+002  3.8041090e+002  3.8638950e+002  3.8720380e+002  3.8190870e+002  3.8599500e+002  3.8175550e+002  3.6508620e+002  3.5369600e+002  3.5175710e+002  3.5266350e+002  3.5233170e+002  3.5094640e+002  3.4708090e+002  3.4637070e+002  3.4865900e+002  3.3686380e+002  3.2095000e+002  3.1155580e+002  3.0090170e+002  2.7807450e+002  2.6215660e+002  2.5188710e+002  2.3387600e+002  2.2031580e+002  2.1010170e+002  2.0335330e+002  1.9238140e+002  1.7651520e+002  1.6265160e+002  1.4459410e+002  1.0983980e+002  6.8003770e+001  2.8783110e+001  1.3520290e+001  5.7342410e+000  3.3017230e+000  3.7064250e+000  4.4390300e+000  5.0284960e+000  5.4924890e+000  5.8155480e+000  5.7590450e+000  4.7029300e+000  1.5196720e+000  0.0000000e+000  0.0000000e+000  0.0000000e+000  0.0000000e+000  0.0000000e+000  0.0000000e+000  0.0000000e+000  0.0000000e+000  0.0000000e+000  0.0000000e+000  0.0000000e+000  0.0000000e+000  0.0000000e+000  0.0000000e+000  0.0000000e+000  0.0000000e+000  0.0000000e+000  0.0000000e+000  0.0000000e+000  0.0000000e+000  0.0000000e+000  0.0000000e+000  0.0000000e+000
  4.1191750e+006  8.2281230e+002  8.0317850e+002  7.8217090e+002  7.6179020e+002  7.4531090e+002  7.3016400e+002  7.1243730e+002  6.9680880e+002  6.8434850e+002  6.7373960e+002  6.6102350e+002  6.4069990e+002  6.1708010e+002  6.0325790e+002  5.9394180e+002  5.7846060e+002  5.6035220e+002  5.4378720e+002  5.2948420e+002  5.1771830e+002  5.0888880e+002  5.0532400e+002  5.0897970e+002  5.1425560e+002  5.1339490e+002  5.0486560e+002  4.9107920e+002  4.7808880e+002  4.6795940e+002  4.6279610e+002  4.6734300e+002  4.7431770e+002  4.6968470e+002  4.7256370e+002  4.9384090e+002  5.1716740e+002  5.2307710e+002  5.1668020e+002  5.0967870e+002  5.0408360e+002  4.9532820e+002  4.7987320e+002  4.5871590e+002  4.3590230e+002  4.1985570e+002  4.2136220e+002  4.3646180e+002  4.4616560e+002  4.4192390e+002  4.3389740e+002  4.3008920e+002  4.3213030e+002  4.3700260e+002  4.3592960e+002  4.3106990e+002  4.2625370e+002  4.2330970e+002  4.2298530e+002  4.2379420e+002  4.2448380e+002  4.2415090e+002  4.2178180e+002  4.1674850e+002  4.0951290e+002  4.0016070e+002  3.8999440e+002  3.8428570e+002  3.8331010e+002  3.7859700e+002  3.6695090e+002  3.5965740e+002  3.5811970e+002  3.5944330e+002  3.6111460e+002  3.6476420e+002  3.7180660e+002  3.7569210e+002  3.6977150e+002  3.7151990e+002  3.6208350e+002  3.4842030e+002  3.4324070e+002  3.4565480e+002  3.4894690e+002  3.4964000e+002  3.4863210e+002  3.4477360e+002  3.4482660e+002  3.4979860e+002  3.4044770e+002  3.2541380e+002  3.1562940e+002  3.0527330e+002  2.8305360e+002  2.6470280e+002  2.5660680e+002  2.4284310e+002  2.2841280e+002  2.1720420e+002  2.1078590e+002  2.0431000e+002  1.9055000e+002  1.7607280e+002  1.5758480e+002  1.2482820e+002  9.4434630e+001  5.7516020e+001  3.4323700e+001  1.3957350e+001  6.6324650e+000  5.4531590e+000  4.9686280e+000  4.6685030e+000  4.4882280e+000  4.3649980e+000  3.9227980e+000  2.1863100e+000  0.0000000e+000  0.0000000e+000  0.0000000e+000  0.0000000e+000  0.0000000e+000  0.0000000e+000  0.0000000e+000  0.0000000e+000  0.0000000e+000  0.0000000e+000  0.0000000e+000  0.0000000e+000  0.0000000e+000  0.0000000e+000  0.0000000e+000  0.0000000e+000  0.0000000e+000  0.0000000e+000  0.0000000e+000  0.0000000e+000  0.0000000e+000  0.0000000e+000  0.0000000e+000  0.0000000e+000
  4.1192250e+006  8.0667020e+002  7.8959490e+002  7.7281780e+002  7.5848180e+002  7.4720490e+002  7.3455160e+002  7.1553410e+002  6.9684230e+002  6.8347380e+002  6.7417160e+002  6.6357750e+002  6.4385450e+002  6.1489720e+002  5.8828930e+002  5.6849710e+002  5.5468240e+002  5.4321340e+002  5.3032970e+002  5.1636250e+002  5.0362540e+002  4.9400830e+002  4.8946700e+002  4.9029990e+002  4.9113290e+002  4.8479920e+002  4.7061770e+002  4.5467710e+002  4.4494170e+002  4.3789290e+002  4.3350850e+002  4.3972690e+002  4.4847330e+002  4.4122880e+002  4.4016220e+002  4.5583790e+002  4.7928610e+002  4.8902340e+002  4.8579320e+002  4.8431180e+002  4.8810010e+002  4.8952560e+002  4.8136540e+002  4.6495220e+002  4.4514310e+002  4.3031210e+002  4.3307170e+002  4.4643580e+002  4.5116910e+002  4.4519610e+002  4.3572430e+002  4.3132810e+002  4.3428520e+002  4.3888940e+002  4.3437660e+002  4.2520500e+002  4.1753490e+002  4.1302650e+002  4.1073270e+002  4.0943590e+002  4.0861990e+002  4.0789700e+002  4.0741400e+002  4.0666280e+002  4.0224070e+002  3.8907810e+002  3.7476770e+002  3.6593890e+002  3.6192970e+002  3.5888710e+002  3.5487800e+002  3.5089240e+002  3.5169320e+002  3.5383900e+002  3.4967800e+002  3.5119470e+002  3.6216040e+002  3.7244150e+002  3.7020640e+002  3.7020790e+002  3.6163200e+002  3.5199540e+002  3.4686850e+002  3.4626980e+002  3.4770560e+002  3.4819170e+002  3.4725120e+002  3.4446470e+002  3.4530110e+002  3.4819700e+002  3.3711590e+002  3.2295760e+002  3.1507720e+002  3.0543140e+002  2.8402190e+002  2.6596600e+002  2.5765740e+002  2.4562020e+002  2.3169290e+002  2.2039360e+002  2.1337610e+002  2.0842570e+002  1.9963960e+002  1.8940010e+002  1.7641470e+002  1.5247900e+002  1.1688370e+002  7.6839030e+001  5.0413280e+001  2.1232520e+001  9.9231720e+000  7.2571110e+000  5.5310970e+000  4.1503750e+000  3.1566890e+000  2.5759010e+000  2.0603450e+000  0.0000000e+000  0.0000000e+000  0.0000000e+000  0.0000000e+000  0.0000000e+000  0.0000000e+000  0.0000000e+000  0.0000000e+000  0.0000000e+000  0.0000000e+000  0.0000000e+000  0.0000000e+000  0.0000000e+000  0.0000000e+000  0.0000000e+000  0.0000000e+000  0.0000000e+000  0.0000000e+000  0.0000000e+000  0.0000000e+000  0.0000000e+000  0.0000000e+000  0.0000000e+000  0.0000000e+000  0.0000000e+000
  4.1192750e+006  7.8855160e+002  7.7246110e+002  7.5758200e+002  7.4706400e+002  7.4124090e+002  7.3173730e+002  7.1229050e+002  6.9199520e+002  6.7926650e+002  6.7248830e+002  6.6512040e+002  6.4858920e+002  6.1815940e+002  5.8038290e+002  5.4833580e+002  5.3294540e+002  5.2627010e+002  5.1636370e+002  5.0238070e+002  4.8803670e+002  4.7590320e+002  4.6735350e+002  4.6185640e+002  4.5613810e+002  4.4688210e+002  4.3427270e+002  4.2585440e+002  4.2426160e+002  4.2202350e+002  4.1944330e+002  4.2443790e+002  4.2915740e+002  4.1955240e+002  4.1418190e+002  4.2541940e+002  4.4789690e+002  4.5665600e+002  4.5032030e+002  4.5249840e+002  4.6817390e+002  4.8328950e+002  4.8523930e+002  4.7595720e+002  4.6113900e+002  4.4761070e+002  4.4792220e+002  4.5245540e+002  4.4737890e+002  4.3817610e+002  4.2879680e+002  4.2663260e+002  4.3106260e+002  4.3469830e+002  4.2872440e+002  4.1877260e+002  4.1191170e+002  4.0694330e+002  3.9982860e+002  3.9333420e+002  3.8873330e+002  3.8544060e+002  3.8540560e+002  3.8743810e+002  3.8498050e+002  3.7436770e+002  3.6375760e+002  3.5561350e+002  3.4495390e+002  3.3754000e+002  3.3409440e+002  3.3085030e+002  3.3673050e+002  3.4252160e+002  3.2871570e+002  3.2529700e+002  3.5223010e+002  3.7174400e+002  3.7013230e+002  3.6763360e+002  3.6750410e+002  3.6538970e+002  3.5717770e+002  3.4919120e+002  3.4686650e+002  3.4750500e+002  3.4604550e+002  3.4292860e+002  3.4207020e+002  3.3789990e+002  3.2543820e+002  3.1418550e+002  3.0827780e+002  2.9924590e+002  2.7860750e+002  2.6328210e+002  2.5551970e+002  2.4344210e+002  2.3002660e+002  2.1987730e+002  2.1328380e+002  2.0872100e+002  2.0278990e+002  1.9629360e+002  1.8889210e+002  1.7470620e+002  1.4565140e+002  1.0401390e+002  6.8343330e+001  3.4599950e+001  1.3931090e+001  8.1694980e+000  5.6726650e+000  3.2368200e+000  1.3248480e+000  2.4690200e-001  0.0000000e+000  0.0000000e+000  0.0000000e+000  0.0000000e+000  0.0000000e+000  0.0000000e+000  0.0000000e+000  0.0000000e+000  0.0000000e+000  0.0000000e+000  0.0000000e+000  0.0000000e+000  0.0000000e+000  0.0000000e+000  0.0000000e+000  0.0000000e+000  0.0000000e+000  0.0000000e+000  0.0000000e+000  0.0000000e+000  0.0000000e+000  0.0000000e+000  0.0000000e+000  0.0000000e+000  0.0000000e+000  0.0000000e+000
  4.1193250e+006  7.7073720e+002  7.5531100e+002  7.4208750e+002  7.3386960e+002  7.3026260e+002  7.2203390e+002  7.0320480e+002  6.8355410e+002  6.7381570e+002  6.7055270e+002  6.6542550e+002  6.5284830e+002  6.2710130e+002  5.8539960e+002  5.4237990e+002  5.2037700e+002  5.1260190e+002  5.0243480e+002  4.8755490e+002  4.7191560e+002  4.5828950e+002  4.4824940e+002  4.4113510e+002  4.3262890e+002  4.1982760e+002  4.0865170e+002  4.0969190e+002  4.1388710e+002  4.1432290e+002  4.1397080e+002  4.1823770e+002  4.1934660e+002  4.0808550e+002  3.9703670e+002  4.0383000e+002  4.2767790e+002  4.3333590e+002  4.1577180e+002  4.1698620e+002  4.4540130e+002  4.7695200e+002  4.8997110e+002  4.8656910e+002  4.7524400e+002  4.6224590e+002  4.5702390e+002  4.4967790e+002  4.3408380e+002  4.1957170e+002  4.1304600e+002  4.1518450e+002  4.2101170e+002  4.2370850e+002  4.1950130e+002  4.1249000e+002  4.0682080e+002  3.9820350e+002  3.8651320e+002  3.7678460e+002  3.7065150e+002  3.6614190e+002  3.6604720e+002  3.6925430e+002  3.6881930e+002  3.6322610e+002  3.5633980e+002  3.4395130e+002  3.2752780e+002  3.1615590e+002  3.0830400e+002  3.0400730e+002  3.1491730e+002  3.2720160e+002  3.1499560e+002  3.1378990e+002  3.4692230e+002  3.6755860e+002  3.6063230e+002  3.5227660e+002  3.6079890e+002  3.6719270e+002  3.5807660e+002  3.4574820e+002  3.4185360e+002  3.4216520e+002  3.3707940e+002  3.3088210e+002  3.2808690e+002  3.2250540e+002  3.1350270e+002  3.0480240e+002  2.9428080e+002  2.8129610e+002  2.6617890e+002  2.5658910e+002  2.4689780e+002  2.3458780e+002  2.2292720e+002  2.1563810e+002  2.1065750e+002  2.0593700e+002  2.0022950e+002  1.9429800e+002  1.8799820e+002  1.7736420e+002  1.5462990e+002  1.2009360e+002  9.3637220e+001  5.4514690e+001  1.9920840e+001  9.4861110e+000  5.6453400e+000  1.9642110e+000  2.0000000e+000  0.0000000e+000  0.0000000e+000  0.0000000e+000  0.0000000e+000  0.0000000e+000  0.0000000e+000  0.0000000e+000  0.0000000e+000  0.0000000e+000  0.0000000e+000  0.0000000e+000  0.0000000e+000  0.0000000e+000  0.0000000e+000  0.0000000e+000  0.0000000e+000  0.0000000e+000  0.0000000e+000  0.0000000e+000  0.0000000e+000  0.0000000e+000  0.0000000e+000  0.0000000e+000  0.0000000e+000  0.0000000e+000  0.0000000e+000  0.0000000e+000
  4.1193750e+006  7.5527090e+002  7.4121190e+002  7.3116600e+002  7.2550490e+002  7.2143460e+002  7.1182160e+002  6.9346560e+002  6.7610350e+002  6.7032710e+002  6.7046120e+002  6.6735650e+002  6.5994580e+002  6.4318210e+002  6.0287280e+002  5.4914340e+002  5.1545890e+002  5.0058840e+002  4.8747380e+002  4.7183510e+002  4.5644480e+002  4.4400740e+002  4.3647070e+002  4.3266060e+002  4.2479620e+002  4.0786100e+002  3.9416500e+002  3.9741830e+002  4.0111100e+002  4.0269160e+002  4.0615780e+002  4.1304900e+002  4.1581800e+002  4.0674720e+002  3.9447220e+002  3.9814560e+002  4.1861400e+002  4.1740610e+002  3.8690380e+002  3.8306200e+002  4.1928330e+002  4.6556520e+002  4.8937370e+002  4.8829230e+002  4.7544310e+002  4.6308440e+002  4.5386840e+002  4.4178820e+002  4.2210370e+002  4.0691000e+002  4.0080070e+002  4.0178620e+002  4.0557640e+002  4.0769490e+002  4.0701200e+002  4.0391420e+002  3.9663060e+002  3.8524880e+002  3.7283670e+002  3.6413220e+002  3.5933260e+002  3.5633890e+002  3.5585270e+002  3.5734970e+002  3.5788270e+002  3.5533570e+002  3.4683160e+002  3.3155500e+002  3.1559640e+002  3.0367760e+002  2.8699010e+002  2.8196670e+002  2.9243850e+002  3.0392830e+002  3.0064400e+002  3.0969530e+002  3.4193230e+002  3.5843290e+002  3.5081590e+002  3.4208090e+002  3.5014290e+002  3.5532150e+002  3.4618630e+002  3.3493730e+002  3.3117760e+002  3.2899980e+002  3.2221620e+002  3.1599460e+002  3.1457500e+002  3.1163340e+002  3.0355380e+002  2.8884870e+002  2.7609120e+002  2.6499800e+002  2.5537900e+002  2.4428030e+002  2.3173160e+002  2.2145350e+002  2.1270770e+002  2.0880030e+002  2.0591470e+002  2.0023690e+002  1.9304820e+002  1.8588590e+002  1.7928720e+002  1.7071960e+002  1.5564980e+002  1.2995440e+002  1.0306270e+002  6.1392780e+001  2.4554800e+001  1.0610220e+001  4.9231990e+000  3.9711400e-001  0.0000000e+000  0.0000000e+000  0.0000000e+000  0.0000000e+000  0.0000000e+000  0.0000000e+000  0.0000000e+000  0.0000000e+000  0.0000000e+000  0.0000000e+000  0.0000000e+000  0.0000000e+000  0.0000000e+000  0.0000000e+000  0.0000000e+000  0.0000000e+000  0.0000000e+000  0.0000000e+000  0.0000000e+000  0.0000000e+000  0.0000000e+000  0.0000000e+000  0.0000000e+000  0.0000000e+000  0.0000000e+000  0.0000000e+000  0.0000000e+000  0.0000000e+000
  4.1194250e+006  7.4328770e+002  7.2996610e+002  7.2315970e+002  7.2024210e+002  7.1601410e+002  7.0508640e+002  6.8750130e+002  6.7391030e+002  6.7126840e+002  6.7312650e+002  6.7218700e+002  6.6966930e+002  6.6028300e+002  6.2218270e+002  5.5990920e+002  5.1515470e+002  4.9136740e+002  4.7328770e+002  4.5619840e+002  4.4188900e+002  4.3270410e+002  4.2970380e+002  4.2986960e+002  4.2346990e+002  4.0557940e+002  3.9029700e+002  3.8854610e+002  3.8707820e+002  3.8670420e+002  3.9151580e+002  4.0148480e+002  4.0911280e+002  4.0529480e+002  3.9678190e+002  3.9916030e+002  4.1092250e+002  4.0376080e+002  3.6893940e+002  3.5810290e+002  3.9159230e+002  4.4477280e+002  4.7696280e+002  4.7586550e+002  4.5862910e+002  4.4674690e+002  4.3136020e+002  4.1923630e+002  4.0791410e+002  3.9754910e+002  3.8801860e+002  3.8347740e+002  3.8389500e+002  3.8511340e+002  3.8553030e+002  3.8422710e+002  3.7916510e+002  3.7135300e+002  3.6317040e+002  3.5606030e+002  3.4634290e+002  3.3885670e+002  3.3734110e+002  3.4010490e+002  3.4259300e+002  3.4149260e+002  3.3386190e+002  3.2136170e+002  3.0866640e+002  2.9473400e+002  2.7698690e+002  2.7112150e+002  2.7692860e+002  2.8255140e+002  2.8314440e+002  2.9580620e+002  3.2151350e+002  3.3423860e+002  3.3178470e+002  3.2808870e+002  3.3183130e+002  3.3355680e+002  3.2848140e+002  3.2295710e+002  3.2034650e+002  3.1722740e+002  3.1245650e+002  3.0913860e+002  3.0801040e+002  3.0402830e+002  2.8970840e+002  2.6991500e+002  2.5976200e+002  2.5176390e+002  2.3896800e+002  2.2658450e+002  2.1595280e+002  2.0912030e+002  2.0211350e+002  1.9764990e+002  1.9415190e+002  1.8910200e+002  1.8206110e+002  1.7430000e+002  1.6855950e+002  1.6246730e+002  1.5244500e+002  1.2881420e+002  9.7907170e+001  5.9462230e+001  2.4578700e+001  1.0409910e+001  4.1733740e+000  2.0000000e+000  0.0000000e+000  0.0000000e+000  0.0000000e+000  0.0000000e+000  0.0000000e+000  0.0000000e+000  0.0000000e+000  0.0000000e+000  0.0000000e+000  0.0000000e+000  0.0000000e+000  0.0000000e+000  0.0000000e+000  0.0000000e+000  0.0000000e+000  0.0000000e+000  0.0000000e+000  0.0000000e+000  0.0000000e+000  0.0000000e+000  0.0000000e+000  0.0000000e+000  0.0000000e+000  0.0000000e+000  0.0000000e+000  0.0000000e+000  0.0000000e+000  0.0000000e+000
  4.1194750e+006  7.3642540e+002  7.2285640e+002  7.1845570e+002  7.1779070e+002  7.1403620e+002  7.0352490e+002  6.8774780e+002  6.7746420e+002  6.7645250e+002  6.7877070e+002  6.7903340e+002  6.7807700e+002  6.6987650e+002  6.3083150e+002  5.6383760e+002  5.1356100e+002  4.8345630e+002  4.6005830e+002  4.4027920e+002  4.2638720e+002  4.2060630e+002  4.2229410e+002  4.2618070e+002  4.2206160e+002  4.0590130e+002  3.9015090e+002  3.8141760e+002  3.7284740e+002  3.6711310e+002  3.6798830e+002  3.7647570e+002  3.8589450e+002  3.8340430e+002  3.7347750e+002  3.7297180e+002  3.8699750e+002  3.8953750e+002  3.6025530e+002  3.4675780e+002  3.7662400e+002  4.2909960e+002  4.5872470e+002  4.5422530e+002  4.3924200e+002  4.3510480e+002  4.1843210e+002  4.0467610e+002  3.9719820e+002  3.8648200e+002  3.7344730e+002  3.6535220e+002  3.6200670e+002  3.6083970e+002  3.6108150e+002  3.6148630e+002  3.6097170e+002  3.5937130e+002  3.5528240e+002  3.4404970e+002  3.2606770e+002  3.1381700e+002  3.1571430e+002  3.2155490e+002  3.2515280e+002  3.2510240e+002  3.2041440e+002  3.1196360e+002  3.0129080e+002  2.8760780e+002  2.7306160e+002  2.6633050e+002  2.6700270e+002  2.6872240e+002  2.7056310e+002  2.8151490e+002  3.0060500e+002  3.1274180e+002  3.1253920e+002  3.1026040e+002  3.1047180e+002  3.1219180e+002  3.1346520e+002  3.1385070e+002  3.1326740e+002  3.1088300e+002  3.0658590e+002  3.0133370e+002  2.9788630e+002  2.9154660e+002  2.7616550e+002  2.5681380e+002  2.4273570e+002  2.3065050e+002  2.1820800e+002  2.1099470e+002  2.0533020e+002  1.9750470e+002  1.8955500e+002  1.8335530e+002  1.7846150e+002  1.7497220e+002  1.7013540e+002  1.6317860e+002  1.5671860e+002  1.4949020e+002  1.3545280e+002  1.0536910e+002  7.3097770e+001  4.6567940e+001  1.8944240e+001  8.6604840e+000  3.2236290e+000  0.0000000e+000  0.0000000e+000  0.0000000e+000  0.0000000e+000  0.0000000e+000  0.0000000e+000  0.0000000e+000  0.0000000e+000  0.0000000e+000  0.0000000e+000  0.0000000e+000  0.0000000e+000  0.0000000e+000  0.0000000e+000  0.0000000e+000  0.0000000e+000  0.0000000e+000  0.0000000e+000  0.0000000e+000  0.0000000e+000  0.0000000e+000  0.0000000e+000  0.0000000e+000  0.0000000e+000  0.0000000e+000  0.0000000e+000  0.0000000e+000  0.0000000e+000  0.0000000e+000
  4.1195250e+006  7.3385800e+002  7.2079660e+002  7.1775850e+002  7.1762480e+002  7.1280100e+002  7.0408620e+002  6.9258840e+002  6.8476180e+002  6.8390030e+002  6.8618380e+002  6.8679100e+002  6.8411000e+002  6.7166590e+002  6.2991440e+002  5.6238130e+002  5.1003970e+002  4.7524760e+002  4.4666370e+002  4.2310160e+002  4.0823400e+002  4.0489690e+002  4.1052990e+002  4.1777780e+002  4.1693190e+002  4.0427810e+002  3.8825580e+002  3.7356830e+002  3.5882810e+002  3.4724640e+002  3.4155190e+002  3.4435750e+002  3.5224640e+002  3.5161590e+002  3.4345230e+002  3.4427390e+002  3.6466110e+002  3.7946510e+002  3.5925220e+002  3.5102050e+002  3.8254370e+002  4.2629960e+002  4.3656570e+002  4.2416320e+002  4.2119760e+002  4.2842590e+002  4.1850890e+002  4.0476190e+002  3.9364020e+002  3.7883740e+002  3.6318640e+002  3.5069230e+002  3.4184590e+002  3.3819130e+002  3.3991620e+002  3.4327280e+002  3.4586090e+002  3.4658780e+002  3.4265780e+002  3.2855780e+002  3.0520840e+002  2.9155330e+002  3.0174840e+002  3.0792020e+002  3.0877520e+002  3.0851200e+002  3.0759120e+002  3.0409950e+002  2.9437240e+002  2.8159320e+002  2.6985260e+002  2.6316120e+002  2.6117800e+002  2.6127680e+002  2.6305760e+002  2.7124290e+002  2.8656800e+002  2.9855320e+002  2.9784120e+002  2.9197100e+002  2.8943140e+002  2.9515840e+002  3.0350880e+002  3.0719020e+002  3.0749690e+002  3.0414620e+002  2.9472620e+002  2.8541280e+002  2.8095670e+002  2.7515980e+002  2.6042340e+002  2.3818840e+002  2.2410200e+002  2.1455330e+002  2.0656790e+002  1.9789340e+002  1.8990890e+002  1.8102800e+002  1.7456760e+002  1.6942230e+002  1.6369280e+002  1.5785920e+002  1.5287200e+002  1.4745540e+002  1.3532470e+002  1.2159450e+002  1.0627930e+002  7.5683270e+001  5.1753730e+001  2.4967610e+001  1.0635330e+001  5.6040340e+000  0.0000000e+000  0.0000000e+000  0.0000000e+000  0.0000000e+000  0.0000000e+000  0.0000000e+000  0.0000000e+000  0.0000000e+000  0.0000000e+000  0.0000000e+000  0.0000000e+000  0.0000000e+000  0.0000000e+000  0.0000000e+000  0.0000000e+000  0.0000000e+000  0.0000000e+000  0.0000000e+000  0.0000000e+000  0.0000000e+000  0.0000000e+000  0.0000000e+000  0.0000000e+000  0.0000000e+000  0.0000000e+000  0.0000000e+000  0.0000000e+000  0.0000000e+000  0.0000000e+000  0.0000000e+000
  4.1195750e+006  7.3444030e+002  7.2076890e+002  7.1752230e+002  7.1636180e+002  7.0906350e+002  7.0066500e+002  6.9450600e+002  6.8993230e+002  6.8952780e+002  6.9146810e+002  6.9041840e+002  6.8184350e+002  6.5970200e+002  6.1323110e+002  5.5026680e+002  5.0146330e+002  4.6535460e+002  4.3323140e+002  4.0596900e+002  3.8924130e+002  3.8747650e+002  3.9639000e+002  4.0668570e+002  4.0933930e+002  4.0056900e+002  3.8509760e+002  3.6732400e+002  3.4932070e+002  3.3439110e+002  3.2486350e+002  3.2341050e+002  3.2841650e+002  3.3000410e+002  3.2740110e+002  3.3137010e+002  3.5000140e+002  3.6528580e+002  3.5500850e+002  3.5314430e+002  3.8153730e+002  4.1234230e+002  4.0526860e+002  3.9154950e+002  4.0452890e+002  4.2223440e+002  4.2032910e+002  4.0759930e+002  3.8993350e+002  3.7275630e+002  3.5422610e+002  3.2613330e+002  3.1305850e+002  3.1352940e+002  3.2064840e+002  3.2759080e+002  3.3160350e+002  3.3197960e+002  3.2708340e+002  3.1392770e+002  2.9249910e+002  2.7945020e+002  2.8744480e+002  2.9204900e+002  2.9007890e+002  2.8848790e+002  2.8949570e+002  2.8934870e+002  2.8324280e+002  2.7393340e+002  2.6556710e+002  2.6056840e+002  2.5820060e+002  2.5750060e+002  2.5885600e+002  2.6345090e+002  2.7331160e+002  2.8153040e+002  2.7877790e+002  2.6948410e+002  2.6560750e+002  2.7368340e+002  2.8512670e+002  2.9335140e+002  2.9500640e+002  2.8929490e+002  2.7684540e+002  2.6502970e+002  2.5633400e+002  2.5269190e+002  2.4352330e+002  2.2077050e+002  2.0982080e+002  2.0401400e+002  1.9401150e+002  1.8150240e+002  1.7255370e+002  1.6520500e+002  1.6077880e+002  1.5744050e+002  1.5049300e+002  1.3496850e+002  1.2185840e+002  1.1478760e+002  1.0798840e+002  9.9801010e+001  8.4556300e+001  5.5770520e+001  3.4427550e+001  1.3579160e+001  4.6482890e+000  0.0000000e+000  0.0000000e+000  0.0000000e+000  0.0000000e+000  0.0000000e+000  0.0000000e+000  0.0000000e+000  0.0000000e+000  0.0000000e+000  0.0000000e+000  0.0000000e+000  0.0000000e+000  0.0000000e+000  0.0000000e+000  0.0000000e+000  0.0000000e+000  0.0000000e+000  0.0000000e+000  0.0000000e+000  0.0000000e+000  0.0000000e+000  0.0000000e+000  0.0000000e+000  0.0000000e+000  0.0000000e+000  0.0000000e+000  0.0000000e+000  0.0000000e+000  0.0000000e+000  0.0000000e+000  0.0000000e+000
  4.1196250e+006  7.3597990e+002  7.2101890e+002  7.1478470e+002  7.1176940e+002  7.0551450e+002  6.9552660e+002  6.9285960e+002  6.9172860e+002  6.9236660e+002  6.9350930e+002  6.8951650e+002  6.7466060e+002  6.4434860e+002  5.9586900e+002  5.3918670e+002  4.9326140e+002  4.5625870e+002  4.2276540e+002  3.9412990e+002  3.7645630e+002  3.7514430e+002  3.8529900e+002  3.9689380e+002  4.0176820e+002  3.9605670e+002  3.8171710e+002  3.6297500e+002  3.4372290e+002  3.2750760e+002  3.1672810e+002  3.1315960e+002  3.1537910e+002  3.1762590e+002  3.1898700e+002  3.2435900e+002  3.3747340e+002  3.4812920e+002  3.4345590e+002  3.3972890e+002  3.5324060e+002  3.7044690e+002  3.6599710e+002  3.6673160e+002  3.9164120e+002  4.1320280e+002  4.1479890e+002  4.0205140e+002  3.8023620e+002  3.6293700e+002  3.4345040e+002  3.0968020e+002  2.8954470e+002  2.9240070e+002  3.0290850e+002  3.1137400e+002  3.1510980e+002  3.1352570e+002  3.0639160e+002  2.9412150e+002  2.7996070e+002  2.7190900e+002  2.7608920e+002  2.7781250e+002  2.7349100e+002  2.7059420e+002  2.7219470e+002  2.7392890e+002  2.7151070e+002  2.6624090e+002  2.6151500e+002  2.5852700e+002  2.5526380e+002  2.5127020e+002  2.5043290e+002  2.5375230e+002  2.5831830e+002  2.6090030e+002  2.5294200e+002  2.4248130e+002  2.4139760e+002  2.4954500e+002  2.6168070e+002  2.7482980e+002  2.7848080e+002  2.7359730e+002  2.6256910e+002  2.4532570e+002  2.2071110e+002  2.1228370e+002  2.0839210e+002  2.0018640e+002  1.9193600e+002  1.8535020e+002  1.7608700e+002  1.6579590e+002  1.6017220e+002  1.5520610e+002  1.4749230e+002  1.3988470e+002  1.2998190e+002  1.1601820e+002  1.0317110e+002  8.8514340e+001  7.8848250e+001  7.0115370e+001  5.5467740e+001  2.7148410e+001  1.2884970e+001  3.6027110e+000  0.0000000e+000  0.0000000e+000  0.0000000e+000  0.0000000e+000  0.0000000e+000  0.0000000e+000  0.0000000e+000  0.0000000e+000  0.0000000e+000  0.0000000e+000  0.0000000e+000  0.0000000e+000  0.0000000e+000  0.0000000e+000  0.0000000e+000  0.0000000e+000  0.0000000e+000  0.0000000e+000  0.0000000e+000  0.0000000e+000  0.0000000e+000  0.0000000e+000  0.0000000e+000  0.0000000e+000  0.0000000e+000  0.0000000e+000  0.0000000e+000  0.0000000e+000  0.0000000e+000  0.0000000e+000  0.0000000e+000  0.0000000e+000
  4.1196750e+006  7.3656620e+002  7.2289510e+002  7.1480990e+002  7.0961130e+002  7.0206210e+002  6.9260270e+002  6.9163150e+002  6.9297110e+002  6.9477970e+002  6.9519960e+002  6.8890120e+002  6.7003110e+002  6.3524330e+002  5.8650330e+002  5.3337980e+002  4.8747510e+002  4.4953710e+002  4.1742100e+002  3.9176350e+002  3.7627550e+002  3.7427620e+002  3.8166820e+002  3.9095680e+002  3.9583720e+002  3.9169950e+002  3.7776320e+002  3.5814310e+002  3.3793860e+002  3.2088580e+002  3.0914430e+002  3.0362970e+002  3.0308270e+002  3.0444230e+002  3.0705430e+002  3.1281950e+002  3.2304940e+002  3.3197840e+002  3.3054410e+002  3.2275320e+002  3.2178450e+002  3.2830630e+002  3.3250200e+002  3.4684040e+002  3.7415300e+002  3.9251930e+002  3.9408160e+002  3.8337470e+002  3.6517640e+002  3.4660290e+002  3.1914290e+002  2.8994480e+002  2.7418170e+002  2.7590710e+002  2.8460000e+002  2.9289180e+002  2.9627220e+002  2.9300920e+002  2.8566010e+002  2.7648580e+002  2.6952790e+002  2.6631770e+002  2.6772650e+002  2.6764490e+002  2.6453190e+002  2.6255430e+002  2.6343920e+002  2.6466490e+002  2.6383300e+002  2.6144560e+002  2.5950880e+002  2.5741170e+002  2.5148100e+002  2.3943330e+002  2.3027970e+002  2.2976520e+002  2.3470110e+002  2.3646220e+002  2.2636380e+002  2.1636530e+002  2.1576590e+002  2.2089620e+002  2.3332760e+002  2.4946520e+002  2.5407560e+002  2.5250050e+002  2.4332220e+002  2.1499680e+002  1.8729130e+002  1.7661050e+002  1.7102500e+002  1.6728270e+002  1.6401020e+002  1.6141060e+002  1.5840170e+002  1.5408120e+002  1.4794750e+002  1.4039380e+002  1.3040260e+002  1.2223760e+002  1.1384270e+002  1.0269300e+002  8.5069550e+001  6.8403260e+001  6.0013350e+001  5.1792660e+001  3.4489940e+001  1.2198250e+001  8.1173300e-001  2.0000000e+000  0.0000000e+000  0.0000000e+000  0.0000000e+000  0.0000000e+000  0.0000000e+000  0.0000000e+000  0.0000000e+000  0.0000000e+000  0.0000000e+000  0.0000000e+000  0.0000000e+000  0.0000000e+000  0.0000000e+000  0.0000000e+000  0.0000000e+000  0.0000000e+000  0.0000000e+000  0.0000000e+000  0.0000000e+000  0.0000000e+000  0.0000000e+000  0.0000000e+000  0.0000000e+000  0.0000000e+000  0.0000000e+000  0.0000000e+000  0.0000000e+000  0.0000000e+000  0.0000000e+000  0.0000000e+000  0.0000000e+000  0.0000000e+000
  4.1197250e+006  7.3476840e+002  7.2313710e+002  7.1512950e+002  7.0932200e+002  7.0185300e+002  6.9440310e+002  6.9300780e+002  6.9468330e+002  6.9728100e+002  6.9792660e+002  6.9117050e+002  6.7033010e+002  6.3200050e+002  5.8107860e+002  5.2747890e+002  4.8006880e+002  4.4181810e+002  4.1276220e+002  3.9261360e+002  3.8168100e+002  3.7918270e+002  3.8102820e+002  3.8507240e+002  3.8835040e+002  3.8468960e+002  3.7029770e+002  3.4944740e+002  3.2827380e+002  3.1047900e+002  2.9768200e+002  2.9015550e+002  2.8691960e+002  2.8637480e+002  2.8813570e+002  2.9306300e+002  3.0163210e+002  3.1017780e+002  3.1077010e+002  3.0146400e+002  2.9328360e+002  2.9337270e+002  3.0011490e+002  3.1655560e+002  3.3878200e+002  3.5285330e+002  3.5579030e+002  3.5252320e+002  3.4114400e+002  3.1694700e+002  2.9614790e+002  2.7328300e+002  2.6241480e+002  2.6283480e+002  2.6933800e+002  2.7795580e+002  2.8229220e+002  2.7843240e+002  2.7030680e+002  2.6230230e+002  2.5839080e+002  2.5701220e+002  2.5779180e+002  2.5948320e+002  2.6030370e+002  2.6042490e+002  2.6059030e+002  2.6057140e+002  2.5954070e+002  2.5785900e+002  2.5605490e+002  2.5443660e+002  2.4643220e+002  2.2500110e+002  2.0624440e+002  2.0145620e+002  2.0722700e+002  2.0982160e+002  2.0329130e+002  1.9850640e+002  1.9722170e+002  1.9447220e+002  2.0039620e+002  2.1526070e+002  2.1793370e+002  2.1196930e+002  2.0467060e+002  1.8465650e+002  1.6476420e+002  1.5761710e+002  1.5386020e+002  1.4811560e+002  1.4386640e+002  1.4101770e+002  1.3799870e+002  1.3426940e+002  1.2939320e+002  1.2295720e+002  1.1474620e+002  1.0845870e+002  1.0096130e+002  8.4977360e+001  6.7663020e+001  5.6104360e+001  4.3953890e+001  3.1165570e+001  1.5934360e+001  1.6543390e+000  2.0000000e+000  0.0000000e+000  0.0000000e+000  0.0000000e+000  0.0000000e+000  0.0000000e+000  0.0000000e+000  0.0000000e+000  0.0000000e+000  0.0000000e+000  0.0000000e+000  0.0000000e+000  0.0000000e+000  0.0000000e+000  0.0000000e+000  0.0000000e+000  0.0000000e+000  0.0000000e+000  0.0000000e+000  0.0000000e+000  0.0000000e+000  0.0000000e+000  0.0000000e+000  0.0000000e+000  0.0000000e+000  0.0000000e+000  0.0000000e+000  0.0000000e+000  0.0000000e+000  0.0000000e+000  0.0000000e+000  0.0000000e+000  0.0000000e+000  0.0000000e+000
  4.1197750e+006  7.2968880e+002  7.2037710e+002  7.1369290e+002  7.0920420e+002  7.0304910e+002  6.9676780e+002  6.9405580e+002  6.9462300e+002  6.9726310e+002  6.9909610e+002  6.9370590e+002  6.7196950e+002  6.2926620e+002  5.7347740e+002  5.1636650e+002  4.6637730e+002  4.2756970e+002  4.0074560e+002  3.8422390e+002  3.7589600e+002  3.7239840e+002  3.6993940e+002  3.6923460e+002  3.6896850e+002  3.6343000e+002  3.5063150e+002  3.3254360e+002  3.1252400e+002  2.9454740e+002  2.8116600e+002  2.7219190e+002  2.6667560e+002  2.6366900e+002  2.6290220e+002  2.6482270e+002  2.6964960e+002  2.7508220e+002  2.7517350e+002  2.6684290e+002  2.5791230e+002  2.5582930e+002  2.6105730e+002  2.7312890e+002  2.8866210e+002  2.9962330e+002  3.0297170e+002  3.0056090e+002  2.9150920e+002  2.7399820e+002  2.5740770e+002  2.4501470e+002  2.4119250e+002  2.4321190e+002  2.5090700e+002  2.6281010e+002  2.7145010e+002  2.6968870e+002  2.6038770e+002  2.4946800e+002  2.4117690e+002  2.3697160e+002  2.4007090e+002  2.4993680e+002  2.5756820e+002  2.5955580e+002  2.5866100e+002  2.5695440e+002  2.5340120e+002  2.4920800e+002  2.4574080e+002  2.4404000e+002  2.3450840e+002  2.0826340e+002  1.8905910e+002  1.8553360e+002  1.8816980e+002  1.8702520e+002  1.8431630e+002  1.8817020e+002  1.8754070e+002  1.7809120e+002  1.8090250e+002  1.9523380e+002  1.9395980e+002  1.7532290e+002  1.6555060e+002  1.5718010e+002  1.4456360e+002  1.3680010e+002  1.3425390e+002  1.3200080e+002  1.2933010e+002  1.2560250e+002  1.2043940e+002  1.1529230e+002  1.1101330e+002  1.0712970e+002  1.0115280e+002  9.0069290e+001  7.9915190e+001  6.7042230e+001  5.6777930e+001  4.3868100e+001  2.7375460e+001  1.5459340e+001  6.9915960e+000  2.0000000e+000  2.0000000e+000  0.0000000e+000  0.0000000e+000  0.0000000e+000  0.0000000e+000  0.0000000e+000  0.0000000e+000  0.0000000e+000  0.0000000e+000  0.0000000e+000  0.0000000e+000  0.0000000e+000  0.0000000e+000  0.0000000e+000  0.0000000e+000  0.0000000e+000  0.0000000e+000  0.0000000e+000  0.0000000e+000  0.0000000e+000  0.0000000e+000  0.0000000e+000  0.0000000e+000  0.0000000e+000  0.0000000e+000  0.0000000e+000  0.0000000e+000  0.0000000e+000  0.0000000e+000  0.0000000e+000  0.0000000e+000  0.0000000e+000  0.0000000e+000  0.0000000e+000
  4.1198250e+006  7.2276170e+002  7.1622020e+002  7.1154200e+002  7.0889030e+002  7.0353050e+002  6.9692020e+002  6.9222160e+002  6.9047470e+002  6.9153560e+002  6.9347850e+002  6.8939180e+002  6.6617130e+002  6.1883840e+002  5.5793920e+002  4.9679890e+002  4.4400600e+002  4.0412850e+002  3.7690080e+002  3.5850020e+002  3.4928480e+002  3.4492130e+002  3.4276400e+002  3.4039740e+002  3.3478580e+002  3.2416860e+002  3.1474470e+002  3.0395950e+002  2.8937050e+002  2.7295330e+002  2.5996730e+002  2.5050490e+002  2.4337920e+002  2.3783830e+002  2.3358650e+002  2.3089050e+002  2.3019960e+002  2.3087310e+002  2.2941250e+002  2.2254370e+002  2.1518220e+002  2.1345700e+002  2.1668240e+002  2.2329700e+002  2.3361470e+002  2.4278370e+002  2.4618540e+002  2.4331520e+002  2.3522100e+002  2.2296220e+002  2.1039150e+002  2.0305780e+002  2.0208180e+002  2.0574840e+002  2.1646870e+002  2.3455000e+002  2.5152300e+002  2.5643990e+002  2.4833290e+002  2.3212510e+002  2.1538110e+002  2.0548320e+002  2.1289540e+002  2.3678280e+002  2.5333980e+002  2.5581180e+002  2.5207100e+002  2.4745420e+002  2.4189610e+002  2.3539740e+002  2.2935340e+002  2.2463470e+002  2.1116110e+002  1.8727630e+002  1.7852960e+002  1.8243210e+002  1.8053480e+002  1.7120510e+002  1.6832910e+002  1.7778040e+002  1.7436950e+002  1.5458540e+002  1.5226360e+002  1.6163470e+002  1.6219580e+002  1.5272100e+002  1.4015960e+002  1.3259160e+002  1.2405570e+002  1.1624520e+002  1.1549020e+002  1.1774400e+002  1.1817240e+002  1.1594450e+002  1.1165790e+002  1.0534450e+002  9.4721150e+001  8.5619090e+001  7.8414500e+001  6.8353650e+001  6.2444730e+001  5.6704430e+001  4.6803960e+001  3.1189780e+001  1.5849560e+001  8.1094740e+000  7.0166800e-001  2.0000000e+000  0.0000000e+000  0.0000000e+000  0.0000000e+000  0.0000000e+000  0.0000000e+000  0.0000000e+000  0.0000000e+000  0.0000000e+000  0.0000000e+000  0.0000000e+000  0.0000000e+000  0.0000000e+000  0.0000000e+000  0.0000000e+000  0.0000000e+000  0.0000000e+000  0.0000000e+000  0.0000000e+000  0.0000000e+000  0.0000000e+000  0.0000000e+000  0.0000000e+000  0.0000000e+000  0.0000000e+000  0.0000000e+000  0.0000000e+000  0.0000000e+000  0.0000000e+000  0.0000000e+000  0.0000000e+000  0.0000000e+000  0.0000000e+000  0.0000000e+000  0.0000000e+000
  4.1198750e+006  7.1605920e+002  7.1293300e+002  7.1069020e+002  7.0863180e+002  7.0270170e+002  6.9454080e+002  6.8715280e+002  6.8207680e+002  6.7977360e+002  6.7942790e+002  6.7405860e+002  6.4686600e+002  5.9559310e+002  5.3197600e+002  4.6895500e+002  4.1511690e+002  3.7533430e+002  3.4728260e+002  3.2482220e+002  3.1533550e+002  3.1077670e+002  3.0742430e+002  3.0592730e+002  3.0384570e+002  2.9808520e+002  2.8486340e+002  2.6740720e+002  2.5608760e+002  2.4560960e+002  2.3537810e+002  2.2654670e+002  2.1872670e+002  2.1118380e+002  2.0354520e+002  1.9607110e+002  1.8989440e+002  1.8660590e+002  1.8471040e+002  1.7909970e+002  1.7276470e+002  1.7174850e+002  1.7331380e+002  1.7491940e+002  1.8167010e+002  1.8992610e+002  1.9313740e+002  1.9007710e+002  1.8270700e+002  1.7325960e+002  1.6319230e+002  1.5592410e+002  1.5337580e+002  1.5580960e+002  1.6650820e+002  1.8809890e+002  2.1204440e+002  2.2396260e+002  2.1878400e+002  2.0182730e+002  1.8173430e+002  1.6890950e+002  1.8094460e+002  2.1791970e+002  2.4168890e+002  2.4382240e+002  2.3761240e+002  2.3144150e+002  2.2629900e+002  2.2023460e+002  2.1304820e+002  2.0424930e+002  1.8874470e+002  1.7182450e+002  1.7303330e+002  1.8316820e+002  1.8173790e+002  1.6987780e+002  1.6363170e+002  1.7009930e+002  1.6313550e+002  1.3681730e+002  1.2884130e+002  1.3420990e+002  1.3479860e+002  1.2971120e+002  1.1871330e+002  1.1273900e+002  1.0802060e+002  1.0304090e+002  1.0427640e+002  1.0615800e+002  1.0689240e+002  1.0625200e+002  1.0268500e+002  9.2236280e+001  7.7373920e+001  6.6826300e+001  6.2354000e+001  5.8283580e+001  5.3432560e+001  4.6952750e+001  3.5627250e+001  2.1308180e+001  9.7519490e+000  1.7887500e+000  2.0000000e+000  2.0000000e+000  0.0000000e+000  0.0000000e+000  0.0000000e+000  0.0000000e+000  0.0000000e+000  0.0000000e+000  0.0000000e+000  0.0000000e+000  0.0000000e+000  0.0000000e+000  0.0000000e+000  0.0000000e+000  0.0000000e+000  0.0000000e+000  0.0000000e+000  0.0000000e+000  0.0000000e+000  0.0000000e+000  0.0000000e+000  0.0000000e+000  0.0000000e+000  0.0000000e+000  0.0000000e+000  0.0000000e+000  0.0000000e+000  0.0000000e+000  0.0000000e+000  0.0000000e+000  0.0000000e+000  0.0000000e+000  0.0000000e+000  0.0000000e+000  0.0000000e+000  0.0000000e+000
  4.1199250e+006  7.1058260e+002  7.1017330e+002  7.0975370e+002  7.0767380e+002  7.0049380e+002  6.9029550e+002  6.8021240e+002  6.7211000e+002  6.6695610e+002  6.6410460e+002  6.5509750e+002  6.2134560e+002  5.6504560e+002  4.9969010e+002  4.3771100e+002  3.8679750e+002  3.5033040e+002  3.2564770e+002  3.0854420e+002  2.9565440e+002  2.8359460e+002  2.7224270e+002  2.6685850e+002  2.6352490e+002  2.5960600e+002  2.5178700e+002  2.3505190e+002  2.2239020e+002  2.1683420e+002  2.0953510e+002  2.0216900e+002  1.9481610e+002  1.8646600e+002  1.7674850e+002  1.6613470e+002  1.5652240e+002  1.5138370e+002  1.5079690e+002  1.4731130e+002  1.4140100e+002  1.3915830e+002  1.3874340e+002  1.3707700e+002  1.4110300e+002  1.4753050e+002  1.4935880e+002  1.4540890e+002  1.3829230e+002  1.3096950e+002  1.2263410e+002  1.1558160e+002  1.1202220e+002  1.1126250e+002  1.1728290e+002  1.3637520e+002  1.6155970e+002  1.7462930e+002  1.7033200e+002  1.6253330e+002  1.5420560e+002  1.4842500e+002  1.6018730e+002  1.9257880e+002  2.1511310e+002  2.1878350e+002  2.1418640e+002  2.1002190e+002  2.0828490e+002  2.0534520e+002  1.9903560e+002  1.8888450e+002  1.7442010e+002  1.6257710e+002  1.6590860e+002  1.7608250e+002  1.7704360e+002  1.6825130e+002  1.5927310e+002  1.5798880e+002  1.5218510e+002  1.2843350e+002  1.1770110e+002  1.1891860e+002  1.1909760e+002  1.1648890e+002  1.0992580e+002  1.0164180e+002  9.2539790e+001  8.4858020e+001  8.4260220e+001  8.5558210e+001  8.7344480e+001  8.6994570e+001  8.2908910e+001  7.4540410e+001  6.4821040e+001  5.9401500e+001  5.5790470e+001  5.1944950e+001  4.5855610e+001  3.7421060e+001  2.5838420e+001  1.3371440e+001  4.1334300e+000  2.0000000e+000  2.0000000e+000  2.0000000e+000  0.0000000e+000  0.0000000e+000  0.0000000e+000  0.0000000e+000  0.0000000e+000  0.0000000e+000  0.0000000e+000  0.0000000e+000  0.0000000e+000  0.0000000e+000  0.0000000e+000  0.0000000e+000  0.0000000e+000  0.0000000e+000  0.0000000e+000  0.0000000e+000  0.0000000e+000  0.0000000e+000  0.0000000e+000  0.0000000e+000  0.0000000e+000  0.0000000e+000  0.0000000e+000  0.0000000e+000  0.0000000e+000  0.0000000e+000  0.0000000e+000  0.0000000e+000  0.0000000e+000  0.0000000e+000  0.0000000e+000  0.0000000e+000  0.0000000e+000  0.0000000e+000
  4.1199750e+006  7.0626540e+002  7.0714950e+002  7.0740880e+002  7.0465420e+002  6.9662490e+002  6.8500200e+002  6.7337100e+002  6.6451070e+002  6.6033290e+002  6.5771560e+002  6.4173980e+002  5.9818290e+002  5.3386140e+002  4.6599830e+002  4.0843110e+002  3.6602610e+002  3.3608320e+002  3.1308260e+002  2.9877860e+002  2.8632300e+002  2.7346840e+002  2.6037080e+002  2.4757780e+002  2.3459990e+002  2.2225740e+002  2.1414580e+002  2.0569760e+002  1.9943980e+002  1.9228900e+002  1.8469340e+002  1.7928440e+002  1.7365990e+002  1.6619790e+002  1.5673080e+002  1.4634130e+002  1.3749820e+002  1.3324100e+002  1.3375660e+002  1.3252980e+002  1.2744210e+002  1.2219390e+002  1.1924040e+002  1.1717850e+002  1.1876490e+002  1.2111460e+002  1.1975040e+002  1.1434010e+002  1.0687240e+002  1.0068330e+002  9.4378920e+001  9.0065860e+001  8.8267330e+001  8.5682120e+001  8.6558360e+001  9.9515370e+001  1.2129720e+002  1.3297200e+002  1.3005070e+002  1.3395210e+002  1.3982950e+002  1.4194280e+002  1.4934280e+002  1.6802190e+002  1.8336780e+002  1.8820080e+002  1.8746410e+002  1.8808400e+002  1.9177420e+002  1.9252580e+002  1.8733500e+002  1.7722600e+002  1.6436780e+002  1.5389290e+002  1.5287060e+002  1.5703720e+002  1.5690020e+002  1.4991220e+002  1.4125060e+002  1.3815770e+002  1.3537280e+002  1.2044550e+002  1.1218800e+002  1.1087430e+002  1.1091660e+002  1.1063760e+002  1.0635660e+002  9.4613300e+001  7.9776530e+001  6.7592450e+001  6.4292560e+001  6.5253790e+001  6.8445000e+001  6.8463940e+001  6.5213150e+001  6.2094860e+001  5.8929520e+001  5.5347370e+001  5.0738940e+001  4.5529300e+001  3.8812360e+001  3.0378070e+001  2.0474170e+001  1.0629660e+001  2.4302100e+000  2.0000000e+000  2.0000000e+000  0.0000000e+000  0.0000000e+000  0.0000000e+000  0.0000000e+000  0.0000000e+000  0.0000000e+000  0.0000000e+000  0.0000000e+000  0.0000000e+000  0.0000000e+000  0.0000000e+000  0.0000000e+000  0.0000000e+000  0.0000000e+000  0.0000000e+000  0.0000000e+000  0.0000000e+000  0.0000000e+000  0.0000000e+000  0.0000000e+000  0.0000000e+000  0.0000000e+000  0.0000000e+000  0.0000000e+000  0.0000000e+000  0.0000000e+000  0.0000000e+000  0.0000000e+000  0.0000000e+000  0.0000000e+000  0.0000000e+000  0.0000000e+000  0.0000000e+000  0.0000000e+000  0.0000000e+000
  4.1200250e+006  7.0098240e+002  7.0300570e+002  7.0369660e+002  7.0043810e+002  6.9195130e+002  6.7950550e+002  6.6795320e+002  6.6082240e+002  6.5957590e+002  6.5715840e+002  6.3488850e+002  5.7987570e+002  5.0416600e+002  4.3212630e+002  3.8155360e+002  3.5205340e+002  3.3158000e+002  3.1034410e+002  2.9514940e+002  2.8279760e+002  2.7114520e+002  2.5897330e+002  2.4378830e+002  2.2723520e+002  2.0966180e+002  1.9033280e+002  1.7357910e+002  1.6669630e+002  1.6306320e+002  1.6087240e+002  1.5940550e+002  1.5664190e+002  1.5173300e+002  1.4480850e+002  1.3723590e+002  1.3135990e+002  1.2860240e+002  1.2823910e+002  1.2684200e+002  1.2250070e+002  1.1675800e+002  1.1260350e+002  1.1119290e+002  1.1070000e+002  1.0889110e+002  1.0410950e+002  9.7519550e+001  8.9875000e+001  8.3595010e+001  7.8599160e+001  7.6519560e+001  7.5968540e+001  7.4289970e+001  7.4520100e+001  8.3107510e+001  9.9102170e+001  1.1021450e+002  1.1351760e+002  1.2504970e+002  1.3515570e+002  1.3791770e+002  1.4018210e+002  1.4727330e+002  1.5523240e+002  1.5992440e+002  1.6272510e+002  1.6863490e+002  1.7790600e+002  1.8127690e+002  1.7591080e+002  1.6541630e+002  1.5492880e+002  1.4752140e+002  1.4443400e+002  1.4462990e+002  1.4317100e+002  1.3768010e+002  1.3113160e+002  1.2864520e+002  1.2600420e+002  1.1439760e+002  1.0765710e+002  1.0434560e+002  1.0433190e+002  1.0545040e+002  1.0052830e+002  8.8313310e+001  7.3718650e+001  6.1995670e+001  5.7068050e+001  5.7056630e+001  5.9730580e+001  6.0339000e+001  5.8958290e+001  5.6695530e+001  5.3905890e+001  4.9762210e+001  4.4725630e+001  3.9350980e+001  3.2811790e+001  2.5130440e+001  1.7240640e+001  1.0064950e+001  3.2608870e+000  2.0000000e+000  0.0000000e+000  0.0000000e+000  0.0000000e+000  0.0000000e+000  0.0000000e+000  0.0000000e+000  0.0000000e+000  0.0000000e+000  0.0000000e+000  0.0000000e+000  0.0000000e+000  0.0000000e+000  0.0000000e+000  0.0000000e+000  0.0000000e+000  0.0000000e+000  0.0000000e+000  0.0000000e+000  0.0000000e+000  0.0000000e+000  0.0000000e+000  0.0000000e+000  0.0000000e+000  0.0000000e+000  0.0000000e+000  0.0000000e+000  0.0000000e+000  0.0000000e+000  0.0000000e+000  0.0000000e+000  0.0000000e+000  0.0000000e+000  0.0000000e+000  0.0000000e+000  0.0000000e+000  0.0000000e+000
  4.1200750e+006  6.9360350e+002  6.9629390e+002  6.9688960e+002  6.9328630e+002  6.8509880e+002  6.7339200e+002  6.6432730e+002  6.6070920e+002  6.6206170e+002  6.5921370e+002  6.3194900e+002  5.6645080e+002  4.7859520e+002  4.0074100e+002  3.5658310e+002  3.3996070e+002  3.3048470e+002  3.1419200e+002  2.9737530e+002  2.8249310e+002  2.7009840e+002  2.5872060e+002  2.4379400e+002  2.2697790e+002  2.0832710e+002  1.8488170e+002  1.6241870e+002  1.4785140e+002  1.4136990e+002  1.4194950e+002  1.4377790e+002  1.4410500e+002  1.4270890e+002  1.3966600e+002  1.3515420e+002  1.2994370e+002  1.2584440e+002  1.2371680e+002  1.2053400e+002  1.1539690e+002  1.1078500e+002  1.0760680e+002  1.0736240e+002  1.0521120e+002  1.0092500e+002  9.4602260e+001  8.7628810e+001  8.0912010e+001  7.5413950e+001  7.1256560e+001  6.8891300e+001  6.7513010e+001  6.6619600e+001  6.7545610e+001  7.3485230e+001  8.3131770e+001  9.1521500e+001  1.0184410e+002  1.1939690e+002  1.2988320e+002  1.3015880e+002  1.2760310e+002  1.2767150e+002  1.3148560e+002  1.3602820e+002  1.4028500e+002  1.4868350e+002  1.6181250e+002  1.6721180e+002  1.6149890e+002  1.5077360e+002  1.4355300e+002  1.4165500e+002  1.4074230e+002  1.4081990e+002  1.3891730e+002  1.3447630e+002  1.2992400e+002  1.2878160e+002  1.2487470e+002  1.1112150e+002  9.9882900e+001  9.3714220e+001  9.3186630e+001  9.5037770e+001  9.1295360e+001  8.1484170e+001  6.9992750e+001  6.0904460e+001  5.5991550e+001  5.5006610e+001  5.6478710e+001  5.7213070e+001  5.5903700e+001  5.2847190e+001  4.8604210e+001  4.3478850e+001  3.8459030e+001  3.3829170e+001  2.7792210e+001  2.0703430e+001  1.4353700e+001  9.6238330e+000  4.3319590e+000  2.0000000e+000  0.0000000e+000  0.0000000e+000  0.0000000e+000  0.0000000e+000  0.0000000e+000  0.0000000e+000  0.0000000e+000  0.0000000e+000  0.0000000e+000  0.0000000e+000  0.0000000e+000  0.0000000e+000  0.0000000e+000  0.0000000e+000  0.0000000e+000  0.0000000e+000  0.0000000e+000  0.0000000e+000  0.0000000e+000  0.0000000e+000  0.0000000e+000  0.0000000e+000  0.0000000e+000  0.0000000e+000  0.0000000e+000  0.0000000e+000  0.0000000e+000  0.0000000e+000  0.0000000e+000  0.0000000e+000  0.0000000e+000  0.0000000e+000  0.0000000e+000  0.0000000e+000  0.0000000e+000  0.0000000e+000
  4.1201250e+006  6.8352630e+002  6.8535830e+002  6.8512300e+002  6.8155690e+002  6.7537780e+002  6.6773720e+002  6.6279960e+002  6.6093770e+002  6.6223140e+002  6.5793170e+002  6.2847250e+002  5.6021070e+002  4.6807060e+002  3.8636520e+002  3.4307310e+002  3.3164040e+002  3.2989240e+002  3.1920250e+002  3.0045160e+002  2.8165330e+002  2.6784640e+002  2.5786920e+002  2.4302040e+002  2.2589140e+002  2.0817310e+002  1.8520590e+002  1.6079510e+002  1.4029130e+002  1.2895710e+002  1.2957810e+002  1.3278260e+002  1.3511130e+002  1.3692240e+002  1.3825250e+002  1.3785370e+002  1.3446340e+002  1.2925600e+002  1.2282900e+002  1.1435470e+002  1.0646440e+002  1.0339520e+002  1.0140260e+002  1.0205120e+002  9.9860150e+001  9.5803240e+001  8.8093290e+001  7.9895300e+001  7.3353400e+001  6.8465180e+001  6.5543760e+001  6.3505490e+001  6.1649990e+001  6.0893420e+001  6.1945340e+001  6.5752010e+001  7.0639580e+001  7.5188320e+001  8.7808780e+001  1.0813220e+002  1.1902740e+002  1.1841310e+002  1.1367150e+002  1.1112850e+002  1.1404330e+002  1.1918400e+002  1.2359950e+002  1.3117510e+002  1.4429240e+002  1.5040430e+002  1.4530300e+002  1.3635100e+002  1.3319780e+002  1.3565110e+002  1.3678890e+002  1.3701430e+002  1.3359880e+002  1.2840180e+002  1.2503020e+002  1.2599270e+002  1.2289490e+002  1.0816460e+002  9.4312410e+001  8.5567380e+001  8.3365020e+001  8.5627110e+001  8.3072570e+001  7.5101630e+001  6.6040860e+001  5.9415580e+001  5.5127170e+001  5.3610210e+001  5.4744520e+001  5.5991490e+001  5.3860760e+001  4.9903790e+001  4.4224950e+001  3.7884740e+001  3.2901940e+001  2.9595890e+001  2.3882580e+001  1.7030110e+001  1.1735520e+001  8.7490620e+000  4.5450820e+000  0.0000000e+000  0.0000000e+000  0.0000000e+000  0.0000000e+000  0.0000000e+000  0.0000000e+000  0.0000000e+000  0.0000000e+000  0.0000000e+000  0.0000000e+000  0.0000000e+000  0.0000000e+000  0.0000000e+000  0.0000000e+000  0.0000000e+000  0.0000000e+000  0.0000000e+000  0.0000000e+000  0.0000000e+000  0.0000000e+000  0.0000000e+000  0.0000000e+000  0.0000000e+000  0.0000000e+000  0.0000000e+000  0.0000000e+000  0.0000000e+000  0.0000000e+000  0.0000000e+000  0.0000000e+000  0.0000000e+000  0.0000000e+000  0.0000000e+000  0.0000000e+000  0.0000000e+000  0.0000000e+000  0.0000000e+000
  4.1201750e+006  6.7197850e+002  6.7304970e+002  6.7384670e+002  6.7276860e+002  6.7101070e+002  6.6900210e+002  6.6612350e+002  6.6143350e+002  6.5974300e+002  6.5426070e+002  6.2800570e+002  5.6891660e+002  4.8577680e+002  4.0476930e+002  3.5214650e+002  3.3072530e+002  3.2675560e+002  3.1792410e+002  2.9834890e+002  2.7762340e+002  2.6373540e+002  2.5509580e+002  2.3926230e+002  2.2183480e+002  2.0717750e+002  1.8566260e+002  1.6062140e+002  1.3839610e+002  1.2499460e+002  1.2362820e+002  1.2543800e+002  1.2759890e+002  1.3065630e+002  1.3445280e+002  1.3655030e+002  1.3366720e+002  1.2676280e+002  1.1737920e+002  1.0629100e+002  9.7953340e+001  9.5722240e+001  9.3360060e+001  9.4318010e+001  9.2981290e+001  8.9231770e+001  7.9165000e+001  7.1183110e+001  6.6087450e+001  6.2164710e+001  5.9832370e+001  5.8168750e+001  5.6358330e+001  5.4729960e+001  5.5451710e+001  0.0000000e+000  6.3325350e+001  6.5449590e+001  7.3087680e+001  8.9747570e+001  1.0160230e+002  1.0435260e+002  1.0221860e+002  1.0120540e+002  1.0538670e+002  1.1262960e+002  1.1938070e+002  1.2708350e+002  1.3699470e+002  1.4014930e+002  1.3490410e+002  1.2944470e+002  1.3074840e+002  1.3360140e+002  1.3294460e+002  1.3255940e+002  1.2829530e+002  1.2275670e+002  1.2104330e+002  1.2404860e+002  1.2122350e+002  1.0829140e+002  9.8659530e+001  8.8219940e+001  8.1645570e+001  8.2229820e+001  7.8440960e+001  7.0222940e+001  6.1910770e+001  5.6197930e+001  5.2199500e+001  5.0139340e+001  5.2364090e+001  5.5993680e+001  5.3905430e+001  4.9230980e+001  4.2067340e+001  3.4828850e+001  2.9988080e+001  2.7051150e+001  2.0724510e+001  1.4220150e+001  9.8429490e+000  6.8212360e+000  3.0099140e+000  0.0000000e+000  0.0000000e+000  0.0000000e+000  0.0000000e+000  0.0000000e+000  0.0000000e+000  0.0000000e+000  0.0000000e+000  0.0000000e+000  0.0000000e+000  0.0000000e+000  0.0000000e+000  0.0000000e+000  0.0000000e+000  0.0000000e+000  0.0000000e+000  0.0000000e+000  0.0000000e+000  0.0000000e+000  0.0000000e+000  0.0000000e+000  0.0000000e+000  0.0000000e+000  0.0000000e+000  0.0000000e+000  0.0000000e+000  0.0000000e+000  0.0000000e+000  0.0000000e+000  0.0000000e+000  0.0000000e+000  0.0000000e+000  0.0000000e+000  0.0000000e+000  0.0000000e+000  0.0000000e+000  0.0000000e+000
  4.1202250e+006  6.6026450e+002  6.6173550e+002  6.6482930e+002  6.6725790e+002  6.6998490e+002  6.7231920e+002  6.7007860e+002  6.6239440e+002  6.5761250e+002  6.5105870e+002  6.3431070e+002  5.9373700e+002  5.2647090e+002  4.4715000e+002  3.7938760e+002  3.3764900e+002  3.2075610e+002  3.0899880e+002  2.9071230e+002  2.7152830e+002  2.5991800e+002  2.5000240e+002  2.3283220e+002  2.1553290e+002  2.0406090e+002  1.8440700e+002  1.6049740e+002  1.3876930e+002  1.2437900e+002  1.2022150e+002  1.1956740e+002  1.2017430e+002  1.2220980e+002  1.2555890e+002  1.2788070e+002  1.2414890e+002  1.1571810e+002  1.0778470e+002  9.9919940e+001  9.2749470e+001  8.5639670e+001  7.9596290e+001  7.8871150e+001  7.7895820e+001  7.4064780e+001  6.5748020e+001  6.0881890e+001  5.8512000e+001  5.6001710e+001  5.1652690e+001  4.7129520e+001  4.2823590e+001  3.8872250e+001  3.7349170e+001  0.0000000e+000  0.0000000e+000  0.0000000e+000  6.3214220e+001  7.2775410e+001  8.4035100e+001  9.1284550e+001  9.3501920e+001  9.5520610e+001  1.0224730e+002  1.1326690e+002  1.2404950e+002  1.3255520e+002  1.3845220e+002  1.3717110e+002  1.3081410e+002  1.2751300e+002  1.3078900e+002  1.3185700e+002  1.2819730e+002  1.2786160e+002  1.2566720e+002  1.2167410e+002  1.2068840e+002  1.2240770e+002  1.1823670e+002  1.0896510e+002  1.0362590e+002  9.1652480e+001  8.1747050e+001  8.0059140e+001  7.4518980e+001  6.6314020e+001  5.8856270e+001  5.3147040e+001  4.9385990e+001  4.6470940e+001  5.0046020e+001  5.6349310e+001  5.5127060e+001  4.9753090e+001  4.2161860e+001  3.5959660e+001  3.1515370e+001  2.5116210e+001  1.6767090e+001  1.1066890e+001  7.2160380e+000  3.5877950e+000  0.0000000e+000  0.0000000e+000  0.0000000e+000  0.0000000e+000  0.0000000e+000  0.0000000e+000  0.0000000e+000  0.0000000e+000  0.0000000e+000  0.0000000e+000  0.0000000e+000  0.0000000e+000  0.0000000e+000  0.0000000e+000  0.0000000e+000  0.0000000e+000  0.0000000e+000  0.0000000e+000  0.0000000e+000  0.0000000e+000  0.0000000e+000  0.0000000e+000  0.0000000e+000  0.0000000e+000  0.0000000e+000  0.0000000e+000  0.0000000e+000  0.0000000e+000  0.0000000e+000  0.0000000e+000  0.0000000e+000  0.0000000e+000  0.0000000e+000  0.0000000e+000  0.0000000e+000  0.0000000e+000  0.0000000e+000  0.0000000e+000
  4.1202750e+006  6.4902790e+002  6.5203080e+002  6.5636360e+002  6.6078380e+002  6.6558820e+002  6.6944310e+002  6.6842620e+002  6.6245200e+002  6.5568480e+002  6.4427330e+002  6.4086330e+002  6.2419470e+002  5.7361850e+002  4.9563000e+002  4.1462430e+002  3.5156700e+002  3.1602180e+002  3.0247570e+002  2.8557000e+002  2.6613150e+002  2.5707920e+002  2.4760130e+002  2.3008000e+002  2.1197180e+002  1.9761410e+002  1.7940850e+002  1.5957010e+002  1.3929010e+002  1.2344180e+002  1.1686050e+002  1.1478890e+002  1.1430020e+002  1.1480090e+002  1.1704850e+002  1.2083700e+002  1.1894880e+002  1.1119760e+002  1.0545890e+002  9.9346050e+001  8.9045750e+001  7.5101460e+001  6.5214260e+001  6.1176940e+001  5.9026640e+001  5.7367920e+001  5.4212700e+001  4.9485470e+001  4.5898880e+001  4.2749020e+001  3.7730610e+001  3.1719330e+001  2.5708260e+001  2.0627950e+001  0.0000000e+000  0.0000000e+000  0.0000000e+000  0.0000000e+000  5.5514810e+001  6.2056450e+001  7.1153600e+001  8.0130840e+001  8.5310750e+001  8.9731700e+001  9.9109280e+001  1.1469690e+002  1.2902550e+002  1.3679170e+002  1.3890810e+002  1.3485720e+002  1.2836370e+002  1.2554620e+002  1.2822110e+002  1.2956790e+002  1.2482230e+002  1.2322830e+002  1.2285960e+002  1.2145750e+002  1.2101200e+002  1.2063290e+002  1.1622120e+002  1.0819870e+002  9.9148960e+001  8.5635250e+001  7.7112790e+001  7.3478220e+001  6.7822860e+001  6.0981220e+001  5.3571640e+001  4.8929560e+001  4.9181840e+001  4.8405890e+001  5.1205950e+001  5.5809680e+001  5.1412690e+001  4.5236070e+001  4.0606640e+001  3.7114010e+001  3.2019680e+001  2.2391030e+001  1.3087310e+001  8.6609270e+000  4.4482150e+000  2.0000000e+000  0.0000000e+000  0.0000000e+000  0.0000000e+000  0.0000000e+000  0.0000000e+000  0.0000000e+000  0.0000000e+000  0.0000000e+000  0.0000000e+000  0.0000000e+000  0.0000000e+000  0.0000000e+000  0.0000000e+000  0.0000000e+000  0.0000000e+000  0.0000000e+000  0.0000000e+000  0.0000000e+000  0.0000000e+000  0.0000000e+000  0.0000000e+000  0.0000000e+000  0.0000000e+000  0.0000000e+000  0.0000000e+000  0.0000000e+000  0.0000000e+000  0.0000000e+000  0.0000000e+000  0.0000000e+000  0.0000000e+000  0.0000000e+000  0.0000000e+000  0.0000000e+000  0.0000000e+000  0.0000000e+000  0.0000000e+000  0.0000000e+000
  4.1203250e+006  6.3788200e+002  6.4217470e+002  6.4692250e+002  6.5192040e+002  6.5696410e+002  6.6080840e+002  6.6135780e+002  6.5840700e+002  6.5170450e+002  6.4168440e+002  6.4614350e+002  6.4291610e+002  6.0377580e+002  5.2956520e+002  4.4440940e+002  3.7033160e+002  3.2156790e+002  3.0554570e+002  2.9057790e+002  2.6924190e+002  2.5926450e+002  2.4987170e+002  2.3023120e+002  2.1012130e+002  1.9091950e+002  1.7262820e+002  1.5829900e+002  1.4109810e+002  1.2487380e+002  1.1575490e+002  1.1241980e+002  1.1168150e+002  1.1204760e+002  1.1452890e+002  1.1946330e+002  1.1702470e+002  1.0624030e+002  9.9263870e+001  9.0111920e+001  7.6693660e+001  6.4194980e+001  5.4937360e+001  4.4744910e+001  3.7059060e+001  3.4739910e+001  3.3748830e+001  3.0927960e+001  2.8200340e+001  2.5810520e+001  2.2486660e+001  1.8140330e+001  1.3769370e+001  1.1455690e+001  0.0000000e+000  0.0000000e+000  0.0000000e+000  0.0000000e+000  3.9474230e+001  5.0162830e+001  6.1042750e+001  6.9258120e+001  7.5605570e+001  8.2014170e+001  9.3122360e+001  1.1221430e+002  1.2819510e+002  1.3423750e+002  1.3410760e+002  1.2914600e+002  1.2310120e+002  1.2062790e+002  1.2310090e+002  1.2641210e+002  1.2165000e+002  1.1794220e+002  1.1771660e+002  1.1821910e+002  1.1827430e+002  1.1618790e+002  1.1249990e+002  1.0503830e+002  9.1042570e+001  7.5645440e+001  6.8466440e+001  6.5344780e+001  6.1630050e+001  5.6083500e+001  4.7118670e+001  4.2918640e+001  4.6069530e+001  4.6209110e+001  4.8032310e+001  5.0605670e+001  4.2975750e+001  3.6574400e+001  3.4888500e+001  3.2769360e+001  2.6691060e+001  1.7644820e+001  1.0121410e+001  5.5057370e+000  6.1814100e-001  0.0000000e+000  0.0000000e+000  0.0000000e+000  0.0000000e+000  0.0000000e+000  0.0000000e+000  0.0000000e+000  0.0000000e+000  0.0000000e+000  0.0000000e+000  0.0000000e+000  0.0000000e+000  0.0000000e+000  0.0000000e+000  0.0000000e+000  0.0000000e+000  0.0000000e+000  0.0000000e+000  0.0000000e+000  0.0000000e+000  0.0000000e+000  0.0000000e+000  0.0000000e+000  0.0000000e+000  0.0000000e+000  0.0000000e+000  0.0000000e+000  0.0000000e+000  0.0000000e+000  0.0000000e+000  0.0000000e+000  0.0000000e+000  0.0000000e+000  0.0000000e+000  0.0000000e+000  0.0000000e+000  0.0000000e+000  0.0000000e+000  0.0000000e+000
  4.1203750e+006  6.2673210e+002  6.3148800e+002  6.3640770e+002  6.4139930e+002  6.4607010e+002  6.4956120e+002  6.5092450e+002  6.4878310e+002  6.4157140e+002  6.3784440e+002  6.4124010e+002  6.3511290e+002  5.9971570e+002  5.3479680e+002  4.5923040e+002  3.9177750e+002  3.4301990e+002  3.1911210e+002  3.0735480e+002  2.8524340e+002  2.6772020e+002  2.5323130e+002  2.2805420e+002  2.0787270e+002  1.8574530e+002  1.6637080e+002  1.5666920e+002  1.4237960e+002  1.2600920e+002  1.1504380e+002  1.1151440e+002  1.1174120e+002  1.1361270e+002  1.1729710e+002  1.2092940e+002  1.1569720e+002  1.0189230e+002  9.2181850e+001  7.9410130e+001  6.4883900e+001  5.2818140e+001  3.8620530e+001  2.5948680e+001  1.7063940e+001  1.4132320e+001  1.3376860e+001  1.2644050e+001  1.2069600e+001  1.1648600e+001  1.1099920e+001  1.0293160e+001  9.3065070e+000  8.6248470e+000  0.0000000e+000  0.0000000e+000  0.0000000e+000  0.0000000e+000  0.0000000e+000  2.6086980e+001  4.9384570e+001  6.1685740e+001  6.8434720e+001  7.5853660e+001  8.7680480e+001  1.0703450e+002  1.2154940e+002  1.2651780e+002  1.2697260e+002  1.2253270e+002  1.1661300e+002  1.1506820e+002  1.1885480e+002  1.2291300e+002  1.1777910e+002  1.1274840e+002  1.1181230e+002  1.1232910e+002  1.1142380e+002  1.0609210e+002  1.0185970e+002  9.7168990e+001  8.5491210e+001  7.1495870e+001  6.3874920e+001  6.0784680e+001  5.6380070e+001  4.7269140e+001  3.8883480e+001  3.8984050e+001  4.3516970e+001  4.3379360e+001  4.3514890e+001  4.1629560e+001  3.3284680e+001  2.8498660e+001  2.7609500e+001  2.4456500e+001  1.8317020e+001  1.1828700e+001  6.4055630e+000  1.5187910e+000  2.0000000e+000  0.0000000e+000  0.0000000e+000  0.0000000e+000  0.0000000e+000  0.0000000e+000  0.0000000e+000  0.0000000e+000  0.0000000e+000  0.0000000e+000  0.0000000e+000  0.0000000e+000  0.0000000e+000  0.0000000e+000  0.0000000e+000  0.0000000e+000  0.0000000e+000  0.0000000e+000  0.0000000e+000  0.0000000e+000  0.0000000e+000  0.0000000e+000  0.0000000e+000  0.0000000e+000  0.0000000e+000  0.0000000e+000  0.0000000e+000  0.0000000e+000  0.0000000e+000  0.0000000e+000  0.0000000e+000  0.0000000e+000  0.0000000e+000  0.0000000e+000  0.0000000e+000  0.0000000e+000  0.0000000e+000  0.0000000e+000  0.0000000e+000  0.0000000e+000
  4.1204250e+006  6.1597540e+002  6.2066280e+002  6.2549260e+002  6.3023900e+002  6.3441130e+002  6.3738380e+002  6.3870250e+002  6.3787740e+002  6.3460800e+002  6.3107610e+002  6.2495400e+002  6.0830070e+002  5.7263890e+002  5.1848550e+002  4.5902560e+002  4.0894690e+002  3.7451140e+002  3.5392190e+002  3.3622470e+002  3.0818700e+002  2.8507640e+002  2.5619270e+002  2.2136950e+002  2.0314880e+002  1.8226760e+002  1.6401070e+002  1.5558590e+002  1.4223920e+002  1.2549640e+002  1.1349210e+002  1.1053350e+002  1.1148960e+002  1.1346170e+002  1.1517460e+002  1.1261110e+002  1.0297490e+002  9.0291840e+001  8.0779560e+001  7.0378450e+001  5.6471230e+001  3.5026940e+001  1.8820050e+001  1.2496120e+001  9.1452870e+000  0.0000000e+000  0.0000000e+000  3.3271290e+000  3.4346350e+000  4.0355070e+000  0.0000000e+000  0.0000000e+000  6.5539970e+000  6.5895730e+000  0.0000000e+000  0.0000000e+000  0.0000000e+000  0.0000000e+000  0.0000000e+000  0.0000000e+000  3.5234760e+001  5.5832510e+001  6.5261680e+001  7.4139330e+001  8.8172620e+001  1.0570910e+002  1.1679390e+002  1.2187060e+002  1.2540810e+002  1.2311940e+002  1.1714330e+002  1.1461920e+002  1.1807570e+002  1.2125920e+002  1.1501720e+002  1.0963400e+002  1.0818220e+002  1.0705930e+002  1.0387630e+002  9.4570370e+001  8.7816580e+001  8.4776540e+001  7.7917440e+001  6.8296720e+001  6.1854900e+001  5.8161960e+001  4.8763620e+001  3.5186510e+001  2.8659230e+001  3.1500610e+001  3.3920590e+001  3.4345840e+001  3.4934850e+001  2.8727740e+001  2.1804590e+001  2.0218560e+001  1.9377740e+001  1.6138480e+001  1.2019210e+001  8.5996480e+000  3.7157860e+000  2.0000000e+000  0.0000000e+000  0.0000000e+000  0.0000000e+000  0.0000000e+000  0.0000000e+000  0.0000000e+000  0.0000000e+000  0.0000000e+000  0.0000000e+000  0.0000000e+000  0.0000000e+000  0.0000000e+000  0.0000000e+000  0.0000000e+000  0.0000000e+000  0.0000000e+000  0.0000000e+000  0.0000000e+000  0.0000000e+000  0.0000000e+000  0.0000000e+000  0.0000000e+000  0.0000000e+000  0.0000000e+000  0.0000000e+000  0.0000000e+000  0.0000000e+000  0.0000000e+000  0.0000000e+000  0.0000000e+000  0.0000000e+000  0.0000000e+000  0.0000000e+000  0.0000000e+000  0.0000000e+000  0.0000000e+000  0.0000000e+000  0.0000000e+000  0.0000000e+000  0.0000000e+000
  4.1204750e+006  6.0608270e+002  6.1029550e+002  6.1483170e+002  6.1927860e+002  6.2295210e+002  6.2524450e+002  6.2575040e+002  6.2421800e+002  6.2020350e+002  6.1265450e+002  5.9905630e+002  5.7569180e+002  5.3954600e+002  4.9312740e+002  4.4751420e+002  4.1484560e+002  3.9684770e+002  3.8373020e+002  3.6013670e+002  3.2376180e+002  2.9854380e+002  2.5912450e+002  2.1722150e+002  1.9435650e+002  1.7595850e+002  1.6256530e+002  1.5549610e+002  1.4189620e+002  1.2495950e+002  1.1273900e+002  1.0939800e+002  1.0900620e+002  1.0855790e+002  1.0641190e+002  9.7544170e+001  8.5031750e+001  7.5274070e+001  6.8473790e+001  6.0661460e+001  4.5194230e+001  2.0632240e+001  1.0510350e+001  0.0000000e+000  0.0000000e+000  0.0000000e+000  0.0000000e+000  0.0000000e+000  0.0000000e+000  0.0000000e+000  0.0000000e+000  0.0000000e+000  0.0000000e+000  0.0000000e+000  0.0000000e+000  0.0000000e+000  0.0000000e+000  0.0000000e+000  0.0000000e+000  0.0000000e+000  0.0000000e+000  4.4474140e+001  6.0276560e+001  7.1531420e+001  8.8738070e+001  1.0598790e+002  1.1479720e+002  1.2076230e+002  1.2808270e+002  1.2938460e+002  1.2402660e+002  1.1743780e+002  1.1684030e+002  1.1901020e+002  1.1334760e+002  1.0797510e+002  1.0550630e+002  1.0286280e+002  9.8439880e+001  8.8328960e+001  8.0473390e+001  7.6669990e+001  7.2018840e+001  6.5884850e+001  6.1244530e+001  5.7213290e+001  4.5169340e+001  3.0913680e+001  2.7143860e+001  2.9254280e+001  2.7682400e+001  2.9333720e+001  3.3141230e+001  2.5325290e+001  1.7191380e+001  1.4698270e+001  1.3273560e+001  1.1244650e+001  9.2054440e+000  6.1749610e+000  9.1426800e-001  0.0000000e+000  0.0000000e+000  0.0000000e+000  0.0000000e+000  0.0000000e+000  0.0000000e+000  0.0000000e+000  0.0000000e+000  0.0000000e+000  0.0000000e+000  0.0000000e+000  0.0000000e+000  0.0000000e+000  0.0000000e+000  0.0000000e+000  0.0000000e+000  0.0000000e+000  0.0000000e+000  0.0000000e+000  0.0000000e+000  0.0000000e+000  0.0000000e+000  0.0000000e+000  0.0000000e+000  0.0000000e+000  0.0000000e+000  0.0000000e+000  0.0000000e+000  0.0000000e+000  0.0000000e+000  0.0000000e+000  0.0000000e+000  0.0000000e+000  0.0000000e+000  0.0000000e+000  0.0000000e+000  0.0000000e+000  0.0000000e+000  0.0000000e+000  0.0000000e+000  0.0000000e+000
  4.1205250e+006  5.9759320e+002  6.0090560e+002  6.0505270e+002  6.0926630e+002  6.1248210e+002  6.1401100e+002  6.1346740e+002  6.1026110e+002  6.0349660e+002  5.9191420e+002  5.7366920e+002  5.4662890e+002  5.0995330e+002  4.6746200e+002  4.3037780e+002  4.1004520e+002  4.0334740e+002  3.9604280e+002  3.7376440e+002  3.3803840e+002  3.0358910e+002  2.5959980e+002  2.1513480e+002  1.8687750e+002  1.6955620e+002  1.6040620e+002  1.5279660e+002  1.3942780e+002  1.2375380e+002  1.1239230e+002  1.0824180e+002  1.0391040e+002  9.8747800e+001  9.3869870e+001  8.5403740e+001  7.4501880e+001  6.6410100e+001  5.9873800e+001  4.6289530e+001  2.3947140e+001  0.0000000e+000  0.0000000e+000  0.0000000e+000  0.0000000e+000  0.0000000e+000  0.0000000e+000  0.0000000e+000  0.0000000e+000  0.0000000e+000  0.0000000e+000  0.0000000e+000  0.0000000e+000  0.0000000e+000  0.0000000e+000  0.0000000e+000  0.0000000e+000  0.0000000e+000  0.0000000e+000  0.0000000e+000  0.0000000e+000  0.0000000e+000  4.3751650e+001  5.7433110e+001  7.9238990e+001  9.9040420e+001  1.0800690e+002  1.1486560e+002  1.2414230e+002  1.2810420e+002  1.2550530e+002  1.1953860e+002  1.1792700e+002  1.1916370e+002  1.1499090e+002  1.0934570e+002  1.0519700e+002  1.0153310e+002  9.6520570e+001  8.6680180e+001  7.8387220e+001  7.3504630e+001  6.9532870e+001  6.5436330e+001  6.2025310e+001  5.8379230e+001  4.9970160e+001  4.0307540e+001  3.6457370e+001  3.6871500e+001  3.1197350e+001  3.2323040e+001  3.6225980e+001  2.8535120e+001  1.8808570e+001  1.3579410e+001  1.0935050e+001  9.3755570e+000  7.2352410e+000  3.4835510e+000  0.0000000e+000  0.0000000e+000  0.0000000e+000  0.0000000e+000  0.0000000e+000  0.0000000e+000  0.0000000e+000  0.0000000e+000  0.0000000e+000  0.0000000e+000  0.0000000e+000  0.0000000e+000  0.0000000e+000  0.0000000e+000  0.0000000e+000  0.0000000e+000  0.0000000e+000  0.0000000e+000  0.0000000e+000  0.0000000e+000  0.0000000e+000  0.0000000e+000  0.0000000e+000  0.0000000e+000  0.0000000e+000  0.0000000e+000  0.0000000e+000  0.0000000e+000  0.0000000e+000  0.0000000e+000  0.0000000e+000  0.0000000e+000  0.0000000e+000  0.0000000e+000  0.0000000e+000  0.0000000e+000  0.0000000e+000  0.0000000e+000  0.0000000e+000  0.0000000e+000  0.0000000e+000  0.0000000e+000
  4.1205750e+006  5.9121220e+002  5.9328040e+002  5.9698600e+002  6.0098910e+002  6.0371210e+002  6.0441550e+002  6.0295700e+002  5.9844220e+002  5.8955060e+002  5.7522300e+002  5.5432970e+002  5.2573460e+002  4.8954250e+002  4.4984500e+002  4.1765730e+002  4.0369380e+002  4.0239000e+002  3.9878650e+002  3.7948010e+002  3.4414660e+002  3.0318410e+002  2.5961770e+002  2.1426010e+002  1.8235480e+002  1.6476200e+002  1.5764220e+002  1.4916880e+002  1.3632380e+002  1.2233410e+002  1.1225450e+002  1.0738470e+002  9.7595540e+001  8.6593550e+001  7.9473200e+001  7.3026600e+001  6.6646350e+001  6.0841900e+001  4.9433880e+001  2.5026480e+001  1.1560220e+001  0.0000000e+000  0.0000000e+000  0.0000000e+000  0.0000000e+000  0.0000000e+000  0.0000000e+000  0.0000000e+000  0.0000000e+000  0.0000000e+000  0.0000000e+000  0.0000000e+000  0.0000000e+000  0.0000000e+000  0.0000000e+000  0.0000000e+000  0.0000000e+000  0.0000000e+000  0.0000000e+000  0.0000000e+000  0.0000000e+000  0.0000000e+000  0.0000000e+000  2.6672210e+001  5.4012920e+001  7.9814220e+001  8.9007490e+001  9.5310090e+001  1.0702550e+002  1.1524350e+002  1.1930200e+002  1.1839100e+002  1.1816630e+002  1.1897910e+002  1.1660530e+002  1.1143330e+002  1.0661930e+002  1.0244280e+002  9.6730830e+001  8.6608600e+001  7.7874980e+001  7.2557980e+001  6.9088020e+001  6.6044730e+001  6.3008130e+001  5.9869810e+001  5.6339960e+001  5.1989620e+001  4.7714960e+001  4.8429520e+001  4.0963570e+001  4.0437970e+001  3.9829250e+001  3.0108120e+001  1.9950920e+001  1.3804760e+001  1.0335000e+001  7.9917340e+000  5.0575030e+000  8.9518400e-001  0.0000000e+000  0.0000000e+000  0.0000000e+000  0.0000000e+000  0.0000000e+000  0.0000000e+000  0.0000000e+000  0.0000000e+000  0.0000000e+000  0.0000000e+000  0.0000000e+000  0.0000000e+000  0.0000000e+000  0.0000000e+000  0.0000000e+000  0.0000000e+000  0.0000000e+000  0.0000000e+000  0.0000000e+000  0.0000000e+000  0.0000000e+000  0.0000000e+000  0.0000000e+000  0.0000000e+000  0.0000000e+000  0.0000000e+000  0.0000000e+000  0.0000000e+000  0.0000000e+000  0.0000000e+000  0.0000000e+000  0.0000000e+000  0.0000000e+000  0.0000000e+000  0.0000000e+000  0.0000000e+000  0.0000000e+000  0.0000000e+000  0.0000000e+000  0.0000000e+000  0.0000000e+000  0.0000000e+000
  4.1206250e+006  5.8784540e+002  5.8870290e+002  5.9173760e+002  5.9515440e+002  5.9711260e+002  5.9685890e+002  5.9487290e+002  5.8975620e+002  5.7956040e+002  5.6380260e+002  5.4223750e+002  5.1443100e+002  4.8105840e+002  4.4602110e+002  4.1805820e+002  4.0506740e+002  4.0303650e+002  4.0043900e+002  3.8404880e+002  3.5069350e+002  3.0952390e+002  2.6419170e+002  2.1497530e+002  1.8079310e+002  1.6256480e+002  1.5387830e+002  1.4501630e+002  1.3360430e+002  1.2140090e+002  1.1172620e+002  1.0445260e+002  8.9690000e+001  7.5039410e+001  6.7587670e+001  6.3060510e+001  5.9412570e+001  5.2428210e+001  3.4949680e+001  1.4975160e+001  7.7784960e+000  0.0000000e+000  0.0000000e+000  0.0000000e+000  0.0000000e+000  0.0000000e+000  0.0000000e+000  0.0000000e+000  0.0000000e+000  0.0000000e+000  0.0000000e+000  0.0000000e+000  0.0000000e+000  0.0000000e+000  0.0000000e+000  0.0000000e+000  0.0000000e+000  0.0000000e+000  0.0000000e+000  0.0000000e+000  0.0000000e+000  0.0000000e+000  0.0000000e+000  0.0000000e+000  0.0000000e+000  4.9547280e+001  6.1130640e+001  6.8829770e+001  8.1222050e+001  9.4869020e+001  1.0894430e+002  1.1355370e+002  1.1324490e+002  1.1418910e+002  1.1432180e+002  1.1105170e+002  1.0790140e+002  1.0434700e+002  9.7563980e+001  8.6361930e+001  7.7263240e+001  7.2271000e+001  6.9718790e+001  6.7455980e+001  6.4257650e+001  5.9867730e+001  5.5019580e+001  5.0334930e+001  4.7918210e+001  5.2322760e+001  4.6898800e+001  4.4562870e+001  3.8167640e+001  2.6055210e+001  1.8014930e+001  1.3430510e+001  1.0006260e+001  6.7450100e+000  2.9799880e+000  0.0000000e+000  0.0000000e+000  0.0000000e+000  0.0000000e+000  0.0000000e+000  0.0000000e+000  0.0000000e+000  0.0000000e+000  0.0000000e+000  0.0000000e+000  0.0000000e+000  0.0000000e+000  0.0000000e+000  0.0000000e+000  0.0000000e+000  0.0000000e+000  0.0000000e+000  0.0000000e+000  0.0000000e+000  0.0000000e+000  0.0000000e+000  0.0000000e+000  0.0000000e+000  0.0000000e+000  0.0000000e+000  0.0000000e+000  0.0000000e+000  0.0000000e+000  0.0000000e+000  0.0000000e+000  0.0000000e+000  0.0000000e+000  0.0000000e+000  0.0000000e+000  0.0000000e+000  0.0000000e+000  0.0000000e+000  0.0000000e+000  0.0000000e+000  0.0000000e+000  0.0000000e+000  0.0000000e+000  0.0000000e+000
  4.1206750e+006  5.8769610e+002  5.8768440e+002  5.8939980e+002  5.9139480e+002  5.9239180e+002  5.9133710e+002  5.8942070e+002  5.8432100e+002  5.7325450e+002  5.5704430e+002  5.3645000e+002  5.1117170e+002  4.8199390e+002  4.5242850e+002  4.2833980e+002  4.1425440e+002  4.0837010e+002  4.0338510e+002  3.8740600e+002  3.5566230e+002  3.1560620e+002  2.6832810e+002  2.1575330e+002  1.8036600e+002  1.6166530e+002  1.5105620e+002  1.4193810e+002  1.3200420e+002  1.2121410e+002  1.1004940e+002  9.7093980e+001  7.9438740e+001  6.5534460e+001  6.0925090e+001  5.8207530e+001  5.1488680e+001  3.7975940e+001  1.9364900e+001  9.8715710e+000  0.0000000e+000  0.0000000e+000  0.0000000e+000  0.0000000e+000  0.0000000e+000  0.0000000e+000  0.0000000e+000  0.0000000e+000  0.0000000e+000  0.0000000e+000  0.0000000e+000  0.0000000e+000  0.0000000e+000  0.0000000e+000  0.0000000e+000  0.0000000e+000  0.0000000e+000  0.0000000e+000  0.0000000e+000  0.0000000e+000  0.0000000e+000  0.0000000e+000  0.0000000e+000  0.0000000e+000  0.0000000e+000  0.0000000e+000  3.4623120e+001  4.9733940e+001  6.2747910e+001  7.5271730e+001  9.2740800e+001  1.0185890e+002  1.0435430e+002  1.0930150e+002  1.1202160e+002  1.0924170e+002  1.0849340e+002  1.0796370e+002  1.0099070e+002  8.7943440e+001  7.7234410e+001  7.2469290e+001  7.1337550e+001  6.9821670e+001  6.6003700e+001  5.8496480e+001  4.6129630e+001  3.4759880e+001  3.4879140e+001  4.3238590e+001  3.8211360e+001  3.3916760e+001  2.8133670e+001  2.0098680e+001  1.6470100e+001  1.3490330e+001  9.8536610e+000  5.6854250e+000  0.0000000e+000  0.0000000e+000  0.0000000e+000  0.0000000e+000  0.0000000e+000  0.0000000e+000  0.0000000e+000  0.0000000e+000  0.0000000e+000  0.0000000e+000  0.0000000e+000  0.0000000e+000  0.0000000e+000  0.0000000e+000  0.0000000e+000  0.0000000e+000  0.0000000e+000  0.0000000e+000  0.0000000e+000  0.0000000e+000  0.0000000e+000  0.0000000e+000  0.0000000e+000  0.0000000e+000  0.0000000e+000  0.0000000e+000  0.0000000e+000  0.0000000e+000  0.0000000e+000  0.0000000e+000  0.0000000e+000  0.0000000e+000  0.0000000e+000  0.0000000e+000  0.0000000e+000  0.0000000e+000  0.0000000e+000  0.0000000e+000  0.0000000e+000  0.0000000e+000  0.0000000e+000  0.0000000e+000  0.0000000e+000  0.0000000e+000
  4.1207250e+006  5.8902870e+002  5.8815110e+002  5.8765370e+002  5.8760620e+002  5.8835470e+002  5.8778250e+002  5.8642650e+002  5.8100270e+002  5.6872130e+002  5.5286790e+002  5.3474930e+002  5.1295700e+002  4.8776860e+002  4.6274740e+002  4.4199110e+002  4.2744500e+002  4.1752430e+002  4.0742790e+002  3.8943990e+002  3.5985390e+002  3.2168200e+002  2.7236540e+002  2.1651310e+002  1.8010310e+002  1.6121440e+002  1.4955820e+002  1.4029650e+002  1.3139600e+002  1.2149260e+002  1.0851880e+002  9.0342770e+001  7.1638720e+001  6.1594620e+001  5.8566060e+001  5.5546100e+001  4.6736400e+001  3.0633580e+001  1.3714660e+001  0.0000000e+000  0.0000000e+000  0.0000000e+000  0.0000000e+000  0.0000000e+000  0.0000000e+000  0.0000000e+000  0.0000000e+000  0.0000000e+000  0.0000000e+000  0.0000000e+000  0.0000000e+000  0.0000000e+000  0.0000000e+000  0.0000000e+000  0.0000000e+000  0.0000000e+000  0.0000000e+000  0.0000000e+000  0.0000000e+000  0.0000000e+000  0.0000000e+000  0.0000000e+000  0.0000000e+000  0.0000000e+000  0.0000000e+000  0.0000000e+000  0.0000000e+000  0.0000000e+000  4.4334720e+001  5.4690980e+001  6.7568900e+001  7.8864770e+001  8.8660460e+001  1.0539760e+002  1.1113710e+002  1.0567900e+002  1.0466680e+002  1.0828940e+002  1.0379380e+002  9.0165660e+001  7.7388690e+001  7.3102730e+001  7.4329470e+001  7.3091450e+001  6.7880620e+001  5.8161020e+001  4.2386920e+001  2.8372060e+001  2.9673260e+001  3.5753280e+001  2.8098990e+001  2.2622700e+001  2.1939340e+001  2.1281990e+001  1.9659320e+001  1.5038890e+001  9.9517140e+000  4.8334580e+000  0.0000000e+000  0.0000000e+000  0.0000000e+000  0.0000000e+000  0.0000000e+000  0.0000000e+000  0.0000000e+000  0.0000000e+000  0.0000000e+000  0.0000000e+000  0.0000000e+000  0.0000000e+000  0.0000000e+000  0.0000000e+000  0.0000000e+000  0.0000000e+000  0.0000000e+000  0.0000000e+000  0.0000000e+000  0.0000000e+000  0.0000000e+000  0.0000000e+000  0.0000000e+000  0.0000000e+000  0.0000000e+000  0.0000000e+000  0.0000000e+000  0.0000000e+000  0.0000000e+000  0.0000000e+000  0.0000000e+000  0.0000000e+000  0.0000000e+000  0.0000000e+000  0.0000000e+000  0.0000000e+000  0.0000000e+000  0.0000000e+000  0.0000000e+000  0.0000000e+000  0.0000000e+000  0.0000000e+000  0.0000000e+000  0.0000000e+000
  4.1207750e+006  5.8966380e+002  5.8815000e+002  5.8546550e+002  5.8359140e+002  5.8489620e+002  5.8577250e+002  5.8385610e+002  5.7623360e+002  5.6240360e+002  5.4852840e+002  5.3473950e+002  5.1681520e+002  4.9428050e+002  4.7221780e+002  4.5402960e+002  4.3929560e+002  4.2609950e+002  4.1264680e+002  3.9592080e+002  3.7205580e+002  3.3601310e+002  2.8121710e+002  2.1862980e+002  1.8038990e+002  1.6108310e+002  1.4879580e+002  1.3951720e+002  1.3134610e+002  1.2195340e+002  1.0772880e+002  8.6123850e+001  6.6280510e+001  5.9593390e+001  5.7640360e+001  5.4579360e+001  4.5921480e+001  2.9158860e+001  1.2739730e+001  0.0000000e+000  0.0000000e+000  0.0000000e+000  0.0000000e+000  0.0000000e+000  0.0000000e+000  0.0000000e+000  0.0000000e+000  0.0000000e+000  0.0000000e+000  0.0000000e+000  0.0000000e+000  0.0000000e+000  0.0000000e+000  0.0000000e+000  0.0000000e+000  0.0000000e+000  0.0000000e+000  0.0000000e+000  0.0000000e+000  0.0000000e+000  0.0000000e+000  0.0000000e+000  0.0000000e+000  0.0000000e+000  0.0000000e+000  0.0000000e+000  0.0000000e+000  0.0000000e+000  0.0000000e+000  2.3233990e+001  4.4147900e+001  5.5288190e+001  6.9799630e+001  9.3133990e+001  9.9065160e+001  9.3569110e+001  9.1621900e+001  9.7357330e+001  9.8133850e+001  8.7695710e+001  7.5144030e+001  7.2270990e+001  7.7147170e+001  7.5997900e+001  6.9186400e+001  5.9831440e+001  4.8826590e+001  3.8785740e+001  3.8963990e+001  3.9462890e+001  2.6580670e+001  1.8363550e+001  2.0445730e+001  2.3831140e+001  2.1043500e+001  1.4655060e+001  9.5443310e+000  4.0874440e+000  0.0000000e+000  0.0000000e+000  0.0000000e+000  0.0000000e+000  0.0000000e+000  0.0000000e+000  0.0000000e+000  0.0000000e+000  0.0000000e+000  0.0000000e+000  0.0000000e+000  0.0000000e+000  0.0000000e+000  0.0000000e+000  0.0000000e+000  0.0000000e+000  0.0000000e+000  0.0000000e+000  0.0000000e+000  0.0000000e+000  0.0000000e+000  0.0000000e+000  0.0000000e+000  0.0000000e+000  0.0000000e+000  0.0000000e+000  0.0000000e+000  0.0000000e+000  0.0000000e+000  0.0000000e+000  0.0000000e+000  0.0000000e+000  0.0000000e+000  0.0000000e+000  0.0000000e+000  0.0000000e+000  0.0000000e+000  0.0000000e+000  0.0000000e+000  0.0000000e+000  0.0000000e+000  0.0000000e+000  0.0000000e+000  0.0000000e+000
  4.1208250e+006  5.8873940e+002  5.8773270e+002  5.8494690e+002  5.8246030e+002  5.8335470e+002  5.8283680e+002  5.7623440e+002  5.6417610e+002  5.5097950e+002  5.4241820e+002  5.3449080e+002  5.1968830e+002  4.9776620e+002  4.7766860e+002  4.6205080e+002  4.4678330e+002  4.3028760e+002  4.1660890e+002  4.0573400e+002  3.9082340e+002  3.5748270e+002  2.9635590e+002  2.2853050e+002  1.8616670e+002  1.6227790e+002  1.4875990e+002  1.3965910e+002  1.3218770e+002  1.2300040e+002  1.0813640e+002  8.6037780e+001  6.4854690e+001  5.7677150e+001  5.5417650e+001  5.2125730e+001  4.3988400e+001  2.7532160e+001  1.2196970e+001  0.0000000e+000  0.0000000e+000  0.0000000e+000  0.0000000e+000  0.0000000e+000  0.0000000e+000  0.0000000e+000  0.0000000e+000  0.0000000e+000  0.0000000e+000  0.0000000e+000  0.0000000e+000  0.0000000e+000  0.0000000e+000  0.0000000e+000  0.0000000e+000  0.0000000e+000  0.0000000e+000  0.0000000e+000  0.0000000e+000  0.0000000e+000  0.0000000e+000  0.0000000e+000  0.0000000e+000  0.0000000e+000  0.0000000e+000  0.0000000e+000  0.0000000e+000  0.0000000e+000  0.0000000e+000  0.0000000e+000  1.1830540e+001  2.2844950e+001  4.5794910e+001  6.0849740e+001  6.6935490e+001  7.2244480e+001  7.5995110e+001  8.3609210e+001  8.7820770e+001  8.0993210e+001  6.9392020e+001  6.6212320e+001  7.3750080e+001  7.5274540e+001  6.9586800e+001  6.2171470e+001  5.6404540e+001  4.8894450e+001  4.6340800e+001  4.3578180e+001  2.7860170e+001  1.7416780e+001  1.9379240e+001  2.3013090e+001  1.8882010e+001  1.2217860e+001  7.9865040e+000  0.0000000e+000  0.0000000e+000  0.0000000e+000  0.0000000e+000  0.0000000e+000  0.0000000e+000  0.0000000e+000  0.0000000e+000  0.0000000e+000  0.0000000e+000  0.0000000e+000  0.0000000e+000  0.0000000e+000  0.0000000e+000  0.0000000e+000  0.0000000e+000  0.0000000e+000  0.0000000e+000  0.0000000e+000  0.0000000e+000  0.0000000e+000  0.0000000e+000  0.0000000e+000  0.0000000e+000  0.0000000e+000  0.0000000e+000  0.0000000e+000  0.0000000e+000  0.0000000e+000  0.0000000e+000  0.0000000e+000  0.0000000e+000  0.0000000e+000  0.0000000e+000  0.0000000e+000  0.0000000e+000  0.0000000e+000  0.0000000e+000  0.0000000e+000  0.0000000e+000  0.0000000e+000  0.0000000e+000  0.0000000e+000  0.0000000e+000  0.0000000e+000
  4.1208750e+006  5.8805490e+002  5.8765960e+002  5.8580120e+002  5.8349870e+002  5.8291960e+002  5.7791050e+002  5.6333320e+002  5.4632220e+002  5.3719320e+002  5.3579010e+002  5.3219640e+002  5.1780130e+002  4.9504200e+002  4.7802470e+002  4.6720430e+002  4.5269550e+002  4.3268360e+002  4.1880220e+002  4.1316410e+002  4.0541670e+002  3.7518870e+002  3.1440450e+002  2.5248870e+002  2.0170320e+002  1.6635850e+002  1.5120380e+002  1.4240940e+002  1.3612720e+002  1.2794220e+002  1.1315240e+002  9.1170490e+001  6.6191280e+001  5.6840080e+001  5.1725250e+001  4.4462240e+001  3.4216970e+001  2.0954560e+001  1.0389220e+001  0.0000000e+000  0.0000000e+000  0.0000000e+000  0.0000000e+000  0.0000000e+000  0.0000000e+000  0.0000000e+000  0.0000000e+000  0.0000000e+000  0.0000000e+000  0.0000000e+000  0.0000000e+000  0.0000000e+000  0.0000000e+000  0.0000000e+000  0.0000000e+000  0.0000000e+000  0.0000000e+000  0.0000000e+000  0.0000000e+000  0.0000000e+000  0.0000000e+000  0.0000000e+000  0.0000000e+000  0.0000000e+000  0.0000000e+000  0.0000000e+000  0.0000000e+000  0.0000000e+000  0.0000000e+000  0.0000000e+000  0.0000000e+000  2.0000000e+000  1.5308600e+001  2.9394340e+001  4.2199360e+001  5.6220090e+001  6.3582370e+001  7.0067960e+001  7.3803470e+001  7.1143010e+001  6.4708190e+001  6.1759650e+001  6.9412050e+001  7.4420990e+001  7.1521960e+001  6.5201470e+001  5.8965900e+001  5.0854510e+001  4.5577930e+001  4.1727390e+001  2.8108380e+001  1.7909190e+001  1.7899090e+001  1.8907960e+001  1.5025520e+001  1.0035640e+001  4.9023590e+000  0.0000000e+000  0.0000000e+000  0.0000000e+000  0.0000000e+000  0.0000000e+000  0.0000000e+000  0.0000000e+000  0.0000000e+000  0.0000000e+000  0.0000000e+000  0.0000000e+000  0.0000000e+000  0.0000000e+000  0.0000000e+000  0.0000000e+000  0.0000000e+000  0.0000000e+000  0.0000000e+000  0.0000000e+000  0.0000000e+000  0.0000000e+000  0.0000000e+000  0.0000000e+000  0.0000000e+000  0.0000000e+000  0.0000000e+000  0.0000000e+000  0.0000000e+000  0.0000000e+000  0.0000000e+000  0.0000000e+000  0.0000000e+000  0.0000000e+000  0.0000000e+000  0.0000000e+000  0.0000000e+000  0.0000000e+000  0.0000000e+000  0.0000000e+000  0.0000000e+000  0.0000000e+000  0.0000000e+000  0.0000000e+000  0.0000000e+000  0.0000000e+000
  4.1209250e+006  5.8615860e+002  5.8617820e+002  5.8601240e+002  5.8514560e+002  5.8374990e+002  5.7509470e+002  5.5504460e+002  5.3540970e+002  5.2899670e+002  5.3077260e+002  5.2718090e+002  5.1107610e+002  4.8848680e+002  4.7594160e+002  4.7093960e+002  4.5863940e+002  4.3596170e+002  4.2036060e+002  4.1540740e+002  4.0858670e+002  3.8022790e+002  3.2363240e+002  2.6313130e+002  2.1158390e+002  1.7633350e+002  1.6163160e+002  1.5088070e+002  1.4605770e+002  1.4117190e+002  1.2782860e+002  1.0235420e+002  7.0748310e+001  5.8094570e+001  4.8543750e+001  3.5600700e+001  2.2447070e+001  1.3020390e+001  7.5621680e+000  0.0000000e+000  0.0000000e+000  0.0000000e+000  0.0000000e+000  0.0000000e+000  0.0000000e+000  0.0000000e+000  0.0000000e+000  0.0000000e+000  0.0000000e+000  0.0000000e+000  0.0000000e+000  0.0000000e+000  0.0000000e+000  0.0000000e+000  0.0000000e+000  0.0000000e+000  0.0000000e+000  0.0000000e+000  0.0000000e+000  0.0000000e+000  0.0000000e+000  0.0000000e+000  0.0000000e+000  0.0000000e+000  0.0000000e+000  0.0000000e+000  0.0000000e+000  0.0000000e+000  0.0000000e+000  0.0000000e+000  0.0000000e+000  0.0000000e+000  0.0000000e+000  0.0000000e+000  0.0000000e+000  4.1996780e+001  5.3032800e+001  5.7873510e+001  6.0695050e+001  6.2081500e+001  6.1910060e+001  6.3856910e+001  7.2500020e+001  7.8495140e+001  7.5629820e+001  6.8352400e+001  5.9624890e+001  4.9591400e+001  4.1596310e+001  3.7838290e+001  2.7501190e+001  1.8301590e+001  1.6679470e+001  1.5314010e+001  1.1605150e+001  7.8101120e+000  1.3043820e+000  0.0000000e+000  0.0000000e+000  0.0000000e+000  0.0000000e+000  0.0000000e+000  0.0000000e+000  0.0000000e+000  0.0000000e+000  0.0000000e+000  0.0000000e+000  0.0000000e+000  0.0000000e+000  0.0000000e+000  0.0000000e+000  0.0000000e+000  0.0000000e+000  0.0000000e+000  0.0000000e+000  0.0000000e+000  0.0000000e+000  0.0000000e+000  0.0000000e+000  0.0000000e+000  0.0000000e+000  0.0000000e+000  0.0000000e+000  0.0000000e+000  0.0000000e+000  0.0000000e+000  0.0000000e+000  0.0000000e+000  0.0000000e+000  0.0000000e+000  0.0000000e+000  0.0000000e+000  0.0000000e+000  0.0000000e+000  0.0000000e+000  0.0000000e+000  0.0000000e+000  0.0000000e+000  0.0000000e+000  0.0000000e+000  0.0000000e+000  0.0000000e+000
  4.1209750e+006  5.7643540e+002  5.7830310e+002  5.8330820e+002  5.8552020e+002  5.8329170e+002  5.7203700e+002  5.4978300e+002  5.2937990e+002  5.2285710e+002  5.2398220e+002  5.1934560e+002  5.0405210e+002  4.8477810e+002  4.7551360e+002  4.7286050e+002  4.6137950e+002  4.3750140e+002  4.2090660e+002  4.1525260e+002  4.0754800e+002  3.8192010e+002  3.3251320e+002  2.7396290e+002  2.2569490e+002  2.0098060e+002  1.8466680e+002  1.6987280e+002  1.6204700e+002  1.5569110e+002  1.4099840e+002  1.0999440e+002  7.7915210e+001  6.0261860e+001  4.6774680e+001  2.9974580e+001  1.5258980e+001  9.6457790e+000  6.8695640e+000  0.0000000e+000  0.0000000e+000  0.0000000e+000  0.0000000e+000  0.0000000e+000  0.0000000e+000  0.0000000e+000  0.0000000e+000  0.0000000e+000  0.0000000e+000  0.0000000e+000  0.0000000e+000  0.0000000e+000  0.0000000e+000  0.0000000e+000  0.0000000e+000  0.0000000e+000  0.0000000e+000  0.0000000e+000  0.0000000e+000  0.0000000e+000  0.0000000e+000  0.0000000e+000  0.0000000e+000  0.0000000e+000  0.0000000e+000  0.0000000e+000  0.0000000e+000  0.0000000e+000  0.0000000e+000  0.0000000e+000  0.0000000e+000  0.0000000e+000  0.0000000e+000  0.0000000e+000  0.0000000e+000  0.0000000e+000  3.3742940e+001  4.0996300e+001  4.8891300e+001  5.6501990e+001  6.0320560e+001  6.3937930e+001  7.1864060e+001  8.0301510e+001  7.7915470e+001  7.0975880e+001  6.2084030e+001  5.3243680e+001  4.4653540e+001  3.7461630e+001  2.6448110e+001  1.7738200e+001  1.5971930e+001  1.4020460e+001  1.0035330e+001  4.8315890e+000  0.0000000e+000  0.0000000e+000  0.0000000e+000  0.0000000e+000  0.0000000e+000  0.0000000e+000  0.0000000e+000  0.0000000e+000  0.0000000e+000  0.0000000e+000  0.0000000e+000  0.0000000e+000  0.0000000e+000  0.0000000e+000  0.0000000e+000  0.0000000e+000  0.0000000e+000  0.0000000e+000  0.0000000e+000  0.0000000e+000  0.0000000e+000  0.0000000e+000  0.0000000e+000  0.0000000e+000  0.0000000e+000  0.0000000e+000  0.0000000e+000  0.0000000e+000  0.0000000e+000  0.0000000e+000  0.0000000e+000  0.0000000e+000  0.0000000e+000  0.0000000e+000  0.0000000e+000  0.0000000e+000  0.0000000e+000  0.0000000e+000  0.0000000e+000  0.0000000e+000  0.0000000e+000  0.0000000e+000  0.0000000e+000  0.0000000e+000  0.0000000e+000  0.0000000e+000
