  0.0000000e+000  4.0497500e+005  4.0502500e+005  4.0507500e+005  4.0512500e+005  4.0517500e+005  4.0522500e+005  4.0527500e+005  4.0532500e+005  4.0537500e+005  4.0542500e+005  4.0547500e+005  4.0552500e+005  4.0557500e+005  4.0562500e+005  4.0567500e+005  4.0572500e+005  4.0577500e+005  4.0582500e+005  4.0587500e+005  4.0592500e+005  4.0597500e+005  4.0602500e+005  4.0607500e+005  4.0612500e+005  4.0617500e+005  4.0622500e+005  4.0627500e+005  4.0632500e+005  4.0637500e+005  4.0642500e+005  4.0647500e+005  4.0652500e+005  4.0657500e+005  4.0662500e+005  4.0667500e+005  4.0672500e+005  4.0677500e+005  4.0682500e+005  4.0687500e+005  4.0692500e+005  4.0697500e+005  4.0702500e+005  4.0707500e+005  4.0712500e+005  4.0717500e+005  4.0722500e+005  4.0727500e+005  4.0732500e+005  4.0737500e+005  4.0742500e+005  4.0747500e+005  4.0752500e+005  4.0757500e+005  4.0762500e+005  4.0767500e+005  4.0772500e+005  4.0777500e+005  4.0782500e+005  4.0787500e+005  4.0792500e+005  4.0797500e+005  4.0802500e+005  4.0807500e+005  4.0812500e+005  4.0817500e+005  4.0822500e+005  4.0827500e+005  4.0832500e+005  4.0837500e+005  4.0842500e+005  4.0847500e+005  4.0852500e+005  4.0857500e+005  4.0862500e+005  4.0867500e+005  4.0872500e+005  4.0877500e+005  4.0882500e+005  4.0887500e+005  4.0892500e+005  4.0897500e+005  4.0902500e+005  4.0907500e+005  4.0912500e+005  4.0917500e+005  4.0922500e+005  4.0927500e+005  4.0932500e+005  4.0937500e+005  4.0942500e+005  4.0947500e+005  4.0952500e+005  4.0957500e+005  4.0962500e+005  4.0967500e+005  4.0972500e+005  4.0977500e+005  4.0982500e+005  4.0987500e+005  4.0992500e+005  4.0997500e+005  4.1002500e+005  4.1007500e+005  4.1012500e+005  4.1017500e+005  4.1022500e+005  4.1027500e+005  4.1032500e+005  4.1037500e+005  4.1042500e+005  4.1047500e+005  4.1052500e+005  4.1057500e+005  4.1062500e+005  4.1067500e+005  4.1072500e+005  4.1077500e+005  4.1082500e+005  4.1087500e+005  4.1092500e+005  4.1097500e+005  4.1102500e+005  4.1107500e+005  4.1112500e+005  4.1117500e+005  4.1122500e+005  4.1127500e+005  4.1132500e+005  4.1137500e+005  4.1142500e+005  4.1147500e+005  4.1152500e+005  4.1157500e+005  4.1162500e+005  4.1167500e+005  4.1172500e+005  4.1177500e+005  4.1182500e+005  4.1187500e+005  4.1192500e+005  4.1197500e+005
  4.1154750e+006  1.5113250e+003  1.4848750e+003  1.4700610e+003  1.4593020e+003  1.4449900e+003  1.4275460e+003  1.4003790e+003  1.3711800e+003  1.3484510e+003  1.3290680e+003  1.3073820e+003  1.2830040e+003  1.2600220e+003  1.2406640e+003  1.2252490e+003  1.2120820e+003  1.1995950e+003  1.1891120e+003  1.1795480e+003  1.1624180e+003  1.1366200e+003  1.1013300e+003  1.0729900e+003  1.0629730e+003  1.0636300e+003  1.0668920e+003  1.0642180e+003  1.0464150e+003  1.0200530e+003  1.0052460e+003  1.0037560e+003  1.0070800e+003  1.0106720e+003  1.0100920e+003  1.0013860e+003  9.8502210e+002  9.6758930e+002  9.5683560e+002  9.4420070e+002  9.1890650e+002  8.8667100e+002  8.6090220e+002  8.4858160e+002  8.4375240e+002  8.4243570e+002  8.4476210e+002  8.4743510e+002  8.4727720e+002  8.4559640e+002  8.4500180e+002  8.4630540e+002  8.4941460e+002  8.5468360e+002  8.6100150e+002  8.6082080e+002  8.5160520e+002  8.4238900e+002  8.3254120e+002  8.1432950e+002  7.8617910e+002  7.5296360e+002  7.1914260e+002  6.8649520e+002  6.5690120e+002  6.3544820e+002  6.2589070e+002  6.2342380e+002  6.1797920e+002  6.0194810e+002  5.7283680e+002  5.3395150e+002  4.9886940e+002  4.7098070e+002  4.4643950e+002  4.3019800e+002  4.2470730e+002  4.1808640e+002  4.0048990e+002  3.7942250e+002  3.5875730e+002  3.3213670e+002  3.0907200e+002  2.9691650e+002  2.9271980e+002  2.9199720e+002  2.9262810e+002  2.9295210e+002  2.9033480e+002  2.8203080e+002  2.6728320e+002  2.5082660e+002  2.4077160e+002  2.4092290e+002  2.4515450e+002  2.4995460e+002  2.5450350e+002  2.5706880e+002  2.5605290e+002  2.4944990e+002  2.3805120e+002  2.2781920e+002  2.2018180e+002  2.1544110e+002  2.1398880e+002  2.1659510e+002  2.2019280e+002  2.1996920e+002  2.1860210e+002  2.1855740e+002  2.1946190e+002  2.1906000e+002  2.1681020e+002  2.1450050e+002  2.1247940e+002  2.0735180e+002  1.9705090e+002  1.8458830e+002  1.7207550e+002  1.5935880e+002  1.4670480e+002  1.3442270e+002  1.2202540e+002  1.1205510e+002  1.0648760e+002  9.7530260e+001  8.3898810e+001  6.7971180e+001  6.0671060e+001  5.8088320e+001  5.7339550e+001  5.7169530e+001  5.6123930e+001  5.4275040e+001  5.1846280e+001  4.8465960e+001  4.3681290e+001  3.7188790e+001  2.8889120e+001  1.9369450e+001  1.1488590e+001  7.8613200e+000
  4.1155250e+006  1.5296340e+003  1.5091270e+003  1.4987700e+003  1.4852490e+003  1.4655090e+003  1.4498190e+003  1.4256360e+003  1.3961550e+003  1.3669350e+003  1.3369750e+003  1.3042230e+003  1.2705660e+003  1.2422840e+003  1.2237450e+003  1.2127710e+003  1.2062530e+003  1.2006810e+003  1.1923270e+003  1.1837520e+003  1.1720220e+003  1.1480110e+003  1.1093570e+003  1.0772640e+003  1.0650740e+003  1.0648980e+003  1.0671230e+003  1.0635710e+003  1.0464540e+003  1.0220570e+003  1.0072350e+003  1.0039060e+003  1.0058600e+003  1.0100110e+003  1.0127270e+003  1.0096470e+003  9.9792710e+002  9.8004000e+002  9.6376140e+002  9.4647610e+002  9.2288250e+002  8.9599890e+002  8.7363890e+002  8.5914040e+002  8.4923490e+002  8.4543550e+002  8.4621400e+002  8.4726080e+002  8.4698540e+002  8.4641670e+002  8.4687080e+002  8.4828250e+002  8.5000690e+002  8.5134210e+002  8.5134830e+002  8.4949730e+002  8.4595970e+002  8.4099690e+002  8.3167950e+002  8.1100200e+002  7.7793380e+002  7.3853920e+002  6.9965670e+002  6.6807260e+002  6.4836740e+002  6.3774100e+002  6.3225720e+002  6.2935280e+002  6.2355820e+002  6.0942990e+002  5.8299550e+002  5.4684640e+002  5.1292720e+002  4.8212510e+002  4.5151170e+002  4.3301880e+002  4.2857940e+002  4.2330960e+002  4.0739770e+002  3.8680320e+002  3.6220870e+002  3.2876190e+002  3.0401680e+002  2.9449930e+002  2.9329460e+002  2.9447490e+002  2.9606080e+002  2.9677660e+002  2.9419890e+002  2.8607230e+002  2.7206600e+002  2.5656230e+002  2.4675020e+002  2.4600770e+002  2.4928090e+002  2.5349860e+002  2.5813040e+002  2.6102040e+002  2.5994250e+002  2.5377280e+002  2.4353770e+002  2.3291460e+002  2.2308310e+002  2.1791980e+002  2.1849650e+002  2.2258580e+002  2.2472790e+002  2.2130030e+002  2.1772630e+002  2.1616840e+002  2.1545950e+002  2.1453230e+002  2.1298310e+002  2.1112570e+002  2.0873420e+002  2.0292470e+002  1.9333540e+002  1.8238450e+002  1.7096710e+002  1.5854620e+002  1.4561800e+002  1.3372840e+002  1.2224570e+002  1.1316090e+002  1.0843360e+002  1.0160340e+002  9.0602170e+001  7.5361240e+001  6.6152460e+001  6.2828060e+001  6.1156400e+001  5.9592830e+001  5.7604790e+001  5.4791910e+001  5.1467320e+001  4.6952420e+001  4.0750450e+001  3.3244290e+001  2.5149260e+001  1.7190290e+001  1.0828910e+001  7.3086660e+000
  4.1155750e+006  1.5387720e+003  1.5212720e+003  1.5114750e+003  1.5027150e+003  1.4849700e+003  1.4659920e+003  1.4501350e+003  1.4256160e+003  1.3922750e+003  1.3525760e+003  1.3094250e+003  1.2674360e+003  1.2350920e+003  1.2180900e+003  1.2113260e+003  1.2093270e+003  1.2057780e+003  1.1952250e+003  1.1846860e+003  1.1741250e+003  1.1528030e+003  1.1179000e+003  1.0894110e+003  1.0780690e+003  1.0765660e+003  1.0765120e+003  1.0696820e+003  1.0498040e+003  1.0253050e+003  1.0106560e+003  1.0063580e+003  1.0068540e+003  1.0099660e+003  1.0137990e+003  1.0150090e+003  1.0087860e+003  9.9373630e+002  9.7474870e+002  9.5369030e+002  9.3103610e+002  9.0856100e+002  8.8924410e+002  8.7282230e+002  8.5840330e+002  8.5180460e+002  8.5020120e+002  8.4922160e+002  8.4881730e+002  8.4901360e+002  8.4923850e+002  8.4920260e+002  8.4856850e+002  8.4550350e+002  8.3876460e+002  8.3328630e+002  8.3192110e+002  8.2884420e+002  8.1973710e+002  7.9794020e+002  7.6345700e+002  7.2257850e+002  6.8287050e+002  6.5407160e+002  6.4244790e+002  6.4004530e+002  6.3718120e+002  6.3166070e+002  6.2224990e+002  6.0531210e+002  5.7396010e+002  5.3475740e+002  5.0571100e+002  4.8114370e+002  4.5204630e+002  4.3476890e+002  4.3051910e+002  4.2375960e+002  4.0675380e+002  3.8403490e+002  3.5760340e+002  3.2532820e+002  3.0273170e+002  2.9487520e+002  2.9503970e+002  2.9744960e+002  2.9976000e+002  3.0063890e+002  2.9827680e+002  2.9130070e+002  2.7997520e+002  2.6772450e+002  2.5942720e+002  2.5731020e+002  2.5865660e+002  2.6112160e+002  2.6348410e+002  2.6417290e+002  2.6279240e+002  2.5945730e+002  2.5438100e+002  2.4567220e+002  2.3214920e+002  2.2273050e+002  2.2257800e+002  2.2741670e+002  2.2952380e+002  2.2527140e+002  2.1978590e+002  2.1555210e+002  2.1261020e+002  2.1098370e+002  2.0954530e+002  2.0750500e+002  2.0354810e+002  1.9738570e+002  1.8971640e+002  1.8126450e+002  1.7143460e+002  1.6001830e+002  1.4820660e+002  1.3838150e+002  1.2878350e+002  1.2046720e+002  1.1565470e+002  1.1282780e+002  1.0664570e+002  9.3888640e+001  8.4479480e+001  7.6992420e+001  7.0744650e+001  6.5451490e+001  6.1647060e+001  5.6945800e+001  5.2697460e+001  4.7190730e+001  3.9403870e+001  3.0746440e+001  2.2973520e+001  1.6367840e+001  1.1064500e+001  7.8440670e+000
  4.1156250e+006  1.5419020e+003  1.5265270e+003  1.5172110e+003  1.5121190e+003  1.5032600e+003  1.4848740e+003  1.4690170e+003  1.4508850e+003  1.4208070e+003  1.3758880e+003  1.3260670e+003  1.2803850e+003  1.2472630e+003  1.2295940e+003  1.2193360e+003  1.2129990e+003  1.2062400e+003  1.1928880e+003  1.1789350e+003  1.1660320e+003  1.1472390e+003  1.1206160e+003  1.1015730e+003  1.0944770e+003  1.0920880e+003  1.0895860e+003  1.0789730e+003  1.0554410e+003  1.0305580e+003  1.0160190e+003  1.0107530e+003  1.0097630e+003  1.0113580e+003  1.0151520e+003  1.0190680e+003  1.0174730e+003  1.0068890e+003  9.8924880e+002  9.6684530e+002  9.4270290e+002  9.1963710e+002  8.9960170e+002  8.8167180e+002  8.6614360e+002  8.5878820e+002  8.5611560e+002  8.5452900e+002  8.5349260e+002  8.5285170e+002  8.5115670e+002  8.4780410e+002  8.4297460e+002  8.3541990e+002  8.2339760e+002  8.1252930e+002  8.0794760e+002  8.0346050e+002  7.9452140e+002  7.7543850e+002  7.4564400e+002  7.0973980e+002  6.7467400e+002  6.5024480e+002  6.4227630e+002  6.4255680e+002  6.4060600e+002  6.3479910e+002  6.2820290e+002  6.1916170e+002  5.9106040e+002  5.4251390e+002  5.0509590e+002  4.8078410e+002  4.5557610e+002  4.4182700e+002  4.3827290e+002  4.3151680e+002  4.1657400e+002  3.9311460e+002  3.6096830e+002  3.2646780e+002  3.0522100e+002  2.9876840e+002  2.9972210e+002  3.0264980e+002  3.0510770e+002  3.0582130e+002  3.0366640e+002  2.9804870e+002  2.8956430e+002  2.8056570e+002  2.7400300e+002  2.7128960e+002  2.7130270e+002  2.7227670e+002  2.7236270e+002  2.7064870e+002  2.6883270e+002  2.6801450e+002  2.6723430e+002  2.6033330e+002  2.4428690e+002  2.3076090e+002  2.2763870e+002  2.3094110e+002  2.3278610e+002  2.2908860e+002  2.2280710e+002  2.1629930e+002  2.1135750e+002  2.0867590e+002  2.0502220e+002  2.0072370e+002  1.9664050e+002  1.9249060e+002  1.8796910e+002  1.8198570e+002  1.7388660e+002  1.6405510e+002  1.5441770e+002  1.4770180e+002  1.4110050e+002  1.3653190e+002  1.3524640e+002  1.3319050e+002  1.2481880e+002  1.1224680e+002  1.0395320e+002  9.5604020e+001  8.9217730e+001  8.3110810e+001  7.3311410e+001  6.1684640e+001  5.5638430e+001  4.9327570e+001  3.9260570e+001  2.8724000e+001  2.1518900e+001  1.6831630e+001  1.2834580e+001  1.0147250e+001
  4.1156750e+006  1.5433440e+003  1.5303610e+003  1.5247720e+003  1.5225480e+003  1.5178950e+003  1.5073390e+003  1.4942910e+003  1.4693530e+003  1.4452630e+003  1.4025090e+003  1.3521030e+003  1.3091800e+003  1.2803910e+003  1.2604470e+003  1.2379830e+003  1.2186190e+003  1.2066720e+003  1.1928460e+003  1.1739370e+003  1.1547830e+003  1.1321199e+003  1.1139240e+003  1.1062788e+003  1.1034576e+003  1.0996566e+003  1.0945488e+003  1.0806109e+003  1.0602340e+003  1.0356740e+003  1.0217520e+003  1.0159320e+003  1.0139640e+003  1.0150220e+003  1.0190520e+003  1.0239290e+003  1.0244790e+003  1.0175480e+003  1.0030190e+003  9.8080240e+002  9.5348770e+002  9.2609360e+002  9.0301940e+002  8.8494520e+002  8.7055540e+002  8.6188400e+002  8.5951900e+002  8.5866760e+002  8.5698880e+002  8.5483640e+002  8.5130900e+002  8.4535830e+002  8.3713750e+002  8.2783100e+002  8.1494470e+002  8.0069810e+002  7.9024160e+002  7.8079160e+002  7.6945860e+002  7.5323630e+002  7.3038770e+002  7.0209000e+002  6.7314980e+002  6.5241160e+002  6.4539140e+002  6.4554080e+002  6.4370500e+002  6.3874490e+002  6.3554330e+002  6.3414920e+002  6.1560980e+002  5.6963960e+002  5.2426190e+002  4.9687200e+002  4.7481590e+002  4.6109050e+002  4.5423720e+002  4.4549000e+002  4.3047970e+002  4.0528320e+002  3.6889190e+002  3.3268370e+002  3.1266770e+002  3.0737850e+002  3.0851960e+002  3.1113200e+002  3.1307030e+002  3.1329510e+002  3.1117660e+002  3.0657790e+002  3.0014020e+002  2.9339970e+002  2.8812000e+002  2.8525340e+002  2.8444390e+002  2.8444650e+002  2.8337420e+002  2.8069160e+002  2.7887410e+002  2.7832620e+002  2.7651330e+002  2.6809840e+002  2.5160470e+002  2.3703200e+002  2.3170610e+002  2.3293000e+002  2.3412150e+002  2.3124120e+002  2.2516930e+002  2.1748370e+002  2.1088320e+002  2.0633310e+002  1.9996620e+002  1.9314260e+002  1.9000980e+002  1.8898380e+002  1.8769630e+002  1.8440780e+002  1.7836710e+002  1.7050970e+002  1.6288630e+002  1.5754240e+002  1.5319160e+002  1.5219650e+002  1.5434120e+002  1.5280380e+002  1.4332010e+002  1.3087140e+002  1.2137460e+002  1.1664520e+002  1.1160670e+002  1.0349400e+002  8.8530140e+001  6.8934080e+001  5.9556770e+001  5.2717060e+001  3.9770110e+001  2.6184110e+001  2.0033520e+001  1.8088220e+001  1.5057510e+001  1.1863030e+001
  4.1157250e+006  1.5434010e+003  1.5315610e+003  1.5293850e+003  1.5289420e+003  1.5244150e+003  1.5170820e+003  1.5069580e+003  1.4852190e+003  1.4588550e+003  1.4258190e+003  1.3817140e+003  1.3456670e+003  1.3245730e+003  1.3022840e+003  1.2653780e+003  1.2294560e+003  1.2100290e+003  1.1957290e+003  1.1738740e+003  1.1514600e+003  1.1273081e+003  1.1163765e+003  1.1149321e+003  1.1144407e+003  1.1087886e+003  1.1008297e+003  1.0849388e+003  1.0573239e+003  1.0328727e+003  1.0195340e+003  1.0135706e+003  1.0109668e+003  1.0194340e+003  1.0237420e+003  1.0277100e+003  1.0275090e+003  1.0226360e+003  1.0116060e+003  9.9059350e+002  9.5955210e+002  9.2577080e+002  8.9828530e+002  8.8083690e+002  8.6964230e+002  8.6252550e+002  8.6038320e+002  8.5959240e+002  8.5778020e+002  8.5501950e+002  8.5086820e+002  8.4416310e+002  8.3491580e+002  8.2578980e+002  8.1366250e+002  7.9795690e+002  7.8315980e+002  7.6867600e+002  7.5339210e+002  7.3844170e+002  7.2194020e+002  7.0082880e+002  6.7629130e+002  6.5689870e+002  6.4955400e+002  6.4898990e+002  6.4696610e+002  6.4216780e+002  6.3926040e+002  6.3973470e+002  6.3093230e+002  5.9992050e+002  5.5798900e+002  5.2783420e+002  5.0517350e+002  4.8778220e+002  4.7446520e+002  4.6051160e+002  4.4186080e+002  4.1473540e+002  3.7984590e+002  3.4728650e+002  3.2875500e+002  3.2262400e+002  3.2219660e+002  3.2329100e+002  3.2395600e+002  3.2327260e+002  3.2083620e+002  3.1667940e+002  3.1133370e+002  3.0578360e+002  3.0109290e+002  2.9789040e+002  2.9608620e+002  2.9489180e+002  2.9302370e+002  2.9031620e+002  2.8846250e+002  2.8653130e+002  2.8119430e+002  2.6991430e+002  2.5357110e+002  2.3952290e+002  2.3367460e+002  2.3400710e+002  2.3498580e+002  2.3290880e+002  2.2737330e+002  2.1894500e+002  2.1118050e+002  2.0600850e+002  1.9793140e+002  1.8846920e+002  1.8529360e+002  1.8636640e+002  1.8830830e+002  1.8840960e+002  1.8517110e+002  1.8001380e+002  1.7369770e+002  1.6663880e+002  1.6390710e+002  1.6372980e+002  1.6442460e+002  1.6408800e+002  1.6185280e+002  1.5845070e+002  1.5543490e+002  1.5142100e+002  1.3903230e+002  1.2103400e+002  1.0444850e+002  8.4589610e+001  6.7582130e+001  5.6768510e+001  4.1069660e+001  2.4032060e+001  1.8905160e+001  1.9725000e+001  1.7277650e+001  1.3402900e+001
  4.1157750e+006  1.5420050e+003  1.5304920e+003  1.5273500e+003  1.5258060e+003  1.5219510e+003  1.5172780e+003  1.5126810e+003  1.4983410e+003  1.4695510e+003  1.4478070e+003  1.4139550e+003  1.3836440e+003  1.3673590e+003  1.3403900e+003  1.2904370e+003  1.2404300e+003  1.2125140e+003  1.1961610e+003  1.1673257e+003  1.1459969e+003  1.1334601e+003  1.1267707e+003  1.1256174e+003  1.1251398e+003  1.1188063e+003  1.1081108e+003  1.0855180e+003  1.0563031e+003  1.0334142e+003  1.0220500e+003  1.0172796e+003  1.0145685e+003  1.0157923e+003  1.0199292e+003  1.0222950e+003  1.0203790e+003  1.0164805e+003  1.0087529e+003  9.9538130e+002  9.6042350e+002  9.1915410e+002  8.8615320e+002  8.6984110e+002  8.6437080e+002  8.6115630e+002  8.5991930e+002  8.5914870e+002  8.5733950e+002  8.5465790e+002  8.5103060e+002  8.4550090e+002  8.3753520e+002  8.2808840e+002  8.1441390e+002  7.9727960e+002  7.8204320e+002  7.6661720e+002  7.4845940e+002  7.3291850e+002  7.2132630e+002  7.0704890e+002  6.8614340e+002  6.6683870e+002  6.5798500e+002  6.5565670e+002  6.5220900e+002  6.4571800e+002  6.4051180e+002  6.3938020e+002  6.3659580e+002  6.2333050e+002  5.9715500e+002  5.6753770e+002  5.3964790e+002  5.1565340e+002  4.9490810e+002  4.7445230e+002  4.5131840e+002  4.2366480e+002  3.9340520e+002  3.6686040e+002  3.5019930e+002  3.4250800e+002  3.3965860e+002  3.3852940e+002  3.3740020e+002  3.3542210e+002  3.3226210e+002  3.2796470e+002  3.2290360e+002  3.1769080e+002  3.1295520e+002  3.0907190e+002  3.0599600e+002  3.0325960e+002  3.0021080e+002  2.9687090e+002  2.9394640e+002  2.9019360e+002  2.8287850e+002  2.7082620e+002  2.5548590e+002  2.4231870e+002  2.3644190e+002  2.3640590e+002  2.3734590e+002  2.3582850e+002  2.3081850e+002  2.2194480e+002  2.1316610e+002  2.0836100e+002  2.0036720e+002  1.8839360e+002  1.8411710e+002  1.8596740e+002  1.9027460e+002  1.9383290e+002  1.9465940e+002  1.9395910e+002  1.9100790e+002  1.8652510e+002  1.8487870e+002  1.8465730e+002  1.8430260e+002  1.8390310e+002  1.8470520e+002  1.8402210e+002  1.8313660e+002  1.7980030e+002  1.7047990e+002  1.5166870e+002  1.2595200e+002  1.0771830e+002  8.4888340e+001  6.2573300e+001  4.5181630e+001  2.5940930e+001  1.9589320e+001  2.0765030e+001  1.9212920e+001  1.6488190e+001
  4.1158250e+006  1.5373970e+003  1.5279950e+003  1.5225210e+003  1.5185100e+003  1.5152590e+003  1.5120750e+003  1.5092800e+003  1.5003670e+003  1.4782520e+003  1.4638870e+003  1.4470760e+003  1.4193000e+003  1.3969090e+003  1.3572080e+003  1.2962420e+003  1.2391080e+003  1.2111920e+003  1.1845659e+003  1.1638804e+003  1.1464477e+003  1.1380355e+003  1.1336045e+003  1.1316756e+003  1.1310325e+003  1.1271987e+003  1.1147763e+003  1.0895124e+003  1.0572430e+003  1.0347185e+003  1.0235871e+003  1.0194345e+003  1.0171956e+003  1.0184992e+003  1.0221887e+003  1.0232741e+003  1.0197988e+003  1.0151124e+003  1.0086562e+003  9.9055968e+002  9.5335737e+002  9.0621996e+002  8.6842501e+002  8.5304710e+002  8.5793770e+002  8.5863370e+002  8.5840480e+002  8.5780050e+002  8.5633110e+002  8.5426710e+002  8.5192490e+002  8.4872200e+002  8.4348110e+002  8.3408020e+002  8.1745890e+002  7.9758000e+002  7.8388320e+002  7.7153170e+002  7.5253220e+002  7.3406160e+002  7.2513760e+002  7.1783160e+002  7.0234850e+002  6.8438950e+002  6.7273430e+002  6.6635990e+002  6.5961270e+002  6.5011460e+002  6.4195630e+002  6.3785680e+002  6.3440690e+002  6.2766300e+002  6.1426840e+002  5.9215080e+002  5.6539740e+002  5.3872420e+002  5.1305740e+002  4.8729410e+002  4.6048870e+002  4.3312760e+002  4.0759600e+002  3.8668990e+002  3.7240000e+002  3.6395810e+002  3.5908080e+002  3.5574840e+002  3.5267380e+002  3.4917040e+002  3.4496130e+002  3.4006030e+002  3.3469880e+002  3.2923660e+002  3.2402420e+002  3.1924980e+002  3.1484320e+002  3.1049370e+002  3.0585660e+002  3.0099190e+002  2.9632770e+002  2.9143620e+002  2.8479090e+002  2.7506540e+002  2.6253650e+002  2.5067290e+002  2.4393100e+002  2.4244950e+002  2.4251880e+002  2.4102100e+002  2.3675370e+002  2.2889630e+002  2.1947790e+002  2.1262190e+002  2.0574500e+002  1.9388850e+002  1.8836940e+002  1.8923610e+002  1.9374630e+002  1.9957720e+002  2.0438690e+002  2.0648730e+002  2.0650940e+002  2.0622240e+002  2.0634080e+002  2.0642920e+002  2.0548930e+002  2.0352310e+002  2.0456700e+002  2.0515650e+002  2.0608830e+002  2.0593840e+002  2.0106700e+002  1.8652010e+002  1.6320410e+002  1.3825690e+002  1.0669030e+002  7.2650510e+001  5.2482090e+001  3.1044840e+001  2.2432970e+001  2.2255420e+001  2.2180670e+001  2.3194660e+001
  4.1158750e+006  1.5310380e+003  1.5251430e+003  1.5183500e+003  1.5127680e+003  1.5101570e+003  1.5069760e+003  1.5005050e+003  1.4916060e+003  1.4804830e+003  1.4745190e+003  1.4681310e+003  1.4486140e+003  1.4110000e+003  1.3569820e+003  1.2879590e+003  1.2279460e+003  1.1942669e+003  1.1778070e+003  1.1601152e+003  1.1448078e+003  1.1367569e+003  1.1325941e+003  1.1312777e+003  1.1308406e+003  1.1302682e+003  1.1191769e+003  1.0945532e+003  1.0643058e+003  1.0471724e+003  1.0299115e+003  1.0212099e+003  1.0178342e+003  1.0191098e+003  1.0230272e+003  1.0237184e+003  1.0187796e+003  1.0121989e+003  1.0071387e+003  9.9236060e+002  9.5612027e+002  9.0655617e+002  8.6505057e+002  8.4737400e+002  8.4734565e+002  8.5026654e+002  8.5216644e+002  8.5318557e+002  8.5337400e+002  8.5299066e+002  8.5345290e+002  8.5249650e+002  8.5043910e+002  8.4297360e+002  8.2471010e+002  8.0071860e+002  7.8625960e+002  7.7624570e+002  7.5754320e+002  7.3618170e+002  7.2816770e+002  7.2644270e+002  7.1748080e+002  7.0232620e+002  6.8723490e+002  6.7476350e+002  6.6342440e+002  6.5194410e+002  6.4316090e+002  6.3704160e+002  6.2951030e+002  6.2043440e+002  6.1270330e+002  6.0041550e+002  5.8073550e+002  5.5618780e+002  5.2891220e+002  4.9997880e+002  4.7070500e+002  4.4379710e+002  4.2216400e+002  4.0587310e+002  3.9401080e+002  3.8554280e+002  3.7924110e+002  3.7399700e+002  3.6903740e+002  3.6391910e+002  3.5845400e+002  3.5263960e+002  3.4660440e+002  3.4054400e+002  3.3463600e+002  3.2894900e+002  3.2337900e+002  3.1765370e+002  3.1146090e+002  3.0476530e+002  2.9822240e+002  2.9311570e+002  2.8957760e+002  2.8478060e+002  2.7648390e+002  2.6609900e+002  2.5771230e+002  2.5347410e+002  2.5137840e+002  2.4900020e+002  2.4532660e+002  2.3953140e+002  2.3113970e+002  2.2207290e+002  2.1283590e+002  2.0289990e+002  1.9648090e+002  1.9520390e+002  1.9818220e+002  2.0416710e+002  2.1009720e+002  2.1071310e+002  2.1129980e+002  2.1407090e+002  2.1639600e+002  2.1724040e+002  2.1594320e+002  2.1316780e+002  2.1507430e+002  2.2157160e+002  2.2467900e+002  2.2585550e+002  2.2334140e+002  2.1279860e+002  1.9360030e+002  1.6567950e+002  1.2848780e+002  8.8340670e+001  5.7929790e+001  3.6870290e+001  2.8679010e+001  2.6922500e+001  2.6514740e+001  2.9412060e+001
  4.1159250e+006  1.5249760e+003  1.5217170e+003  1.5152720e+003  1.5103510e+003  1.5065650e+003  1.5003040e+003  1.4906830e+003  1.4815520e+003  1.4782900e+003  1.4788550e+003  1.4765380e+003  1.4610430e+003  1.4207350e+003  1.3564440e+003  1.2814970e+003  1.2088452e+003  1.1826243e+003  1.1688142e+003  1.1560913e+003  1.1448177e+003  1.1369765e+003  1.1316121e+003  1.1277931e+003  1.1278984e+003  1.1283498e+003  1.1169660e+003  1.0968964e+003  1.0750850e+003  1.0548691e+003  1.0413300e+003  1.0284622e+003  1.0185067e+003  1.0172647e+003  1.0213373e+003  1.0223370e+003  1.0162439e+003  1.0069524e+003  1.0028023e+003  9.9293537e+002  9.6177340e+002  9.1449855e+002  8.7144213e+002  8.4879816e+002  8.4461623e+002  8.4682160e+002  8.4975720e+002  8.5196757e+002  8.5326522e+002  8.5374019e+002  8.5356100e+002  8.5379420e+002  8.5409269e+002  8.4918789e+002  8.3131290e+002  8.0329363e+002  7.8810720e+002  7.7803780e+002  7.6024640e+002  7.3874430e+002  7.3120360e+002  7.3201100e+002  7.2736490e+002  7.1396230e+002  6.9431570e+002  6.7391970e+002  6.5718320e+002  6.4662490e+002  6.4186650e+002  6.3691180e+002  6.2740770e+002  6.1626520e+002  6.1080690e+002  6.0522580e+002  5.9203550e+002  5.7089900e+002  5.4393830e+002  5.1381220e+002  4.8366210e+002  4.5762690e+002  4.3886160e+002  4.2571400e+002  4.1554570e+002  4.0705790e+002  3.9958290e+002  3.9263550e+002  3.8588400e+002  3.7913680e+002  3.7231180e+002  3.6541120e+002  3.5849880e+002  3.5167050e+002  3.4501070e+002  3.3854280e+002  3.3218390e+002  3.2571740e+002  3.1881450e+002  3.1123900e+002  3.0373440e+002  2.9949000e+002  3.0057060e+002  3.0172580e+002  2.9766220e+002  2.8817990e+002  2.7742890e+002  2.6914580e+002  2.6347010e+002  2.5918860e+002  2.5552800e+002  2.5162460e+002  2.4607370e+002  2.3791030e+002  2.2712510e+002  2.1562210e+002  2.0674920e+002  2.0284460e+002  2.0334900e+002  2.0703110e+002  2.1146340e+002  2.1241600e+002  2.1392110e+002  2.1726970e+002  2.2039540e+002  2.2259020e+002  2.2375190e+002  2.2447900e+002  2.2787530e+002  2.3343510e+002  2.3473910e+002  2.3441440e+002  2.3322840e+002  2.2857910e+002  2.1572560e+002  1.8814430e+002  1.4375400e+002  9.4285420e+001  5.7815390e+001  3.9428090e+001  3.4163640e+001  3.1859830e+001  2.9469540e+001  3.0680710e+001
  4.1159750e+006  1.5169600e+003  1.5161810e+003  1.5115440e+003  1.5078700e+003  1.5038320e+003  1.4959240e+003  1.4864710e+003  1.4787920e+003  1.4760360e+003  1.4765960e+003  1.4750660e+003  1.4613750e+003  1.4220430e+003  1.3538200e+003  1.2628260e+003  1.2015802e+003  1.1722647e+003  1.1596260e+003  1.1517159e+003  1.1446107e+003  1.1383458e+003  1.1314719e+003  1.1234135e+003  1.1235682e+003  1.1243398e+003  1.1123797e+003  1.0968095e+003  1.0843655e+003  1.0602228e+003  1.0475538e+003  1.0344284e+003  1.0206196e+003  1.0143889e+003  1.0142236e+003  1.0142810e+003  1.0075102e+003  9.9634301e+002  9.9203754e+002  9.8647667e+002  9.6272798e+002  9.2054479e+002  8.7739710e+002  8.5031993e+002  8.4265580e+002  8.4429850e+002  8.4813826e+002  8.5125416e+002  8.5356782e+002  8.5483691e+002  8.5454338e+002  8.5412974e+002  8.5353400e+002  8.4737802e+002  8.2974887e+002  8.0502432e+002  7.8801093e+002  7.7715276e+002  7.6128167e+002  7.4315500e+002  7.3635668e+002  7.3634910e+002  7.3108030e+002  7.1648860e+002  6.9253880e+002  6.6549350e+002  6.4393030e+002  6.3474190e+002  6.3504840e+002  6.3341260e+002  6.2583970e+002  6.1641940e+002  6.1264270e+002  6.1034740e+002  6.0161650e+002  5.8395700e+002  5.5841270e+002  5.2885800e+002  4.9983290e+002  4.7562840e+002  4.5868860e+002  4.4694910e+002  4.3731950e+002  4.2839860e+002  4.1973150e+002  4.1116820e+002  4.0270050e+002  3.9435480e+002  3.8615030e+002  3.7810170e+002  3.7023180e+002  3.6257780e+002  3.5518890e+002  3.4811880e+002  3.4141760e+002  3.3512670e+002  3.2927170e+002  3.2347810e+002  3.1748190e+002  3.1508540e+002  3.1898130e+002  3.2318620e+002  3.2130720e+002  3.1202230e+002  2.9890820e+002  2.8605210e+002  2.7617460e+002  2.6958410e+002  2.6583120e+002  2.6389000e+002  2.6145490e+002  2.5548870e+002  2.4448460e+002  2.3094380e+002  2.1932460e+002  2.1259230e+002  2.0993680e+002  2.0973870e+002  2.1086290e+002  2.1240610e+002  2.1549950e+002  2.1942410e+002  2.2306260e+002  2.2650930e+002  2.3018400e+002  2.3406230e+002  2.3755440e+002  2.3934860e+002  2.3850020e+002  2.3706920e+002  2.3740220e+002  2.3912790e+002  2.3311700e+002  2.0502270e+002  1.4921650e+002  8.7013730e+001  4.7640400e+001  3.4473320e+001  3.4323140e+001  3.2649390e+001  2.9212940e+001  2.9745570e+001
  4.1160250e+006  1.5023770e+003  1.5017220e+003  1.4991550e+003  1.4961020e+003  1.4960020e+003  1.4903580e+003  1.4815910e+003  1.4735840e+003  1.4675220e+003  1.4651350e+003  1.4644940e+003  1.4543350e+003  1.4161710e+003  1.3303083e+003  1.2486282e+003  1.1924910e+003  1.1614594e+003  1.1481231e+003  1.1452877e+003  1.1417745e+003  1.1380284e+003  1.1304855e+003  1.1188730e+003  1.1176686e+003  1.1178013e+003  1.1067059e+003  1.0952448e+003  1.0846677e+003  1.0627612e+003  1.0475424e+003  1.0289426e+003  1.0159975e+003  1.0098809e+003  1.0060135e+003  1.0003209e+003  9.8890302e+002  9.7739155e+002  9.7291771e+002  9.6941366e+002  9.5296047e+002  9.1768935e+002  8.7673899e+002  8.4810721e+002  8.3932712e+002  8.4210906e+002  8.4715704e+002  8.5051512e+002  8.5286296e+002  8.5446267e+002  8.5445246e+002  8.5370783e+002  8.5118822e+002  8.4243312e+002  8.2620847e+002  8.0624172e+002  7.8902137e+002  7.7489397e+002  7.6077203e+002  7.4957662e+002  7.4519822e+002  7.3963670e+002  7.2783777e+002  7.0969525e+002  6.8542946e+002  6.5874093e+002  6.3786910e+002  6.2782250e+002  6.2680890e+002  6.2474590e+002  6.1964560e+002  6.1494910e+002  6.1455340e+002  6.1464650e+002  6.0890430e+002  5.9399650e+002  5.7026120e+002  5.4241910e+002  5.1569350e+002  4.9385190e+002  4.7843680e+002  4.6752740e+002  4.5810680e+002  4.4877980e+002  4.3907270e+002  4.2903530e+002  4.1897160e+002  4.0912490e+002  3.9960840e+002  3.9044730e+002  3.8162880e+002  3.7314600e+002  3.6503660e+002  3.5741930e+002  3.5054320e+002  3.4486900e+002  3.4113310e+002  3.3855290e+002  3.3381860e+002  3.3111080e+002  3.3297780e+002  3.3550710e+002  3.3428340e+002  3.2752900e+002  3.1548180e+002  2.9950060e+002  2.8610970e+002  2.7761410e+002  2.7409510e+002  2.7461220e+002  2.7582240e+002  2.7274010e+002  2.6235950e+002  2.4787910e+002  2.3445820e+002  2.2505350e+002  2.1911540e+002  2.1518180e+002  2.1278250e+002  2.1294590e+002  2.1672740e+002  2.2189090e+002  2.2635530e+002  2.2999270e+002  2.3350360e+002  2.3714340e+002  2.4002900e+002  2.4120690e+002  2.4094530e+002  2.4062520e+002  2.4262090e+002  2.4697980e+002  2.4305780e+002  2.1154910e+002  1.4454670e+002  7.2961940e+001  3.3647320e+001  2.6191680e+001  3.1216290e+001  3.1080310e+001  2.7925590e+001  2.9160120e+001
  4.1160750e+006  1.4707140e+003  1.4674220e+003  1.4629790e+003  1.4619760e+003  1.4685400e+003  1.4671120e+003  1.4600220e+003  1.4512990e+003  1.4413160e+003  1.4346960e+003  1.4330420e+003  1.4252870e+003  1.3889660e+003  1.2995490e+003  1.2232526e+003  1.1770778e+003  1.1458325e+003  1.1317746e+003  1.1332116e+003  1.1350249e+003  1.1328982e+003  1.1255071e+003  1.1118388e+003  1.1060648e+003  1.1011353e+003  1.0919410e+003  1.0865002e+003  1.0779289e+003  1.0574871e+003  1.0413154e+003  1.0195609e+003  1.0069409e+003  1.0040336e+003  9.9726487e+002  9.8702109e+002  9.7752738e+002  9.6632548e+002  9.5837834e+002  9.5398271e+002  9.3983858e+002  9.1013784e+002  8.7383989e+002  8.4671955e+002  8.3818386e+002  8.4171320e+002  8.4723318e+002  8.5002319e+002  8.5170310e+002  8.5272317e+002  8.5254280e+002  8.5087739e+002  8.4546611e+002  8.3333323e+002  8.1826735e+002  8.0391893e+002  7.8860418e+002  7.7352229e+002  7.6200677e+002  7.5724676e+002  7.5356636e+002  7.4100276e+002  7.2091691e+002  6.9996409e+002  6.8149040e+002  6.6505879e+002  6.5038032e+002  6.3843373e+002  6.2780326e+002  6.1781611e+002  6.1184256e+002  6.1106297e+002  6.1874840e+002  6.2112050e+002  6.1531260e+002  6.0003120e+002  5.7725290e+002  5.5149880e+002  5.2726760e+002  5.0757900e+002  4.9354770e+002  4.8372500e+002  4.7538020e+002  4.6670680e+002  4.5665180e+002  4.4551560e+002  4.3411980e+002  4.2299050e+002  4.1234040e+002  4.0220300e+002  3.9252320e+002  3.8323880e+002  3.7435900e+002  3.6603140e+002  3.5861660e+002  3.5280660e+002  3.4973520e+002  3.4857470e+002  3.4457570e+002  3.4091750e+002  3.3933240e+002  3.3834230e+002  3.3667670e+002  3.3241400e+002  3.2236890e+002  3.0562210e+002  2.9083650e+002  2.8157630e+002  2.7865640e+002  2.8150200e+002  2.8580700e+002  2.8544850e+002  2.7674770e+002  2.6311400e+002  2.4953150e+002  2.3866110e+002  2.3062080e+002  2.2461110e+002  2.2058920e+002  2.1973360e+002  2.2287730e+002  2.2768230e+002  2.3159360e+002  2.3404150e+002  2.3595730e+002  2.3832490e+002  2.4072660e+002  2.4249550e+002  2.4373510e+002  2.4490310e+002  2.4638090e+002  2.4690740e+002  2.3748150e+002  2.0093920e+002  1.3155570e+002  6.2049960e+001  2.6652470e+001  2.2100880e+001  2.8932440e+001  3.0464010e+001  2.8126820e+001  2.9244160e+001
  4.1161250e+006  1.4418480e+003  1.4347860e+003  1.4210210e+003  1.4121560e+003  1.4159380e+003  1.4186730e+003  1.4150940e+003  1.4059090e+003  1.3922030e+003  1.3795850e+003  1.3722990e+003  1.3484921e+003  1.3125589e+003  1.2498284e+003  1.1911969e+003  1.1511141e+003  1.1276467e+003  1.1178025e+003  1.1173798e+003  1.1224875e+003  1.1215489e+003  1.1143646e+003  1.1005548e+003  1.0839748e+003  1.0753124e+003  1.0684711e+003  1.0642170e+003  1.0596946e+003  1.0420703e+003  1.0289736e+003  1.0068044e+003  9.9896292e+002  9.9416054e+002  9.8665317e+002  9.7739642e+002  9.6926286e+002  9.6345492e+002  9.5806143e+002  9.4975075e+002  9.3199711e+002  9.0629828e+002  8.7603628e+002  8.5258320e+002  8.4329048e+002  8.4425912e+002  8.4796067e+002  8.5051022e+002  8.5190702e+002  8.5168867e+002  8.4891840e+002  8.4288368e+002  8.3166273e+002  8.1470440e+002  7.9930708e+002  7.9033966e+002  7.8191399e+002  7.7190597e+002  7.6506520e+002  7.6301801e+002  7.5754662e+002  7.3940887e+002  7.1381104e+002  6.9172506e+002  6.8013035e+002  6.7533672e+002  6.7031034e+002  6.5821679e+002  6.3789246e+002  6.1889685e+002  6.1056840e+002  6.1254985e+002  6.1944205e+002  6.2251559e+002  6.1474523e+002  5.9755897e+002  5.7537594e+002  5.5512180e+002  5.3299510e+002  5.1473890e+002  5.0146260e+002  4.9279640e+002  4.8683980e+002  4.8050430e+002  4.7124720e+002  4.5971880e+002  4.4751040e+002  4.3550010e+002  4.2403140e+002  4.1316790e+002  4.0280390e+002  3.9279290e+002  3.8307920e+002  3.7377830e+002  3.6522330e+002  3.5803110e+002  3.5320720e+002  3.5067760e+002  3.4744650e+002  3.4391250e+002  3.3932630e+002  3.3397990e+002  3.3063980e+002  3.2713700e+002  3.1799680e+002  3.0328100e+002  2.9018170e+002  2.8198990e+002  2.8019240e+002  2.8432830e+002  2.8944710e+002  2.9029300e+002  2.8438780e+002  2.7380900e+002  2.6197580e+002  2.5156100e+002  2.4361850e+002  2.3714860e+002  2.3266340e+002  2.3102110e+002  2.3296740e+002  2.3661780e+002  2.3932500e+002  2.4000870e+002  2.4001570e+002  2.4102160e+002  2.4271690e+002  2.4454210e+002  2.4657750e+002  2.4812400e+002  2.4599360e+002  2.3639880e+002  2.1450110e+002  1.7186220e+002  1.0892630e+002  5.2522420e+001  2.6673580e+001  2.4589530e+001  3.0661970e+001  3.1769840e+001  2.9636620e+001  3.0681560e+001
  4.1161750e+006  1.4003740e+003  1.3877970e+003  1.3688380e+003  1.3556820e+003  1.3576740e+003  1.3626700e+003  1.3604730e+003  1.3494620e+003  1.3314040e+003  1.3116970e+003  1.2836764e+003  1.2695763e+003  1.2424475e+003  1.2016049e+003  1.1668752e+003  1.1320533e+003  1.1150476e+003  1.1069644e+003  1.1029945e+003  1.1040585e+003  1.1028445e+003  1.0987945e+003  1.0869557e+003  1.0611449e+003  1.0495768e+003  1.0427514e+003  1.0278690e+003  1.0225509e+003  1.0170929e+003  1.0082258e+003  9.9443798e+002  9.8993065e+002  9.8468503e+002  9.7664096e+002  9.7000395e+002  9.6660737e+002  9.6476998e+002  9.6225974e+002  9.5202857e+002  9.3476826e+002  9.0868427e+002  8.8311710e+002  8.6315318e+002  8.5285055e+002  8.5046896e+002  8.5166576e+002  8.5346908e+002  8.5430130e+002  8.5221312e+002  8.4532582e+002  8.3331406e+002  8.1595828e+002  7.9505544e+002  7.7906971e+002  7.7397880e+002  7.7257710e+002  7.6888136e+002  7.6533657e+002  7.6312264e+002  7.5508480e+002  7.3439049e+002  7.0746201e+002  6.8649678e+002  6.7860609e+002  6.7901329e+002  6.7728467e+002  6.6506627e+002  6.4270977e+002  6.2165861e+002  6.1182416e+002  6.1223721e+002  6.1703877e+002  6.1812145e+002  6.0958943e+002  5.9315266e+002  5.7277982e+002  5.5105297e+002  5.3033586e+002  5.1254190e+002  4.9894752e+002  4.9106414e+002  4.8702233e+002  4.8878270e+002  4.8145210e+002  4.7070860e+002  4.5858180e+002  4.4628850e+002  4.3443800e+002  4.2321510e+002  4.1245380e+002  4.0187200e+002  3.9131950e+002  3.8087110e+002  3.7080450e+002  3.6157560e+002  3.5389660e+002  3.4858960e+002  3.4553640e+002  3.4250200e+002  3.3482860e+002  3.2377630e+002  3.1745480e+002  3.1386580e+002  3.0586660e+002  2.9525290e+002  2.8611330e+002  2.8082260e+002  2.8104960e+002  2.8587260e+002  2.9037630e+002  2.9135140e+002  2.8803920e+002  2.8085480e+002  2.7149560e+002  2.6267400e+002  2.5643110e+002  2.5092850e+002  2.4650900e+002  2.4328430e+002  2.4374550e+002  2.4667360e+002  2.4893930e+002  2.4833350e+002  2.4699710e+002  2.4655540e+002  2.4666010e+002  2.4751190e+002  2.4924830e+002  2.4968440e+002  2.4170080e+002  2.1939940e+002  1.8376410e+002  1.3668600e+002  8.4225370e+001  4.5653600e+001  3.3077930e+001  3.4298230e+001  3.8026830e+001  3.6140070e+001  3.4234470e+001  3.6122920e+001
  4.1162250e+006  1.3614890e+003  1.3482080e+003  1.3323040e+003  1.3210810e+003  1.3195050e+003  1.3198330e+003  1.3139410e+003  1.2994820e+003  1.2774370e+003  1.2524790e+003  1.2176898e+003  1.2059110e+003  1.1893510e+003  1.1651956e+003  1.1432873e+003  1.1189870e+003  1.1036867e+003  1.0952945e+003  1.0898400e+003  1.0886351e+003  1.0868719e+003  1.0832371e+003  1.0714368e+003  1.0453294e+003  1.0219150e+003  1.0099176e+003  9.9830261e+002  9.8828237e+002  9.8388265e+002  9.8671554e+002  9.8804087e+002  9.8602066e+002  9.7706498e+002  9.6956076e+002  9.6473907e+002  9.6418404e+002  9.6519415e+002  9.6465212e+002  9.5639976e+002  9.3835323e+002  9.1643451e+002  8.9274690e+002  8.7326932e+002  8.6234377e+002  8.5756702e+002  8.5664385e+002  8.5726945e+002  8.5710444e+002  8.5310398e+002  8.4268360e+002  8.2648821e+002  8.0616226e+002  7.8498293e+002  7.6921909e+002  7.6504520e+002  7.6474342e+002  7.6283354e+002  7.5963993e+002  7.5532547e+002  7.4516278e+002  7.2520634e+002  7.0107226e+002  6.8308847e+002  6.7690222e+002  6.7720590e+002  6.7426986e+002  6.6154224e+002  6.4072029e+002  6.2105243e+002  6.1085042e+002  6.0929724e+002  6.1088900e+002  6.0951702e+002  6.0091782e+002  5.8577146e+002  5.6699782e+002  5.4687524e+002  5.2773973e+002  5.1102707e+002  4.9839756e+002  4.9116769e+002  4.8923487e+002  4.8806079e+002  4.8303784e+002  4.7383528e+002  4.6213074e+002  4.4956561e+002  4.3719354e+002  4.3230650e+002  4.2156340e+002  4.1065910e+002  3.9933060e+002  3.8768670e+002  3.7607240e+002  3.6496120e+002  3.5499070e+002  3.4720130e+002  3.4235500e+002  3.3748740e+002  3.2667070e+002  3.1190440e+002  3.0143900e+002  2.9674540e+002  2.9170030e+002  2.8566170e+002  2.8071400e+002  2.7887960e+002  2.8160940e+002  2.8736410e+002  2.9162570e+002  2.9283650e+002  2.9110880e+002  2.8607740e+002  2.7871450e+002  2.7055280e+002  2.6304840e+002  2.5946750e+002  2.5702730e+002  2.5403750e+002  2.5347820e+002  2.5531200e+002  2.5704480e+002  2.5589570e+002  2.5433180e+002  2.5327930e+002  2.5191800e+002  2.5130920e+002  2.5195610e+002  2.5007330e+002  2.3503750e+002  2.0017390e+002  1.5326550e+002  1.0521170e+002  6.4119210e+001  4.1829660e+001  4.0931940e+001  4.5271990e+001  4.7044910e+001  4.2893940e+001  4.2141490e+001  4.4595520e+001
  4.1162750e+006  1.3361530e+003  1.3249880e+003  1.3138080e+003  1.3051360e+003  1.2992240e+003  1.2932730e+003  1.2834250e+003  1.2670060e+003  1.2310170e+003  1.2005035e+003  1.1794497e+003  1.1705324e+003  1.1609551e+003  1.1451091e+003  1.1261768e+003  1.1061696e+003  1.0905235e+003  1.0810047e+003  1.0761577e+003  1.0751596e+003  1.0743384e+003  1.0694792e+003  1.0585022e+003  1.0355059e+003  1.0061969e+003  9.9323551e+002  9.7660866e+002  9.7507290e+002  9.7923120e+002  9.8468164e+002  9.8843378e+002  9.7973430e+002  9.7324369e+002  9.6417446e+002  9.5837717e+002  9.5881013e+002  9.6109885e+002  9.6265016e+002  9.5607258e+002  9.4165618e+002  9.2124223e+002  9.0083791e+002  8.8315245e+002  8.6976166e+002  8.6283923e+002  8.6027063e+002  8.5952773e+002  8.5812971e+002  8.5258456e+002  8.4007583e+002  8.2228372e+002  8.0127053e+002  7.8217491e+002  7.6771091e+002  7.6072624e+002  7.5759074e+002  7.5398434e+002  7.4926714e+002  7.4284196e+002  7.3188031e+002  7.1463281e+002  6.9527420e+002  6.8116468e+002  6.7600215e+002  6.7388791e+002  6.6782234e+002  6.5433935e+002  6.3597807e+002  6.1910537e+002  6.0872788e+002  6.0457767e+002  6.0282131e+002  5.9940419e+002  5.9101384e+002  5.7769588e+002  5.6109284e+002  5.4296816e+002  5.2514125e+002  5.0911881e+002  4.9652178e+002  4.8944377e+002  4.8816065e+002  4.8896471e+002  4.8726831e+002  4.8130773e+002  4.7150456e+002  4.5967463e+002  4.4781620e+002  4.3692474e+002  4.2614583e+002  4.1454795e+002  4.0187551e+002  3.8841008e+002  3.8128610e+002  3.6850520e+002  3.5681820e+002  3.4699620e+002  3.3874320e+002  3.2856700e+002  3.1608050e+002  3.0556740e+002  2.9230550e+002  2.8539950e+002  2.8130490e+002  2.7758580e+002  2.7550070e+002  2.7646130e+002  2.8120490e+002  2.8772270e+002  2.9229100e+002  2.9421040e+002  2.9362380e+002  2.9003860e+002  2.8447900e+002  2.7774250e+002  2.7001210e+002  2.6505580e+002  2.6189760e+002  2.6041670e+002  2.6006200e+002  2.6039830e+002  2.6081200e+002  2.6042000e+002  2.5958150e+002  2.5847050e+002  2.5654410e+002  2.5524250e+002  2.5484080e+002  2.5059230e+002  2.2853830e+002  1.8175210e+002  1.2612810e+002  8.0891580e+001  5.1758850e+001  4.0696070e+001  4.3461880e+001  4.7697590e+001  4.9581500e+001  4.6583090e+001  4.6805510e+001  4.9348310e+001
  4.1163250e+006  1.3248530e+003  1.3137660e+003  1.3024420e+003  1.2929460e+003  1.2848690e+003  1.2770570e+003  1.2675160e+003  1.2415202e+003  1.2137169e+003  1.1831101e+003  1.1645572e+003  1.1576365e+003  1.1508095e+003  1.1379257e+003  1.1182546e+003  1.0955150e+003  1.0760198e+003  1.0645290e+003  1.0602132e+003  1.0615191e+003  1.0635836e+003  1.0591002e+003  1.0461993e+003  1.0336553e+003  1.0070053e+003  9.9098591e+002  9.7706549e+002  9.7758239e+002  9.8457365e+002  9.8897260e+002  9.8090682e+002  9.8038550e+002  9.7492171e+002  9.5986891e+002  9.5172329e+002  9.5192910e+002  9.5378653e+002  9.5687000e+002  9.5217957e+002  9.4070752e+002  9.2409404e+002  9.0437947e+002  8.8752572e+002  8.7500768e+002  8.6664210e+002  8.6128558e+002  8.5920032e+002  8.5624243e+002  8.4935248e+002  8.3619952e+002  8.1837249e+002  7.9960966e+002  7.8161983e+002  7.6713156e+002  7.5728438e+002  7.5027984e+002  7.4388545e+002  7.3739135e+002  7.3002757e+002  7.1963831e+002  7.0519131e+002  6.8964288e+002  6.7831585e+002  6.7354702e+002  6.6881788e+002  6.5976551e+002  6.4558738e+002  6.2980165e+002  6.1576510e+002  6.0597255e+002  5.9982242e+002  5.9520791e+002  5.8942142e+002  5.8076334e+002  5.6871274e+002  5.5387615e+002  5.3768456e+002  5.2174291e+002  5.0761299e+002  4.9687331e+002  4.9096667e+002  4.9007941e+002  4.9109161e+002  4.9054038e+002  4.8600775e+002  4.7678035e+002  4.6517186e+002  4.5452601e+002  4.4579620e+002  4.3717636e+002  4.2656705e+002  4.1344091e+002  3.9882663e+002  3.8330362e+002  3.6818952e+002  3.5413166e+002  3.4201781e+002  3.3067998e+002  3.1794061e+002  3.1171300e+002  3.0206270e+002  2.9001090e+002  2.8184060e+002  2.7662720e+002  2.7292790e+002  2.7203540e+002  2.7425400e+002  2.7933760e+002  2.8560050e+002  2.9081100e+002  2.9404690e+002  2.9480480e+002  2.9287880e+002  2.8932200e+002  2.8444710e+002  2.7773000e+002  2.7208290e+002  2.6839450e+002  2.6691930e+002  2.6620660e+002  2.6594780e+002  2.6617750e+002  2.6569430e+002  2.6322000e+002  2.6035050e+002  2.5861150e+002  2.5787620e+002  2.5734590e+002  2.5160610e+002  2.2389780e+002  1.6707040e+002  1.0556430e+002  6.6198390e+001  4.8929190e+001  4.4864270e+001  4.6045720e+001  4.7573100e+001  5.1151440e+001  5.2224250e+001  5.2856200e+001  5.2882490e+001
  4.1163750e+006  1.3228480e+003  1.3099880e+003  1.2949940e+003  1.2825470e+003  1.2738160e+003  1.2669720e+003  1.2507810e+003  1.2338120e+003  1.2064984e+003  1.1779996e+003  1.1609852e+003  1.1529017e+003  1.1447316e+003  1.1316194e+003  1.1103472e+003  1.0815328e+003  1.0582166e+003  1.0463457e+003  1.0441981e+003  1.0497998e+003  1.0574235e+003  1.0553416e+003  1.0390580e+003  1.0257697e+003  1.0045062e+003  9.8983833e+002  9.8340264e+002  9.8507253e+002  9.8795309e+002  9.8051967e+002  9.7521831e+002  9.8633921e+002  9.7923772e+002  9.5574837e+002  9.4433605e+002  9.4274971e+002  9.4347040e+002  9.4485075e+002  9.4391090e+002  9.3626026e+002  9.2172202e+002  9.0398667e+002  8.8734098e+002  8.7509823e+002  8.6710319e+002  8.6178226e+002  8.5712230e+002  8.5279120e+002  8.4442521e+002  8.3228872e+002  8.1573439e+002  7.9793797e+002  7.8090563e+002  7.6592002e+002  7.5355049e+002  7.4308270e+002  7.3386009e+002  7.2598709e+002  7.1904925e+002  7.1040885e+002  6.9827540e+002  6.8488146e+002  6.7469198e+002  6.6925632e+002  6.6232098e+002  6.4946901e+002  6.3524269e+002  6.2213944e+002  6.1088247e+002  6.0205579e+002  5.9503457e+002  5.8850534e+002  5.8103828e+002  5.7154491e+002  5.5964305e+002  5.4584088e+002  5.3110068e+002  5.1673933e+002  5.0465993e+002  4.9638995e+002  4.9241698e+002  4.9205593e+002  4.9316614e+002  4.9354224e+002  4.9053267e+002  4.8181931e+002  4.6983415e+002  4.5942473e+002  4.5267640e+002  4.4606030e+002  4.3593648e+002  4.2223007e+002  4.0633146e+002  3.8963470e+002  3.7323592e+002  3.5805422e+002  3.4478097e+002  3.3303018e+002  3.2039446e+002  3.0848790e+002  2.9792459e+002  2.8728952e+002  2.7855796e+002  2.7230354e+002  2.6808290e+002  2.7254270e+002  2.7431300e+002  2.7819550e+002  2.8334110e+002  2.8897140e+002  2.9351880e+002  2.9568800e+002  2.9549000e+002  2.9345700e+002  2.8940980e+002  2.8387060e+002  2.7910060e+002  2.7614620e+002  2.7465810e+002  2.7322570e+002  2.7217670e+002  2.7214410e+002  2.7065150e+002  2.6576180e+002  2.6095530e+002  2.5912580e+002  2.5863880e+002  2.5775170e+002  2.5105300e+002  2.2067460e+002  1.5911890e+002  9.6749740e+001  6.4244360e+001  5.5434170e+001  5.3478170e+001  5.0499840e+001  4.7604200e+001  5.1462560e+001  5.6056240e+001  5.6914190e+001  5.4247220e+001
  4.1164250e+006  1.3224490e+003  1.3081450e+003  1.2904290e+003  1.2765360e+003  1.2674660e+003  1.2544825e+003  1.2453943e+003  1.2290933e+003  1.2015179e+003  1.1765177e+003  1.1605481e+003  1.1471737e+003  1.1339624e+003  1.1216117e+003  1.1023864e+003  1.0680215e+003  1.0411614e+003  1.0292932e+003  1.0278735e+003  1.0354368e+003  1.0480906e+003  1.0529212e+003  1.0330750e+003  1.0153505e+003  1.0031724e+003  9.9164050e+002  9.8637054e+002  9.8618802e+002  9.7843511e+002  9.7057454e+002  9.6622005e+002  9.7871283e+002  9.7097193e+002  9.4873391e+002  9.3520690e+002  9.2626475e+002  9.2314344e+002  9.2515888e+002  9.2891206e+002  9.2756327e+002  9.1472460e+002  8.9716203e+002  8.8262659e+002  8.7188975e+002  8.6434564e+002  8.5945357e+002  8.5284878e+002  8.4883960e+002  8.4201396e+002  8.3031790e+002  8.1440892e+002  7.9711405e+002  7.8021044e+002  7.6440681e+002  7.4996334e+002  7.3675850e+002  7.2505320e+002  7.1622975e+002  7.1059274e+002  7.0432837e+002  6.9436421e+002  6.8253224e+002  6.7283659e+002  6.6591011e+002  6.5579962e+002  6.3900703e+002  6.2514360e+002  6.1454786e+002  6.0565085e+002  5.9783204e+002  5.9039746e+002  5.8281902e+002  5.7427809e+002  5.6417705e+002  5.5208286e+002  5.3843723e+002  5.2392897e+002  5.1030910e+002  4.9972483e+002  4.9368618e+002  4.9146867e+002  4.9117131e+002  4.9119921e+002  4.9118830e+002  4.8995492e+002  4.8309354e+002  4.7252905e+002  4.6442229e+002  4.6097589e+002  4.5698221e+002  4.4666401e+002  4.3071561e+002  4.1204001e+002  3.9245583e+002  3.7353412e+002  3.5683333e+002  3.4331465e+002  3.3200992e+002  3.2108032e+002  3.1073679e+002  3.0158402e+002  2.9299231e+002  2.8570344e+002  2.8007332e+002  2.7600786e+002  2.7441893e+002  2.7464234e+002  2.7708596e+002  2.8062927e+002  2.8559411e+002  2.9405020e+002  2.9705580e+002  2.9808160e+002  2.9638720e+002  2.9239330e+002  2.8765630e+002  2.8415530e+002  2.8293260e+002  2.8333630e+002  2.8236500e+002  2.7843800e+002  2.7537090e+002  2.7151960e+002  2.6583250e+002  2.6085820e+002  2.5860550e+002  2.5691470e+002  2.5336380e+002  2.4223930e+002  2.0959380e+002  1.5163030e+002  9.6619550e+001  6.9869280e+001  6.2162900e+001  5.5874790e+001  4.8016110e+001  4.3844730e+001  4.8435720e+001  5.4775430e+001  5.5841210e+001  5.2511930e+001
  4.1164750e+006  1.3187290e+003  1.3039600e+003  1.2865410e+003  1.2738290e+003  1.2601987e+003  1.2517666e+003  1.2441608e+003  1.2284681e+003  1.1997635e+003  1.1783525e+003  1.1626764e+003  1.1469466e+003  1.1308778e+003  1.1167249e+003  1.0906714e+003  1.0559818e+003  1.0294538e+003  1.0165170e+003  1.0132041e+003  1.0130175e+003  1.0206448e+003  1.0332181e+003  1.0191117e+003  1.0021297e+003  9.9508690e+002  9.8698128e+002  9.8116380e+002  9.7568041e+002  9.6991927e+002  9.6267098e+002  9.5346218e+002  9.5431298e+002  9.4906903e+002  9.3654745e+002  9.2667966e+002  9.1093996e+002  9.0474584e+002  9.0543128e+002  9.1072628e+002  9.1278389e+002  9.0478456e+002  8.8648602e+002  8.7369477e+002  8.6660610e+002  8.6073304e+002  8.5366697e+002  8.4959925e+002  8.4658725e+002  8.4086962e+002  8.3038456e+002  8.1485410e+002  7.9726985e+002  7.7981651e+002  7.6314704e+002  7.4728863e+002  7.3236657e+002  7.1908852e+002  7.0955283e+002  7.0476767e+002  6.9998759e+002  6.9157174e+002  6.8072870e+002  6.7114295e+002  6.6236259e+002  6.4946339e+002  6.3183362e+002  6.1753677e+002  6.0923176e+002  6.0156930e+002  5.9422402e+002  5.8637455e+002  5.7833813e+002  5.6909307e+002  5.5875029e+002  5.4634225e+002  5.3271876e+002  5.1829279e+002  5.0446969e+002  4.9458563e+002  4.9007012e+002  4.8927820e+002  4.8814832e+002  4.8548698e+002  4.8287336e+002  4.8301141e+002  4.7923965e+002  4.7186900e+002  4.6700331e+002  4.6662891e+002  4.6468768e+002  4.5474035e+002  4.3776597e+002  4.1731421e+002  3.9536165e+002  3.7388654e+002  3.5575789e+002  3.4154563e+002  3.2970217e+002  3.1926480e+002  3.1019698e+002  3.0276956e+002  2.9602424e+002  2.9030992e+002  2.8561728e+002  2.8229113e+002  2.8079012e+002  2.8119298e+002  2.8400784e+002  2.8785765e+002  2.9173267e+002  2.9466692e+002  2.9745704e+002  2.9893254e+002  2.9641184e+002  2.9140411e+002  2.8647521e+002  2.8542950e+002  2.8567760e+002  2.8894100e+002  2.9007610e+002  2.8226470e+002  2.7432840e+002  2.6810100e+002  2.6361700e+002  2.6008200e+002  2.5650030e+002  2.5113860e+002  2.4153000e+002  2.2127970e+002  1.8301110e+002  1.3439680e+002  9.4047500e+001  7.2776300e+001  6.1673220e+001  4.8796220e+001  3.7942800e+001  3.7152690e+001  4.4520840e+001  5.0887800e+001  5.0556490e+001  4.7074910e+001
  4.1165250e+006  1.3148490e+003  1.3024840e+003  1.2883230e+003  1.2762900e+003  1.2604302e+003  1.2525833e+003  1.2458754e+003  1.2315447e+003  1.2040493e+003  1.1804479e+003  1.1618113e+003  1.1452777e+003  1.1309579e+003  1.1113290e+003  1.0820123e+003  1.0536317e+003  1.0292565e+003  1.0168640e+003  1.0099402e+003  1.0060380e+003  1.0063010e+003  1.0069195e+003  9.9886863e+002  9.9121470e+002  9.8149189e+002  9.7356830e+002  9.6952454e+002  9.6321114e+002  9.5784388e+002  9.4991397e+002  9.3889159e+002  9.3251499e+002  9.3012199e+002  9.2561917e+002  9.1568881e+002  9.0152226e+002  8.9362895e+002  8.9387542e+002  8.9669318e+002  8.9847676e+002  8.9127588e+002  8.7642878e+002  8.6637343e+002  8.6148634e+002  8.5564155e+002  8.4809940e+002  8.4704665e+002  8.4416059e+002  8.3922525e+002  8.2972800e+002  8.1462372e+002  7.9690969e+002  7.7912801e+002  7.6204556e+002  7.4576842e+002  7.3048820e+002  7.1697195e+002  7.0703072e+002  7.0121574e+002  6.9583253e+002  6.8761867e+002  6.7726205e+002  6.6675982e+002  6.5583619e+002  6.4173909e+002  6.2577631e+002  6.1348300e+002  6.0628968e+002  5.9891262e+002  5.9104880e+002  5.8296657e+002  5.7433153e+002  5.6503119e+002  5.5457774e+002  5.4281040e+002  5.2975043e+002  5.1577111e+002  5.0254388e+002  4.9299572e+002  4.8941675e+002  4.8858232e+002  4.8591918e+002  4.7977396e+002  4.7354018e+002  4.7306357e+002  4.7182851e+002  4.6795088e+002  4.6614533e+002  4.6723513e+002  4.6588834e+002  4.5661560e+002  4.3993322e+002  4.1894626e+002  3.9522242e+002  3.7191775e+002  3.5508005e+002  3.4036672e+002  3.2770820e+002  3.1743368e+002  3.0928565e+002  3.0305516e+002  2.9794116e+002  2.9323711e+002  2.8925298e+002  2.8610523e+002  2.8432723e+002  2.8471964e+002  2.8755241e+002  2.9114932e+002  2.9335004e+002  2.9507574e+002  2.9725654e+002  2.9896230e+002  2.9608351e+002  2.9018251e+002  2.8408801e+002  2.7986015e+002  2.7862116e+002  2.7966356e+002  2.7910647e+002  2.7373124e+002  2.6777640e+002  2.6251630e+002  2.5977130e+002  2.5739300e+002  2.5164480e+002  2.4124050e+002  2.2429210e+002  1.9252030e+002  1.4609560e+002  1.0715530e+002  8.3403590e+001  6.9348920e+001  5.8889430e+001  4.8011480e+001  4.1845310e+001  4.3095080e+001  4.8483360e+001  5.0188640e+001  4.4505030e+001  3.9526820e+001
  4.1165750e+006  1.3141840e+003  1.3070550e+003  1.2975830e+003  1.2839570e+003  1.2611426e+003  1.2479806e+003  1.2364743e+003  1.2218329e+003  1.1993452e+003  1.1753462e+003  1.1539825e+003  1.1398011e+003  1.1288423e+003  1.1082890e+003  1.0804257e+003  1.0550656e+003  1.0329169e+003  1.0192870e+003  1.0094380e+003  1.0023517e+003  9.9683587e+002  9.9111261e+002  9.8323218e+002  9.7743663e+002  9.6868767e+002  9.6424516e+002  9.5451697e+002  9.4893286e+002  9.4531126e+002  9.3822201e+002  9.2968530e+002  9.2296216e+002  9.1917905e+002  9.1392189e+002  9.0448125e+002  8.9525097e+002  8.9106076e+002  8.8946590e+002  8.8921253e+002  8.8753643e+002  8.7981726e+002  8.6892490e+002  8.6290080e+002  8.5734866e+002  8.4861968e+002  8.4564727e+002  8.4466878e+002  8.4084899e+002  8.3511893e+002  8.2566311e+002  8.1136935e+002  7.9456487e+002  7.7734494e+002  7.6069159e+002  7.4480185e+002  7.3004551e+002  7.1698710e+002  7.0667891e+002  6.9900001e+002  6.9185725e+002  6.8300303e+002  6.7252329e+002  6.6102045e+002  6.4847169e+002  6.3449022e+002  6.2119773e+002  6.1232964e+002  6.0404425e+002  5.9656314e+002  5.8806455e+002  5.7985352e+002  5.7097482e+002  5.6177200e+002  5.5225081e+002  5.4152403e+002  5.2955732e+002  5.1755453e+002  5.0598618e+002  4.9769210e+002  4.9419385e+002  4.9209157e+002  4.8793966e+002  4.7996064e+002  4.7190205e+002  4.6853374e+002  4.6686150e+002  4.6480343e+002  4.6478625e+002  4.6649950e+002  4.6489688e+002  4.5598782e+002  4.3994325e+002  4.1955361e+002  3.9404921e+002  3.6686133e+002  3.4809958e+002  3.3445234e+002  3.2319884e+002  3.1442342e+002  3.0778673e+002  3.0357192e+002  2.9978432e+002  2.9598007e+002  2.9251685e+002  2.8941896e+002  2.8729920e+002  2.8689005e+002  2.8869320e+002  2.9040308e+002  2.9126485e+002  2.9206557e+002  2.9396489e+002  2.9551618e+002  2.9231214e+002  2.8535451e+002  2.7771128e+002  2.7172127e+002  2.6813303e+002  2.6618731e+002  2.6338608e+002  2.6048954e+002  2.5812090e+002  2.5514840e+002  2.5215990e+002  2.4931220e+002  2.4210600e+002  2.2814650e+002  2.0676600e+002  1.6304080e+002  1.1008940e+002  7.8234740e+001  6.6758170e+001  5.9637340e+001  5.3565640e+001  4.9163350e+001  4.9748630e+001  4.9250790e+001  4.8199160e+001  4.5548680e+001  3.7367970e+001  3.3092810e+001
  4.1166250e+006  1.3135570e+003  1.3084140e+003  1.2990950e+003  1.2818660e+003  1.2560800e+003  1.2312889e+003  1.2164755e+003  1.2026361e+003  1.1870925e+003  1.1643876e+003  1.1457553e+003  1.1359799e+003  1.1256428e+003  1.1077181e+003  1.0842979e+003  1.0591569e+003  1.0358372e+003  1.0202339e+003  1.0073684e+003  9.9664543e+002  9.8808075e+002  9.8018372e+002  9.7237484e+002  9.6477790e+002  9.5912200e+002  9.5032478e+002  9.4158876e+002  9.3850074e+002  9.3723108e+002  9.3073786e+002  9.2403797e+002  9.1712791e+002  9.1133060e+002  9.0387002e+002  8.9559561e+002  8.9161411e+002  8.8766592e+002  8.8434492e+002  8.8226144e+002  8.7965655e+002  8.7101328e+002  8.6348748e+002  8.5703507e+002  8.4994959e+002  8.4483580e+002  8.4142593e+002  8.3933812e+002  8.3687751e+002  8.2938320e+002  8.1928429e+002  8.0584324e+002  7.9036626e+002  7.7436520e+002  7.5864611e+002  7.4365765e+002  7.2967656e+002  7.1715220e+002  7.0644601e+002  6.9727538e+002  6.8842314e+002  6.7873238e+002  6.6793881e+002  6.5607561e+002  6.4338336e+002  6.3016827e+002  6.1883420e+002  6.1058307e+002  6.0119030e+002  5.9345208e+002  5.8523985e+002  5.7697248e+002  5.6860808e+002  5.6016932e+002  5.5125015e+002  5.4203976e+002  5.3230328e+002  5.2274293e+002  5.1387349e+002  5.0756365e+002  5.0365131e+002  5.0064230e+002  4.9457037e+002  4.8692145e+002  4.7780126e+002  4.7097465e+002  4.6586742e+002  4.6299865e+002  4.6424741e+002  4.6639561e+002  4.6491093e+002  4.5558416e+002  4.3987993e+002  4.2088681e+002  3.9474477e+002  3.6100706e+002  3.3937483e+002  3.2691238e+002  3.1798108e+002  3.1120953e+002  3.0668560e+002  3.0473742e+002  3.0196950e+002  2.9897812e+002  2.9585914e+002  2.9302792e+002  2.9068723e+002  2.8946780e+002  2.8906982e+002  2.8847627e+002  2.8793353e+002  2.8809807e+002  2.8940643e+002  2.9003030e+002  2.8675064e+002  2.7901600e+002  2.7035396e+002  2.6371804e+002  2.5960342e+002  2.5645368e+002  2.5291938e+002  2.4731346e+002  2.4215560e+002  2.3703910e+002  2.3458140e+002  2.3311840e+002  2.2563520e+002  2.0798720e+002  1.8714250e+002  1.3547960e+002  8.6128700e+001  6.0159210e+001  5.2026050e+001  4.8464170e+001  4.7344280e+001  4.6358360e+001  4.8757630e+001  4.6632210e+001  4.2002440e+001  3.8595850e+001  3.3317570e+001  3.1464320e+001
  4.1166750e+006  1.3059820e+003  1.2955040e+003  1.2793150e+003  1.2533600e+003  1.2260410e+003  1.2075596e+003  1.1977460e+003  1.1827267e+003  1.1671949e+003  1.1508129e+003  1.1398322e+003  1.1306188e+003  1.1196583e+003  1.1068864e+003  1.0895590e+003  1.0650743e+003  1.0401059e+003  1.0214922e+003  1.0036850e+003  9.9038626e+002  9.8042397e+002  9.7238522e+002  9.6561705e+002  9.5721627e+002  9.5102091e+002  9.3830617e+002  9.2660009e+002  9.3056121e+002  9.3022229e+002  9.2440435e+002  9.1878795e+002  9.1143851e+002  9.0460743e+002  8.9613677e+002  8.8759683e+002  8.8357258e+002  8.8074436e+002  8.7822109e+002  8.7511662e+002  8.7049696e+002  8.6176549e+002  8.5366801e+002  8.4823425e+002  8.4202887e+002  8.4032139e+002  8.4159176e+002  8.3836930e+002  8.3251788e+002  8.2329883e+002  8.1236785e+002  7.9940275e+002  7.8508959e+002  7.7033427e+002  7.5576449e+002  7.4177881e+002  7.2863655e+002  7.1655966e+002  7.0557610e+002  6.9546769e+002  6.8546943e+002  6.7517090e+002  6.6400775e+002  6.5239668e+002  6.4011928e+002  6.2796137e+002  6.1727075e+002  6.0847050e+002  5.9909525e+002  5.8967393e+002  5.8186372e+002  5.7397815e+002  5.6618517e+002  5.5849042e+002  5.5087712e+002  5.4357200e+002  5.3601102e+002  5.2933498e+002  5.2323011e+002  5.1882670e+002  5.1557622e+002  5.1231772e+002  5.0616479e+002  4.9830051e+002  4.8818960e+002  4.7787180e+002  4.6828986e+002  4.6235520e+002  4.6258122e+002  4.6570800e+002  4.6432662e+002  4.5445956e+002  4.3856070e+002  4.2291686e+002  3.9860905e+002  3.5912540e+002  3.3464860e+002  3.2250403e+002  3.1463094e+002  3.0896868e+002  3.0605481e+002  3.0563462e+002  3.0379997e+002  3.0154492e+002  2.9904199e+002  2.9651503e+002  2.9405531e+002  2.9189928e+002  2.8939648e+002  2.8704271e+002  2.8554772e+002  2.8517038e+002  2.8512698e+002  2.8417746e+002  2.8036854e+002  2.7223350e+002  2.6366310e+002  2.5796599e+002  2.5232276e+002  2.4293022e+002  2.3479881e+002  2.2904417e+002  2.2330930e+002  2.1624050e+002  2.1097330e+002  2.0595450e+002  1.9562860e+002  1.6860500e+002  1.4699320e+002  1.0276420e+002  7.1731040e+001  5.4814700e+001  4.5059940e+001  4.2576290e+001  4.6502410e+001  4.5386800e+001  4.3482640e+001  4.1487200e+001  3.9436000e+001  3.7357210e+001  3.4400060e+001  3.1591950e+001
  4.1167250e+006  1.2858500e+003  1.2659850e+003  1.2481360e+003  1.2206810e+003  1.2050620e+003  1.1902809e+003  1.1796646e+003  1.1652652e+003  1.1527009e+003  1.1431344e+003  1.1329851e+003  1.1208286e+003  1.1090354e+003  1.0990672e+003  1.0852558e+003  1.0656133e+003  1.0436183e+003  1.0194363e+003  9.9562064e+002  9.8215676e+002  9.7386290e+002  9.6737290e+002  9.6283088e+002  9.5258921e+002  9.4143776e+002  9.2892549e+002  9.1616134e+002  9.1836471e+002  9.1682810e+002  9.1288169e+002  9.0898181e+002  9.0611503e+002  8.9749678e+002  8.8723779e+002  8.7858322e+002  8.7470107e+002  8.7337820e+002  8.7160784e+002  8.6663003e+002  8.5806286e+002  8.5007799e+002  8.4339278e+002  8.3867125e+002  8.3836642e+002  8.3982938e+002  8.4263101e+002  8.2942902e+002  8.2528602e+002  8.1728161e+002  8.0548877e+002  7.9267427e+002  7.7916957e+002  7.6547024e+002  7.5198566e+002  7.3899853e+002  7.2666860e+002  7.1502154e+002  7.0399063e+002  6.9328022e+002  6.8266101e+002  6.7185853e+002  6.6073258e+002  6.4925556e+002  6.3764395e+002  6.2629256e+002  6.1573979e+002  6.0599243e+002  5.9658504e+002  5.8554881e+002  5.7781229e+002  5.7034828e+002  5.6327480e+002  5.5682173e+002  5.5022489e+002  5.4411490e+002  5.3995200e+002  5.3538391e+002  5.3175022e+002  5.2915906e+002  5.2713097e+002  5.2478260e+002  5.1980414e+002  5.1136806e+002  5.0093601e+002  4.8774334e+002  4.7351567e+002  4.6302673e+002  4.6064514e+002  4.6231365e+002  4.6096429e+002  4.4997361e+002  4.3457710e+002  4.2368118e+002  4.0385228e+002  3.6353653e+002  3.3706459e+002  3.2350434e+002  3.1461768e+002  3.0901349e+002  3.0620235e+002  3.0557842e+002  3.0441039e+002  3.0313650e+002  3.0134891e+002  2.9935442e+002  2.9675639e+002  2.9309402e+002  2.8885310e+002  2.8570403e+002  2.8447144e+002  2.8376359e+002  2.8220300e+002  2.7895264e+002  2.7340683e+002  2.6557493e+002  2.5807822e+002  2.5133273e+002  2.3914138e+002  2.2515311e+002  2.1437329e+002  2.0977226e+002  2.0604530e+002  1.9886280e+002  1.8511560e+002  1.6568110e+002  1.5142580e+002  1.2335660e+002  1.0233370e+002  7.1611440e+001  5.5707850e+001  4.5280510e+001  3.4645560e+001  3.3642860e+001  4.0686900e+001  3.8135550e+001  3.0633940e+001  2.8712200e+001  3.0663020e+001  3.2006060e+001  3.0647010e+001  2.5711230e+001
  4.1167750e+006  1.2552820e+003  1.2271710e+003  1.2112800e+003  1.1929430e+003  1.1835150e+003  1.1778490e+003  1.1636039e+003  1.1540761e+003  1.1455524e+003  1.1349763e+003  1.1226421e+003  1.1095348e+003  1.0988669e+003  1.0908201e+003  1.0754221e+003  1.0536294e+003  1.0300648e+003  1.0053392e+003  9.8270176e+002  9.7206440e+002  9.6630822e+002  9.6322584e+002  9.6082215e+002  9.5055507e+002  9.3402585e+002  9.1599736e+002  9.0491941e+002  9.0273204e+002  8.9872885e+002  8.9574728e+002  8.9567554e+002  8.9414802e+002  8.9239727e+002  8.8516064e+002  8.7693073e+002  8.7328266e+002  8.6895069e+002  8.6406118e+002  8.5600335e+002  8.4802329e+002  8.4156988e+002  8.3791104e+002  8.3615862e+002  8.3770062e+002  8.4060567e+002  8.4254229e+002  8.3064686e+002  8.2059895e+002  8.1100805e+002  7.9848132e+002  7.8563369e+002  7.7269028e+002  7.5986670e+002  7.4737117e+002  7.3534163e+002  7.2380676e+002  7.1265677e+002  7.0169625e+002  6.9076841e+002  6.7974215e+002  6.6873204e+002  6.5753136e+002  6.4642391e+002  6.3535649e+002  6.2436953e+002  6.1384408e+002  6.0376207e+002  5.9362795e+002  5.8357240e+002  5.7334423e+002  5.6613079e+002  5.5974061e+002  5.5401878e+002  5.4872690e+002  5.4324381e+002  5.4128771e+002  5.3911726e+002  5.3689815e+002  5.3657089e+002  5.3672110e+002  5.3541616e+002  5.3210993e+002  5.2396285e+002  5.1431550e+002  4.9969699e+002  4.8025048e+002  4.6345934e+002  4.5700282e+002  4.5732073e+002  4.5504622e+002  4.4432507e+002  4.3019566e+002  4.2306191e+002  4.0947177e+002  3.7739081e+002  3.4744081e+002  3.2875516e+002  3.1764227e+002  3.1075543e+002  3.0681551e+002  3.0529377e+002  3.0412267e+002  3.0374434e+002  3.0264117e+002  3.0062995e+002  2.9716001e+002  2.9179802e+002  2.8595304e+002  2.8281601e+002  2.8297736e+002  2.8296372e+002  2.7961439e+002  2.7419418e+002  2.6749784e+002  2.6055679e+002  2.5352088e+002  2.4067118e+002  2.2374480e+002  2.1102637e+002  2.0056411e+002  1.9004424e+002  1.8024710e+002  1.6541710e+002  1.4907980e+002  1.2300160e+002  1.0800050e+002  8.6779910e+001  6.5227040e+001  4.6843800e+001  4.0607840e+001  3.5350610e+001  2.7592410e+001  2.7585440e+001  3.2825200e+001  3.1657680e+001  2.5169390e+001  2.3529750e+001  2.6305480e+001  2.7596740e+001  2.4087750e+001  1.7810910e+001
  4.1168250e+006  1.2261870e+003  1.2038370e+003  1.1868960e+003  1.1731700e+003  1.1655370e+003  1.1617940e+003  1.1510592e+003  1.1450273e+003  1.1340653e+003  1.1208407e+003  1.1099395e+003  1.1003055e+003  1.0930697e+003  1.0836670e+003  1.0620246e+003  1.0358895e+003  1.0134907e+003  9.9431335e+002  9.7689562e+002  9.6240846e+002  9.5181995e+002  9.4941024e+002  9.4940303e+002  9.3953800e+002  9.2418068e+002  9.0563394e+002  8.9382761e+002  8.8790320e+002  8.8365285e+002  8.8178672e+002  8.8188298e+002  8.8084050e+002  8.8070938e+002  8.7822125e+002  8.7353776e+002  8.6809617e+002  8.6256183e+002  8.5589235e+002  8.4750447e+002  8.4039474e+002  8.3557708e+002  8.3237480e+002  8.3220682e+002  8.3557770e+002  8.4043375e+002  8.3987078e+002  8.2767957e+002  8.1153266e+002  8.0279793e+002  7.9083203e+002  7.7796252e+002  7.6549984e+002  7.5345908e+002  7.4191212e+002  7.3084248e+002  7.2017236e+002  7.0966129e+002  6.9896714e+002  6.8799736e+002  6.7676639e+002  6.6558290e+002  6.5447081e+002  6.4374375e+002  6.3315820e+002  6.2260345e+002  6.1210587e+002  6.0151841e+002  5.9091252e+002  5.8031208e+002  5.6852638e+002  5.6163827e+002  5.5591164e+002  5.5107089e+002  5.4713108e+002  5.4288143e+002  5.4092356e+002  5.3981945e+002  5.3912990e+002  5.3956335e+002  5.4066186e+002  5.4095609e+002  5.3951466e+002  5.3166911e+002  5.2639662e+002  5.1308240e+002  4.8946631e+002  4.6395273e+002  4.5299538e+002  4.5276346e+002  4.4991116e+002  4.4002706e+002  4.2865185e+002  4.2260913e+002  4.1213354e+002  3.8583311e+002  3.5440904e+002  3.3463815e+002  3.2253232e+002  3.1406437e+002  3.0875571e+002  3.0604745e+002  3.0402037e+002  3.0363292e+002  3.0302617e+002  3.0056777e+002  2.9541502e+002  2.8802603e+002  2.8105803e+002  2.7841154e+002  2.8052247e+002  2.8129729e+002  2.7618548e+002  2.6944047e+002  2.6270773e+002  2.5617396e+002  2.4821322e+002  2.3017940e+002  2.1276375e+002  1.9954447e+002  1.8214899e+002  1.6701760e+002  1.5117870e+002  1.2836560e+002  1.0823910e+002  8.7815220e+001  7.1503600e+001  5.4953310e+001  4.1633230e+001  3.5248480e+001  3.6050730e+001  3.5252220e+001  2.9918800e+001  2.7261670e+001  2.8054100e+001  2.9831570e+001  2.7869610e+001  2.6320140e+001  2.6527190e+001  2.3595870e+001  1.7520010e+001  1.2157540e+001
  4.1168750e+006  1.2113330e+003  1.1845770e+003  1.1680450e+003  1.1611890e+003  1.1567180e+003  1.1502130e+003  1.1362415e+003  1.1284944e+003  1.1159734e+003  1.1023926e+003  1.0942884e+003  1.0860267e+003  1.0776944e+003  1.0649021e+003  1.0415899e+003  1.0186020e+003  1.0015128e+003  9.8814842e+002  9.7530913e+002  9.5513927e+002  9.3775931e+002  9.3441368e+002  9.3574103e+002  9.2696026e+002  9.1344356e+002  8.9908906e+002  8.8354094e+002  8.7612038e+002  8.7113944e+002  8.6742521e+002  8.6646478e+002  8.6682736e+002  8.6708545e+002  8.6684369e+002  8.6357691e+002  8.5883584e+002  8.5328447e+002  8.4706447e+002  8.4156768e+002  8.3470635e+002  8.2946060e+002  8.2396521e+002  8.2535634e+002  8.3079574e+002  8.3459123e+002  8.3066022e+002  8.2098454e+002  8.0508218e+002  7.9311826e+002  7.8187169e+002  7.6927593e+002  7.5738626e+002  7.4614715e+002  7.3552068e+002  7.2549492e+002  7.1579478e+002  7.0611971e+002  6.9589020e+002  6.8493405e+002  6.7360503e+002  6.6207600e+002  6.5121929e+002  6.4086059e+002  6.3095069e+002  6.2070239e+002  6.1038936e+002  5.9938155e+002  5.8823791e+002  5.7690994e+002  5.6519874e+002  5.5662612e+002  5.5073024e+002  5.4736542e+002  5.4463456e+002  5.4214017e+002  5.4015977e+002  5.3900596e+002  5.3809584e+002  5.3852128e+002  5.3906709e+002  5.3965022e+002  5.3921484e+002  5.3382979e+002  5.3335509e+002  5.2488156e+002  5.0125282e+002  4.6666801e+002  4.5018771e+002  4.4740582e+002  4.4259444e+002  4.3206704e+002  4.2314198e+002  4.1795592e+002  4.0957985e+002  3.9033181e+002  3.6456167e+002  3.4505709e+002  3.2996232e+002  3.1914933e+002  3.1202629e+002  3.0800527e+002  3.0459939e+002  3.0301709e+002  3.0257546e+002  3.0042482e+002  2.9441213e+002  2.8500600e+002  2.7734413e+002  2.7481470e+002  2.7832392e+002  2.7924151e+002  2.7331540e+002  2.6639436e+002  2.6063918e+002  2.5272388e+002  2.3947581e+002  2.2112052e+002  2.0525867e+002  1.8668211e+002  1.6428194e+002  1.4553694e+002  1.1712870e+002  9.1751250e+001  7.2170410e+001  5.7818410e+001  4.7301850e+001  3.7662710e+001  3.2749930e+001  3.3210110e+001  3.5907620e+001  3.5623220e+001  3.0308060e+001  2.4750800e+001  2.3575090e+001  2.6946330e+001  2.7331410e+001  2.4169140e+001  2.0842140e+001  1.6666170e+001  1.1572610e+001  8.3702430e+000
  4.1169250e+006  1.1965220e+003  1.1703460e+003  1.1593230e+003  1.1541560e+003  1.1475130e+003  1.1373550e+003  1.1276430e+003  1.1118796e+003  1.1014274e+003  1.0871820e+003  1.0751661e+003  1.0636561e+003  1.0524802e+003  1.0407243e+003  1.0234420e+003  1.0067019e+003  9.9327460e+002  9.8369491e+002  9.7263930e+002  9.5132353e+002  9.3253336e+002  9.2810891e+002  9.2880441e+002  9.1939539e+002  9.0679340e+002  8.9541807e+002  8.8270892e+002  8.7049653e+002  8.6653158e+002  8.7055900e+002  8.7207948e+002  8.7132565e+002  8.6643657e+002  8.6293848e+002  8.5582302e+002  8.4641753e+002  8.4107559e+002  8.3705569e+002  8.3237356e+002  8.2779121e+002  8.1874836e+002  8.0954431e+002  8.0889268e+002  8.1509661e+002  8.1982481e+002  8.1674498e+002  8.1081338e+002  7.9707934e+002  7.8179833e+002  7.7046659e+002  7.5931044e+002  7.4818206e+002  7.3780285e+002  7.2814824e+002  7.1921805e+002  7.1071679e+002  7.0210564e+002  6.9258410e+002  6.8168482e+002  6.7000534e+002  6.5806934e+002  6.4723816e+002  6.3760917e+002  6.2862344e+002  6.1906259e+002  6.0894671e+002  5.9757754e+002  5.8572885e+002  5.7347431e+002  5.6159632e+002  5.5028074e+002  5.4472468e+002  5.4202272e+002  5.4115963e+002  5.4053799e+002  5.3830676e+002  5.3680745e+002  5.3520426e+002  5.3503116e+002  5.3509901e+002  5.3492038e+002  5.3450800e+002  5.2766740e+002  5.2953313e+002  5.2503181e+002  5.0408039e+002  4.6649729e+002  4.4532477e+002  4.3886708e+002  4.3013379e+002  4.1867396e+002  4.1132220e+002  4.0891373e+002  4.0417815e+002  3.9216412e+002  3.7349585e+002  3.5535390e+002  3.3910539e+002  3.2650364e+002  3.1729502e+002  3.1199206e+002  3.0786958e+002  3.0488317e+002  3.0351470e+002  3.0122912e+002  2.9598703e+002  2.8606926e+002  2.7764912e+002  2.7522568e+002  2.7779554e+002  2.7800530e+002  2.7238722e+002  2.6653317e+002  2.6065007e+002  2.5068371e+002  2.3230560e+002  2.1257674e+002  1.9727467e+002  1.7586523e+002  1.5200866e+002  1.1849802e+002  8.7018650e+001  6.2926580e+001  4.5095340e+001  3.8010090e+001  3.9184650e+001  3.6821590e+001  3.3316450e+001  3.2960380e+001  3.3263630e+001  3.1690450e+001  2.7615100e+001  2.1956490e+001  1.9285370e+001  2.0196210e+001  1.9591030e+001  1.6454090e+001  1.2838360e+001  9.9727330e+000  6.3670040e+000  0.0000000e+000
  4.1169750e+006  1.1740320e+003  1.1606360e+003  1.1545830e+003  1.1478270e+003  1.1384600e+003  1.1263420e+003  1.1153010e+003  1.1009582e+003  1.0928484e+003  1.0761872e+003  1.0608086e+003  1.0497670e+003  1.0384661e+003  1.0218182e+003  1.0082722e+003  9.9760788e+002  9.8698281e+002  9.7793173e+002  9.6389189e+002  9.4401075e+002  9.2942013e+002  9.2569828e+002  9.2562663e+002  9.1688082e+002  9.0304402e+002  8.8984948e+002  8.7593136e+002  8.6992641e+002  8.6705705e+002  8.7087672e+002  8.7343506e+002  8.7177391e+002  8.6678939e+002  8.5869782e+002  8.4965828e+002  8.3910316e+002  8.3079929e+002  8.2559312e+002  8.1793044e+002  8.0833171e+002  8.0081350e+002  7.9241882e+002  7.8983025e+002  7.9423717e+002  8.0030487e+002  8.0204556e+002  7.9899921e+002  7.8727155e+002  7.6820391e+002  7.5783226e+002  7.4814713e+002  7.3790534e+002  7.2837544e+002  7.1968519e+002  7.1185612e+002  7.0476376e+002  6.9757794e+002  6.8911245e+002  6.7836850e+002  6.6612487e+002  6.5350501e+002  6.4238005e+002  6.3362442e+002  6.2633042e+002  6.1776634e+002  6.0792609e+002  5.9636042e+002  5.8371881e+002  5.7013593e+002  5.5673667e+002  5.4574312e+002  5.3803670e+002  5.3643592e+002  5.3636123e+002  5.3777002e+002  5.3584766e+002  5.3432750e+002  5.3258736e+002  5.3131051e+002  5.3049137e+002  5.3072893e+002  5.2996597e+002  5.2066985e+002  5.1390017e+002  5.0391579e+002  4.8302724e+002  4.5280923e+002  4.3663693e+002  4.2976625e+002  4.1845156e+002  4.0536194e+002  3.9960315e+002  4.0013376e+002  3.9948246e+002  3.9315952e+002  3.8071043e+002  3.6624972e+002  3.5180882e+002  3.3809762e+002  3.2601505e+002  3.1924003e+002  3.1661004e+002  3.1501797e+002  3.1048342e+002  3.0426929e+002  2.9849680e+002  2.8820629e+002  2.7990996e+002  2.7758734e+002  2.7897138e+002  2.7776640e+002  2.7197296e+002  2.6515780e+002  2.5933935e+002  2.4961905e+002  2.3119730e+002  2.0731775e+002  1.8573232e+002  1.6297238e+002  1.4258117e+002  1.0559647e+002  7.2221270e+001  4.6784070e+001  2.8995840e+001  2.6713460e+001  3.3871430e+001  3.0438020e+001  2.6702410e+001  2.7890690e+001  2.8128580e+001  2.5796970e+001  2.2595890e+001  1.7946010e+001  1.4702310e+001  1.3559650e+001  1.2164330e+001  1.0541360e+001  8.5357670e+000  0.0000000e+000  0.0000000e+000  0.0000000e+000
  4.1170250e+006  1.1601930e+003  1.1543250e+003  1.1489570e+003  1.1416760e+003  1.1324360e+003  1.1214830e+003  1.1107970e+003  1.0929931e+003  1.0807573e+003  1.0638064e+003  1.0513961e+003  1.0416163e+003  1.0244121e+003  1.0039271e+003  9.9338401e+002  9.8542122e+002  9.7475527e+002  9.6347092e+002  9.4929175e+002  9.3513812e+002  9.2553097e+002  9.2011951e+002  9.1661617e+002  9.0870062e+002  8.9477256e+002  8.7992860e+002  8.6971463e+002  8.6515332e+002  8.6915260e+002  8.6902272e+002  8.6710863e+002  8.6572006e+002  8.5752418e+002  8.4628335e+002  8.3784806e+002  8.3031036e+002  8.2494150e+002  8.1553734e+002  8.0530381e+002  7.9435775e+002  7.9208729e+002  7.8404779e+002  7.7587917e+002  7.7402656e+002  7.7854718e+002  7.8133325e+002  7.8258234e+002  7.7399071e+002  7.5688775e+002  7.4464450e+002  7.3575707e+002  7.2668386e+002  7.1793561e+002  7.0998377e+002  7.0314909e+002  6.9742200e+002  6.9201775e+002  6.8501906e+002  6.7469831e+002  6.6194251e+002  6.4826855e+002  6.3671867e+002  6.2913953e+002  6.2371795e+002  6.1681902e+002  6.0770875e+002  5.9620473e+002  5.8279035e+002  5.6758876e+002  5.5244209e+002  5.4091574e+002  5.3252279e+002  5.3147668e+002  5.3282328e+002  5.3390831e+002  5.3304184e+002  5.3159281e+002  5.2928132e+002  5.2786103e+002  5.2701622e+002  5.2724650e+002  5.2617510e+002  5.1428162e+002  4.9498345e+002  4.7612750e+002  4.5866947e+002  4.4177783e+002  4.3325824e+002  4.2858044e+002  4.1763797e+002  4.0393104e+002  3.9663862e+002  3.9619235e+002  3.9666413e+002  3.9310130e+002  3.8435503e+002  3.7521475e+002  3.6460692e+002  3.5171318e+002  3.3707168e+002  3.2749898e+002  3.2652762e+002  3.2789804e+002  3.2235457e+002  3.1199018e+002  3.0027129e+002  2.8780910e+002  2.8025613e+002  2.7861877e+002  2.7970399e+002  2.7812497e+002  2.7033305e+002  2.6024968e+002  2.5578668e+002  2.4959355e+002  2.3142111e+002  2.0503790e+002  1.8020093e+002  1.5593255e+002  1.3289286e+002  1.0301124e+002  7.0315250e+001  4.2812220e+001  2.5164650e+001  2.6006790e+001  3.5504980e+001  2.9617300e+001  2.5215320e+001  2.8012120e+001  2.9018520e+001  2.5282620e+001  1.9548290e+001  1.4300540e+001  1.1317540e+001  1.0093150e+001  8.7978360e+000  6.6008190e+000  0.0000000e+000  0.0000000e+000  0.0000000e+000  0.0000000e+000
  4.1170750e+006  1.1498300e+003  1.1456050e+003  1.1411460e+003  1.1353540e+003  1.1279080e+003  1.1191380e+003  1.1091260e+003  1.0963160e+003  1.0705868e+003  1.0544937e+003  1.0450225e+003  1.0319040e+003  1.0122674e+003  9.9518649e+002  9.8036626e+002  9.6773488e+002  9.5751988e+002  9.4835395e+002  9.3861523e+002  9.2967535e+002  9.1805478e+002  9.0897124e+002  9.0250283e+002  8.9613491e+002  8.8531287e+002  8.7255620e+002  8.7014044e+002  8.6389907e+002  8.6431883e+002  8.6106257e+002  8.5507346e+002  8.5156760e+002  8.4614324e+002  8.3656549e+002  8.3200782e+002  8.3021005e+002  8.1993724e+002  8.1141129e+002  7.9874249e+002  7.9045341e+002  7.8495491e+002  7.7768622e+002  7.6519086e+002  7.5829854e+002  7.5942762e+002  7.6067002e+002  7.6410815e+002  7.5961041e+002  7.4709194e+002  7.3162771e+002  7.2288451e+002  7.1493041e+002  7.0670861e+002  6.9917555e+002  6.9281384e+002  6.8810418e+002  6.8431843e+002  6.7906286e+002  6.7001515e+002  6.5745687e+002  6.4345861e+002  6.3086003e+002  6.2379075e+002  6.2006186e+002  6.1534927e+002  6.0784361e+002  5.9729293e+002  5.8361363e+002  5.6681402e+002  5.4942603e+002  5.3698855e+002  5.2947189e+002  5.2686802e+002  5.2855264e+002  5.2967111e+002  5.2962971e+002  5.2815072e+002  5.2565217e+002  5.2353241e+002  5.2298027e+002  5.2313714e+002  5.2151818e+002  5.0933635e+002  4.8043828e+002  4.6061226e+002  4.4555218e+002  4.3776858e+002  4.3526509e+002  4.3407755e+002  4.2638359e+002  4.1346544e+002  4.0143951e+002  3.9589787e+002  3.9397877e+002  3.8955576e+002  3.8306408e+002  3.7947775e+002  3.7437054e+002  3.6582137e+002  3.5147535e+002  3.3799674e+002  3.3414679e+002  3.3436975e+002  3.3118705e+002  3.1995082e+002  3.0185141e+002  2.8497983e+002  2.7701578e+002  2.7673912e+002  2.7800421e+002  2.7696399e+002  2.6960471e+002  2.5816660e+002  2.5408711e+002  2.5032183e+002  2.3082027e+002  2.0370130e+002  1.7817439e+002  1.5573927e+002  1.3593084e+002  1.1051358e+002  7.7117040e+001  4.6410640e+001  2.7016240e+001  2.7542890e+001  3.6484790e+001  3.3534830e+001  2.9917080e+001  3.0639820e+001  2.9852920e+001  2.3663240e+001  1.6238400e+001  1.1552920e+001  9.4956210e+000  7.8184170e+000  5.5936970e+000  0.0000000e+000  0.0000000e+000  0.0000000e+000  0.0000000e+000  0.0000000e+000
  4.1171250e+006  1.1326070e+003  1.1322390e+003  1.1313190e+003  1.1281990e+003  1.1228890e+003  1.1159100e+003  1.1068020e+003  1.0925590e+003  1.0660482e+003  1.0507876e+003  1.0392997e+003  1.0231723e+003  1.0040737e+003  9.8930021e+002  9.6898699e+002  9.5175930e+002  9.4460134e+002  9.4037932e+002  9.3419278e+002  9.2319651e+002  9.0702994e+002  8.9590822e+002  8.8876558e+002  8.8299600e+002  8.7194697e+002  8.7402837e+002  8.6600019e+002  8.5775639e+002  8.5703763e+002  8.5368420e+002  8.4620648e+002  8.4173576e+002  8.3665519e+002  8.2719107e+002  8.1847655e+002  8.1304021e+002  8.0274893e+002  7.9618953e+002  7.9040688e+002  7.8359310e+002  7.7383008e+002  7.6636226e+002  7.5954313e+002  7.5176206e+002  7.4736699e+002  7.4521495e+002  7.4709115e+002  7.4579551e+002  7.3687886e+002  7.2077139e+002  7.1311830e+002  7.0319992e+002  6.9524197e+002  6.8779846e+002  6.8144890e+002  6.7700000e+002  6.7424360e+002  6.7059390e+002  6.6367847e+002  6.5319665e+002  6.3959450e+002  6.2594374e+002  6.1797156e+002  6.1537992e+002  6.1322918e+002  6.0863126e+002  6.0026619e+002  5.8737503e+002  5.6915451e+002  5.4908755e+002  5.3499325e+002  5.2702852e+002  5.2335670e+002  5.2447695e+002  5.2546318e+002  5.2435967e+002  5.2314294e+002  5.1950621e+002  5.1614143e+002  5.1548233e+002  5.1577847e+002  5.1400525e+002  5.0412439e+002  4.7616771e+002  4.6075156e+002  4.4561484e+002  4.3833889e+002  4.3669295e+002  4.3579283e+002  4.2674748e+002  4.1361062e+002  3.9997062e+002  3.9314428e+002  3.9032808e+002  3.8429970e+002  3.7886340e+002  3.8009910e+002  3.8049462e+002  3.7867403e+002  3.6794365e+002  3.5296228e+002  3.4384351e+002  3.3951057e+002  3.3630728e+002  3.2401288e+002  3.0088390e+002  2.7991819e+002  2.7138583e+002  2.7244537e+002  2.7520802e+002  2.7659697e+002  2.7190080e+002  2.6051469e+002  2.5549271e+002  2.4999914e+002  2.2964169e+002  2.0309027e+002  1.7936717e+002  1.6166380e+002  1.4967539e+002  1.2768610e+002  9.2905620e+001  5.8410260e+001  3.5311260e+001  3.1964640e+001  3.6940250e+001  3.6037700e+001  3.1413900e+001  2.6428450e+001  2.2770160e+001  1.7341970e+001  1.2089590e+001  9.3778880e+000  7.3504180e+000  5.0099640e+000  0.0000000e+000  0.0000000e+000  0.0000000e+000  0.0000000e+000  0.0000000e+000  0.0000000e+000
  4.1171750e+006  1.1150270e+003  1.1186480e+003  1.1206400e+003  1.1197560e+003  1.1165070e+003  1.1106930e+003  1.1013270e+003  1.0874660e+003  1.0727400e+003  1.0495765e+003  1.0378868e+003  1.0231501e+003  1.0047804e+003  9.8378479e+002  9.6145035e+002  9.4642009e+002  9.4150462e+002  9.3920744e+002  9.3132568e+002  9.1633797e+002  8.9722366e+002  8.8807387e+002  8.8105278e+002  8.7184845e+002  8.6631331e+002  8.6671995e+002  8.6060714e+002  8.5597699e+002  8.5184891e+002  8.4883148e+002  8.4418542e+002  8.3728863e+002  8.2745236e+002  8.1450892e+002  8.0650352e+002  8.0163005e+002  7.9656076e+002  7.8639826e+002  7.7867178e+002  7.7187874e+002  7.6593953e+002  7.5911389e+002  7.5554233e+002  7.4849682e+002  7.4130229e+002  7.3517743e+002  7.3430369e+002  7.3432960e+002  7.2716102e+002  7.1408846e+002  6.9981304e+002  6.9122548e+002  6.8432375e+002  6.7699790e+002  6.7068733e+002  6.6638965e+002  6.6408989e+002  6.6157711e+002  6.5651776e+002  6.4832491e+002  6.3573942e+002  6.2136066e+002  6.1243582e+002  6.1095983e+002  6.1175369e+002  6.1043380e+002  6.0504111e+002  5.9410418e+002  5.7545014e+002  5.5223355e+002  5.3532231e+002  5.2519552e+002  5.2068349e+002  5.1903446e+002  5.1883962e+002  5.1539197e+002  5.1291262e+002  5.0787853e+002  5.0271307e+002  5.0014311e+002  4.9959284e+002  4.9814647e+002  4.9208398e+002  4.7102307e+002  4.6124234e+002  4.4782291e+002  4.3834430e+002  4.3609814e+002  4.3074145e+002  4.1721156e+002  4.0317657e+002  3.9319931e+002  3.8893611e+002  3.8628026e+002  3.7993495e+002  3.7568066e+002  3.7936767e+002  3.8325072e+002  3.8636799e+002  3.7912344e+002  3.6374218e+002  3.5078719e+002  3.4127937e+002  3.3295942e+002  3.1718202e+002  2.9354527e+002  2.7324304e+002  2.6569657e+002  2.6700485e+002  2.7128880e+002  2.7327559e+002  2.6772848e+002  2.5836416e+002  2.5458961e+002  2.4684966e+002  2.2654226e+002  2.0406915e+002  1.8637515e+002  1.7669701e+002  1.7055857e+002  1.5128036e+002  1.1987649e+002  7.9128490e+001  5.2336690e+001  4.4154770e+001  4.2503810e+001  3.8766380e+001  3.0954450e+001  2.0670110e+001  1.4558260e+001  1.1429730e+001  8.8923610e+000  6.2720760e+000  3.6576960e+000  0.0000000e+000  0.0000000e+000  0.0000000e+000  0.0000000e+000  0.0000000e+000  0.0000000e+000  0.0000000e+000
  4.1172250e+006  1.1032940e+003  1.1058070e+003  1.1072480e+003  1.1072450e+003  1.1063560e+003  1.1029720e+003  1.0934590e+003  1.0804320e+003  1.0682290e+003  1.0487660e+003  1.0388253e+003  1.0264944e+003  1.0097939e+003  9.8511777e+002  9.5983714e+002  9.4568085e+002  9.4190711e+002  9.3887809e+002  9.2935121e+002  9.1087426e+002  8.9018283e+002  8.8038608e+002  8.6768333e+002  8.6177017e+002  8.5482615e+002  8.5199681e+002  8.4659379e+002  8.4525757e+002  8.4325780e+002  8.3961032e+002  8.3492252e+002  8.2662252e+002  8.1616601e+002  8.0644411e+002  8.0115077e+002  7.9498183e+002  7.8562886e+002  7.7298164e+002  7.6445365e+002  7.6193472e+002  7.6088277e+002  7.5942256e+002  7.5591599e+002  7.4796321e+002  7.3806734e+002  7.2937691e+002  7.2554605e+002  7.2440425e+002  7.1893032e+002  7.0758672e+002  6.9249613e+002  6.8622826e+002  6.7471354e+002  6.6795354e+002  6.6234005e+002  6.5877455e+002  6.5682323e+002  6.5449288e+002  6.5030146e+002  6.4320225e+002  6.3159309e+002  6.1737885e+002  6.0908059e+002  6.0879325e+002  6.1167589e+002  6.1297694e+002  6.1043550e+002  6.0187309e+002  5.8383293e+002  5.5790262e+002  5.3675309e+002  5.2388649e+002  5.1738333e+002  5.1319859e+002  5.1087332e+002  5.0883352e+002  5.0329950e+002  4.9524888e+002  4.8712624e+002  4.8151492e+002  4.7840105e+002  4.7688710e+002  4.7388911e+002  4.5690191e+002  4.4927975e+002  4.4129295e+002  4.3551963e+002  4.3256024e+002  4.2371977e+002  4.0630044e+002  3.9478043e+002  3.8804846e+002  3.8553926e+002  3.8374353e+002  3.7805397e+002  3.7498255e+002  3.7836636e+002  3.8237925e+002  3.8503125e+002  3.7666561e+002  3.5958424e+002  3.4644064e+002  3.3408915e+002  3.1752336e+002  2.9678089e+002  2.7865491e+002  2.6694078e+002  2.6207417e+002  2.6258188e+002  2.6494378e+002  2.6429425e+002  2.5845802e+002  2.5388644e+002  2.4885582e+002  2.3705606e+002  2.1902744e+002  2.0227827e+002  1.9083462e+002  1.8535017e+002  1.8487614e+002  1.6923855e+002  1.3950360e+002  9.7025850e+001  6.6689780e+001  5.5967000e+001  4.9292900e+001  4.1557460e+001  3.1838380e+001  1.9839200e+001  1.1799850e+001  8.3340680e+000  4.7381970e+000  1.1634370e+000  0.0000000e+000  0.0000000e+000  0.0000000e+000  0.0000000e+000  0.0000000e+000  0.0000000e+000  0.0000000e+000  0.0000000e+000
  4.1172750e+006  1.0841660e+003  1.0849340e+003  1.0856210e+003  1.0857540e+003  1.0854850e+003  1.0840690e+003  1.0794760e+003  1.0713880e+003  1.0631200e+003  1.0474959e+003  1.0385495e+003  1.0266416e+003  1.0115361e+003  9.8711101e+002  9.6036545e+002  9.4545213e+002  9.4180608e+002  9.3732891e+002  9.2320325e+002  9.0359619e+002  8.8082673e+002  8.6443092e+002  8.5219904e+002  8.4716519e+002  8.4509360e+002  8.4221876e+002  8.3608887e+002  8.3267123e+002  8.3049183e+002  8.2706481e+002  8.2283570e+002  8.1633617e+002  8.0873798e+002  8.0280018e+002  7.9684633e+002  7.8713353e+002  7.7433247e+002  7.6241155e+002  7.5802045e+002  7.5668454e+002  7.5573821e+002  7.5474273e+002  7.5163472e+002  7.4539474e+002  7.3647283e+002  7.2573832e+002  7.1870443e+002  7.1506933e+002  7.1051430e+002  7.0097950e+002  6.8877319e+002  6.7632858e+002  6.6648477e+002  6.6086763e+002  6.5655453e+002  6.5441372e+002  6.5323648e+002  6.5118914e+002  6.4730421e+002  6.4056674e+002  6.2951731e+002  6.1545939e+002  6.0748797e+002  6.0801686e+002  6.1170755e+002  6.1375029e+002  6.1170040e+002  6.0426378e+002  5.8679183e+002  5.6015162e+002  5.3629739e+002  5.2165427e+002  5.1454985e+002  5.0893174e+002  5.0622692e+002  5.0313877e+002  4.9553960e+002  4.8514428e+002  4.7630334e+002  4.6981128e+002  4.6589596e+002  4.6389784e+002  4.6104811e+002  4.4536041e+002  4.3580902e+002  4.3310946e+002  4.3093754e+002  4.2849138e+002  4.1766434e+002  4.0039624e+002  3.9158799e+002  3.8552865e+002  3.8123789e+002  3.7993758e+002  3.7622307e+002  3.7389422e+002  3.7556396e+002  3.7623753e+002  3.7516746e+002  3.6683839e+002  3.5149595e+002  3.3960144e+002  3.2574714e+002  3.0214364e+002  2.7756523e+002  2.6569635e+002  2.6276494e+002  2.6068539e+002  2.5879888e+002  2.5643192e+002  2.5401669e+002  2.5155017e+002  2.4800855e+002  2.3603000e+002  2.2035554e+002  2.0821763e+002  1.9672655e+002  1.8851012e+002  1.8307829e+002  1.8138268e+002  1.6701826e+002  1.4213000e+002  1.0363500e+002  7.4978300e+001  6.0623290e+001  5.2083720e+001  4.3502420e+001  3.4116620e+001  2.1104910e+001  1.1123800e+001  5.0141300e+000  2.0000000e+000  0.0000000e+000  0.0000000e+000  0.0000000e+000  0.0000000e+000  0.0000000e+000  0.0000000e+000  0.0000000e+000  0.0000000e+000  0.0000000e+000
  4.1173250e+006  1.0631200e+003  1.0616480e+003  1.0609040e+003  1.0610910e+003  1.0626680e+003  1.0649790e+003  1.0664240e+003  1.0644340e+003  1.0603930e+003  1.0561090e+003  1.0361528e+003  1.0224763e+003  1.0079147e+003  9.8714567e+002  9.6326500e+002  9.4658598e+002  9.3806317e+002  9.2882487e+002  9.1216271e+002  8.8964027e+002  8.6277981e+002  8.4726654e+002  8.4135608e+002  8.3909872e+002  8.3708219e+002  8.3324770e+002  8.2788865e+002  8.1931553e+002  8.1503016e+002  8.1289895e+002  8.1101126e+002  8.0774858e+002  8.0385170e+002  8.0043806e+002  7.9319311e+002  7.8213450e+002  7.6974073e+002  7.6030325e+002  7.5756607e+002  7.5494759e+002  7.5187060e+002  7.4913563e+002  7.4615975e+002  7.4205794e+002  7.3475340e+002  7.2184984e+002  7.1135739e+002  7.0600431e+002  7.0209167e+002  6.9501609e+002  6.8476560e+002  6.7174426e+002  6.6528943e+002  6.5578577e+002  6.5311151e+002  6.5262548e+002  6.5282138e+002  6.5162496e+002  6.4782812e+002  6.4074907e+002  6.2953559e+002  6.1591915e+002  6.0787134e+002  6.0764592e+002  6.1016867e+002  6.1012932e+002  6.0578606e+002  5.9604106e+002  5.7813309e+002  5.5107683e+002  5.2593957e+002  5.0967292e+002  5.0125850e+002  4.9457569e+002  4.9769196e+002  4.9621429e+002  4.8773281e+002  4.7672935e+002  4.6835634e+002  4.6270659e+002  4.5990383e+002  4.5830320e+002  4.5516113e+002  4.4047877e+002  4.2867602e+002  4.2915857e+002  4.2862918e+002  4.2587838e+002  4.1352865e+002  3.9560677e+002  3.8638551e+002  3.7905300e+002  3.7373775e+002  3.7340022e+002  3.7088428e+002  3.6764287e+002  3.6752049e+002  3.6482677e+002  3.5974557e+002  3.5427549e+002  3.4324682e+002  3.3213265e+002  3.1837119e+002  2.9510459e+002  2.7150727e+002  2.6220469e+002  2.6179282e+002  2.5994482e+002  2.5565923e+002  2.4906062e+002  2.4601637e+002  2.4519684e+002  2.3548284e+002  2.1907351e+002  2.0462963e+002  1.9877496e+002  1.9049849e+002  1.8392784e+002  1.7611136e+002  1.6909804e+002  1.5344588e+002  1.3513927e+002  1.0393460e+002  7.8809240e+001  6.2436320e+001  5.4107540e+001  4.4250290e+001  3.2013020e+001  1.8628730e+001  9.8740540e+000  2.7216260e+000  0.0000000e+000  0.0000000e+000  0.0000000e+000  0.0000000e+000  0.0000000e+000  0.0000000e+000  0.0000000e+000  0.0000000e+000  0.0000000e+000  0.0000000e+000
  4.1173750e+006  1.0505620e+003  1.0437660e+003  1.0393080e+003  1.0391600e+003  1.0453830e+003  1.0532290e+003  1.0559150e+003  1.0561340e+003  1.0557120e+003  1.0529790e+003  1.0344961e+003  1.0207044e+003  1.0061151e+003  9.8905491e+002  9.6865374e+002  9.4755848e+002  9.2750910e+002  9.1162779e+002  8.9594639e+002  8.7565040e+002  8.4928997e+002  8.3936526e+002  8.3619298e+002  8.3245623e+002  8.2901169e+002  8.2474414e+002  8.1913060e+002  8.0878644e+002  8.0297641e+002  8.0082516e+002  7.9997869e+002  7.9912673e+002  7.9840347e+002  7.9530573e+002  7.8822753e+002  7.7845519e+002  7.6872263e+002  7.6149625e+002  7.5776564e+002  7.5267857e+002  7.4679224e+002  7.4197215e+002  7.3837408e+002  7.3511190e+002  7.2908652e+002  7.1558138e+002  7.0421496e+002  6.9829570e+002  6.9519618e+002  6.8946331e+002  6.8033024e+002  6.6961458e+002  6.6372613e+002  6.5212064e+002  6.5132320e+002  6.5206853e+002  6.5309932e+002  6.5231516e+002  6.4745784e+002  6.3810588e+002  6.2645845e+002  6.1501653e+002  6.0794460e+002  6.0759000e+002  6.0795668e+002  5.9661203e+002  5.8763755e+002  5.7224820e+002  5.5172369e+002  5.3003361e+002  5.0986313e+002  4.9863777e+002  4.9441335e+002  4.9049160e+002  4.8781942e+002  4.8081133e+002  4.7104291e+002  4.6283683e+002  4.5804064e+002  4.5182081e+002  4.4968591e+002  4.5065907e+002  4.4933995e+002  4.3867349e+002  4.2794573e+002  4.2984811e+002  4.2692578e+002  4.2295366e+002  4.1032031e+002  3.8901007e+002  3.7445781e+002  3.6867796e+002  3.6754351e+002  3.7123991e+002  3.7036962e+002  3.6490065e+002  3.6354178e+002  3.6010324e+002  3.5179931e+002  3.4578385e+002  3.3403083e+002  3.2001690e+002  3.0576445e+002  2.8854375e+002  2.7026674e+002  2.6211139e+002  2.6082660e+002  2.5753518e+002  2.5085481e+002  2.4194830e+002  2.3540974e+002  2.3064791e+002  2.1992344e+002  2.0745578e+002  2.0052835e+002  1.9761397e+002  1.8867975e+002  1.7987634e+002  1.6996373e+002  1.6233406e+002  1.4903740e+002  1.3421001e+002  1.0707570e+002  8.2137070e+001  6.3919870e+001  5.6375020e+001  4.4406670e+001  2.8400110e+001  1.4404660e+001  7.8684460e+000  1.1152270e+000  0.0000000e+000  0.0000000e+000  0.0000000e+000  0.0000000e+000  0.0000000e+000  0.0000000e+000  0.0000000e+000  0.0000000e+000  0.0000000e+000  0.0000000e+000
  4.1174250e+006  1.0405520e+003  1.0305470e+003  1.0230600e+003  1.0211960e+003  1.0273920e+003  1.0343640e+003  1.0356470e+003  1.0368880e+003  1.0411130e+003  1.0440590e+003  1.0313911e+003  1.0223472e+003  1.0077651e+003  9.8914276e+002  9.6936026e+002  9.4416265e+002  9.1529737e+002  8.9690520e+002  8.7893875e+002  8.5451322e+002  8.6130760e+002  8.5619650e+002  8.3143465e+002  8.2633337e+002  8.2244102e+002  8.1892041e+002  8.1390826e+002  8.0590245e+002  7.9863794e+002  7.9336965e+002  7.8807408e+002  7.8484903e+002  7.8614609e+002  7.8574860e+002  7.8131902e+002  7.7443917e+002  7.6748361e+002  7.6214858e+002  7.5760000e+002  7.4955409e+002  7.4027672e+002  7.3296883e+002  7.2807985e+002  7.2390971e+002  7.1819876e+002  7.0773688e+002  6.9957975e+002  6.9424472e+002  6.9114364e+002  6.8466338e+002  6.7894019e+002  6.6836402e+002  6.5922785e+002  6.5195491e+002  6.4835828e+002  6.4921313e+002  6.4952129e+002  6.4717009e+002  6.4052778e+002  6.3127053e+002  6.1318653e+002  6.0151227e+002  5.9211472e+002  5.9079384e+002  5.8785484e+002  5.7904394e+002  5.6791276e+002  5.5200653e+002  5.3455043e+002  5.1520692e+002  4.9885167e+002  4.9030697e+002  4.8897513e+002  4.8391499e+002  4.7540261e+002  4.6580661e+002  4.5199360e+002  4.4455048e+002  4.3836026e+002  4.3141343e+002  4.3024986e+002  4.3469316e+002  4.3737571e+002  4.3304042e+002  4.2611692e+002  4.2704870e+002  4.2187413e+002  4.1655478e+002  4.0434557e+002  3.8100651e+002  3.6549775e+002  3.6401441e+002  3.6631482e+002  3.7115345e+002  3.7053630e+002  3.6230857e+002  3.5996282e+002  3.5831072e+002  3.4976295e+002  3.4054330e+002  3.2473040e+002  3.0767340e+002  2.9306221e+002  2.8038382e+002  2.6674798e+002  2.5889151e+002  2.5637861e+002  2.5085478e+002  2.4027621e+002  2.2950294e+002  2.2223799e+002  2.1558453e+002  2.0851432e+002  2.0203881e+002  2.0063336e+002  1.9687165e+002  1.8458993e+002  1.7061951e+002  1.5863795e+002  1.4707549e+002  1.3407391e+002  1.2541193e+002  1.0609640e+002  8.2832780e+001  6.4019000e+001  5.5845560e+001  4.3008970e+001  2.6319390e+001  1.2304600e+001  4.9939690e+000  0.0000000e+000  0.0000000e+000  0.0000000e+000  0.0000000e+000  0.0000000e+000  0.0000000e+000  0.0000000e+000  0.0000000e+000  0.0000000e+000  0.0000000e+000  0.0000000e+000
  4.1174750e+006  1.0300260e+003  1.0208030e+003  1.0139870e+003  1.0124530e+003  1.0151000e+003  1.0163850e+003  1.0143970e+003  1.0165330e+003  1.0238320e+003  1.0312920e+003  1.0322470e+003  1.0154291e+003  1.0013522e+003  9.7489610e+002  9.5374007e+002  9.3252727e+002  9.0456682e+002  8.8508208e+002  8.5829114e+002  8.4326443e+002  8.3754980e+002  8.5390780e+002  8.4794070e+002  8.2361913e+002  8.2030169e+002  8.1700126e+002  8.1191299e+002  8.0395427e+002  7.9624232e+002  7.8738891e+002  7.7676046e+002  7.6957633e+002  7.7325920e+002  7.7614381e+002  7.7434696e+002  7.6985276e+002  7.6484563e+002  7.6121078e+002  7.5667375e+002  7.4542524e+002  7.3238776e+002  7.2363183e+002  7.1946925e+002  7.1644410e+002  7.1131470e+002  7.0078064e+002  6.9597669e+002  6.9286153e+002  6.8818037e+002  6.7983394e+002  6.7308583e+002  6.6579001e+002  6.5688994e+002  6.4880308e+002  6.4234808e+002  6.3990042e+002  6.3286628e+002  6.2393715e+002  6.1186689e+002  5.9967715e+002  5.9379419e+002  5.8841318e+002  5.8432748e+002  5.7922706e+002  5.7285973e+002  5.6500624e+002  5.5406777e+002  5.4243093e+002  5.2508433e+002  5.0824254e+002  4.9866169e+002  4.9435887e+002  4.8947457e+002  4.8083646e+002  4.7322801e+002  4.6456648e+002  4.5589065e+002  4.4632215e+002  4.4089611e+002  4.2629101e+002  4.1773736e+002  4.1966621e+002  4.2162266e+002  4.2084272e+002  4.1824876e+002  4.1756637e+002  4.1243393e+002  4.0592742e+002  3.9158480e+002  3.6910933e+002  3.5846859e+002  3.6348013e+002  3.6701981e+002  3.6976505e+002  3.6795950e+002  3.5763019e+002  3.5483637e+002  3.5485827e+002  3.4540480e+002  3.3229102e+002  3.1317135e+002  2.9399526e+002  2.8064163e+002  2.7049896e+002  2.6053289e+002  2.5332176e+002  2.4965078e+002  2.4127705e+002  2.2696133e+002  2.1824895e+002  2.1363733e+002  2.0900951e+002  2.0390941e+002  1.9996420e+002  2.0141754e+002  1.9374403e+002  1.7788867e+002  1.6122918e+002  1.5176510e+002  1.3718453e+002  1.2311737e+002  1.1711374e+002  1.0047550e+002  7.8336800e+001  6.1859910e+001  5.2333530e+001  3.9611120e+001  2.4478650e+001  1.1279980e+001  2.6105040e+000  0.0000000e+000  0.0000000e+000  0.0000000e+000  0.0000000e+000  0.0000000e+000  0.0000000e+000  0.0000000e+000  0.0000000e+000  0.0000000e+000  0.0000000e+000  0.0000000e+000
  4.1175250e+006  1.0136630e+003  1.0057780e+003  1.0014630e+003  1.0029210e+003  1.0055220e+003  1.0026380e+003  9.9876600e+002  1.0028500e+003  1.0100800e+003  1.0189470e+003  1.0198150e+003  1.0018101e+003  9.8544023e+002  9.5820197e+002  9.3791927e+002  9.1154235e+002  8.9327444e+002  8.7438695e+002  8.5062578e+002  8.4165161e+002  8.3705119e+002  8.3318507e+002  8.4765620e+002  8.2500407e+002  8.2216166e+002  8.1866205e+002  8.1303651e+002  8.0355237e+002  7.9317497e+002  7.8063535e+002  7.6889163e+002  7.6045090e+002  7.6577920e+002  7.6942431e+002  7.6838632e+002  7.6504427e+002  7.6129112e+002  7.5883883e+002  7.5391397e+002  7.3944875e+002  7.2384542e+002  7.1590388e+002  7.1344057e+002  7.1080272e+002  7.0320646e+002  6.9363879e+002  6.9253165e+002  6.9240774e+002  6.8464241e+002  6.7493948e+002  6.6726337e+002  6.5896067e+002  6.4896126e+002  6.3992446e+002  6.3189602e+002  6.2619591e+002  6.2037828e+002  6.1296569e+002  6.0255010e+002  5.9166158e+002  5.8529749e+002  5.8116873e+002  5.7741600e+002  5.7444297e+002  5.6764452e+002  5.5992757e+002  5.4682778e+002  5.3099285e+002  5.2142540e+002  5.0921007e+002  5.0049505e+002  4.9379985e+002  4.8485931e+002  4.7114228e+002  4.6361842e+002  4.5666213e+002  4.5346983e+002  4.4648601e+002  4.3712264e+002  4.2421093e+002  4.1790745e+002  4.1844466e+002  4.1588830e+002  4.0792381e+002  4.0570491e+002  4.0410714e+002  4.0251567e+002  3.9595861e+002  3.7713670e+002  3.5452072e+002  3.4953422e+002  3.5879986e+002  3.6235077e+002  3.6354739e+002  3.6287550e+002  3.5244832e+002  3.4767022e+002  3.4436896e+002  3.3114376e+002  3.1532987e+002  2.9605004e+002  2.7769208e+002  2.6569445e+002  2.5842831e+002  2.5333748e+002  2.4854343e+002  2.4446777e+002  2.3322680e+002  2.1774055e+002  2.1177542e+002  2.0922642e+002  2.0714382e+002  2.0359467e+002  1.9969015e+002  2.0131856e+002  1.9015650e+002  1.7175646e+002  1.5693971e+002  1.5239231e+002  1.3775219e+002  1.2286318e+002  1.1376212e+002  9.0177290e+001  6.8626810e+001  5.7781420e+001  4.8427440e+001  3.5875830e+001  2.2428770e+001  1.0527770e+001  0.0000000e+000  0.0000000e+000  0.0000000e+000  0.0000000e+000  0.0000000e+000  0.0000000e+000  0.0000000e+000  0.0000000e+000  0.0000000e+000  0.0000000e+000  0.0000000e+000  0.0000000e+000
  4.1175750e+006  9.8878580e+002  9.8090610e+002  9.7667820e+002  9.7864780e+002  9.8175700e+002  9.7794290e+002  9.7392870e+002  9.7936900e+002  9.8931460e+002  9.9951370e+002  1.0015640e+003  9.9434570e+002  9.6194925e+002  9.4337620e+002  9.2303792e+002  9.0052804e+002  8.8325063e+002  8.6455362e+002  8.4863950e+002  8.4208904e+002  8.3338475e+002  8.3142995e+002  8.4585080e+002  8.4296450e+002  8.2338347e+002  8.2055594e+002  8.1535589e+002  8.0549393e+002  7.9118098e+002  7.7434298e+002  7.6298450e+002  7.5666810e+002  7.5966743e+002  7.6227040e+002  7.6218833e+002  7.6049718e+002  7.5823080e+002  7.5560424e+002  7.4758728e+002  7.3178506e+002  7.1695857e+002  7.1133831e+002  7.0729970e+002  7.0171502e+002  6.9421997e+002  6.8955265e+002  6.9065560e+002  6.9216955e+002  6.8039706e+002  6.6939464e+002  6.6073541e+002  6.5168807e+002  6.4062917e+002  6.3100702e+002  6.2264811e+002  6.1801929e+002  6.1452081e+002  6.0822931e+002  6.0090632e+002  5.9451962e+002  5.8652974e+002  5.8048444e+002  5.7572622e+002  5.6997346e+002  5.6172529e+002  5.4951743e+002  5.4132452e+002  5.2744359e+002  5.1975485e+002  5.1011512e+002  5.0214203e+002  4.8875639e+002  4.7587869e+002  4.6510565e+002  4.5822672e+002  4.5484128e+002  4.5000534e+002  4.4385840e+002  4.3271685e+002  4.2374256e+002  4.1902080e+002  4.1669689e+002  4.0979758e+002  3.9899867e+002  3.9310639e+002  3.9288641e+002  3.9307997e+002  3.8585565e+002  3.6378584e+002  3.4091173e+002  3.3794322e+002  3.4629201e+002  3.4925989e+002  3.5264012e+002  3.5606272e+002  3.4618352e+002  3.3419689e+002  3.2168599e+002  3.0451246e+002  2.9107349e+002  2.7644523e+002  2.6333137e+002  2.5398512e+002  2.4828824e+002  2.4684381e+002  2.4439195e+002  2.4102925e+002  2.3091732e+002  2.1719458e+002  2.1019850e+002  2.0822668e+002  2.0632858e+002  2.0288866e+002  2.0144280e+002  2.0058807e+002  1.8785853e+002  1.6802411e+002  1.5392656e+002  1.5390223e+002  1.3869368e+002  1.2343884e+002  1.1305574e+002  9.2606866e+001  6.4100560e+001  5.3503300e+001  4.3814620e+001  3.1742970e+001  1.9866600e+001  9.9649890e+000  0.0000000e+000  0.0000000e+000  0.0000000e+000  0.0000000e+000  0.0000000e+000  0.0000000e+000  0.0000000e+000  0.0000000e+000  0.0000000e+000  0.0000000e+000  0.0000000e+000  0.0000000e+000
  4.1176250e+006  9.5962370e+002  9.4947440e+002  9.4122920e+002  9.3888650e+002  9.4072720e+002  9.3918480e+002  9.3969740e+002  9.5021130e+002  9.5683930e+002  9.6169420e+002  9.6379080e+002  9.6236760e+002  9.4336577e+002  9.2799144e+002  9.0765186e+002  8.9362680e+002  8.7624114e+002  8.5745768e+002  8.4705953e+002  8.4214807e+002  8.1474783e+002  8.2683557e+002  8.2032366e+002  8.3424600e+002  8.3207540e+002  8.1440374e+002  8.1109033e+002  8.0217804e+002  7.8647799e+002  7.6942437e+002  7.5861339e+002  7.5419050e+002  7.5403873e+002  7.5434796e+002  7.5423824e+002  7.5401034e+002  7.5337389e+002  7.4923255e+002  7.3981997e+002  7.2608572e+002  7.1396736e+002  7.0804711e+002  7.0245035e+002  6.9611513e+002  6.9153764e+002  6.9144112e+002  6.9213279e+002  6.9178200e+002  6.7549369e+002  6.6415177e+002  6.5496396e+002  6.4381724e+002  6.3291411e+002  6.2267130e+002  6.1540446e+002  6.1309414e+002  6.1258004e+002  6.0930188e+002  6.0132669e+002  5.8932074e+002  5.8082780e+002  5.7367376e+002  5.6622483e+002  5.5832482e+002  5.5337878e+002  5.4103179e+002  5.3369472e+002  5.2373746e+002  5.1538020e+002  5.0907405e+002  4.9700352e+002  4.8287374e+002  4.6615850e+002  4.5536477e+002  4.4943421e+002  4.4842085e+002  4.4406667e+002  4.3756634e+002  4.3172553e+002  4.2386454e+002  4.1691673e+002  4.0948514e+002  4.0061891e+002  3.9009561e+002  3.8469315e+002  3.8536051e+002  3.8427319e+002  3.7440572e+002  3.5010988e+002  3.3146402e+002  3.2899898e+002  3.3442640e+002  3.3877270e+002  3.4692643e+002  3.5263527e+002  3.4270125e+002  3.2306179e+002  3.0088100e+002  2.8126585e+002  2.7237757e+002  2.6226466e+002  2.5511148e+002  2.4715183e+002  2.4205755e+002  2.4112613e+002  2.3936910e+002  2.3647756e+002  2.2820790e+002  2.1763871e+002  2.1155760e+002  2.0965358e+002  2.0596257e+002  2.0062988e+002  2.0011803e+002  1.9410276e+002  1.8038939e+002  1.6040136e+002  1.4809755e+002  1.4798520e+002  1.3340774e+002  1.1970962e+002  1.1088810e+002  9.1506566e+001  6.3014530e+001  5.1621580e+001  4.0728510e+001  2.7937000e+001  1.6704040e+001  9.3776280e+000  0.0000000e+000  0.0000000e+000  0.0000000e+000  0.0000000e+000  0.0000000e+000  0.0000000e+000  0.0000000e+000  0.0000000e+000  0.0000000e+000  0.0000000e+000  0.0000000e+000  0.0000000e+000
  4.1176750e+006  9.3233410e+002  9.1992830e+002  9.0757320e+002  9.0054680e+002  9.0065680e+002  9.0128510e+002  9.0412480e+002  9.1408570e+002  9.2087110e+002  9.2722170e+002  9.3145340e+002  9.3363550e+002  9.2250632e+002  9.1332146e+002  8.9846003e+002  8.8623181e+002  8.7096889e+002  8.5597797e+002  8.4784725e+002  8.4242590e+002  8.3176442e+002  8.1989158e+002  8.0770746e+002  8.1541470e+002  8.0977550e+002  7.9365091e+002  7.9364718e+002  7.8792395e+002  7.7564036e+002  7.6316509e+002  7.5464277e+002  7.5163712e+002  7.4855057e+002  7.4523643e+002  7.4231435e+002  7.4087985e+002  7.4137885e+002  7.3869854e+002  7.3155386e+002  7.2174669e+002  7.1283751e+002  7.0735821e+002  7.0297276e+002  6.9953099e+002  6.9765004e+002  6.9799127e+002  6.9690291e+002  6.9138463e+002  6.7171286e+002  6.5900946e+002  6.4801334e+002  6.3602334e+002  6.2475528e+002  6.1487473e+002  6.0934500e+002  6.0819694e+002  6.0864807e+002  6.0582602e+002  5.9626295e+002  5.8108938e+002  5.6757678e+002  5.5923802e+002  5.5547653e+002  5.5156361e+002  5.4313478e+002  5.3746595e+002  5.2870748e+002  5.2124956e+002  5.1498967e+002  5.0551006e+002  4.9350107e+002  4.7850492e+002  4.6132398e+002  4.4704403e+002  4.4090477e+002  4.3860179e+002  4.3528393e+002  4.3306430e+002  4.3020621e+002  4.2281446e+002  4.1416267e+002  4.0671795e+002  3.9806979e+002  3.8971795e+002  3.8507915e+002  3.8604167e+002  3.7689188e+002  3.6364452e+002  3.4314618e+002  3.2434991e+002  3.1944718e+002  3.2388639e+002  3.3479365e+002  3.4974082e+002  3.5391951e+002  3.3920719e+002  3.1691065e+002  2.9312649e+002  2.7547140e+002  2.6846295e+002  2.5804976e+002  2.5284369e+002  2.4481963e+002  2.3919287e+002  2.3556741e+002  2.3415006e+002  2.3313348e+002  2.2652167e+002  2.1725434e+002  2.1431763e+002  2.1102327e+002  2.0484631e+002  1.9729897e+002  1.9102796e+002  1.7815316e+002  1.6327743e+002  1.4732084e+002  1.3986324e+002  1.3799147e+002  1.2534274e+002  1.1520737e+002  1.0866792e+002  9.1577837e+001  6.3137660e+001  5.2944020e+001  4.0598620e+001  2.5633380e+001  1.3555680e+001  7.8012160e+000  0.0000000e+000  0.0000000e+000  0.0000000e+000  0.0000000e+000  0.0000000e+000  0.0000000e+000  0.0000000e+000  0.0000000e+000  0.0000000e+000  0.0000000e+000  0.0000000e+000  0.0000000e+000
  4.1177250e+006  9.1157730e+002  8.9944490e+002  8.8699750e+002  8.7903900e+002  8.7783440e+002  8.7840220e+002  8.8161060e+002  8.9255310e+002  9.0309870e+002  9.0742690e+002  9.0883060e+002  9.0943320e+002  8.9939219e+002  8.9528289e+002  8.8586779e+002  8.7596294e+002  8.6492587e+002  8.5462734e+002  8.4822162e+002  8.4263133e+002  8.3065305e+002  8.1455871e+002  7.9679467e+002  7.8019239e+002  7.8491030e+002  7.8348330e+002  7.7064204e+002  7.6880172e+002  7.6208652e+002  7.5573757e+002  7.5178385e+002  7.4760407e+002  7.4190004e+002  7.3562868e+002  7.2988116e+002  7.2666564e+002  7.2806895e+002  7.2784117e+002  7.2404140e+002  7.1810868e+002  7.1224809e+002  7.0802469e+002  7.0499600e+002  7.0341320e+002  7.0247393e+002  7.0273527e+002  7.0131467e+002  6.9016373e+002  6.6988120e+002  6.5555663e+002  6.4216773e+002  6.2892919e+002  6.1684383e+002  6.0731585e+002  6.0277180e+002  6.0045612e+002  5.9848785e+002  5.9314022e+002  5.8229543e+002  5.6837795e+002  5.5121007e+002  5.4365048e+002  5.4608229e+002  5.4429879e+002  5.4079300e+002  5.3684941e+002  5.2506913e+002  5.1589735e+002  5.0816455e+002  5.0077510e+002  4.9170583e+002  4.7850240e+002  4.6022854e+002  4.4236486e+002  4.3302165e+002  4.2942189e+002  4.2716530e+002  4.2748781e+002  4.2587702e+002  4.2003340e+002  4.1107966e+002  4.0355847e+002  3.9575993e+002  3.8958175e+002  3.8360752e+002  3.8053821e+002  3.6606860e+002  3.5149781e+002  3.3653796e+002  3.2578616e+002  3.1928079e+002  3.1897953e+002  3.2631922e+002  3.3861057e+002  3.4312531e+002  3.3373208e+002  3.1309153e+002  2.9420699e+002  2.7917054e+002  2.7361538e+002  2.5958376e+002  2.5219734e+002  2.4202967e+002  2.3272702e+002  2.2519029e+002  2.2637380e+002  2.2897369e+002  2.2509355e+002  2.1969260e+002  2.1811835e+002  2.1044486e+002  1.9952433e+002  1.8981243e+002  1.7542166e+002  1.5946605e+002  1.4816301e+002  1.4153815e+002  1.3935618e+002  1.3622877e+002  1.2356003e+002  1.1435431e+002  1.0801596e+002  9.1775059e+001  6.3536990e+001  5.4912180e+001  4.1664500e+001  2.5350060e+001  1.1960290e+001  4.4281430e+000  0.0000000e+000  0.0000000e+000  0.0000000e+000  0.0000000e+000  0.0000000e+000  0.0000000e+000  0.0000000e+000  0.0000000e+000  0.0000000e+000  0.0000000e+000  0.0000000e+000  0.0000000e+000
  4.1177750e+006  8.9853000e+002  8.8821080e+002  8.7805560e+002  8.7148240e+002  8.6938040e+002  8.6781900e+002  8.6938560e+002  8.7628860e+002  8.8325760e+002  8.8521980e+002  8.8499570e+002  8.8459800e+002  8.8422610e+002  8.7268728e+002  8.6826893e+002  8.6377323e+002  8.5804477e+002  8.5184000e+002  8.4739584e+002  8.4210148e+002  8.2984470e+002  8.1345012e+002  7.9439375e+002  7.7327626e+002  7.7447880e+002  7.7001680e+002  7.6939920e+002  7.5477967e+002  7.5285171e+002  7.5152139e+002  7.4865920e+002  7.4212244e+002  7.3471191e+002  7.2744401e+002  7.2151356e+002  7.1841253e+002  7.1924254e+002  7.1979387e+002  7.1821412e+002  7.1518377e+002  7.1171119e+002  7.0809726e+002  7.0462579e+002  7.0202877e+002  7.0033590e+002  7.0069380e+002  7.0218943e+002  6.8551078e+002  6.6611183e+002  6.5068181e+002  6.3481937e+002  6.2029836e+002  6.0775860e+002  6.0007727e+002  5.9504980e+002  5.9065095e+002  5.8496610e+002  5.7605833e+002  5.6487447e+002  5.5401258e+002  5.4270308e+002  5.3142244e+002  5.3022192e+002  5.3893546e+002  5.4182022e+002  5.3232284e+002  5.1871262e+002  5.0625276e+002  5.0223939e+002  4.9864639e+002  4.9277214e+002  4.8148190e+002  4.6312823e+002  4.4206111e+002  4.2921932e+002  4.2427431e+002  4.2313942e+002  4.2448799e+002  4.2292748e+002  4.1813997e+002  4.0951089e+002  3.9865799e+002  3.8952805e+002  3.8226121e+002  3.7536205e+002  3.6685168e+002  3.5143480e+002  3.4022776e+002  3.3224940e+002  3.2546352e+002  3.2393600e+002  3.2033257e+002  3.1619425e+002  3.1866908e+002  3.2032334e+002  3.1483145e+002  3.0358665e+002  2.9235683e+002  2.8336640e+002  2.7214112e+002  2.5377271e+002  2.4622385e+002  2.3272721e+002  2.1946009e+002  2.1177329e+002  2.1679167e+002  2.2219525e+002  2.2160193e+002  2.1954142e+002  2.1494037e+002  2.0095296e+002  1.8508600e+002  1.7369822e+002  1.5707960e+002  1.4519375e+002  1.4218992e+002  1.4245024e+002  1.4284566e+002  1.3795316e+002  1.2408130e+002  1.1447452e+002  1.0716205e+002  9.1906574e+001  6.2538680e+001  5.2435950e+001  3.9759960e+001  2.4678860e+001  1.1090140e+001  1.2065200e+000  0.0000000e+000  0.0000000e+000  0.0000000e+000  0.0000000e+000  0.0000000e+000  0.0000000e+000  0.0000000e+000  0.0000000e+000  0.0000000e+000  0.0000000e+000  0.0000000e+000  0.0000000e+000
  4.1178250e+006  8.9193690e+002  8.8299010e+002  8.7467840e+002  8.6916900e+002  8.6625850e+002  8.6228300e+002  8.6026860e+002  8.6030440e+002  8.6097190e+002  8.6112310e+002  8.6119930e+002  8.6158460e+002  8.6227930e+002  8.5343700e+002  8.5372693e+002  8.5399841e+002  8.5249023e+002  8.4921273e+002  8.4569122e+002  8.3909382e+002  8.2706433e+002  8.1162449e+002  7.9379711e+002  7.7397230e+002  7.5946201e+002  7.6676840e+002  7.6357010e+002  7.4879111e+002  7.4879901e+002  7.4767693e+002  7.4346690e+002  7.3600406e+002  7.2759786e+002  7.2033455e+002  7.1564259e+002  7.1359153e+002  7.1395180e+002  7.1455350e+002  7.1410275e+002  7.1291163e+002  7.1092066e+002  7.0674658e+002  7.0079119e+002  6.9441883e+002  6.9037063e+002  6.9080204e+002  6.9508852e+002  6.7547109e+002  6.5916008e+002  6.4252633e+002  6.2505349e+002  6.0940350e+002  5.9869780e+002  5.9205814e+002  5.8659538e+002  5.8088294e+002  5.7293674e+002  5.6193558e+002  5.5158722e+002  5.4510312e+002  5.3741234e+002  5.2584591e+002  5.2371384e+002  5.3196366e+002  5.3590544e+002  5.2827686e+002  5.1173188e+002  4.9750050e+002  4.9812646e+002  4.9757011e+002  4.9406979e+002  4.8295866e+002  4.6414670e+002  4.4330516e+002  4.3008745e+002  4.2539226e+002  4.2515605e+002  4.2468220e+002  4.2174226e+002  4.1675422e+002  4.0730617e+002  3.9525230e+002  3.8374105e+002  3.7327539e+002  3.6584756e+002  3.5296117e+002  3.4100979e+002  3.3453603e+002  3.3043850e+002  3.2379083e+002  3.1820366e+002  3.1757100e+002  3.0452323e+002  2.9869816e+002  2.9799054e+002  2.9537183e+002  2.8836455e+002  2.8027503e+002  2.6857380e+002  2.5281763e+002  2.3566959e+002  2.2602653e+002  2.1532170e+002  2.0593445e+002  2.0299956e+002  2.1007322e+002  2.1493921e+002  2.1530110e+002  2.1176479e+002  2.0123264e+002  1.8164936e+002  1.6539299e+002  1.5692365e+002  1.4257659e+002  1.3374895e+002  1.3310122e+002  1.3252492e+002  1.3606474e+002  1.3151750e+002  1.1987853e+002  1.1114166e+002  1.0395567e+002  9.0836804e+001  6.1320580e+001  4.9506160e+001  3.7124150e+001  2.3553270e+001  1.0332050e+001  2.0000000e+000  0.0000000e+000  0.0000000e+000  0.0000000e+000  0.0000000e+000  0.0000000e+000  0.0000000e+000  0.0000000e+000  0.0000000e+000  0.0000000e+000  0.0000000e+000  0.0000000e+000  0.0000000e+000
  4.1178750e+006  8.8963420e+002  8.8087700e+002  8.7297130e+002  8.6711290e+002  8.6301650e+002  8.5781840e+002  8.5132920e+002  8.4533280e+002  8.4175450e+002  8.4082720e+002  8.4191970e+002  8.4434670e+002  8.4777010e+002  8.5210140e+002  8.4644039e+002  8.4749743e+002  8.4685249e+002  8.4498006e+002  8.4044147e+002  8.3318214e+002  8.2240639e+002  8.0920804e+002  7.9393499e+002  7.7653702e+002  7.6206617e+002  7.6711250e+002  7.6246370e+002  7.5994710e+002  7.4623019e+002  7.4360110e+002  7.3826107e+002  7.3033955e+002  7.2092622e+002  7.1375404e+002  7.1065493e+002  7.0993820e+002  7.1046920e+002  7.1126081e+002  7.1138689e+002  7.1104331e+002  7.0933105e+002  7.0353043e+002  6.9416140e+002  6.8231372e+002  6.7559048e+002  6.7738244e+002  6.8117468e+002  6.6337733e+002  6.4852230e+002  6.3116312e+002  6.1249070e+002  5.9836039e+002  5.9023765e+002  5.8339384e+002  5.7770046e+002  5.7207719e+002  5.6399583e+002  5.5307783e+002  5.4441505e+002  5.4112399e+002  5.3679754e+002  5.2745186e+002  5.2142030e+002  5.2406960e+002  5.3426286e+002  5.2847334e+002  5.0903010e+002  4.9646721e+002  4.9556491e+002  4.9374828e+002  4.8904462e+002  4.7922011e+002  4.6441092e+002  4.4614170e+002  4.3294982e+002  4.3096497e+002  4.3128065e+002  4.2732644e+002  4.2139312e+002  4.1576665e+002  4.0616030e+002  3.9462159e+002  3.8097185e+002  3.6995806e+002  3.5936618e+002  3.4849575e+002  3.3880198e+002  3.3428677e+002  3.2747883e+002  3.1600839e+002  3.0977344e+002  3.0801030e+002  2.9417389e+002  2.8234368e+002  2.7661965e+002  2.7267181e+002  2.6697333e+002  2.5519401e+002  2.3811056e+002  2.1898991e+002  2.0536631e+002  2.0355139e+002  1.9630155e+002  1.8829304e+002  1.9131605e+002  1.9726430e+002  2.0026696e+002  2.0020560e+002  1.9413715e+002  1.7873301e+002  1.5977353e+002  1.5318455e+002  1.4711264e+002  1.3281346e+002  1.2070812e+002  1.1564854e+002  1.1289628e+002  1.1899863e+002  1.1808171e+002  1.1108049e+002  1.0498781e+002  9.8899340e+001  8.8382692e+001  6.0202380e+001  4.7641610e+001  3.4974610e+001  2.2330650e+001  9.5871240e+000  2.0000000e+000  0.0000000e+000  0.0000000e+000  0.0000000e+000  0.0000000e+000  0.0000000e+000  0.0000000e+000  0.0000000e+000  0.0000000e+000  0.0000000e+000  0.0000000e+000  0.0000000e+000  0.0000000e+000
  4.1179250e+006  8.8963550e+002  8.8002520e+002  8.7127700e+002  8.6384740e+002  8.5737360e+002  8.5004900e+002  8.4076150e+002  8.3150040e+002  8.2584530e+002  8.2464950e+002  8.2691800e+002  8.3112400e+002  8.3628310e+002  8.4146880e+002  8.3573751e+002  8.3563840e+002  8.3450039e+002  8.3301311e+002  8.2978313e+002  8.2450172e+002  8.1652291e+002  8.0651116e+002  7.9410854e+002  7.7807973e+002  7.6333825e+002  7.5372956e+002  7.6201460e+002  7.5937720e+002  7.4413266e+002  7.3998656e+002  7.3379566e+002  7.2541074e+002  7.1589238e+002  7.0869225e+002  7.0675919e+002  7.0701359e+002  7.0800310e+002  7.0928789e+002  7.0976244e+002  7.0900643e+002  7.0523321e+002  6.9701856e+002  6.8503116e+002  6.6914752e+002  6.6190174e+002  6.6587463e+002  6.6515806e+002  6.5030419e+002  6.3668943e+002  6.1935955e+002  6.0206127e+002  5.9064431e+002  5.8216782e+002  5.7371428e+002  5.6785391e+002  5.6296448e+002  5.5576602e+002  5.4608628e+002  5.3877695e+002  5.3608896e+002  5.3314680e+002  5.2611218e+002  5.2235699e+002  5.2068764e+002  5.2887402e+002  5.2287900e+002  5.0670797e+002  4.9816531e+002  4.9259575e+002  4.9096763e+002  4.8433735e+002  4.7416262e+002  4.6389231e+002  4.5374086e+002  4.4435300e+002  4.3728703e+002  4.3528854e+002  4.2925979e+002  4.2074461e+002  4.1481431e+002  4.0376067e+002  3.9039796e+002  3.7807343e+002  3.6680535e+002  3.5624821e+002  3.4766494e+002  3.3628168e+002  3.2498264e+002  3.1596709e+002  3.0905044e+002  3.0243741e+002  3.0008368e+002  2.8938849e+002  2.6494510e+002  2.5356993e+002  2.5060410e+002  2.4287525e+002  2.2916261e+002  2.1121012e+002  1.9024253e+002  1.8164933e+002  1.8367560e+002  1.7577983e+002  1.6862332e+002  1.7264353e+002  1.8408943e+002  1.8689528e+002  1.8641292e+002  1.8004626e+002  1.6425231e+002  1.4797318e+002  1.4971010e+002  1.4312379e+002  1.2484534e+002  1.0485073e+002  9.4532684e+001  9.0159564e+001  9.9994046e+001  1.0328104e+002  1.0130963e+002  9.8040693e+001  9.2539498e+001  8.4052956e+001  5.7684570e+001  4.5082420e+001  3.2088720e+001  2.0353830e+001  8.9177320e+000  2.0000000e+000  0.0000000e+000  0.0000000e+000  0.0000000e+000  0.0000000e+000  0.0000000e+000  0.0000000e+000  0.0000000e+000  0.0000000e+000  0.0000000e+000  0.0000000e+000  0.0000000e+000  0.0000000e+000
  4.1179750e+006  8.9057310e+002  8.7946090e+002  8.6921420e+002  8.5991030e+002  8.5113630e+002  8.4188080e+002  8.3159920e+002  8.2183810e+002  8.1547380e+002  8.1400900e+002  8.1647010e+002  8.2074570e+002  8.2561770e+002  8.2940400e+002  8.2188527e+002  8.1960179e+002  8.1795923e+002  8.1717271e+002  8.1685078e+002  8.1477270e+002  8.1015193e+002  8.0358087e+002  7.9389566e+002  7.7788408e+002  7.6194571e+002  7.5229717e+002  7.6078450e+002  7.5842580e+002  7.5369200e+002  7.3706542e+002  7.3062925e+002  7.2272858e+002  7.1408765e+002  7.0697547e+002  7.0450052e+002  7.0438951e+002  7.0539118e+002  7.0694251e+002  7.0714917e+002  7.0461964e+002  6.9843373e+002  6.8740945e+002  6.7386229e+002  6.5913945e+002  6.5415194e+002  6.6051964e+002  6.5257011e+002  6.3947118e+002  6.2563247e+002  6.0958609e+002  5.9514551e+002  5.8395219e+002  5.7223816e+002  5.6289919e+002  5.5717012e+002  5.5300482e+002  5.4724105e+002  5.3963209e+002  5.3438242e+002  5.3180982e+002  5.2923343e+002  5.2435293e+002  5.2030900e+002  5.2064071e+002  5.1835762e+002  5.1665157e+002  5.0359608e+002  4.9312696e+002  4.8654386e+002  4.8430191e+002  4.8131566e+002  4.7701258e+002  4.6706831e+002  4.5704045e+002  4.4992436e+002  4.4540512e+002  4.4042435e+002  4.2792304e+002  4.1653722e+002  4.0743538e+002  3.9544361e+002  3.8313010e+002  3.7226019e+002  3.5993635e+002  3.4655610e+002  3.3884498e+002  3.3035876e+002  3.1865266e+002  3.0997392e+002  2.9624479e+002  2.8791834e+002  2.8588420e+002  2.7611781e+002  2.5562697e+002  2.4429636e+002  2.3964214e+002  2.2778362e+002  2.1115034e+002  1.9621804e+002  1.7862936e+002  1.7544245e+002  1.7165708e+002  1.6024257e+002  1.5818881e+002  1.6798926e+002  1.7982363e+002  1.8019517e+002  1.7782575e+002  1.7301689e+002  1.5931717e+002  1.4314345e+002  1.4460784e+002  1.3498518e+002  1.1359944e+002  8.7410975e+001  7.4782305e+001  7.2173941e+001  8.5104564e+001  9.2078651e+001  9.3757810e+001  9.2175140e+001  8.6415623e+001  7.8515435e+001  5.2304430e+001  3.9998180e+001  2.7173180e+001  1.6818730e+001  8.5779880e+000  2.0000000e+000  0.0000000e+000  0.0000000e+000  0.0000000e+000  0.0000000e+000  0.0000000e+000  0.0000000e+000  0.0000000e+000  0.0000000e+000  0.0000000e+000  0.0000000e+000  0.0000000e+000  0.0000000e+000
  4.1180250e+006  8.9159570e+002  8.7866140e+002  8.6671180e+002  8.5576190e+002  8.4558720e+002  8.3578480e+002  8.2632620e+002  8.1814660e+002  8.1264920e+002  8.1056440e+002  8.1102950e+002  8.1253030e+002  8.1471470e+002  8.1599290e+002  8.1496570e+002  8.0344675e+002  8.0274713e+002  8.0409928e+002  8.0598436e+002  8.0609697e+002  8.0394697e+002  8.0038089e+002  7.9307032e+002  7.7569376e+002  7.5794375e+002  7.4969276e+002  7.4745660e+002  7.5631970e+002  7.5153120e+002  7.3501521e+002  7.2856945e+002  7.2124589e+002  7.1355209e+002  7.0668652e+002  7.0280966e+002  7.0103488e+002  7.0058918e+002  7.0090264e+002  6.9997154e+002  6.9596912e+002  6.8973402e+002  6.7877024e+002  6.6530008e+002  6.5318657e+002  6.4988231e+002  6.5695031e+002  6.4379026e+002  6.2987446e+002  6.1613577e+002  6.0126111e+002  5.8948995e+002  5.7602910e+002  5.6165390e+002  5.5247320e+002  5.4725917e+002  5.4434880e+002  5.4046879e+002  5.3552062e+002  5.3283512e+002  5.3084580e+002  5.2773306e+002  5.2363107e+002  5.2038703e+002  5.1987467e+002  5.1677759e+002  5.0947092e+002  4.9646752e+002  4.8791130e+002  4.8241236e+002  4.7824469e+002  4.7860611e+002  4.7607671e+002  4.7079142e+002  4.6353794e+002  4.5349747e+002  4.4508887e+002  4.3509764e+002  4.2230198e+002  4.1136875e+002  3.9911337e+002  3.8611803e+002  3.7462349e+002  3.6344833e+002  3.4801567e+002  3.2976654e+002  3.2415956e+002  3.1598155e+002  3.0592666e+002  2.9853304e+002  2.8119330e+002  2.5737927e+002  2.5288560e+002  2.5455356e+002  2.4746079e+002  2.3743626e+002  2.3325201e+002  2.2029975e+002  1.9618797e+002  1.8193293e+002  1.7227001e+002  1.6323539e+002  1.5401799e+002  1.4840329e+002  1.5475490e+002  1.6127829e+002  1.6400958e+002  1.6697138e+002  1.6772443e+002  1.6593024e+002  1.5365345e+002  1.4078479e+002  1.3523997e+002  1.2435552e+002  1.0321913e+002  7.7297818e+001  6.6758334e+001  6.6864207e+001  7.9060890e+001  8.7005322e+001  8.9690699e+001  8.7421351e+001  8.2152586e+001  7.6004716e+001  4.8303560e+001  3.4755050e+001  2.1702320e+001  1.2779270e+001  7.5814290e+000  0.0000000e+000  0.0000000e+000  0.0000000e+000  0.0000000e+000  0.0000000e+000  0.0000000e+000  0.0000000e+000  0.0000000e+000  0.0000000e+000  0.0000000e+000  0.0000000e+000  0.0000000e+000  0.0000000e+000
  4.1180750e+006  8.9215590e+002  8.7723490e+002  8.6351160e+002  8.5110730e+002  8.4005620e+002  8.3036880e+002  8.2224100e+002  8.1608500e+002  8.1197580e+002  8.0904030e+002  8.0600720e+002  8.0299100e+002  8.0097220e+002  7.9951560e+002  7.9787920e+002  7.8878644e+002  7.9108539e+002  7.9541393e+002  7.9785641e+002  7.9893783e+002  7.9898670e+002  7.9718331e+002  7.9051292e+002  7.7163403e+002  7.5328065e+002  7.4625675e+002  7.4443533e+002  7.5305850e+002  7.4944420e+002  7.4368460e+002  7.2725842e+002  7.2021372e+002  7.1310881e+002  7.0656356e+002  7.0087326e+002  6.9644396e+002  6.9308102e+002  6.9056683e+002  6.8719970e+002  6.8136370e+002  6.7681450e+002  6.7042309e+002  6.6030741e+002  6.4912040e+002  6.4529590e+002  6.5013364e+002  6.3415750e+002  6.2199131e+002  6.0711907e+002  5.9363994e+002  5.8099654e+002  5.6578970e+002  5.5291955e+002  5.4498403e+002  5.4051983e+002  5.3860764e+002  5.3587943e+002  5.3258558e+002  5.3139386e+002  5.3089177e+002  5.2717882e+002  5.2317200e+002  5.2144356e+002  5.2055964e+002  5.1584685e+002  5.0190094e+002  4.9094346e+002  4.8077407e+002  4.7629603e+002  4.7393029e+002  4.7250242e+002  4.7232952e+002  4.6800377e+002  4.6402693e+002  4.5483670e+002  4.4358177e+002  4.2780298e+002  4.1611137e+002  4.0502122e+002  3.8913046e+002  3.7346514e+002  3.6111877e+002  3.5268553e+002  3.3486755e+002  3.1547622e+002  3.0858735e+002  2.9897981e+002  2.8498849e+002  2.6923484e+002  2.4389726e+002  2.2716092e+002  2.2737459e+002  2.3327338e+002  2.3752418e+002  2.3038326e+002  2.1553645e+002  2.0402735e+002  1.8734405e+002  1.6526492e+002  1.5323452e+002  1.4459226e+002  1.3408650e+002  1.3998843e+002  1.4281034e+002  1.4668471e+002  1.4860131e+002  1.5427486e+002  1.5551512e+002  1.5534523e+002  1.4649966e+002  1.3249895e+002  1.2002757e+002  1.0940108e+002  9.4676318e+001  8.1293319e+001  7.8510280e+001  7.7467924e+001  8.3464098e+001  8.7874404e+001  8.7962802e+001  8.3819676e+001  7.8794502e+001  7.4010394e+001  4.4782170e+001  3.0020580e+001  1.7441860e+001  1.0447940e+001  5.2841570e+000  0.0000000e+000  0.0000000e+000  0.0000000e+000  0.0000000e+000  0.0000000e+000  0.0000000e+000  0.0000000e+000  0.0000000e+000  0.0000000e+000  0.0000000e+000  0.0000000e+000  0.0000000e+000  0.0000000e+000
  4.1181250e+006  8.9190110e+002  8.7483530e+002  8.5919400e+002  8.4527000e+002  8.3331000e+002  8.2353180e+002  8.1619390e+002  8.1143410e+002  8.0845310e+002  8.0461540e+002  7.9775360e+002  7.9014650e+002  7.8451140e+002  7.8118400e+002  7.7945360e+002  7.7182998e+002  7.7405418e+002  7.7799731e+002  7.8301747e+002  7.8859082e+002  7.9251670e+002  7.9090697e+002  7.8132841e+002  7.6361389e+002  7.4723143e+002  7.3883762e+002  7.3809792e+002  7.3856586e+002  7.4746580e+002  7.4272990e+002  7.3464810e+002  7.1868964e+002  7.1230019e+002  7.0615004e+002  6.9858271e+002  6.9092819e+002  6.8373955e+002  6.7730828e+002  6.7128821e+002  6.6552898e+002  6.6270273e+002  6.5933553e+002  6.5150001e+002  6.4189656e+002  6.3835790e+002  6.3845425e+002  6.2541351e+002  6.1524866e+002  6.0043252e+002  5.8483177e+002  5.6941206e+002  5.5577791e+002  5.4706034e+002  5.4137594e+002  5.3759621e+002  5.3538885e+002  5.3274009e+002  5.2963642e+002  5.2784340e+002  5.2779792e+002  5.2495226e+002  5.2193185e+002  5.2111413e+002  5.1916963e+002  5.1116172e+002  4.9692000e+002  4.8265461e+002  4.7213093e+002  4.6944312e+002  4.7055258e+002  4.7225229e+002  4.7093655e+002  4.6756281e+002  4.6062052e+002  4.5188787e+002  4.3791372e+002  4.2150715e+002  4.0914238e+002  3.9490312e+002  3.7800673e+002  3.6465485e+002  3.5760487e+002  3.4655697e+002  3.2749057e+002  3.0919794e+002  2.9095255e+002  2.7350292e+002  2.5728214e+002  2.3189206e+002  2.1729315e+002  2.1432172e+002  2.1615881e+002  2.1946303e+002  2.2438725e+002  2.2188937e+002  2.0855727e+002  1.9148586e+002  1.6985611e+002  1.4771811e+002  1.3445519e+002  1.3017427e+002  1.2417388e+002  1.2753246e+002  1.3350174e+002  1.4029083e+002  1.4357674e+002  1.4761050e+002  1.5143118e+002  1.4991250e+002  1.4454049e+002  1.2879033e+002  1.1318586e+002  1.0323936e+002  9.6092452e+001  9.5984685e+001  9.8404359e+001  9.3096671e+001  9.1700085e+001  8.9818293e+001  8.5435128e+001  8.0588682e+001  7.6684371e+001  7.0067594e+001  3.9472890e+001  2.4970700e+001  1.3409920e+001  7.7385640e+000  0.0000000e+000  0.0000000e+000  0.0000000e+000  0.0000000e+000  0.0000000e+000  0.0000000e+000  0.0000000e+000  0.0000000e+000  0.0000000e+000  0.0000000e+000  0.0000000e+000  0.0000000e+000  0.0000000e+000  0.0000000e+000
  4.1181750e+006  8.9066280e+002  8.7121110e+002  8.5335690e+002  8.3760500e+002  8.2433880e+002  8.1376980e+002  8.0600320e+002  8.0092810e+002  7.9733140e+002  7.9177390e+002  7.8187390e+002  7.7156070e+002  7.6452580e+002  7.6110990e+002  7.6003920e+002  7.6035220e+002  7.5428271e+002  7.5635691e+002  7.6296487e+002  7.7030743e+002  7.7435215e+002  7.7329951e+002  7.6493302e+002  7.5087318e+002  7.3711787e+002  7.3115462e+002  7.3117826e+002  7.3262311e+002  7.4242280e+002  7.3951600e+002  7.3179580e+002  7.1542946e+002  7.0966404e+002  7.0416476e+002  6.9570328e+002  6.8538834e+002  6.7531539e+002  6.6680743e+002  6.6156184e+002  6.5776023e+002  6.5253112e+002  6.4634949e+002  6.3843619e+002  6.3082765e+002  6.3052246e+002  6.2561270e+002  6.1749040e+002  6.0831882e+002  5.9459616e+002  5.7807380e+002  5.6076358e+002  5.5020134e+002  5.4404859e+002  5.3978992e+002  5.3654882e+002  5.3394791e+002  5.3108945e+002  5.2726796e+002  5.2346636e+002  5.2171011e+002  5.1967035e+002  5.1740586e+002  5.1567421e+002  5.1160120e+002  5.0194828e+002  4.8861889e+002  4.7529694e+002  4.6381821e+002  4.6254044e+002  4.6748358e+002  4.7162943e+002  4.7206568e+002  4.6559478e+002  4.5524552e+002  4.4183041e+002  4.2819189e+002  4.1457074e+002  3.9965257e+002  3.7842671e+002  3.5332852e+002  3.4321977e+002  3.3906190e+002  3.3660678e+002  3.2623512e+002  3.1102780e+002  2.8833271e+002  2.5815127e+002  2.2618066e+002  2.0760565e+002  2.0466851e+002  2.0352180e+002  2.0415066e+002  2.0577784e+002  2.0803506e+002  2.0838322e+002  1.9418311e+002  1.7577707e+002  1.5252664e+002  1.3322901e+002  1.2322482e+002  1.2037379e+002  1.1782812e+002  1.2095346e+002  1.2843646e+002  1.3883046e+002  1.4347223e+002  1.4655557e+002  1.4681000e+002  1.4413292e+002  1.3818782e+002  1.3317279e+002  1.1754951e+002  1.1001556e+002  1.0577422e+002  1.0803932e+002  1.0678482e+002  1.0071286e+002  9.6301039e+001  8.8911843e+001  8.1006588e+001  7.7133774e+001  7.3821654e+001  6.4457305e+001  3.3007250e+001  1.9975490e+001  9.2739560e+000  2.1956210e+000  0.0000000e+000  0.0000000e+000  0.0000000e+000  0.0000000e+000  0.0000000e+000  0.0000000e+000  0.0000000e+000  0.0000000e+000  0.0000000e+000  0.0000000e+000  0.0000000e+000  0.0000000e+000  0.0000000e+000  0.0000000e+000
  4.1182250e+006  8.8849770e+002  8.6628300e+002  8.4575740e+002  8.2773450e+002  8.1269420e+002  8.0059670e+002  7.9103130e+002  7.8337150e+002  7.7633600e+002  7.6749780e+002  7.5615260e+002  7.4642840e+002  7.4105170e+002  7.3964770e+002  7.4017040e+002  7.4124070e+002  7.3591344e+002  7.3845512e+002  7.4385905e+002  7.4993930e+002  7.5313518e+002  7.5420732e+002  7.5001956e+002  7.4108520e+002  7.2925665e+002  7.2342946e+002  7.2265812e+002  7.2356755e+002  7.2516231e+002  7.3275270e+002  7.2605690e+002  7.1750760e+002  7.0519149e+002  7.0008048e+002  6.9148392e+002  6.8052189e+002  6.6966361e+002  6.6123242e+002  6.5700915e+002  6.5129260e+002  6.4228075e+002  6.3280628e+002  6.2491814e+002  6.2014610e+002  6.2423190e+002  6.1507605e+002  6.0993121e+002  6.0005623e+002  5.8626886e+002  5.7204329e+002  5.5726004e+002  5.4829602e+002  5.4296895e+002  5.3930486e+002  5.3636167e+002  5.3333823e+002  5.2928082e+002  5.2333327e+002  5.1801422e+002  5.1531665e+002  5.1298046e+002  5.1005491e+002  5.0668960e+002  5.0091840e+002  4.9102458e+002  4.8050521e+002  4.6918712e+002  4.6786044e+002  4.5908020e+002  4.6754188e+002  4.7638542e+002  4.7844114e+002  4.7341379e+002  4.6051364e+002  4.4552388e+002  4.2341013e+002  3.9885762e+002  3.7363733e+002  3.5011005e+002  3.3520020e+002  3.2835431e+002  3.2913064e+002  3.3038208e+002  3.2567258e+002  3.1386715e+002  2.8604119e+002  2.5143865e+002  2.2192509e+002  2.0469350e+002  1.9827853e+002  1.9326246e+002  1.8984745e+002  1.9256795e+002  1.9515782e+002  1.9075587e+002  1.7594046e+002  1.5691877e+002  1.4199681e+002  1.3037054e+002  1.1218504e+002  1.0989800e+002  1.0884662e+002  1.1217545e+002  1.1995326e+002  1.3180450e+002  1.4061322e+002  1.4439616e+002  1.4287922e+002  1.3546174e+002  1.2184804e+002  1.1424981e+002  1.0391547e+002  1.0562544e+002  1.0268910e+002  1.0137425e+002  9.8353540e+001  9.7068372e+001  9.4758113e+001  8.5696918e+001  7.7097114e+001  7.3353498e+001  6.6787147e+001  5.5490841e+001  4.0447751e+001  1.3669220e+001  3.7317050e+000  2.0000000e+000  0.0000000e+000  0.0000000e+000  0.0000000e+000  0.0000000e+000  0.0000000e+000  0.0000000e+000  0.0000000e+000  0.0000000e+000  0.0000000e+000  0.0000000e+000  0.0000000e+000  0.0000000e+000  0.0000000e+000  0.0000000e+000
  4.1182750e+006  8.8575640e+002  8.6021710e+002  8.3637480e+002  8.1560820e+002  7.9859170e+002  7.8481230e+002  7.7298620e+002  7.6182640e+002  7.5033480e+002  7.3794550e+002  7.2634320e+002  7.1940620e+002  7.1764590e+002  7.1936280e+002  7.2157170e+002  7.2279370e+002  7.1756232e+002  7.1994656e+002  7.2413112e+002  7.2983950e+002  7.3511427e+002  7.3799916e+002  7.3570715e+002  7.2728501e+002  7.1793965e+002  7.1351429e+002  7.1291133e+002  7.1351736e+002  7.1460343e+002  7.2203060e+002  7.1781240e+002  7.1222660e+002  7.0752830e+002  6.9556423e+002  6.8677364e+002  6.7679906e+002  6.6700417e+002  6.5907939e+002  6.5272660e+002  6.4376081e+002  6.3207411e+002  6.2118681e+002  6.1480644e+002  6.1310175e+002  6.1867800e+002  6.0555706e+002  5.9802457e+002  5.8612181e+002  5.7515070e+002  5.6417357e+002  5.5398622e+002  5.4695691e+002  5.4234939e+002  5.3900191e+002  5.3618626e+002  5.3233376e+002  5.2561922e+002  5.1791231e+002  5.1300249e+002  5.1043125e+002  5.0633592e+002  5.0186794e+002  4.9760054e+002  4.9250281e+002  4.8605285e+002  4.7790121e+002  4.6761181e+002  4.6782285e+002  4.7602417e+002  4.7435662e+002  4.8228187e+002  4.7942805e+002  4.6459433e+002  4.4511170e+002  4.2563261e+002  4.1133114e+002  3.8971039e+002  3.6226757e+002  3.3896625e+002  3.2940217e+002  3.2506662e+002  3.2441032e+002  3.2628364e+002  3.2735650e+002  3.2093533e+002  2.8871504e+002  2.5191861e+002  2.2456121e+002  2.0533041e+002  1.9365963e+002  1.8220298e+002  1.7657163e+002  1.7656600e+002  1.7693169e+002  1.6920865e+002  1.5882675e+002  1.4059100e+002  1.2630723e+002  1.1842751e+002  1.1160563e+002  1.0316906e+002  9.6149368e+001  9.5738761e+001  1.0436856e+002  1.1915479e+002  1.2792306e+002  1.2885287e+002  1.2851561e+002  1.1581870e+002  9.2730633e+001  8.1638308e+001  8.0614273e+001  9.6951888e+001  9.2833153e+001  8.3357381e+001  8.2427054e+001  8.4414194e+001  8.4308929e+001  7.9502234e+001  7.4267136e+001  6.7676662e+001  5.7145778e+001  4.5616848e+001  3.4135834e+001  1.0698490e+001  3.9455490e+000  2.0000000e+000  0.0000000e+000  0.0000000e+000  0.0000000e+000  0.0000000e+000  0.0000000e+000  0.0000000e+000  0.0000000e+000  0.0000000e+000  0.0000000e+000  0.0000000e+000  0.0000000e+000  0.0000000e+000  0.0000000e+000  0.0000000e+000
  4.1183250e+006  8.8318700e+002  8.5352190e+002  8.2543040e+002  8.0140960e+002  7.8268940e+002  7.6802920e+002  7.5479360e+002  7.4098700e+002  7.2641700e+002  7.1242270e+002  7.0216170e+002  6.9887790e+002  7.0067260e+002  7.0425350e+002  7.0617090e+002  7.0549820e+002  7.0502760e+002  7.0046826e+002  7.0403349e+002  7.0883261e+002  7.1354110e+002  7.1589129e+002  7.1457796e+002  7.0857582e+002  7.0217047e+002  6.9993070e+002  6.9995896e+002  7.0089578e+002  7.0180159e+002  7.0233572e+002  7.0826780e+002  7.0608570e+002  7.0114110e+002  6.9313210e+002  6.8077524e+002  6.7281061e+002  6.6500349e+002  6.5797131e+002  6.4944831e+002  6.3804611e+002  6.2503237e+002  6.1452119e+002  6.1002565e+002  6.0741631e+002  6.0585650e+002  5.9327258e+002  5.8134732e+002  5.6976769e+002  5.6233357e+002  5.5542162e+002  5.4976581e+002  5.4509184e+002  5.4140376e+002  5.3807425e+002  5.3431085e+002  5.2909363e+002  5.2049367e+002  5.1320426e+002  5.1020149e+002  5.0643142e+002  4.9960067e+002  4.9428979e+002  4.9236916e+002  4.9013758e+002  4.8670108e+002  4.8188466e+002  4.7446695e+002  4.7075581e+002  4.7207977e+002  4.7964327e+002  4.8884686e+002  4.8598889e+002  4.6688081e+002  4.4138140e+002  4.1783973e+002  4.1251201e+002  3.8171725e+002  3.5514858e+002  3.3838662e+002  3.3072165e+002  3.2625132e+002  3.2329232e+002  3.2083265e+002  3.1837753e+002  3.1047612e+002  2.8252996e+002  2.5200467e+002  2.2512201e+002  2.0409679e+002  1.8931862e+002  1.7883159e+002  1.7090884e+002  1.6296299e+002  1.5705594e+002  1.5157110e+002  1.4369720e+002  1.2935799e+002  1.1344526e+002  1.0424122e+002  9.7582558e+001  9.1980589e+001  8.5494671e+001  8.4822415e+001  9.0960681e+001  9.9652774e+001  1.0254610e+002  9.8531003e+001  9.7015723e+001  8.2545988e+001  6.2685844e+001  5.2960138e+001  6.2671218e+001  6.8314360e+001  6.9913374e+001  6.9312175e+001  6.7253556e+001  6.6662951e+001  7.3323276e+001  7.2301029e+001  7.0162284e+001  6.1366421e+001  4.9280244e+001  3.9900117e+001  3.0965486e+001  1.0454080e+001  6.3781660e+000  2.0000000e+000  0.0000000e+000  0.0000000e+000  0.0000000e+000  0.0000000e+000  0.0000000e+000  0.0000000e+000  0.0000000e+000  0.0000000e+000  0.0000000e+000  0.0000000e+000  0.0000000e+000  0.0000000e+000  0.0000000e+000  0.0000000e+000
  4.1183750e+006  8.8210000e+002  8.4726280e+002  8.1352360e+002  7.8551050e+002  7.6584460e+002  7.5208540e+002  7.3926260e+002  7.2436430e+002  7.0889320e+002  6.9639060e+002  6.8960000e+002  6.8968020e+002  6.9302140e+002  6.9513390e+002  6.9337880e+002  6.8832130e+002  6.8522140e+002  6.8044844e+002  6.8364637e+002  6.8798728e+002  6.9163773e+002  6.9325368e+002  6.9261988e+002  6.8903870e+002  6.8454792e+002  6.8227810e+002  6.8220023e+002  6.8425464e+002  6.8607576e+002  6.8715170e+002  6.9379740e+002  6.9276900e+002  6.8883580e+002  6.8281960e+002  6.7278428e+002  6.6737842e+002  6.6232689e+002  6.5699830e+002  6.4774695e+002  6.3526339e+002  6.2224273e+002  6.1231354e+002  6.0703202e+002  6.0266868e+002  5.9220355e+002  5.7920965e+002  5.6581533e+002  5.5770287e+002  5.5214369e+002  5.4866753e+002  5.4617616e+002  5.4304641e+002  5.3946889e+002  5.3492772e+002  5.2773342e+002  5.1960341e+002  5.1222369e+002  5.0832014e+002  5.0683842e+002  5.0175182e+002  4.9471468e+002  4.8973943e+002  4.8863631e+002  4.8841852e+002  4.8777819e+002  4.8536503e+002  4.7996997e+002  4.7680507e+002  4.7541223e+002  4.7568633e+002  4.8194374e+002  4.7986688e+002  4.6090797e+002  4.3557900e+002  4.1880063e+002  4.0548128e+002  3.7982486e+002  3.5717162e+002  3.4026407e+002  3.3274618e+002  3.2833485e+002  3.2249492e+002  3.1267549e+002  3.0324616e+002  2.8542220e+002  2.6594235e+002  2.4876210e+002  2.2847581e+002  2.0542351e+002  1.8776136e+002  1.7850844e+002  1.6993672e+002  1.5963771e+002  1.4787975e+002  1.3440954e+002  1.2513570e+002  1.1963034e+002  1.0453138e+002  9.4543922e+001  9.1708914e+001  8.0812867e+001  7.5825916e+001  7.4924379e+001  7.5906019e+001  7.8173470e+001  7.8150094e+001  7.4394475e+001  5.9130833e+001  4.2104101e+001  2.9315341e+001  2.8842636e+001  3.2342692e+001  3.8686428e+001  4.1900219e+001  4.3506442e+001  4.4984260e+001  4.5494093e+001  5.0037247e+001  5.9321255e+001  6.4770070e+001  5.6852326e+001  4.4823361e+001  3.8894459e+001  2.9945032e+001  9.9551050e+000  5.0191570e+000  2.0000000e+000  0.0000000e+000  0.0000000e+000  0.0000000e+000  0.0000000e+000  0.0000000e+000  0.0000000e+000  0.0000000e+000  0.0000000e+000  0.0000000e+000  0.0000000e+000  0.0000000e+000  0.0000000e+000  0.0000000e+000  0.0000000e+000
  4.1184250e+006  8.8456320e+002  8.4353900e+002  8.0224400e+002  7.6896210e+002  7.4930470e+002  7.3885720e+002  7.2863230e+002  7.1369430e+002  6.9821090e+002  6.8849540e+002  6.8506170e+002  6.8577550e+002  6.8705240e+002  6.8506570e+002  6.7835860e+002  6.6901320e+002  6.6441390e+002  6.6569560e+002  6.6431486e+002  6.6856562e+002  6.7190958e+002  6.7332475e+002  6.7326593e+002  6.7099401e+002  6.6727430e+002  6.6391162e+002  6.6326754e+002  6.6691795e+002  6.6944536e+002  6.7058523e+002  6.7121437e+002  6.7614060e+002  6.7415590e+002  6.7127750e+002  6.6437943e+002  6.6194212e+002  6.5946040e+002  6.5569822e+002  6.4649876e+002  6.3387026e+002  6.2122414e+002  6.1187467e+002  6.0584334e+002  5.9996572e+002  5.8078247e+002  5.6614029e+002  5.5423631e+002  5.5021810e+002  5.4658120e+002  5.4397456e+002  5.4175643e+002  5.3877924e+002  5.3357063e+002  5.2680919e+002  5.1763245e+002  5.0864672e+002  5.0393692e+002  5.0319638e+002  5.0213269e+002  4.9875272e+002  4.9145050e+002  4.8681268e+002  4.8599504e+002  4.8573804e+002  4.8505033e+002  4.8071327e+002  4.7601757e+002  4.7343340e+002  4.7050559e+002  4.6956663e+002  4.6435190e+002  4.5553846e+002  4.3991307e+002  4.2827303e+002  4.2114386e+002  4.0245905e+002  3.8277516e+002  3.6231005e+002  3.4484264e+002  3.3688544e+002  3.3179099e+002  3.2429011e+002  3.0959830e+002  2.9455586e+002  2.7459316e+002  2.5929044e+002  2.5021970e+002  2.3510999e+002  2.1009017e+002  1.8813773e+002  1.7951927e+002  1.6918315e+002  1.5689983e+002  1.4460669e+002  1.3136945e+002  1.1510147e+002  1.0335021e+002  1.0060028e+002  9.4534861e+001  8.2654323e+001  7.3849326e+001  6.9994110e+001  6.2242264e+001  5.7412261e+001  5.5277850e+001  5.0542439e+001  4.3154583e+001  3.2914442e+001  9.4423395e+000 -9.0466197e-001 -3.9661690e+000 -2.4517214e+000  5.0723109e+000  1.0044372e+001  1.3658435e+001  1.6523183e+001  1.8917993e+001  2.0550436e+001  2.5667744e+001  3.3097573e+001  3.5176492e+001  2.4520485e+001  2.1471278e+001  1.5712276e+001  9.1596910e+000  2.8107340e+000  2.0000000e+000  0.0000000e+000  0.0000000e+000  0.0000000e+000  0.0000000e+000  0.0000000e+000  0.0000000e+000  0.0000000e+000  0.0000000e+000  0.0000000e+000  0.0000000e+000  0.0000000e+000  0.0000000e+000  0.0000000e+000  0.0000000e+000
  4.1184750e+006  8.9331410e+002  8.4622830e+002  7.9593650e+002  7.5564660e+002  7.3589650e+002  7.2999870e+002  7.2385530e+002  7.0953180e+002  6.9383160e+002  6.8561780e+002  6.8251260e+002  6.7928880e+002  6.7499140e+002  6.6908370e+002  6.6022710e+002  6.5028380e+002  6.4605810e+002  6.4778730e+002  6.4710608e+002  6.5142035e+002  6.5456307e+002  6.5609642e+002  6.5661418e+002  6.5549358e+002  6.5255352e+002  6.4872781e+002  6.4749164e+002  6.5161392e+002  6.5410614e+002  6.5517638e+002  6.5616118e+002  6.6143730e+002  6.6139450e+002  6.6158920e+002  6.5839677e+002  6.5823535e+002  6.5743014e+002  6.5356429e+002  6.4455724e+002  6.3269696e+002  6.2097013e+002  6.1250573e+002  6.0693203e+002  5.9673120e+002  5.7229568e+002  5.5621333e+002  5.4872809e+002  5.4228178e+002  5.3660739e+002  5.3238878e+002  5.2910676e+002  5.2658495e+002  5.2228167e+002  5.1621254e+002  5.0878036e+002  5.0232482e+002  4.9959779e+002  4.9982240e+002  4.9684053e+002  4.9137803e+002  4.8597636e+002  4.8269251e+002  4.8189493e+002  4.8137630e+002  4.7877284e+002  4.7054846e+002  4.6345865e+002  4.6081130e+002  4.5817287e+002  4.5787223e+002  4.4644982e+002  4.2901722e+002  4.1166723e+002  4.0571068e+002  4.0874739e+002  4.0341389e+002  3.8811025e+002  3.7076656e+002  3.5465132e+002  3.4305345e+002  3.3549549e+002  3.2809086e+002  3.1163204e+002  2.9535070e+002  2.7663810e+002  2.6302503e+002  2.5446988e+002  2.4075227e+002  2.1370696e+002  1.9014244e+002  1.7825498e+002  1.6687228e+002  1.5324003e+002  1.3940216e+002  1.2619253e+002  1.1151911e+002  9.9554310e+001  9.1203350e+001  8.4830659e+001  7.5472334e+001  7.0871809e+001  6.0878067e+001  5.1056736e+001  4.4765206e+001  3.9640669e+001  3.1554388e+001  1.4346300e+001  9.1734772e+000  1.7511738e+000 -3.9633867e+000 -5.2886932e+000 -2.9589069e+000 -1.6493295e+000 -7.8988776e-001 -9.4647195e-001 -7.5073783e-001 -1.8390426e-001  1.0216252e+000  3.5339263e+000  8.5739185e+000  8.7175994e+000  3.6427900e+000  2.3554521e-001  1.0940270e+001  8.1655460e+000  1.7595100e+000  2.0000000e+000  0.0000000e+000  0.0000000e+000  0.0000000e+000  0.0000000e+000  0.0000000e+000  0.0000000e+000  0.0000000e+000  0.0000000e+000  0.0000000e+000  0.0000000e+000  0.0000000e+000  0.0000000e+000  0.0000000e+000  0.0000000e+000
  4.1185250e+006  9.0994510e+002  8.6050670e+002  8.0298960e+002  7.5477150e+002  7.3121230e+002  7.2572380e+002  7.2188230e+002  7.0896200e+002  6.9360780e+002  6.8485330e+002  6.7859420e+002  6.6880700e+002  6.5866560e+002  6.5199110e+002  6.4603360e+002  6.3920890e+002  6.3479430e+002  6.3475970e+002  6.3355796e+002  6.3711471e+002  6.3986784e+002  6.4140986e+002  6.4295177e+002  6.4349504e+002  6.4242675e+002  6.3934455e+002  6.3687019e+002  6.3875779e+002  6.4092546e+002  6.4331159e+002  6.4559145e+002  6.4740335e+002  6.5282530e+002  6.5175804e+002  6.5495324e+002  6.5614047e+002  6.5586270e+002  6.5145555e+002  6.4247899e+002  6.3172335e+002  6.2155857e+002  6.1402257e+002  6.0841339e+002  5.9635290e+002  5.6679788e+002  5.5001383e+002  5.4201244e+002  5.3201756e+002  5.2354061e+002  5.1762785e+002  5.1369434e+002  5.1194186e+002  5.0951786e+002  5.0563521e+002  5.0083828e+002  4.9712796e+002  4.9627753e+002  4.9433789e+002  4.8893279e+002  4.8325672e+002  4.7936095e+002  4.7715202e+002  4.7589804e+002  4.7479274e+002  4.7141858e+002  4.5900770e+002  4.4782556e+002  4.4285413e+002  4.5066968e+002  4.4235246e+002  4.2918327e+002  4.1151721e+002  3.9529408e+002  3.9136296e+002  4.0133364e+002  4.0934455e+002  3.9529246e+002  3.7861809e+002  3.6235348e+002  3.4843354e+002  3.3897067e+002  3.3154918e+002  3.1536157e+002  2.9977570e+002  2.8063197e+002  2.6929535e+002  2.5837161e+002  2.4033206e+002  2.1512566e+002  1.9293737e+002  1.8149043e+002  1.6846875e+002  1.5425780e+002  1.3925249e+002  1.2627017e+002  1.1405657e+002  1.0349697e+002  9.3178559e+001  8.2507319e+001  6.7430098e+001  5.4245467e+001  4.7901233e+001  4.1926477e+001  3.1981175e+001  1.3887746e+001  7.2794693e+000 -1.4356596e+000  3.3752532e+000 -2.1066229e+000 -2.8371850e+000 -4.0555458e+000 -6.2515068e+000 -6.8459437e+000 -7.6542911e+000 -8.0612046e+000 -7.8008599e+000 -6.2746755e+000 -3.8641434e+000 -2.1915842e+000 -1.7063191e-001  3.8889195e+000  4.2288170e+000  4.5051004e+000  9.7199940e+000  6.4942470e+000  3.2005700e-001  0.0000000e+000  0.0000000e+000  0.0000000e+000  0.0000000e+000  0.0000000e+000  0.0000000e+000  0.0000000e+000  0.0000000e+000  0.0000000e+000  0.0000000e+000  0.0000000e+000  0.0000000e+000  0.0000000e+000  0.0000000e+000  0.0000000e+000
  4.1185750e+006  9.3024210e+002  8.8662900e+002  8.2759160e+002  7.7204300e+002  7.3823990e+002  7.2443730e+002  7.1776890e+002  7.0656280e+002  6.9330720e+002  6.8467480e+002  6.7493520e+002  6.5786850e+002  6.4177140e+002  6.3571010e+002  6.3448470e+002  6.3153770e+002  6.2676230e+002  6.2475760e+002  6.2286315e+002  6.2560664e+002  6.2738669e+002  6.2845598e+002  6.3094638e+002  6.3413480e+002  6.3639997e+002  6.3548141e+002  6.3197775e+002  6.3071387e+002  6.3206742e+002  6.3554195e+002  6.3914474e+002  6.4129048e+002  6.4279818e+002  6.4531632e+002  6.4971951e+002  6.5327949e+002  6.5368997e+002  6.4912601e+002  6.3983870e+002  6.2996515e+002  6.2137600e+002  6.1482874e+002  6.1075138e+002  5.9995751e+002  5.6860031e+002  5.5199381e+002  5.4037745e+002  5.2548762e+002  5.1370374e+002  5.0696882e+002  5.0324662e+002  5.0129408e+002  4.9916408e+002  4.9653231e+002  4.9468203e+002  4.9287843e+002  4.9220007e+002  4.8986037e+002  4.8465314e+002  4.7932975e+002  4.7345676e+002  4.6900851e+002  4.6669670e+002  4.6504049e+002  4.5969007e+002  4.4645407e+002  4.3346843e+002  4.2786591e+002  4.3843848e+002  4.3081931e+002  4.1655692e+002  4.0238207e+002  3.9154458e+002  3.8952628e+002  3.9968179e+002  4.1163742e+002  4.0436788e+002  3.8363372e+002  3.6387372e+002  3.4985966e+002  3.4180395e+002  3.3487957e+002  3.2218884e+002  3.0400842e+002  2.8293763e+002  2.7273227e+002  2.6267389e+002  2.4409379e+002  2.1956391e+002  1.9996422e+002  1.9007473e+002  1.7904426e+002  1.6743564e+002  1.5236096e+002  1.3941475e+002  1.2760127e+002  1.1247133e+002  9.7079697e+001  8.2244495e+001  6.3406879e+001  4.6565081e+001  3.4532733e+001  1.4716661e+001  7.1699185e+000  2.3939408e+000 -3.3785415e+000  1.4494109e+000  5.3636555e+000  5.5795472e-001 -4.0956741e-001 -1.6987942e+000 -3.1559565e+000 -4.7061097e+000 -5.7182632e+000 -6.9378231e+000 -8.3787842e+000 -6.4983531e+000 -4.3798837e+000 -3.2264964e+000 -1.5807220e+000  3.4308340e+000  4.3346228e+000  9.6660840e+000  8.4378050e+000  4.4051250e+000  0.0000000e+000  0.0000000e+000  0.0000000e+000  0.0000000e+000  0.0000000e+000  0.0000000e+000  0.0000000e+000  0.0000000e+000  0.0000000e+000  0.0000000e+000  0.0000000e+000  0.0000000e+000  0.0000000e+000  0.0000000e+000  0.0000000e+000  0.0000000e+000
  4.1186250e+006  9.4215270e+002  9.0939080e+002  8.5534490e+002  7.9416780e+002  7.4828560e+002  7.2339450e+002  7.1187850e+002  7.0194080e+002  6.9133280e+002  6.8474490e+002  6.7440050e+002  6.5227590e+002  6.3051970e+002  6.2285330e+002  6.2329670e+002  6.2251880e+002  6.1872520e+002  6.1670790e+002  6.1826950e+002  6.1696803e+002  6.1670817e+002  6.1626453e+002  6.1930522e+002  6.2498402e+002  6.3056101e+002  6.3147569e+002  6.2756141e+002  6.2600566e+002  6.2816549e+002  6.3221931e+002  6.3595488e+002  6.3741543e+002  6.3717643e+002  6.3786316e+002  6.4281185e+002  6.4925095e+002  6.5024944e+002  6.4465025e+002  6.3482698e+002  6.2605593e+002  6.1953888e+002  6.1470681e+002  6.1226578e+002  6.0327665e+002  5.7776408e+002  5.6003020e+002  5.4065422e+002  5.2002146e+002  5.0680640e+002  5.0087778e+002  4.9793993e+002  4.9541364e+002  4.9324202e+002  4.9055342e+002  4.8949001e+002  4.8955692e+002  4.8990251e+002  4.8826758e+002  4.8253496e+002  4.7445831e+002  4.6575327e+002  4.5994460e+002  4.5709882e+002  4.5624506e+002  4.4986683e+002  4.3762108e+002  4.2836250e+002  4.3171696e+002  4.3498630e+002  4.2437010e+002  4.0961535e+002  3.9964573e+002  3.9447514e+002  3.9398818e+002  3.9988363e+002  4.0819723e+002  4.1211960e+002  3.9048957e+002  3.6618248e+002  3.5185309e+002  3.4495118e+002  3.3918178e+002  3.2977710e+002  3.1279534e+002  2.9008489e+002  2.8004228e+002  2.7288486e+002  2.5607450e+002  2.3510725e+002  2.1626611e+002  2.0390662e+002  1.9823818e+002  1.9111474e+002  1.7510170e+002  1.6101648e+002  1.4596622e+002  1.2401259e+002  1.0287638e+002  8.8136835e+001  6.8924505e+001  4.7287669e+001  3.2216140e+001  5.0374811e+000 -5.7945706e+000 -2.8460743e+000  7.7478549e-001  3.9169394e+000  4.6204896e+000  2.9518677e+000  1.7828251e+000  3.5234140e-001 -6.9460637e-001 -2.0135464e+000 -3.2025777e+000 -6.2298606e+000 -5.8464066e+000 -4.7089484e+000 -3.4632498e+000 -2.4265548e+000 -8.3294521e-001  3.7903531e+000  8.2213630e+000  7.7233960e+000  5.8837850e+000  1.5799290e+000  0.0000000e+000  0.0000000e+000  0.0000000e+000  0.0000000e+000  0.0000000e+000  0.0000000e+000  0.0000000e+000  0.0000000e+000  0.0000000e+000  0.0000000e+000  0.0000000e+000  0.0000000e+000  0.0000000e+000  0.0000000e+000  0.0000000e+000  0.0000000e+000
  4.1186750e+006  9.4029270e+002  9.1033420e+002  8.6528630e+002  8.0287760e+002  7.4918550e+002  7.1693420e+002  7.0203910e+002  6.9282040e+002  6.8444730e+002  6.8118370e+002  6.7425930e+002  6.5352910e+002  6.3058100e+002  6.1957370e+002  6.1760500e+002  6.1698650e+002  6.1458610e+002  6.1269650e+002  6.1332320e+002  6.1065532e+002  6.0709545e+002  6.0441780e+002  6.0736608e+002  6.1462948e+002  6.2239431e+002  6.2505115e+002  6.2157473e+002  6.2190953e+002  6.2661358e+002  6.3149534e+002  6.3453186e+002  6.3475070e+002  6.3237720e+002  6.3094714e+002  6.3605923e+002  6.4286814e+002  6.4266805e+002  6.3493559e+002  6.2534337e+002  6.1897998e+002  6.1536804e+002  6.1258967e+002  6.1199406e+002  6.0234445e+002  5.8354668e+002  5.6371786e+002  5.3803605e+002  5.1421816e+002  5.0222077e+002  4.9803760e+002  4.9592432e+002  4.9405101e+002  4.8997075e+002  4.8416348e+002  4.8357692e+002  4.8625533e+002  4.8662551e+002  4.8430123e+002  4.7769163e+002  4.6842974e+002  4.5978012e+002  4.5397514e+002  4.5072328e+002  4.5206412e+002  4.4620638e+002  4.3284120e+002  4.2631331e+002  4.3132858e+002  4.3290971e+002  4.2073504e+002  4.0641488e+002  4.0041951e+002  3.9803106e+002  3.9761333e+002  4.0117450e+002  4.0336520e+002  4.0736850e+002  3.9870790e+002  3.7305473e+002  3.5801345e+002  3.5110006e+002  3.4500361e+002  3.3983655e+002  3.1999579e+002  2.9666044e+002  2.8671094e+002  2.8239662e+002  2.6923355e+002  2.5352334e+002  2.3598445e+002  2.1890400e+002  2.1313786e+002  2.0803435e+002  1.9371224e+002  1.7729636e+002  1.5977670e+002  1.3429435e+002  1.1070014e+002  9.9013531e+001  8.1304077e+001  5.5675351e+001  3.9063088e+001  1.0232727e+001 -6.2813086e+000 -2.7412956e+000  1.2266423e+000  4.9841160e+000  5.2795014e+000  4.9259981e+000  4.4138601e+000  3.6526329e+000  1.9229000e+000 -1.1796155e-001 -8.8658235e-001 -1.4597176e+000 -1.9075551e+000 -1.9883427e+000 -1.1976418e+000 -8.4697319e-001  2.0156483e+000  4.0696432e+000  6.7065390e+000  5.7620200e+000  3.4599570e+000  0.0000000e+000  0.0000000e+000  0.0000000e+000  0.0000000e+000  0.0000000e+000  0.0000000e+000  0.0000000e+000  0.0000000e+000  0.0000000e+000  0.0000000e+000  0.0000000e+000  0.0000000e+000  0.0000000e+000  0.0000000e+000  0.0000000e+000  0.0000000e+000  0.0000000e+000
  4.1187250e+006  9.3091250e+002  8.9763490e+002  8.5054790e+002  7.9031650e+002  7.3605670e+002  7.0220700e+002  6.8656980e+002  6.7861890e+002  6.7252320e+002  6.7081960e+002  6.6726190e+002  6.5275290e+002  6.3396100e+002  6.2162930e+002  6.1678520e+002  6.1550720e+002  6.1404470e+002  6.1164480e+002  6.0979540e+002  6.0676540e+002  5.9821804e+002  5.9430094e+002  5.9720557e+002  6.0396050e+002  6.1220996e+002  6.1673178e+002  6.1608859e+002  6.1863058e+002  6.2518756e+002  6.3122706e+002  6.3373220e+002  6.3210728e+002  6.2807031e+002  6.2663312e+002  6.3030850e+002  6.3171090e+002  6.2780148e+002  6.2067028e+002  6.1296701e+002  6.0977109e+002  6.0876162e+002  6.0758130e+002  6.0552593e+002  5.9336906e+002  5.7594211e+002  5.5556686e+002  5.3041637e+002  5.0982380e+002  5.0143527e+002  4.9810339e+002  4.9627067e+002  4.9183786e+002  4.8355874e+002  4.7455112e+002  4.7337977e+002  4.7620410e+002  4.7670039e+002  4.7504582e+002  4.7098779e+002  4.6530236e+002  4.6064900e+002  4.5475094e+002  4.4907043e+002  4.5054390e+002  4.4561455e+002  4.2992446e+002  4.2591139e+002  4.2709547e+002  4.3037262e+002  4.1924920e+002  4.0547259e+002  3.9952456e+002  3.9805194e+002  3.9969615e+002  4.0107266e+002  4.0234468e+002  4.0392777e+002  4.0232136e+002  3.8109821e+002  3.6655020e+002  3.5845655e+002  3.5131469e+002  3.4277514e+002  3.2128980e+002  2.9610722e+002  2.8559383e+002  2.8290144e+002  2.7619500e+002  2.6658291e+002  2.5090000e+002  2.3102411e+002  2.2151063e+002  2.1590210e+002  2.0187749e+002  1.8451218e+002  1.6652723e+002  1.4531180e+002  1.2348430e+002  1.0937997e+002  9.7814923e+001  7.3446469e+001  4.9780358e+001  2.5901781e+001  4.1655846e+000 -2.7269100e+000  9.7335702e-001  4.8049494e+000  4.9258038e+000  4.6490751e+000  4.3608120e+000  4.3998407e+000  2.2317361e+000  2.7948501e+000  2.6684856e+000  2.3239944e+000  1.2686455e+000  9.8016803e-001  6.3578647e-001  4.3514380e-001  3.1549368e+000  5.8093260e+000  5.4821210e+000  4.4313240e+000  0.0000000e+000  0.0000000e+000  0.0000000e+000  0.0000000e+000  0.0000000e+000  0.0000000e+000  0.0000000e+000  0.0000000e+000  0.0000000e+000  0.0000000e+000  0.0000000e+000  0.0000000e+000  0.0000000e+000  0.0000000e+000  0.0000000e+000  0.0000000e+000  0.0000000e+000  0.0000000e+000
  4.1187750e+006  9.0961160e+002  8.6905330e+002  8.1994930e+002  7.6720260e+002  7.1555050e+002  6.8386070e+002  6.7093240e+002  6.6657030e+002  6.6301860e+002  6.5986610e+002  6.5701300e+002  6.4832520e+002  6.3455130e+002  6.2255030e+002  6.1573030e+002  6.1324400e+002  6.1209010e+002  6.0947260e+002  6.0490560e+002  5.9897380e+002  5.9080654e+002  5.8855697e+002  5.9157360e+002  5.9608573e+002  6.0243189e+002  6.0898062e+002  6.1235038e+002  6.1744739e+002  6.2496959e+002  6.3142052e+002  6.3334829e+002  6.2983664e+002  6.2432726e+002  6.2166934e+002  6.2087502e+002  6.1835141e+002  6.1364384e+002  6.0892364e+002  6.0324291e+002  6.0069299e+002  5.9917335e+002  5.9664321e+002  5.9135616e+002  5.7861886e+002  5.6025977e+002  5.4038991e+002  5.1963268e+002  5.0597836e+002  5.0303816e+002  5.0019286e+002  4.9669616e+002  4.9023660e+002  4.8055142e+002  4.7086683e+002  4.6710533e+002  4.6742062e+002  4.6760366e+002  4.6772167e+002  4.6796545e+002  4.6706696e+002  4.6304274e+002  4.5523666e+002  4.4707777e+002  4.4281461e+002  4.3519964e+002  4.2494380e+002  4.2390469e+002  4.2271564e+002  4.2449456e+002  4.1736261e+002  4.0688614e+002  4.0170224e+002  4.0144137e+002  4.0433301e+002  4.0482243e+002  4.0281127e+002  4.0226612e+002  3.9681390e+002  3.8481494e+002  3.6974133e+002  3.6022560e+002  3.5229282e+002  3.4269352e+002  3.2047566e+002  2.9562205e+002  2.8487969e+002  2.8253331e+002  2.7815088e+002  2.7105787e+002  2.6029525e+002  2.4393313e+002  2.3164111e+002  2.2107726e+002  2.0546738e+002  1.8845272e+002  1.7201312e+002  1.5685659e+002  1.4114921e+002  1.2601743e+002  1.1511208e+002  9.4230151e+001  6.6530920e+001  4.3228404e+001  1.5170590e+001 -7.8903932e-001  1.0646265e+000  4.2507296e+000  4.9169535e+000  4.4999325e+000  4.2640667e+000  4.0317743e+000  2.8734706e+000  4.5555629e+000  5.6244030e+000  5.3279987e+000  4.5169760e+000  3.8326851e+000  2.8890338e+000  2.8781578e+000  5.0032770e+000  4.8394700e+000  4.4824940e+000  3.6437420e+000  0.0000000e+000  0.0000000e+000  0.0000000e+000  0.0000000e+000  0.0000000e+000  0.0000000e+000  0.0000000e+000  0.0000000e+000  0.0000000e+000  0.0000000e+000  0.0000000e+000  0.0000000e+000  0.0000000e+000  0.0000000e+000  0.0000000e+000  0.0000000e+000  0.0000000e+000  0.0000000e+000
  4.1188250e+006  8.9469450e+002  8.5792870e+002  8.1024480e+002  7.5813120e+002  7.0464070e+002  6.7346080e+002  6.6247090e+002  6.6065910e+002  6.5843390e+002  6.5336630e+002  6.5020610e+002  6.4438070e+002  6.3252120e+002  6.1983220e+002  6.1077750e+002  6.0572780e+002  6.0275630e+002  5.9940520e+002  5.9459280e+002  5.8939860e+002  5.8435397e+002  5.8499152e+002  5.8832629e+002  5.9085430e+002  5.9501946e+002  6.0258461e+002  6.0992882e+002  6.1782326e+002  6.2595871e+002  6.3177408e+002  6.3290956e+002  6.2851285e+002  6.2057304e+002  6.1507089e+002  6.1203031e+002  6.0981997e+002  6.0616840e+002  5.9973961e+002  5.9416550e+002  5.9108081e+002  5.8803172e+002  5.8317121e+002  5.7538526e+002  5.6481832e+002  5.4631165e+002  5.2519795e+002  5.0602276e+002  4.9684454e+002  4.9846914e+002  4.9816504e+002  4.9467295e+002  4.8746390e+002  4.7795973e+002  4.6907749e+002  4.6438464e+002  4.6356991e+002  4.6437892e+002  4.6608418e+002  4.6863626e+002  4.6920901e+002  4.6465425e+002  4.5502915e+002  4.4563435e+002  4.3784608e+002  4.2792363e+002  4.2507752e+002  4.2468872e+002  4.2407111e+002  4.2285175e+002  4.1853225e+002  4.1190778e+002  4.0944698e+002  4.0913427e+002  4.1094112e+002  4.1079282e+002  4.0473051e+002  4.0106286e+002  3.9255156e+002  3.7925691e+002  3.6892296e+002  3.5899244e+002  3.5079165e+002  3.4271614e+002  3.2212451e+002  2.9679932e+002  2.8533606e+002  2.8471378e+002  2.8085186e+002  2.7359102e+002  2.6611715e+002  2.5661147e+002  2.4557458e+002  2.2913999e+002  2.1207064e+002  1.9808441e+002  1.8297462e+002  1.6904495e+002  1.6013578e+002  1.4973943e+002  1.4115425e+002  1.2112896e+002  9.2310610e+001  5.8667327e+001  3.1559145e+001  1.0147978e+001  2.6656777e+000  4.7429249e+000  5.0872001e+000  4.4078038e+000  3.2683064e+000  2.3254624e+000  2.1212439e+000  4.5995439e+000  5.9790324e+000  6.5179435e+000  6.7263602e+000  6.2251291e+000  5.2168739e+000  4.7052150e+000  4.0638430e+000  3.5832210e+000  3.2398030e+000  0.0000000e+000  0.0000000e+000  0.0000000e+000  0.0000000e+000  0.0000000e+000  0.0000000e+000  0.0000000e+000  0.0000000e+000  0.0000000e+000  0.0000000e+000  0.0000000e+000  0.0000000e+000  0.0000000e+000  0.0000000e+000  0.0000000e+000  0.0000000e+000  0.0000000e+000  0.0000000e+000  0.0000000e+000
  4.1188750e+006  8.7412290e+002  8.4984200e+002  8.0903600e+002  7.5926120e+002  7.1060720e+002  6.7847240e+002  6.6472520e+002  6.6030970e+002  6.5703380e+002  6.5198140e+002  6.4889250e+002  6.4254180e+002  6.2853720e+002  6.1344510e+002  6.0187970e+002  5.9343270e+002  5.8674160e+002  5.8191930e+002  5.7989330e+002  5.7923800e+002  5.7951440e+002  5.7999283e+002  5.8333161e+002  5.8626202e+002  5.9030473e+002  5.9678131e+002  6.0491124e+002  6.1452254e+002  6.2399749e+002  6.3032644e+002  6.3208074e+002  6.2773040e+002  6.1705815e+002  6.1072016e+002  6.0783038e+002  6.0390385e+002  5.9671020e+002  5.8746041e+002  5.8271795e+002  5.8054769e+002  5.7668295e+002  5.7033034e+002  5.6165386e+002  5.5376535e+002  5.3688587e+002  5.1337240e+002  4.9119908e+002  4.8067597e+002  4.8376284e+002  4.8735066e+002  4.8580566e+002  4.7970677e+002  4.7187171e+002  4.6502756e+002  4.6120781e+002  4.6075423e+002  4.6204301e+002  4.6440737e+002  4.6668607e+002  4.6677160e+002  4.6155008e+002  4.5210661e+002  4.4362787e+002  4.3655933e+002  4.2771780e+002  4.2709701e+002  4.2583187e+002  4.2461982e+002  4.2380991e+002  4.1969466e+002  4.1447025e+002  4.1228408e+002  4.1193221e+002  4.1264057e+002  4.1095552e+002  4.0421728e+002  3.9633041e+002  3.8617696e+002  3.7350614e+002  3.6639243e+002  3.5712844e+002  3.5152721e+002  3.4434484e+002  3.2567827e+002  3.0000169e+002  2.8748599e+002  2.8684173e+002  2.8545496e+002  2.7898608e+002  2.7143855e+002  2.6391746e+002  2.5578223e+002  2.3856037e+002  2.2025980e+002  2.1049651e+002  2.0000214e+002  1.8740666e+002  1.7737901e+002  1.6730629e+002  1.5952313e+002  1.3554518e+002  1.0334007e+002  7.1929144e+001  4.8554101e+001  2.0244388e+001  5.1387090e+000  5.8947429e+000  5.4770324e+000  4.6487728e+000  3.7652516e+000  1.3928053e+000  1.1367580e+000  1.6970054e+000  4.7218767e+000  6.7518899e+000  6.9145092e+000  6.3102595e+000  5.5523776e+000  4.0467490e+000  2.5888900e+000  1.4634480e+000  9.1725200e-001  0.0000000e+000  0.0000000e+000  0.0000000e+000  0.0000000e+000  0.0000000e+000  0.0000000e+000  0.0000000e+000  0.0000000e+000  0.0000000e+000  0.0000000e+000  0.0000000e+000  0.0000000e+000  0.0000000e+000  0.0000000e+000  0.0000000e+000  0.0000000e+000  0.0000000e+000  0.0000000e+000  0.0000000e+000
  4.1189250e+006  8.6219210e+002  8.3965860e+002  8.0515590e+002  7.6055620e+002  7.1880180e+002  6.9083970e+002  6.7428330e+002  6.6442330e+002  6.5839670e+002  6.5383650e+002  6.5008780e+002  6.4046810e+002  6.2224780e+002  6.0506490e+002  5.9258410e+002  5.8275680e+002  5.7471810e+002  5.6994270e+002  5.6981650e+002  5.7157370e+002  5.7273700e+002  5.7244431e+002  5.7456319e+002  5.7834752e+002  5.8270126e+002  5.8704491e+002  5.9382098e+002  6.0403556e+002  6.1510648e+002  6.2321250e+002  6.2704722e+002  6.2375023e+002  6.1252937e+002  6.0570252e+002  6.0218166e+002  5.9758078e+002  5.8760621e+002  5.7608602e+002  5.7183019e+002  5.6953917e+002  5.6379417e+002  5.5592216e+002  5.4758952e+002  5.3870502e+002  5.2320502e+002  4.9963845e+002  4.7745028e+002  4.6675729e+002  4.6835699e+002  4.7121818e+002  4.7087845e+002  4.6759349e+002  4.6333572e+002  4.5925579e+002  4.5744884e+002  4.5806485e+002  4.5958546e+002  4.6118507e+002  4.6227280e+002  4.6146143e+002  4.5668656e+002  4.4968335e+002  4.4287205e+002  4.3374722e+002  4.2521933e+002  4.2584817e+002  4.2381445e+002  4.2290731e+002  4.2290161e+002  4.1938877e+002  4.1177941e+002  4.0820355e+002  4.0777589e+002  4.0844363e+002  4.0770802e+002  4.0211429e+002  3.9395213e+002  3.8281271e+002  3.7116801e+002  3.6258175e+002  3.5754602e+002  3.5333686e+002  3.4832893e+002  3.3271170e+002  3.0819818e+002  2.9536300e+002  2.9495314e+002  2.9517461e+002  2.8952969e+002  2.8310323e+002  2.7583730e+002  2.6647336e+002  2.5200617e+002  2.3757656e+002  2.2395233e+002  2.1516709e+002  2.0624342e+002  1.9392429e+002  1.8078642e+002  1.6811487e+002  1.4315944e+002  1.1501819e+002  9.4152605e+001  6.3374364e+001  3.5627596e+001  1.4112414e+001  5.7358417e+000  6.1671229e+000  5.2026956e+000  4.2832626e+000  2.5315973e+000  3.4997358e+000  4.5694792e+000  4.0783251e+000  3.1899119e+000  4.3822109e+000  5.0743253e+000  5.4128490e+000  3.1316760e+000  4.4768900e-001  2.0000000e+000  0.0000000e+000  0.0000000e+000  0.0000000e+000  0.0000000e+000  0.0000000e+000  0.0000000e+000  0.0000000e+000  0.0000000e+000  0.0000000e+000  0.0000000e+000  0.0000000e+000  0.0000000e+000  0.0000000e+000  0.0000000e+000  0.0000000e+000  0.0000000e+000  0.0000000e+000  0.0000000e+000  0.0000000e+000  0.0000000e+000
  4.1189750e+006  8.5601750e+002  8.3060040e+002  7.9988940e+002  7.6531050e+002  7.3477730e+002  7.0744210e+002  6.8745190e+002  6.7303500e+002  6.6330710e+002  6.5793190e+002  6.5182060e+002  6.3791720e+002  6.1668190e+002  5.9920070e+002  5.8710360e+002  5.7720650e+002  5.6958920e+002  5.6548400e+002  5.6490820e+002  5.6503910e+002  5.6344730e+002  5.6098460e+002  5.6029220e+002  5.6344896e+002  5.6666630e+002  5.6954333e+002  5.7536745e+002  5.8498499e+002  5.9545692e+002  6.0388385e+002  6.0864884e+002  6.0742200e+002  5.9863116e+002  5.8812242e+002  5.8729993e+002  5.8895620e+002  5.8207758e+002  5.7103871e+002  5.6428744e+002  5.5715795e+002  5.4541243e+002  5.3341552e+002  5.2264384e+002  5.1089309e+002  4.9493647e+002  4.7521721e+002  4.5979845e+002  4.5409376e+002  4.5557698e+002  4.5624012e+002  4.5507093e+002  4.5330416e+002  4.5176146e+002  4.5123521e+002  4.5191266e+002  4.5444459e+002  4.5577720e+002  4.5635943e+002  4.5635003e+002  4.5506450e+002  4.5192149e+002  4.4714130e+002  4.4076180e+002  4.2584887e+002  4.1539659e+002  4.1283925e+002  4.1262333e+002  4.1444152e+002  4.1622207e+002  4.1101467e+002  4.0193535e+002  4.0053083e+002  4.0240587e+002  4.0462331e+002  4.0499854e+002  4.0235772e+002  3.9595492e+002  3.8654142e+002  3.7719895e+002  3.6972536e+002  3.6187568e+002  3.5567230e+002  3.5099983e+002  3.4007565e+002  3.2264262e+002  3.1216569e+002  3.1078277e+002  3.0987841e+002  3.0540022e+002  3.0022056e+002  2.9488422e+002  2.8438445e+002  2.7133260e+002  2.6027032e+002  2.4202825e+002  2.2691876e+002  2.1839154e+002  2.0589614e+002  1.8950536e+002  1.7492796e+002  1.5682071e+002  1.3240376e+002  1.0801174e+002  7.4873964e+001  4.9756678e+001  1.9748546e+001  7.9606532e+000  5.5553704e+000  3.7160240e+000  3.2066413e+000  3.8016804e+000  4.6892471e+000  5.3862942e+000  5.7782741e+000  5.7041074e+000  4.4826060e+000  7.1615720e+000  5.4491350e+000  2.1460690e+000  2.0000000e+000  2.0000000e+000  0.0000000e+000  0.0000000e+000  0.0000000e+000  0.0000000e+000  0.0000000e+000  0.0000000e+000  0.0000000e+000  0.0000000e+000  0.0000000e+000  0.0000000e+000  0.0000000e+000  0.0000000e+000  0.0000000e+000  0.0000000e+000  0.0000000e+000  0.0000000e+000  0.0000000e+000  0.0000000e+000  0.0000000e+000  0.0000000e+000
  4.1190250e+006  8.5269920e+002  8.2900070e+002  8.0344220e+002  7.7678420e+002  7.4999260e+002  7.1644500e+002  6.9742140e+002  6.8346330e+002  6.7164390e+002  6.6360380e+002  6.5483890e+002  6.3887560e+002  6.1762010e+002  6.0082950e+002  5.8846240e+002  5.7711170e+002  5.6846540e+002  5.6341650e+002  5.6041250e+002  5.5652800e+002  5.5023810e+002  5.4398490e+002  5.4334250e+002  5.4639400e+002  5.4840620e+002  5.4984520e+002  5.5450630e+002  5.5897682e+002  5.6628845e+002  5.7233318e+002  5.7540380e+002  5.7247675e+002  5.6052676e+002  5.5083702e+002  5.6116596e+002  5.7380402e+002  5.7261841e+002  5.6356517e+002  5.5514708e+002  5.4399351e+002  5.2690168e+002  5.0996151e+002  4.9429315e+002  4.7749948e+002  4.5955433e+002  4.4507283e+002  4.3971814e+002  4.4179611e+002  4.4550411e+002  4.4563670e+002  4.4253914e+002  4.3914548e+002  4.3862161e+002  4.4135917e+002  4.4549719e+002  4.4923217e+002  4.5019136e+002  4.4988536e+002  4.4948530e+002  4.4870998e+002  4.4724882e+002  4.4352527e+002  4.3323640e+002  4.1511629e+002  4.0257947e+002  3.9987769e+002  4.0126030e+002  4.0596689e+002  4.0917447e+002  3.9987676e+002  3.8942566e+002  3.9117793e+002  3.9627436e+002  4.0074374e+002  4.0324221e+002  4.0333502e+002  3.9958761e+002  3.9319738e+002  3.8870408e+002  3.8272886e+002  3.7072089e+002  3.5992048e+002  3.5420830e+002  3.4784583e+002  3.3898659e+002  3.3299291e+002  3.3049522e+002  3.2915690e+002  3.2564051e+002  3.1987965e+002  3.1455914e+002  3.0488024e+002  2.8908744e+002  2.7344741e+002  2.5807566e+002  2.4089861e+002  2.2644596e+002  2.1479851e+002  1.9929430e+002  1.8490112e+002  1.7348664e+002  1.5060238e+002  1.2179671e+002  9.6234975e+001  6.4850903e+001  2.7629028e+001  1.1277020e+001  8.9946566e+000  5.0181357e+000  4.0748349e+000  4.5428040e+000  4.9786878e+000  4.5938038e+000  4.7302043e+000  4.9737608e+000  7.6957440e+000  7.2367020e+000  5.2974090e+000  1.0918050e+000  2.0000000e+000  0.0000000e+000  0.0000000e+000  0.0000000e+000  0.0000000e+000  0.0000000e+000  0.0000000e+000  0.0000000e+000  0.0000000e+000  0.0000000e+000  0.0000000e+000  0.0000000e+000  0.0000000e+000  0.0000000e+000  0.0000000e+000  0.0000000e+000  0.0000000e+000  0.0000000e+000  0.0000000e+000  0.0000000e+000  0.0000000e+000  0.0000000e+000
  4.1190750e+006  8.4757070e+002  8.2661740e+002  8.0510410e+002  7.8148790e+002  7.5359340e+002  7.2053340e+002  7.0552960e+002  6.9240910e+002  6.7906230e+002  6.6826230e+002  6.5709730e+002  6.4025360e+002  6.2061670e+002  6.0671220e+002  5.9555270e+002  5.8169920e+002  5.6911540e+002  5.6009310e+002  5.5292860e+002  5.4498880e+002  5.3532800e+002  5.2742240e+002  5.2749370e+002  5.3154940e+002  5.3314390e+002  5.3275390e+002  5.3379630e+002  5.3528950e+002  5.3638760e+002  5.3758090e+002  5.3817600e+002  5.3332220e+002  5.2031330e+002  5.1717680e+002  5.3583444e+002  5.5492099e+002  5.5578045e+002  5.4920778e+002  5.4029595e+002  5.2857655e+002  5.1097437e+002  4.9172486e+002  4.7160503e+002  4.5023019e+002  4.3133746e+002  4.2251685e+002  4.2609516e+002  4.3413040e+002  4.3847133e+002  4.3806971e+002  4.3340038e+002  4.2919269e+002  4.2923611e+002  4.3343661e+002  4.3817236e+002  4.4087987e+002  4.4141671e+002  4.4095186e+002  4.4095511e+002  4.4045724e+002  4.3932749e+002  4.3490676e+002  4.2310616e+002  4.0898380e+002  4.0004461e+002  3.9753159e+002  3.9871821e+002  4.0403548e+002  4.0830087e+002  3.9567373e+002  3.7894755e+002  3.7665987e+002  3.8103835e+002  3.8864408e+002  3.9567015e+002  3.9876534e+002  3.9762272e+002  3.9321654e+002  3.9512207e+002  3.9195885e+002  3.7662355e+002  3.6288037e+002  3.5756380e+002  3.5503052e+002  3.5160787e+002  3.4834423e+002  3.4496072e+002  3.4294371e+002  3.4165766e+002  3.3104658e+002  3.2168511e+002  3.1425079e+002  3.0094379e+002  2.7984529e+002  2.6851540e+002  2.4594596e+002  2.3561945e+002  2.2625764e+002  2.1521490e+002  2.0486133e+002  1.9116556e+002  1.6216105e+002  1.3624454e+002  1.1550647e+002  8.8307182e+001  5.2358493e+001  2.9719932e+001  1.6506614e+001  8.6762327e+000  4.4104337e+000  3.9863072e+000  4.7158409e+000  5.1087215e+000  5.6751235e+000  6.8617900e+000  7.1005670e+000  6.5531120e+000  4.2414740e+000  2.0000000e+000  0.0000000e+000  0.0000000e+000  0.0000000e+000  0.0000000e+000  0.0000000e+000  0.0000000e+000  0.0000000e+000  0.0000000e+000  0.0000000e+000  0.0000000e+000  0.0000000e+000  0.0000000e+000  0.0000000e+000  0.0000000e+000  0.0000000e+000  0.0000000e+000  0.0000000e+000  0.0000000e+000  0.0000000e+000  0.0000000e+000  0.0000000e+000  0.0000000e+000
  4.1191250e+006  8.3729980e+002  8.1723110e+002  7.9631930e+002  7.7364040e+002  7.4937100e+002  7.2532510e+002  7.0961190e+002  6.9587990e+002  6.8299950e+002  6.7158780e+002  6.5878080e+002  6.4024270e+002  6.2052830e+002  6.1002920e+002  6.0205390e+002  5.8636320e+002  5.6853060e+002  5.5373960e+002  5.4177620e+002  5.3127260e+002  5.2155110e+002  5.1559160e+002  5.1785000e+002  5.2346220e+002  5.2533560e+002  5.2242500e+002  5.1639080e+002  5.0907140e+002  5.0271510e+002  4.9962700e+002  5.0107810e+002  5.0139670e+002  4.9477890e+002  4.9984160e+002  5.2670160e+002  5.4623940e+002  5.4652670e+002  5.3771610e+002  5.2810820e+002  5.1723390e+002  5.0208810e+002  4.7960882e+002  4.5762731e+002  4.3461074e+002  4.1748144e+002  4.1506561e+002  4.2579788e+002  4.3569315e+002  4.3646251e+002  4.3263022e+002  4.2856422e+002  4.2716437e+002  4.2974090e+002  4.3200839e+002  4.3251351e+002  4.3175897e+002  4.3065369e+002  4.3031325e+002  4.3068322e+002  4.3079272e+002  4.2943681e+002  4.2493085e+002  4.1482822e+002  4.0470566e+002  3.9894746e+002  3.9480418e+002  3.9452505e+002  3.9784258e+002  3.9633697e+002  3.8026558e+002  3.6454123e+002  3.6133569e+002  3.6428409e+002  3.7169126e+002  3.7950130e+002  3.8610788e+002  3.8750596e+002  3.8275051e+002  3.8735423e+002  3.8359838e+002  3.6739467e+002  3.5644215e+002  3.5491198e+002  3.5619667e+002  3.5620687e+002  3.5514111e+002  3.5152101e+002  3.5102759e+002  3.5345392e+002  3.4170881e+002  3.2572963e+002  3.1616049e+002  3.0550551e+002  2.8370290e+002  2.6973304e+002  2.6086635e+002  2.4454510e+002  2.3208143e+002  2.2266920e+002  2.1648559e+002  2.0552492e+002  1.8671781e+002  1.5262945e+002  1.3109843e+002  1.0366589e+002  7.6936911e+001  4.7991435e+001  2.8918674e+001  1.4944366e+001  7.8234053e+000  4.1458872e+000  4.2048996e+000  4.6793148e+000  4.7941080e+000  5.8155480e+000  5.7590450e+000  4.7029300e+000  1.5196720e+000  0.0000000e+000  0.0000000e+000  0.0000000e+000  0.0000000e+000  0.0000000e+000  0.0000000e+000  0.0000000e+000  0.0000000e+000  0.0000000e+000  0.0000000e+000  0.0000000e+000  0.0000000e+000  0.0000000e+000  0.0000000e+000  0.0000000e+000  0.0000000e+000  0.0000000e+000  0.0000000e+000  0.0000000e+000  0.0000000e+000  0.0000000e+000  0.0000000e+000  0.0000000e+000
  4.1191750e+006  8.2281230e+002  8.0317850e+002  7.8217090e+002  7.6179020e+002  7.4531090e+002  7.3016400e+002  7.1243730e+002  6.9680880e+002  6.8434850e+002  6.7373960e+002  6.6102350e+002  6.4069990e+002  6.1708010e+002  6.0325790e+002  5.9394180e+002  5.7846060e+002  5.6035220e+002  5.4378720e+002  5.2948420e+002  5.1771830e+002  5.0888880e+002  5.0532400e+002  5.0897970e+002  5.1425560e+002  5.1339490e+002  5.0486560e+002  4.9107920e+002  4.7808880e+002  4.6795940e+002  4.6279610e+002  4.6734300e+002  4.7431770e+002  4.6968470e+002  4.7256370e+002  4.9384090e+002  5.1716740e+002  5.2307710e+002  5.1668020e+002  5.0967870e+002  5.0408360e+002  4.9532820e+002  4.7987320e+002  4.5871590e+002  4.3590230e+002  4.1985570e+002  4.2136220e+002  4.3646180e+002  4.4616560e+002  4.3985727e+002  4.3209818e+002  4.2847555e+002  4.3054135e+002  4.3519627e+002  4.3376238e+002  4.2847203e+002  4.2326365e+002  4.1987273e+002  4.1907793e+002  4.1946272e+002  4.1967288e+002  4.1895189e+002  4.1625333e+002  4.1044812e+002  4.0333128e+002  3.9434705e+002  3.8474792e+002  3.7958638e+002  3.7926279e+002  3.7525315e+002  3.6420318e+002  3.5744799e+002  3.5649068e+002  3.5830567e+002  3.6041180e+002  3.6447038e+002  3.7191115e+002  3.7617227e+002  3.7061491e+002  3.7271396e+002  3.6362387e+002  3.5030497e+002  3.4547198e+002  3.4818549e+002  3.5180364e+002  3.5279451e+002  3.5214486e+002  3.4847012e+002  3.4884653e+002  3.5396321e+002  3.4485830e+002  3.2994665e+002  3.2024839e+002  3.0991182e+002  2.8765764e+002  2.6916936e+002  2.6081174e+002  2.4676475e+002  2.3279564e+002  2.2333263e+002  2.1798867e+002  2.1306697e+002  1.9985120e+002  1.8555061e+002  1.6343855e+002  1.1512735e+002  9.1822069e+001  6.4892660e+001  5.3183878e+001  2.8630654e+001  1.5928484e+001  7.3584750e+000  4.4568924e+000  4.5889807e+000  4.4882280e+000  4.3649980e+000  3.9227980e+000  2.1863100e+000  0.0000000e+000  0.0000000e+000  0.0000000e+000  0.0000000e+000  0.0000000e+000  0.0000000e+000  0.0000000e+000  0.0000000e+000  0.0000000e+000  0.0000000e+000  0.0000000e+000  0.0000000e+000  0.0000000e+000  0.0000000e+000  0.0000000e+000  0.0000000e+000  0.0000000e+000  0.0000000e+000  0.0000000e+000  0.0000000e+000  0.0000000e+000  0.0000000e+000  0.0000000e+000  0.0000000e+000
  4.1192250e+006  8.0667020e+002  7.8959490e+002  7.7281780e+002  7.5848180e+002  7.4720490e+002  7.3455160e+002  7.1553410e+002  6.9684230e+002  6.8347380e+002  6.7417160e+002  6.6357750e+002  6.4385450e+002  6.1489720e+002  5.8828930e+002  5.6849710e+002  5.5468240e+002  5.4321340e+002  5.3032970e+002  5.1636250e+002  5.0362540e+002  4.9400830e+002  4.8946700e+002  4.9029990e+002  4.9113290e+002  4.8479920e+002  4.7061770e+002  4.5467710e+002  4.4494170e+002  4.3789290e+002  4.3350850e+002  4.3972690e+002  4.4847330e+002  4.4122880e+002  4.4016220e+002  4.5583790e+002  4.7928610e+002  4.8902340e+002  4.8579320e+002  4.8431180e+002  4.8810010e+002  4.8952560e+002  4.8136540e+002  4.6495220e+002  4.4514310e+002  4.3031210e+002  4.3307170e+002  4.4643580e+002  4.5116910e+002  4.4519610e+002  4.3572430e+002  4.3132810e+002  4.3428520e+002  4.3888940e+002  4.3437660e+002  4.2520500e+002  4.1623764e+002  4.1141397e+002  4.0876794e+002  4.0717816e+002  4.0593533e+002  4.0487502e+002  4.0390411e+002  4.0319952e+002  3.9879334e+002  3.8594322e+002  3.7197176e+002  3.6347275e+002  3.5979930e+002  3.5699898e+002  3.5322111e+002  3.4945006e+002  3.5044363e+002  3.5278391e+002  3.4877653e+002  3.5051434e+002  3.6159771e+002  3.7214245e+002  3.7012198e+002  3.7030969e+002  3.6195061e+002  3.5249597e+002  3.4768770e+002  3.4723238e+002  3.4891388e+002  3.4961059e+002  3.4894323e+002  3.4635606e+002  3.4746042e+002  3.5058309e+002  3.3973339e+002  3.2564124e+002  3.1810677e+002  3.0865194e+002  2.8734473e+002  2.6952889e+002  2.6117824e+002  2.4926160e+002  2.3523234e+002  2.2391451e+002  2.1670417e+002  2.1140055e+002  2.0271299e+002  1.9338311e+002  1.8119888e+002  1.5800450e+002  1.1950550e+002  7.3736281e+001  5.8835076e+001  3.8936187e+001  1.9401320e+001  9.9878255e+000  5.7879168e+000  4.1503750e+000  3.1566890e+000  2.5759010e+000  2.0603450e+000  0.0000000e+000  0.0000000e+000  0.0000000e+000  0.0000000e+000  0.0000000e+000  0.0000000e+000  0.0000000e+000  0.0000000e+000  0.0000000e+000  0.0000000e+000  0.0000000e+000  0.0000000e+000  0.0000000e+000  0.0000000e+000  0.0000000e+000  0.0000000e+000  0.0000000e+000  0.0000000e+000  0.0000000e+000  0.0000000e+000  0.0000000e+000  0.0000000e+000  0.0000000e+000  0.0000000e+000  0.0000000e+000
  4.1192750e+006  7.8855160e+002  7.7246110e+002  7.5758200e+002  7.4706400e+002  7.4124090e+002  7.3173730e+002  7.1229050e+002  6.9199520e+002  6.7926650e+002  6.7248830e+002  6.6512040e+002  6.4858920e+002  6.1815940e+002  5.8038290e+002  5.4833580e+002  5.3294540e+002  5.2627010e+002  5.1636370e+002  5.0238070e+002  4.8803670e+002  4.7590320e+002  4.6735350e+002  4.6185640e+002  4.5613810e+002  4.4688210e+002  4.3427270e+002  4.2585440e+002  4.2426160e+002  4.2202350e+002  4.1944330e+002  4.2443790e+002  4.2915740e+002  4.1955240e+002  4.1418190e+002  4.2541940e+002  4.4789690e+002  4.5665600e+002  4.5032030e+002  4.5249840e+002  4.6817390e+002  4.8328950e+002  4.8523930e+002  4.7595720e+002  4.6113900e+002  4.4761070e+002  4.4792220e+002  4.5245540e+002  4.4737890e+002  4.3817610e+002  4.2879680e+002  4.2663260e+002  4.3106260e+002  4.3469830e+002  4.2872440e+002  4.1877260e+002  4.1191170e+002  4.0694330e+002  3.9982860e+002  3.9333420e+002  3.8873330e+002  3.8544060e+002  3.8540560e+002  3.8622740e+002  3.8376337e+002  3.7304188e+002  3.6240225e+002  3.5416575e+002  3.4347928e+002  3.3602245e+002  3.3256832e+002  3.2931598e+002  3.3520650e+002  3.4102534e+002  3.2725228e+002  3.2389416e+002  3.5089339e+002  3.7048314e+002  3.6897207e+002  3.6656947e+002  3.6655052e+002  3.6456221e+002  3.5650087e+002  3.4864774e+002  3.4648886e+002  3.4726583e+002  3.4595778e+002  3.4304478e+002  3.4233100e+002  3.3837996e+002  3.2608843e+002  3.1500883e+002  3.0928585e+002  3.0047143e+002  2.7999248e+002  2.6481656e+002  2.5725609e+002  2.4537068e+002  2.3210281e+002  2.2208969e+002  2.1562912e+002  2.1112936e+002  2.0530546e+002  1.9881797e+002  1.9139964e+002  1.7704950e+002  1.4792712e+002  1.0683304e+002  6.9492320e+001  4.1162171e+001  2.2174750e+001  1.1557766e+001  5.6726650e+000  3.2368200e+000  1.3248480e+000  2.4690200e-001  0.0000000e+000  0.0000000e+000  0.0000000e+000  0.0000000e+000  0.0000000e+000  0.0000000e+000  0.0000000e+000  0.0000000e+000  0.0000000e+000  0.0000000e+000  0.0000000e+000  0.0000000e+000  0.0000000e+000  0.0000000e+000  0.0000000e+000  0.0000000e+000  0.0000000e+000  0.0000000e+000  0.0000000e+000  0.0000000e+000  0.0000000e+000  0.0000000e+000  0.0000000e+000  0.0000000e+000  0.0000000e+000  0.0000000e+000
  4.1193250e+006  7.7073720e+002  7.5531100e+002  7.4208750e+002  7.3386960e+002  7.3026260e+002  7.2203390e+002  7.0320480e+002  6.8355410e+002  6.7381570e+002  6.7055270e+002  6.6542550e+002  6.5284830e+002  6.2710130e+002  5.8539960e+002  5.4237990e+002  5.2037700e+002  5.1260190e+002  5.0243480e+002  4.8755490e+002  4.7191560e+002  4.5828950e+002  4.4824940e+002  4.4113510e+002  4.3262890e+002  4.1982760e+002  4.0865170e+002  4.0969190e+002  4.1388710e+002  4.1432290e+002  4.1397080e+002  4.1823770e+002  4.1934660e+002  4.0808550e+002  3.9703670e+002  4.0383000e+002  4.2767790e+002  4.3333590e+002  4.1577180e+002  4.1698620e+002  4.4540130e+002  4.7695200e+002  4.8997110e+002  4.8656910e+002  4.7524400e+002  4.6224590e+002  4.5702390e+002  4.4967790e+002  4.3408380e+002  4.1957170e+002  4.1304600e+002  4.1518450e+002  4.2101170e+002  4.2370850e+002  4.1950130e+002  4.1249000e+002  4.0682080e+002  3.9820350e+002  3.8651320e+002  3.7678460e+002  3.7065150e+002  3.6614190e+002  3.6604720e+002  3.6925430e+002  3.6881930e+002  3.6322610e+002  3.5633980e+002  3.4395130e+002  3.2752780e+002  3.1615590e+002  3.0830400e+002  3.0400730e+002  3.1491730e+002  3.2720160e+002  3.1499560e+002  3.1378990e+002  3.4692230e+002  3.6755860e+002  3.6063230e+002  3.5227660e+002  3.6079890e+002  3.6719270e+002  3.5807660e+002  3.4574820e+002  3.4185360e+002  3.4216520e+002  3.3707940e+002  3.3088210e+002  3.2808690e+002  3.2250540e+002  3.1350270e+002  3.0480240e+002  2.9428080e+002  2.8129610e+002  2.6617890e+002  2.5658910e+002  2.4689780e+002  2.3458780e+002  2.2292720e+002  2.1563810e+002  2.1065750e+002  2.0593700e+002  2.0022950e+002  1.9429800e+002  1.8799820e+002  1.7736420e+002  1.5462990e+002  1.2009360e+002  9.3637220e+001  5.4514690e+001  1.9920840e+001  9.4861110e+000  5.6453400e+000  1.9642110e+000  2.0000000e+000  0.0000000e+000  0.0000000e+000  0.0000000e+000  0.0000000e+000  0.0000000e+000  0.0000000e+000  0.0000000e+000  0.0000000e+000  0.0000000e+000  0.0000000e+000  0.0000000e+000  0.0000000e+000  0.0000000e+000  0.0000000e+000  0.0000000e+000  0.0000000e+000  0.0000000e+000  0.0000000e+000  0.0000000e+000  0.0000000e+000  0.0000000e+000  0.0000000e+000  0.0000000e+000  0.0000000e+000  0.0000000e+000  0.0000000e+000  0.0000000e+000
  4.1193750e+006  7.5527090e+002  7.4121190e+002  7.3116600e+002  7.2550490e+002  7.2143460e+002  7.1182160e+002  6.9346560e+002  6.7610350e+002  6.7032710e+002  6.7046120e+002  6.6735650e+002  6.5994580e+002  6.4318210e+002  6.0287280e+002  5.4914340e+002  5.1545890e+002  5.0058840e+002  4.8747380e+002  4.7183510e+002  4.5644480e+002  4.4400740e+002  4.3647070e+002  4.3266060e+002  4.2479620e+002  4.0786100e+002  3.9416500e+002  3.9741830e+002  4.0111100e+002  4.0269160e+002  4.0615780e+002  4.1304900e+002  4.1581800e+002  4.0674720e+002  3.9447220e+002  3.9814560e+002  4.1861400e+002  4.1740610e+002  3.8690380e+002  3.8306200e+002  4.1928330e+002  4.6556520e+002  4.8937370e+002  4.8829230e+002  4.7544310e+002  4.6308440e+002  4.5386840e+002  4.4178820e+002  4.2210370e+002  4.0691000e+002  4.0080070e+002  4.0178620e+002  4.0557640e+002  4.0769490e+002  4.0701200e+002  4.0391420e+002  3.9663060e+002  3.8524880e+002  3.7283670e+002  3.6413220e+002  3.5933260e+002  3.5633890e+002  3.5585270e+002  3.5734970e+002  3.5788270e+002  3.5533570e+002  3.4683160e+002  3.3155500e+002  3.1559640e+002  3.0367760e+002  2.8699010e+002  2.8196670e+002  2.9243850e+002  3.0392830e+002  3.0064400e+002  3.0969530e+002  3.4193230e+002  3.5843290e+002  3.5081590e+002  3.4208090e+002  3.5014290e+002  3.5532150e+002  3.4618630e+002  3.3493730e+002  3.3117760e+002  3.2899980e+002  3.2221620e+002  3.1599460e+002  3.1457500e+002  3.1163340e+002  3.0355380e+002  2.8884870e+002  2.7609120e+002  2.6499800e+002  2.5537900e+002  2.4428030e+002  2.3173160e+002  2.2145350e+002  2.1270770e+002  2.0880030e+002  2.0591470e+002  2.0023690e+002  1.9304820e+002  1.8588590e+002  1.7928720e+002  1.7071960e+002  1.5564980e+002  1.2995440e+002  1.0306270e+002  6.1392780e+001  2.4554800e+001  1.0610220e+001  4.9231990e+000  3.9711400e-001  0.0000000e+000  0.0000000e+000  0.0000000e+000  0.0000000e+000  0.0000000e+000  0.0000000e+000  0.0000000e+000  0.0000000e+000  0.0000000e+000  0.0000000e+000  0.0000000e+000  0.0000000e+000  0.0000000e+000  0.0000000e+000  0.0000000e+000  0.0000000e+000  0.0000000e+000  0.0000000e+000  0.0000000e+000  0.0000000e+000  0.0000000e+000  0.0000000e+000  0.0000000e+000  0.0000000e+000  0.0000000e+000  0.0000000e+000  0.0000000e+000  0.0000000e+000
  4.1194250e+006  7.4328770e+002  7.2996610e+002  7.2315970e+002  7.2024210e+002  7.1601410e+002  7.0508640e+002  6.8750130e+002  6.7391030e+002  6.7126840e+002  6.7312650e+002  6.7218700e+002  6.6966930e+002  6.6028300e+002  6.2218270e+002  5.5990920e+002  5.1515470e+002  4.9136740e+002  4.7328770e+002  4.5619840e+002  4.4188900e+002  4.3270410e+002  4.2970380e+002  4.2986960e+002  4.2346990e+002  4.0557940e+002  3.9029700e+002  3.8854610e+002  3.8707820e+002  3.8670420e+002  3.9151580e+002  4.0148480e+002  4.0911280e+002  4.0529480e+002  3.9678190e+002  3.9916030e+002  4.1092250e+002  4.0376080e+002  3.6893940e+002  3.5810290e+002  3.9159230e+002  4.4477280e+002  4.7696280e+002  4.7586550e+002  4.5862910e+002  4.4674690e+002  4.3136020e+002  4.1923630e+002  4.0791410e+002  3.9754910e+002  3.8801860e+002  3.8347740e+002  3.8389500e+002  3.8511340e+002  3.8553030e+002  3.8422710e+002  3.7916510e+002  3.7135300e+002  3.6317040e+002  3.5606030e+002  3.4634290e+002  3.3885670e+002  3.3734110e+002  3.4010490e+002  3.4259300e+002  3.4149260e+002  3.3386190e+002  3.2136170e+002  3.0866640e+002  2.9473400e+002  2.7698690e+002  2.7112150e+002  2.7692860e+002  2.8255140e+002  2.8314440e+002  2.9580620e+002  3.2151350e+002  3.3423860e+002  3.3178470e+002  3.2808870e+002  3.3183130e+002  3.3355680e+002  3.2848140e+002  3.2295710e+002  3.2034650e+002  3.1722740e+002  3.1245650e+002  3.0913860e+002  3.0801040e+002  3.0402830e+002  2.8970840e+002  2.6991500e+002  2.5976200e+002  2.5176390e+002  2.3896800e+002  2.2658450e+002  2.1595280e+002  2.0912030e+002  2.0211350e+002  1.9764990e+002  1.9415190e+002  1.8910200e+002  1.8206110e+002  1.7430000e+002  1.6855950e+002  1.6246730e+002  1.5244500e+002  1.2881420e+002  9.7907170e+001  5.9462230e+001  2.4578700e+001  1.0409910e+001  4.1733740e+000  2.0000000e+000  0.0000000e+000  0.0000000e+000  0.0000000e+000  0.0000000e+000  0.0000000e+000  0.0000000e+000  0.0000000e+000  0.0000000e+000  0.0000000e+000  0.0000000e+000  0.0000000e+000  0.0000000e+000  0.0000000e+000  0.0000000e+000  0.0000000e+000  0.0000000e+000  0.0000000e+000  0.0000000e+000  0.0000000e+000  0.0000000e+000  0.0000000e+000  0.0000000e+000  0.0000000e+000  0.0000000e+000  0.0000000e+000  0.0000000e+000  0.0000000e+000  0.0000000e+000
  4.1194750e+006  7.3642540e+002  7.2285640e+002  7.1845570e+002  7.1779070e+002  7.1403620e+002  7.0352490e+002  6.8774780e+002  6.7746420e+002  6.7645250e+002  6.7877070e+002  6.7903340e+002  6.7807700e+002  6.6987650e+002  6.3083150e+002  5.6383760e+002  5.1356100e+002  4.8345630e+002  4.6005830e+002  4.4027920e+002  4.2638720e+002  4.2060630e+002  4.2229410e+002  4.2618070e+002  4.2206160e+002  4.0590130e+002  3.9015090e+002  3.8141760e+002  3.7284740e+002  3.6711310e+002  3.6798830e+002  3.7647570e+002  3.8589450e+002  3.8340430e+002  3.7347750e+002  3.7297180e+002  3.8699750e+002  3.8953750e+002  3.6025530e+002  3.4675780e+002  3.7662400e+002  4.2909960e+002  4.5872470e+002  4.5422530e+002  4.3924200e+002  4.3510480e+002  4.1843210e+002  4.0467610e+002  3.9719820e+002  3.8648200e+002  3.7344730e+002  3.6535220e+002  3.6200670e+002  3.6083970e+002  3.6108150e+002  3.6148630e+002  3.6097170e+002  3.5937130e+002  3.5528240e+002  3.4404970e+002  3.2606770e+002  3.1381700e+002  3.1571430e+002  3.2155490e+002  3.2515280e+002  3.2510240e+002  3.2041440e+002  3.1196360e+002  3.0129080e+002  2.8760780e+002  2.7306160e+002  2.6633050e+002  2.6700270e+002  2.6872240e+002  2.7056310e+002  2.8151490e+002  3.0060500e+002  3.1274180e+002  3.1253920e+002  3.1026040e+002  3.1047180e+002  3.1219180e+002  3.1346520e+002  3.1385070e+002  3.1326740e+002  3.1088300e+002  3.0658590e+002  3.0133370e+002  2.9788630e+002  2.9154660e+002  2.7616550e+002  2.5681380e+002  2.4273570e+002  2.3065050e+002  2.1820800e+002  2.1099470e+002  2.0533020e+002  1.9750470e+002  1.8955500e+002  1.8335530e+002  1.7846150e+002  1.7497220e+002  1.7013540e+002  1.6317860e+002  1.5671860e+002  1.4949020e+002  1.3545280e+002  1.0536910e+002  7.3097770e+001  4.6567940e+001  1.8944240e+001  8.6604840e+000  3.2236290e+000  0.0000000e+000  0.0000000e+000  0.0000000e+000  0.0000000e+000  0.0000000e+000  0.0000000e+000  0.0000000e+000  0.0000000e+000  0.0000000e+000  0.0000000e+000  0.0000000e+000  0.0000000e+000  0.0000000e+000  0.0000000e+000  0.0000000e+000  0.0000000e+000  0.0000000e+000  0.0000000e+000  0.0000000e+000  0.0000000e+000  0.0000000e+000  0.0000000e+000  0.0000000e+000  0.0000000e+000  0.0000000e+000  0.0000000e+000  0.0000000e+000  0.0000000e+000  0.0000000e+000
  4.1195250e+006  7.3385800e+002  7.2079660e+002  7.1775850e+002  7.1762480e+002  7.1280100e+002  7.0408620e+002  6.9258840e+002  6.8476180e+002  6.8390030e+002  6.8618380e+002  6.8679100e+002  6.8411000e+002  6.7166590e+002  6.2991440e+002  5.6238130e+002  5.1003970e+002  4.7524760e+002  4.4666370e+002  4.2310160e+002  4.0823400e+002  4.0489690e+002  4.1052990e+002  4.1777780e+002  4.1693190e+002  4.0427810e+002  3.8825580e+002  3.7356830e+002  3.5882810e+002  3.4724640e+002  3.4155190e+002  3.4435750e+002  3.5224640e+002  3.5161590e+002  3.4345230e+002  3.4427390e+002  3.6466110e+002  3.7946510e+002  3.5925220e+002  3.5102050e+002  3.8254370e+002  4.2629960e+002  4.3656570e+002  4.2416320e+002  4.2119760e+002  4.2842590e+002  4.1850890e+002  4.0476190e+002  3.9364020e+002  3.7883740e+002  3.6318640e+002  3.5069230e+002  3.4184590e+002  3.3819130e+002  3.3991620e+002  3.4327280e+002  3.4586090e+002  3.4658780e+002  3.4265780e+002  3.2855780e+002  3.0520840e+002  2.9155330e+002  3.0174840e+002  3.0792020e+002  3.0877520e+002  3.0851200e+002  3.0759120e+002  3.0409950e+002  2.9437240e+002  2.8159320e+002  2.6985260e+002  2.6316120e+002  2.6117800e+002  2.6127680e+002  2.6305760e+002  2.7124290e+002  2.8656800e+002  2.9855320e+002  2.9784120e+002  2.9197100e+002  2.8943140e+002  2.9515840e+002  3.0350880e+002  3.0719020e+002  3.0749690e+002  3.0414620e+002  2.9472620e+002  2.8541280e+002  2.8095670e+002  2.7515980e+002  2.6042340e+002  2.3818840e+002  2.2410200e+002  2.1455330e+002  2.0656790e+002  1.9789340e+002  1.8990890e+002  1.8102800e+002  1.7456760e+002  1.6942230e+002  1.6369280e+002  1.5785920e+002  1.5287200e+002  1.4745540e+002  1.3532470e+002  1.2159450e+002  1.0627930e+002  7.5683270e+001  5.1753730e+001  2.4967610e+001  1.0635330e+001  5.6040340e+000  0.0000000e+000  0.0000000e+000  0.0000000e+000  0.0000000e+000  0.0000000e+000  0.0000000e+000  0.0000000e+000  0.0000000e+000  0.0000000e+000  0.0000000e+000  0.0000000e+000  0.0000000e+000  0.0000000e+000  0.0000000e+000  0.0000000e+000  0.0000000e+000  0.0000000e+000  0.0000000e+000  0.0000000e+000  0.0000000e+000  0.0000000e+000  0.0000000e+000  0.0000000e+000  0.0000000e+000  0.0000000e+000  0.0000000e+000  0.0000000e+000  0.0000000e+000  0.0000000e+000  0.0000000e+000
  4.1195750e+006  7.3444030e+002  7.2076890e+002  7.1752230e+002  7.1636180e+002  7.0906350e+002  7.0066500e+002  6.9450600e+002  6.8993230e+002  6.8952780e+002  6.9146810e+002  6.9041840e+002  6.8184350e+002  6.5970200e+002  6.1323110e+002  5.5026680e+002  5.0146330e+002  4.6535460e+002  4.3323140e+002  4.0596900e+002  3.8924130e+002  3.8747650e+002  3.9639000e+002  4.0668570e+002  4.0933930e+002  4.0056900e+002  3.8509760e+002  3.6732400e+002  3.4932070e+002  3.3439110e+002  3.2486350e+002  3.2341050e+002  3.2841650e+002  3.3000410e+002  3.2740110e+002  3.3137010e+002  3.5000140e+002  3.6528580e+002  3.5500850e+002  3.5314430e+002  3.8153730e+002  4.1234230e+002  4.0526860e+002  3.9154950e+002  4.0452890e+002  4.2223440e+002  4.2032910e+002  4.0759930e+002  3.8993350e+002  3.7275630e+002  3.5422610e+002  3.2613330e+002  3.1305850e+002  3.1352940e+002  3.2064840e+002  3.2759080e+002  3.3160350e+002  3.3197960e+002  3.2708340e+002  3.1392770e+002  2.9249910e+002  2.7945020e+002  2.8744480e+002  2.9204900e+002  2.9007890e+002  2.8848790e+002  2.8949570e+002  2.8934870e+002  2.8324280e+002  2.7393340e+002  2.6556710e+002  2.6056840e+002  2.5820060e+002  2.5750060e+002  2.5885600e+002  2.6345090e+002  2.7331160e+002  2.8153040e+002  2.7877790e+002  2.6948410e+002  2.6560750e+002  2.7368340e+002  2.8512670e+002  2.9335140e+002  2.9500640e+002  2.8929490e+002  2.7684540e+002  2.6502970e+002  2.5633400e+002  2.5269190e+002  2.4352330e+002  2.2077050e+002  2.0982080e+002  2.0401400e+002  1.9401150e+002  1.8150240e+002  1.7255370e+002  1.6520500e+002  1.6077880e+002  1.5744050e+002  1.5049300e+002  1.3496850e+002  1.2185840e+002  1.1478760e+002  1.0798840e+002  9.9801010e+001  8.4556300e+001  5.5770520e+001  3.4427550e+001  1.3579160e+001  4.6482890e+000  0.0000000e+000  0.0000000e+000  0.0000000e+000  0.0000000e+000  0.0000000e+000  0.0000000e+000  0.0000000e+000  0.0000000e+000  0.0000000e+000  0.0000000e+000  0.0000000e+000  0.0000000e+000  0.0000000e+000  0.0000000e+000  0.0000000e+000  0.0000000e+000  0.0000000e+000  0.0000000e+000  0.0000000e+000  0.0000000e+000  0.0000000e+000  0.0000000e+000  0.0000000e+000  0.0000000e+000  0.0000000e+000  0.0000000e+000  0.0000000e+000  0.0000000e+000  0.0000000e+000  0.0000000e+000  0.0000000e+000
  4.1196250e+006  7.3597990e+002  7.2101890e+002  7.1478470e+002  7.1176940e+002  7.0551450e+002  6.9552660e+002  6.9285960e+002  6.9172860e+002  6.9236660e+002  6.9350930e+002  6.8951650e+002  6.7466060e+002  6.4434860e+002  5.9586900e+002  5.3918670e+002  4.9326140e+002  4.5625870e+002  4.2276540e+002  3.9412990e+002  3.7645630e+002  3.7514430e+002  3.8529900e+002  3.9689380e+002  4.0176820e+002  3.9605670e+002  3.8171710e+002  3.6297500e+002  3.4372290e+002  3.2750760e+002  3.1672810e+002  3.1315960e+002  3.1537910e+002  3.1762590e+002  3.1898700e+002  3.2435900e+002  3.3747340e+002  3.4812920e+002  3.4345590e+002  3.3972890e+002  3.5324060e+002  3.7044690e+002  3.6599710e+002  3.6673160e+002  3.9164120e+002  4.1320280e+002  4.1479890e+002  4.0205140e+002  3.8023620e+002  3.6293700e+002  3.4345040e+002  3.0968020e+002  2.8954470e+002  2.9240070e+002  3.0290850e+002  3.1137400e+002  3.1510980e+002  3.1352570e+002  3.0639160e+002  2.9412150e+002  2.7996070e+002  2.7190900e+002  2.7608920e+002  2.7781250e+002  2.7349100e+002  2.7059420e+002  2.7219470e+002  2.7392890e+002  2.7151070e+002  2.6624090e+002  2.6151500e+002  2.5852700e+002  2.5526380e+002  2.5127020e+002  2.5043290e+002  2.5375230e+002  2.5831830e+002  2.6090030e+002  2.5294200e+002  2.4248130e+002  2.4139760e+002  2.4954500e+002  2.6168070e+002  2.7482980e+002  2.7848080e+002  2.7359730e+002  2.6256910e+002  2.4532570e+002  2.2071110e+002  2.1228370e+002  2.0839210e+002  2.0018640e+002  1.9193600e+002  1.8535020e+002  1.7608700e+002  1.6579590e+002  1.6017220e+002  1.5520610e+002  1.4749230e+002  1.3988470e+002  1.2998190e+002  1.1601820e+002  1.0317110e+002  8.8514340e+001  7.8848250e+001  7.0115370e+001  5.5467740e+001  2.7148410e+001  1.2884970e+001  3.6027110e+000  0.0000000e+000  0.0000000e+000  0.0000000e+000  0.0000000e+000  0.0000000e+000  0.0000000e+000  0.0000000e+000  0.0000000e+000  0.0000000e+000  0.0000000e+000  0.0000000e+000  0.0000000e+000  0.0000000e+000  0.0000000e+000  0.0000000e+000  0.0000000e+000  0.0000000e+000  0.0000000e+000  0.0000000e+000  0.0000000e+000  0.0000000e+000  0.0000000e+000  0.0000000e+000  0.0000000e+000  0.0000000e+000  0.0000000e+000  0.0000000e+000  0.0000000e+000  0.0000000e+000  0.0000000e+000  0.0000000e+000  0.0000000e+000
  4.1196750e+006  7.3656620e+002  7.2289510e+002  7.1480990e+002  7.0961130e+002  7.0206210e+002  6.9260270e+002  6.9163150e+002  6.9297110e+002  6.9477970e+002  6.9519960e+002  6.8890120e+002  6.7003110e+002  6.3524330e+002  5.8650330e+002  5.3337980e+002  4.8747510e+002  4.4953710e+002  4.1742100e+002  3.9176350e+002  3.7627550e+002  3.7427620e+002  3.8166820e+002  3.9095680e+002  3.9583720e+002  3.9169950e+002  3.7776320e+002  3.5814310e+002  3.3793860e+002  3.2088580e+002  3.0914430e+002  3.0362970e+002  3.0308270e+002  3.0444230e+002  3.0705430e+002  3.1281950e+002  3.2304940e+002  3.3197840e+002  3.3054410e+002  3.2275320e+002  3.2178450e+002  3.2830630e+002  3.3250200e+002  3.4684040e+002  3.7415300e+002  3.9251930e+002  3.9408160e+002  3.8337470e+002  3.6517640e+002  3.4660290e+002  3.1914290e+002  2.8994480e+002  2.7418170e+002  2.7590710e+002  2.8460000e+002  2.9289180e+002  2.9627220e+002  2.9300920e+002  2.8566010e+002  2.7648580e+002  2.6952790e+002  2.6631770e+002  2.6772650e+002  2.6764490e+002  2.6453190e+002  2.6255430e+002  2.6343920e+002  2.6466490e+002  2.6383300e+002  2.6144560e+002  2.5950880e+002  2.5741170e+002  2.5148100e+002  2.3943330e+002  2.3027970e+002  2.2976520e+002  2.3470110e+002  2.3646220e+002  2.2636380e+002  2.1636530e+002  2.1576590e+002  2.2089620e+002  2.3332760e+002  2.4946520e+002  2.5407560e+002  2.5250050e+002  2.4332220e+002  2.1499680e+002  1.8729130e+002  1.7661050e+002  1.7102500e+002  1.6728270e+002  1.6401020e+002  1.6141060e+002  1.5840170e+002  1.5408120e+002  1.4794750e+002  1.4039380e+002  1.3040260e+002  1.2223760e+002  1.1384270e+002  1.0269300e+002  8.5069550e+001  6.8403260e+001  6.0013350e+001  5.1792660e+001  3.4489940e+001  1.2198250e+001  8.1173300e-001  2.0000000e+000  0.0000000e+000  0.0000000e+000  0.0000000e+000  0.0000000e+000  0.0000000e+000  0.0000000e+000  0.0000000e+000  0.0000000e+000  0.0000000e+000  0.0000000e+000  0.0000000e+000  0.0000000e+000  0.0000000e+000  0.0000000e+000  0.0000000e+000  0.0000000e+000  0.0000000e+000  0.0000000e+000  0.0000000e+000  0.0000000e+000  0.0000000e+000  0.0000000e+000  0.0000000e+000  0.0000000e+000  0.0000000e+000  0.0000000e+000  0.0000000e+000  0.0000000e+000  0.0000000e+000  0.0000000e+000  0.0000000e+000  0.0000000e+000
  4.1197250e+006  7.3476840e+002  7.2313710e+002  7.1512950e+002  7.0932200e+002  7.0185300e+002  6.9440310e+002  6.9300780e+002  6.9468330e+002  6.9728100e+002  6.9792660e+002  6.9117050e+002  6.7033010e+002  6.3200050e+002  5.8107860e+002  5.2747890e+002  4.8006880e+002  4.4181810e+002  4.1276220e+002  3.9261360e+002  3.8168100e+002  3.7918270e+002  3.8102820e+002  3.8507240e+002  3.8835040e+002  3.8468960e+002  3.7029770e+002  3.4944740e+002  3.2827380e+002  3.1047900e+002  2.9768200e+002  2.9015550e+002  2.8691960e+002  2.8637480e+002  2.8813570e+002  2.9306300e+002  3.0163210e+002  3.1017780e+002  3.1077010e+002  3.0146400e+002  2.9328360e+002  2.9337270e+002  3.0011490e+002  3.1655560e+002  3.3878200e+002  3.5285330e+002  3.5579030e+002  3.5252320e+002  3.4114400e+002  3.1694700e+002  2.9614790e+002  2.7328300e+002  2.6241480e+002  2.6283480e+002  2.6933800e+002  2.7795580e+002  2.8229220e+002  2.7843240e+002  2.7030680e+002  2.6230230e+002  2.5839080e+002  2.5701220e+002  2.5779180e+002  2.5948320e+002  2.6030370e+002  2.6042490e+002  2.6059030e+002  2.6057140e+002  2.5954070e+002  2.5785900e+002  2.5605490e+002  2.5443660e+002  2.4643220e+002  2.2500110e+002  2.0624440e+002  2.0145620e+002  2.0722700e+002  2.0982160e+002  2.0329130e+002  1.9850640e+002  1.9722170e+002  1.9447220e+002  2.0039620e+002  2.1526070e+002  2.1793370e+002  2.1196930e+002  2.0467060e+002  1.8465650e+002  1.6476420e+002  1.5761710e+002  1.5386020e+002  1.4811560e+002  1.4386640e+002  1.4101770e+002  1.3799870e+002  1.3426940e+002  1.2939320e+002  1.2295720e+002  1.1474620e+002  1.0845870e+002  1.0096130e+002  8.4977360e+001  6.7663020e+001  5.6104360e+001  4.3953890e+001  3.1165570e+001  1.5934360e+001  1.6543390e+000  2.0000000e+000  0.0000000e+000  0.0000000e+000  0.0000000e+000  0.0000000e+000  0.0000000e+000  0.0000000e+000  0.0000000e+000  0.0000000e+000  0.0000000e+000  0.0000000e+000  0.0000000e+000  0.0000000e+000  0.0000000e+000  0.0000000e+000  0.0000000e+000  0.0000000e+000  0.0000000e+000  0.0000000e+000  0.0000000e+000  0.0000000e+000  0.0000000e+000  0.0000000e+000  0.0000000e+000  0.0000000e+000  0.0000000e+000  0.0000000e+000  0.0000000e+000  0.0000000e+000  0.0000000e+000  0.0000000e+000  0.0000000e+000  0.0000000e+000  0.0000000e+000
  4.1197750e+006  7.2968880e+002  7.2037710e+002  7.1369290e+002  7.0920420e+002  7.0304910e+002  6.9676780e+002  6.9405580e+002  6.9462300e+002  6.9726310e+002  6.9909610e+002  6.9370590e+002  6.7196950e+002  6.2926620e+002  5.7347740e+002  5.1636650e+002  4.6637730e+002  4.2756970e+002  4.0074560e+002  3.8422390e+002  3.7589600e+002  3.7239840e+002  3.6993940e+002  3.6923460e+002  3.6896850e+002  3.6343000e+002  3.5063150e+002  3.3254360e+002  3.1252400e+002  2.9454740e+002  2.8116600e+002  2.7219190e+002  2.6667560e+002  2.6366900e+002  2.6290220e+002  2.6482270e+002  2.6964960e+002  2.7508220e+002  2.7517350e+002  2.6684290e+002  2.5791230e+002  2.5582930e+002  2.6105730e+002  2.7312890e+002  2.8866210e+002  2.9962330e+002  3.0297170e+002  3.0056090e+002  2.9150920e+002  2.7399820e+002  2.5740770e+002  2.4501470e+002  2.4119250e+002  2.4321190e+002  2.5090700e+002  2.6281010e+002  2.7145010e+002  2.6968870e+002  2.6038770e+002  2.4946800e+002  2.4117690e+002  2.3697160e+002  2.4007090e+002  2.4993680e+002  2.5756820e+002  2.5955580e+002  2.5866100e+002  2.5695440e+002  2.5340120e+002  2.4920800e+002  2.4574080e+002  2.4404000e+002  2.3450840e+002  2.0826340e+002  1.8905910e+002  1.8553360e+002  1.8816980e+002  1.8702520e+002  1.8431630e+002  1.8817020e+002  1.8754070e+002  1.7809120e+002  1.8090250e+002  1.9523380e+002  1.9395980e+002  1.7532290e+002  1.6555060e+002  1.5718010e+002  1.4456360e+002  1.3680010e+002  1.3425390e+002  1.3200080e+002  1.2933010e+002  1.2560250e+002  1.2043940e+002  1.1529230e+002  1.1101330e+002  1.0712970e+002  1.0115280e+002  9.0069290e+001  7.9915190e+001  6.7042230e+001  5.6777930e+001  4.3868100e+001  2.7375460e+001  1.5459340e+001  6.9915960e+000  2.0000000e+000  2.0000000e+000  0.0000000e+000  0.0000000e+000  0.0000000e+000  0.0000000e+000  0.0000000e+000  0.0000000e+000  0.0000000e+000  0.0000000e+000  0.0000000e+000  0.0000000e+000  0.0000000e+000  0.0000000e+000  0.0000000e+000  0.0000000e+000  0.0000000e+000  0.0000000e+000  0.0000000e+000  0.0000000e+000  0.0000000e+000  0.0000000e+000  0.0000000e+000  0.0000000e+000  0.0000000e+000  0.0000000e+000  0.0000000e+000  0.0000000e+000  0.0000000e+000  0.0000000e+000  0.0000000e+000  0.0000000e+000  0.0000000e+000  0.0000000e+000  0.0000000e+000
  4.1198250e+006  7.2276170e+002  7.1622020e+002  7.1154200e+002  7.0889030e+002  7.0353050e+002  6.9692020e+002  6.9222160e+002  6.9047470e+002  6.9153560e+002  6.9347850e+002  6.8939180e+002  6.6617130e+002  6.1883840e+002  5.5793920e+002  4.9679890e+002  4.4400600e+002  4.0412850e+002  3.7690080e+002  3.5850020e+002  3.4928480e+002  3.4492130e+002  3.4276400e+002  3.4039740e+002  3.3478580e+002  3.2416860e+002  3.1474470e+002  3.0395950e+002  2.8937050e+002  2.7295330e+002  2.5996730e+002  2.5050490e+002  2.4337920e+002  2.3783830e+002  2.3358650e+002  2.3089050e+002  2.3019960e+002  2.3087310e+002  2.2941250e+002  2.2254370e+002  2.1518220e+002  2.1345700e+002  2.1668240e+002  2.2329700e+002  2.3361470e+002  2.4278370e+002  2.4618540e+002  2.4331520e+002  2.3522100e+002  2.2296220e+002  2.1039150e+002  2.0305780e+002  2.0208180e+002  2.0574840e+002  2.1646870e+002  2.3455000e+002  2.5152300e+002  2.5643990e+002  2.4833290e+002  2.3212510e+002  2.1538110e+002  2.0548320e+002  2.1289540e+002  2.3678280e+002  2.5333980e+002  2.5581180e+002  2.5207100e+002  2.4745420e+002  2.4189610e+002  2.3539740e+002  2.2935340e+002  2.2463470e+002  2.1116110e+002  1.8727630e+002  1.7852960e+002  1.8243210e+002  1.8053480e+002  1.7120510e+002  1.6832910e+002  1.7778040e+002  1.7436950e+002  1.5458540e+002  1.5226360e+002  1.6163470e+002  1.6219580e+002  1.5272100e+002  1.4015960e+002  1.3259160e+002  1.2405570e+002  1.1624520e+002  1.1549020e+002  1.1774400e+002  1.1817240e+002  1.1594450e+002  1.1165790e+002  1.0534450e+002  9.4721150e+001  8.5619090e+001  7.8414500e+001  6.8353650e+001  6.2444730e+001  5.6704430e+001  4.6803960e+001  3.1189780e+001  1.5849560e+001  8.1094740e+000  7.0166800e-001  2.0000000e+000  0.0000000e+000  0.0000000e+000  0.0000000e+000  0.0000000e+000  0.0000000e+000  0.0000000e+000  0.0000000e+000  0.0000000e+000  0.0000000e+000  0.0000000e+000  0.0000000e+000  0.0000000e+000  0.0000000e+000  0.0000000e+000  0.0000000e+000  0.0000000e+000  0.0000000e+000  0.0000000e+000  0.0000000e+000  0.0000000e+000  0.0000000e+000  0.0000000e+000  0.0000000e+000  0.0000000e+000  0.0000000e+000  0.0000000e+000  0.0000000e+000  0.0000000e+000  0.0000000e+000  0.0000000e+000  0.0000000e+000  0.0000000e+000  0.0000000e+000  0.0000000e+000
  4.1198750e+006  7.1605920e+002  7.1293300e+002  7.1069020e+002  7.0863180e+002  7.0270170e+002  6.9454080e+002  6.8715280e+002  6.8207680e+002  6.7977360e+002  6.7942790e+002  6.7405860e+002  6.4686600e+002  5.9559310e+002  5.3197600e+002  4.6895500e+002  4.1511690e+002  3.7533430e+002  3.4728260e+002  3.2482220e+002  3.1533550e+002  3.1077670e+002  3.0742430e+002  3.0592730e+002  3.0384570e+002  2.9808520e+002  2.8486340e+002  2.6740720e+002  2.5608760e+002  2.4560960e+002  2.3537810e+002  2.2654670e+002  2.1872670e+002  2.1118380e+002  2.0354520e+002  1.9607110e+002  1.8989440e+002  1.8660590e+002  1.8471040e+002  1.7909970e+002  1.7276470e+002  1.7174850e+002  1.7331380e+002  1.7491940e+002  1.8167010e+002  1.8992610e+002  1.9313740e+002  1.9007710e+002  1.8270700e+002  1.7325960e+002  1.6319230e+002  1.5592410e+002  1.5337580e+002  1.5580960e+002  1.6650820e+002  1.8809890e+002  2.1204440e+002  2.2396260e+002  2.1878400e+002  2.0182730e+002  1.8173430e+002  1.6890950e+002  1.8094460e+002  2.1791970e+002  2.4168890e+002  2.4382240e+002  2.3761240e+002  2.3144150e+002  2.2629900e+002  2.2023460e+002  2.1304820e+002  2.0424930e+002  1.8874470e+002  1.7182450e+002  1.7303330e+002  1.8316820e+002  1.8173790e+002  1.6987780e+002  1.6363170e+002  1.7009930e+002  1.6313550e+002  1.3681730e+002  1.2884130e+002  1.3420990e+002  1.3479860e+002  1.2971120e+002  1.1871330e+002  1.1273900e+002  1.0802060e+002  1.0304090e+002  1.0427640e+002  1.0615800e+002  1.0689240e+002  1.0625200e+002  1.0268500e+002  9.2236280e+001  7.7373920e+001  6.6826300e+001  6.2354000e+001  5.8283580e+001  5.3432560e+001  4.6952750e+001  3.5627250e+001  2.1308180e+001  9.7519490e+000  1.7887500e+000  2.0000000e+000  2.0000000e+000  0.0000000e+000  0.0000000e+000  0.0000000e+000  0.0000000e+000  0.0000000e+000  0.0000000e+000  0.0000000e+000  0.0000000e+000  0.0000000e+000  0.0000000e+000  0.0000000e+000  0.0000000e+000  0.0000000e+000  0.0000000e+000  0.0000000e+000  0.0000000e+000  0.0000000e+000  0.0000000e+000  0.0000000e+000  0.0000000e+000  0.0000000e+000  0.0000000e+000  0.0000000e+000  0.0000000e+000  0.0000000e+000  0.0000000e+000  0.0000000e+000  0.0000000e+000  0.0000000e+000  0.0000000e+000  0.0000000e+000  0.0000000e+000  0.0000000e+000  0.0000000e+000
  4.1199250e+006  7.1058260e+002  7.1017330e+002  7.0975370e+002  7.0767380e+002  7.0049380e+002  6.9029550e+002  6.8021240e+002  6.7211000e+002  6.6695610e+002  6.6410460e+002  6.5509750e+002  6.2134560e+002  5.6504560e+002  4.9969010e+002  4.3771100e+002  3.8679750e+002  3.5033040e+002  3.2564770e+002  3.0854420e+002  2.9565440e+002  2.8359460e+002  2.7224270e+002  2.6685850e+002  2.6352490e+002  2.5960600e+002  2.5178700e+002  2.3505190e+002  2.2239020e+002  2.1683420e+002  2.0953510e+002  2.0216900e+002  1.9481610e+002  1.8646600e+002  1.7674850e+002  1.6613470e+002  1.5652240e+002  1.5138370e+002  1.5079690e+002  1.4731130e+002  1.4140100e+002  1.3915830e+002  1.3874340e+002  1.3707700e+002  1.4110300e+002  1.4753050e+002  1.4935880e+002  1.4540890e+002  1.3829230e+002  1.3096950e+002  1.2263410e+002  1.1558160e+002  1.1202220e+002  1.1126250e+002  1.1728290e+002  1.3637520e+002  1.6155970e+002  1.7462930e+002  1.7033200e+002  1.6253330e+002  1.5420560e+002  1.4842500e+002  1.6018730e+002  1.9257880e+002  2.1511310e+002  2.1878350e+002  2.1418640e+002  2.1002190e+002  2.0828490e+002  2.0534520e+002  1.9903560e+002  1.8888450e+002  1.7442010e+002  1.6257710e+002  1.6590860e+002  1.7608250e+002  1.7704360e+002  1.6825130e+002  1.5927310e+002  1.5798880e+002  1.5218510e+002  1.2843350e+002  1.1770110e+002  1.1891860e+002  1.1909760e+002  1.1648890e+002  1.0992580e+002  1.0164180e+002  9.2539790e+001  8.4858020e+001  8.4260220e+001  8.5558210e+001  8.7344480e+001  8.6994570e+001  8.2908910e+001  7.4540410e+001  6.4821040e+001  5.9401500e+001  5.5790470e+001  5.1944950e+001  4.5855610e+001  3.7421060e+001  2.5838420e+001  1.3371440e+001  4.1334300e+000  2.0000000e+000  2.0000000e+000  2.0000000e+000  0.0000000e+000  0.0000000e+000  0.0000000e+000  0.0000000e+000  0.0000000e+000  0.0000000e+000  0.0000000e+000  0.0000000e+000  0.0000000e+000  0.0000000e+000  0.0000000e+000  0.0000000e+000  0.0000000e+000  0.0000000e+000  0.0000000e+000  0.0000000e+000  0.0000000e+000  0.0000000e+000  0.0000000e+000  0.0000000e+000  0.0000000e+000  0.0000000e+000  0.0000000e+000  0.0000000e+000  0.0000000e+000  0.0000000e+000  0.0000000e+000  0.0000000e+000  0.0000000e+000  0.0000000e+000  0.0000000e+000  0.0000000e+000  0.0000000e+000  0.0000000e+000
  4.1199750e+006  7.0626540e+002  7.0714950e+002  7.0740880e+002  7.0465420e+002  6.9662490e+002  6.8500200e+002  6.7337100e+002  6.6451070e+002  6.6033290e+002  6.5771560e+002  6.4173980e+002  5.9818290e+002  5.3386140e+002  4.6599830e+002  4.0843110e+002  3.6602610e+002  3.3608320e+002  3.1308260e+002  2.9877860e+002  2.8632300e+002  2.7346840e+002  2.6037080e+002  2.4757780e+002  2.3459990e+002  2.2225740e+002  2.1414580e+002  2.0569760e+002  1.9943980e+002  1.9228900e+002  1.8469340e+002  1.7928440e+002  1.7365990e+002  1.6619790e+002  1.5673080e+002  1.4634130e+002  1.3749820e+002  1.3324100e+002  1.3375660e+002  1.3252980e+002  1.2744210e+002  1.2219390e+002  1.1924040e+002  1.1717850e+002  1.1876490e+002  1.2111460e+002  1.1975040e+002  1.1434010e+002  1.0687240e+002  1.0068330e+002  9.4378920e+001  9.0065860e+001  8.8267330e+001  8.5682120e+001  8.6558360e+001  9.9515370e+001  1.2129720e+002  1.3297200e+002  1.3005070e+002  1.3395210e+002  1.3982950e+002  1.4194280e+002  1.4934280e+002  1.6802190e+002  1.8336780e+002  1.8820080e+002  1.8746410e+002  1.8808400e+002  1.9177420e+002  1.9252580e+002  1.8733500e+002  1.7722600e+002  1.6436780e+002  1.5389290e+002  1.5287060e+002  1.5703720e+002  1.5690020e+002  1.4991220e+002  1.4125060e+002  1.3815770e+002  1.3537280e+002  1.2044550e+002  1.1218800e+002  1.1087430e+002  1.1091660e+002  1.1063760e+002  1.0635660e+002  9.4613300e+001  7.9776530e+001  6.7592450e+001  6.4292560e+001  6.5253790e+001  6.8445000e+001  6.8463940e+001  6.5213150e+001  6.2094860e+001  5.8929520e+001  5.5347370e+001  5.0738940e+001  4.5529300e+001  3.8812360e+001  3.0378070e+001  2.0474170e+001  1.0629660e+001  2.4302100e+000  2.0000000e+000  2.0000000e+000  0.0000000e+000  0.0000000e+000  0.0000000e+000  0.0000000e+000  0.0000000e+000  0.0000000e+000  0.0000000e+000  0.0000000e+000  0.0000000e+000  0.0000000e+000  0.0000000e+000  0.0000000e+000  0.0000000e+000  0.0000000e+000  0.0000000e+000  0.0000000e+000  0.0000000e+000  0.0000000e+000  0.0000000e+000  0.0000000e+000  0.0000000e+000  0.0000000e+000  0.0000000e+000  0.0000000e+000  0.0000000e+000  0.0000000e+000  0.0000000e+000  0.0000000e+000  0.0000000e+000  0.0000000e+000  0.0000000e+000  0.0000000e+000  0.0000000e+000  0.0000000e+000  0.0000000e+000
  4.1200250e+006  7.0098240e+002  7.0300570e+002  7.0369660e+002  7.0043810e+002  6.9195130e+002  6.7950550e+002  6.6795320e+002  6.6082240e+002  6.5957590e+002  6.5715840e+002  6.3488850e+002  5.7987570e+002  5.0416600e+002  4.3212630e+002  3.8155360e+002  3.5205340e+002  3.3158000e+002  3.1034410e+002  2.9514940e+002  2.8279760e+002  2.7114520e+002  2.5897330e+002  2.4378830e+002  2.2723520e+002  2.0966180e+002  1.9033280e+002  1.7357910e+002  1.6669630e+002  1.6306320e+002  1.6087240e+002  1.5940550e+002  1.5664190e+002  1.5173300e+002  1.4480850e+002  1.3723590e+002  1.3135990e+002  1.2860240e+002  1.2823910e+002  1.2684200e+002  1.2250070e+002  1.1675800e+002  1.1260350e+002  1.1119290e+002  1.1070000e+002  1.0889110e+002  1.0410950e+002  9.7519550e+001  8.9875000e+001  8.3595010e+001  7.8599160e+001  7.6519560e+001  7.5968540e+001  7.4289970e+001  7.4520100e+001  8.3107510e+001  9.9102170e+001  1.1021450e+002  1.1351760e+002  1.2504970e+002  1.3515570e+002  1.3791770e+002  1.4018210e+002  1.4727330e+002  1.5523240e+002  1.5992440e+002  1.6272510e+002  1.6863490e+002  1.7790600e+002  1.8127690e+002  1.7591080e+002  1.6541630e+002  1.5492880e+002  1.4752140e+002  1.4443400e+002  1.4462990e+002  1.4317100e+002  1.3768010e+002  1.3113160e+002  1.2864520e+002  1.2600420e+002  1.1439760e+002  1.0765710e+002  1.0434560e+002  1.0433190e+002  1.0545040e+002  1.0052830e+002  8.8313310e+001  7.3718650e+001  6.1995670e+001  5.7068050e+001  5.7056630e+001  5.9730580e+001  6.0339000e+001  5.8958290e+001  5.6695530e+001  5.3905890e+001  4.9762210e+001  4.4725630e+001  3.9350980e+001  3.2811790e+001  2.5130440e+001  1.7240640e+001  1.0064950e+001  3.2608870e+000  2.0000000e+000  0.0000000e+000  0.0000000e+000  0.0000000e+000  0.0000000e+000  0.0000000e+000  0.0000000e+000  0.0000000e+000  0.0000000e+000  0.0000000e+000  0.0000000e+000  0.0000000e+000  0.0000000e+000  0.0000000e+000  0.0000000e+000  0.0000000e+000  0.0000000e+000  0.0000000e+000  0.0000000e+000  0.0000000e+000  0.0000000e+000  0.0000000e+000  0.0000000e+000  0.0000000e+000  0.0000000e+000  0.0000000e+000  0.0000000e+000  0.0000000e+000  0.0000000e+000  0.0000000e+000  0.0000000e+000  0.0000000e+000  0.0000000e+000  0.0000000e+000  0.0000000e+000  0.0000000e+000  0.0000000e+000
  4.1200750e+006  6.9360350e+002  6.9629390e+002  6.9688960e+002  6.9328630e+002  6.8509880e+002  6.7339200e+002  6.6432730e+002  6.6070920e+002  6.6206170e+002  6.5921370e+002  6.3194900e+002  5.6645080e+002  4.7859520e+002  4.0074100e+002  3.5658310e+002  3.3996070e+002  3.3048470e+002  3.1419200e+002  2.9737530e+002  2.8249310e+002  2.7009840e+002  2.5872060e+002  2.4379400e+002  2.2697790e+002  2.0832710e+002  1.8488170e+002  1.6241870e+002  1.4785140e+002  1.4136990e+002  1.4194950e+002  1.4377790e+002  1.4410500e+002  1.4270890e+002  1.3966600e+002  1.3515420e+002  1.2994370e+002  1.2584440e+002  1.2371680e+002  1.2053400e+002  1.1539690e+002  1.1078500e+002  1.0760680e+002  1.0736240e+002  1.0521120e+002  1.0092500e+002  9.4602260e+001  8.7628810e+001  8.0912010e+001  7.5413950e+001  7.1256560e+001  6.8891300e+001  6.7513010e+001  6.6619600e+001  6.7545610e+001  7.3485230e+001  8.3131770e+001  9.1521500e+001  1.0184410e+002  1.1939690e+002  1.2988320e+002  1.3015880e+002  1.2760310e+002  1.2767150e+002  1.3148560e+002  1.3602820e+002  1.4028500e+002  1.4868350e+002  1.6181250e+002  1.6721180e+002  1.6149890e+002  1.5077360e+002  1.4355300e+002  1.4165500e+002  1.4074230e+002  1.4081990e+002  1.3891730e+002  1.3447630e+002  1.2992400e+002  1.2878160e+002  1.2487470e+002  1.1112150e+002  9.9882900e+001  9.3714220e+001  9.3186630e+001  9.5037770e+001  9.1295360e+001  8.1484170e+001  6.9992750e+001  6.0904460e+001  5.5991550e+001  5.5006610e+001  5.6478710e+001  5.7213070e+001  5.5903700e+001  5.2847190e+001  4.8604210e+001  4.3478850e+001  3.8459030e+001  3.3829170e+001  2.7792210e+001  2.0703430e+001  1.4353700e+001  9.6238330e+000  4.3319590e+000  2.0000000e+000  0.0000000e+000  0.0000000e+000  0.0000000e+000  0.0000000e+000  0.0000000e+000  0.0000000e+000  0.0000000e+000  0.0000000e+000  0.0000000e+000  0.0000000e+000  0.0000000e+000  0.0000000e+000  0.0000000e+000  0.0000000e+000  0.0000000e+000  0.0000000e+000  0.0000000e+000  0.0000000e+000  0.0000000e+000  0.0000000e+000  0.0000000e+000  0.0000000e+000  0.0000000e+000  0.0000000e+000  0.0000000e+000  0.0000000e+000  0.0000000e+000  0.0000000e+000  0.0000000e+000  0.0000000e+000  0.0000000e+000  0.0000000e+000  0.0000000e+000  0.0000000e+000  0.0000000e+000  0.0000000e+000
  4.1201250e+006  6.8352630e+002  6.8535830e+002  6.8512300e+002  6.8155690e+002  6.7537780e+002  6.6773720e+002  6.6279960e+002  6.6093770e+002  6.6223140e+002  6.5793170e+002  6.2847250e+002  5.6021070e+002  4.6807060e+002  3.8636520e+002  3.4307310e+002  3.3164040e+002  3.2989240e+002  3.1920250e+002  3.0045160e+002  2.8165330e+002  2.6784640e+002  2.5786920e+002  2.4302040e+002  2.2589140e+002  2.0817310e+002  1.8520590e+002  1.6079510e+002  1.4029130e+002  1.2895710e+002  1.2957810e+002  1.3278260e+002  1.3511130e+002  1.3692240e+002  1.3825250e+002  1.3785370e+002  1.3446340e+002  1.2925600e+002  1.2282900e+002  1.1435470e+002  1.0646440e+002  1.0339520e+002  1.0140260e+002  1.0205120e+002  9.9860150e+001  9.5803240e+001  8.8093290e+001  7.9895300e+001  7.3353400e+001  6.8465180e+001  6.5543760e+001  6.3505490e+001  6.1649990e+001  6.0893420e+001  6.1945340e+001  6.5752010e+001  7.0639580e+001  7.5188320e+001  8.7808780e+001  1.0813220e+002  1.1902740e+002  1.1841310e+002  1.1367150e+002  1.1112850e+002  1.1404330e+002  1.1918400e+002  1.2359950e+002  1.3117510e+002  1.4429240e+002  1.5040430e+002  1.4530300e+002  1.3635100e+002  1.3319780e+002  1.3565110e+002  1.3678890e+002  1.3701430e+002  1.3359880e+002  1.2840180e+002  1.2503020e+002  1.2599270e+002  1.2289490e+002  1.0816460e+002  9.4312410e+001  8.5567380e+001  8.3365020e+001  8.5627110e+001  8.3072570e+001  7.5101630e+001  6.6040860e+001  5.9415580e+001  5.5127170e+001  5.3610210e+001  5.4744520e+001  5.5991490e+001  5.3860760e+001  4.9903790e+001  4.4224950e+001  3.7884740e+001  3.2901940e+001  2.9595890e+001  2.3882580e+001  1.7030110e+001  1.1735520e+001  8.7490620e+000  4.5450820e+000  0.0000000e+000  0.0000000e+000  0.0000000e+000  0.0000000e+000  0.0000000e+000  0.0000000e+000  0.0000000e+000  0.0000000e+000  0.0000000e+000  0.0000000e+000  0.0000000e+000  0.0000000e+000  0.0000000e+000  0.0000000e+000  0.0000000e+000  0.0000000e+000  0.0000000e+000  0.0000000e+000  0.0000000e+000  0.0000000e+000  0.0000000e+000  0.0000000e+000  0.0000000e+000  0.0000000e+000  0.0000000e+000  0.0000000e+000  0.0000000e+000  0.0000000e+000  0.0000000e+000  0.0000000e+000  0.0000000e+000  0.0000000e+000  0.0000000e+000  0.0000000e+000  0.0000000e+000  0.0000000e+000  0.0000000e+000
  4.1201750e+006  6.7197850e+002  6.7304970e+002  6.7384670e+002  6.7276860e+002  6.7101070e+002  6.6900210e+002  6.6612350e+002  6.6143350e+002  6.5974300e+002  6.5426070e+002  6.2800570e+002  5.6891660e+002  4.8577680e+002  4.0476930e+002  3.5214650e+002  3.3072530e+002  3.2675560e+002  3.1792410e+002  2.9834890e+002  2.7762340e+002  2.6373540e+002  2.5509580e+002  2.3926230e+002  2.2183480e+002  2.0717750e+002  1.8566260e+002  1.6062140e+002  1.3839610e+002  1.2499460e+002  1.2362820e+002  1.2543800e+002  1.2759890e+002  1.3065630e+002  1.3445280e+002  1.3655030e+002  1.3366720e+002  1.2676280e+002  1.1737920e+002  1.0629100e+002  9.7953340e+001  9.5722240e+001  9.3360060e+001  9.4318010e+001  9.2981290e+001  8.9231770e+001  7.9165000e+001  7.1183110e+001  6.6087450e+001  6.2164710e+001  5.9832370e+001  5.8168750e+001  5.6358330e+001  5.4729960e+001  5.5451710e+001  0.0000000e+000  6.3325350e+001  6.5449590e+001  7.3087680e+001  8.9747570e+001  1.0160230e+002  1.0435260e+002  1.0221860e+002  1.0120540e+002  1.0538670e+002  1.1262960e+002  1.1938070e+002  1.2708350e+002  1.3699470e+002  1.4014930e+002  1.3490410e+002  1.2944470e+002  1.3074840e+002  1.3360140e+002  1.3294460e+002  1.3255940e+002  1.2829530e+002  1.2275670e+002  1.2104330e+002  1.2404860e+002  1.2122350e+002  1.0829140e+002  9.8659530e+001  8.8219940e+001  8.1645570e+001  8.2229820e+001  7.8440960e+001  7.0222940e+001  6.1910770e+001  5.6197930e+001  5.2199500e+001  5.0139340e+001  5.2364090e+001  5.5993680e+001  5.3905430e+001  4.9230980e+001  4.2067340e+001  3.4828850e+001  2.9988080e+001  2.7051150e+001  2.0724510e+001  1.4220150e+001  9.8429490e+000  6.8212360e+000  3.0099140e+000  0.0000000e+000  0.0000000e+000  0.0000000e+000  0.0000000e+000  0.0000000e+000  0.0000000e+000  0.0000000e+000  0.0000000e+000  0.0000000e+000  0.0000000e+000  0.0000000e+000  0.0000000e+000  0.0000000e+000  0.0000000e+000  0.0000000e+000  0.0000000e+000  0.0000000e+000  0.0000000e+000  0.0000000e+000  0.0000000e+000  0.0000000e+000  0.0000000e+000  0.0000000e+000  0.0000000e+000  0.0000000e+000  0.0000000e+000  0.0000000e+000  0.0000000e+000  0.0000000e+000  0.0000000e+000  0.0000000e+000  0.0000000e+000  0.0000000e+000  0.0000000e+000  0.0000000e+000  0.0000000e+000  0.0000000e+000
  4.1202250e+006  6.6026450e+002  6.6173550e+002  6.6482930e+002  6.6725790e+002  6.6998490e+002  6.7231920e+002  6.7007860e+002  6.6239440e+002  6.5761250e+002  6.5105870e+002  6.3431070e+002  5.9373700e+002  5.2647090e+002  4.4715000e+002  3.7938760e+002  3.3764900e+002  3.2075610e+002  3.0899880e+002  2.9071230e+002  2.7152830e+002  2.5991800e+002  2.5000240e+002  2.3283220e+002  2.1553290e+002  2.0406090e+002  1.8440700e+002  1.6049740e+002  1.3876930e+002  1.2437900e+002  1.2022150e+002  1.1956740e+002  1.2017430e+002  1.2220980e+002  1.2555890e+002  1.2788070e+002  1.2414890e+002  1.1571810e+002  1.0778470e+002  9.9919940e+001  9.2749470e+001  8.5639670e+001  7.9596290e+001  7.8871150e+001  7.7895820e+001  7.4064780e+001  6.5748020e+001  6.0881890e+001  5.8512000e+001  5.6001710e+001  5.1652690e+001  4.7129520e+001  4.2823590e+001  3.8872250e+001  3.7349170e+001  0.0000000e+000  0.0000000e+000  0.0000000e+000  6.3214220e+001  7.2775410e+001  8.4035100e+001  9.1284550e+001  9.3501920e+001  9.5520610e+001  1.0224730e+002  1.1326690e+002  1.2404950e+002  1.3255520e+002  1.3845220e+002  1.3717110e+002  1.3081410e+002  1.2751300e+002  1.3078900e+002  1.3185700e+002  1.2819730e+002  1.2786160e+002  1.2566720e+002  1.2167410e+002  1.2068840e+002  1.2240770e+002  1.1823670e+002  1.0896510e+002  1.0362590e+002  9.1652480e+001  8.1747050e+001  8.0059140e+001  7.4518980e+001  6.6314020e+001  5.8856270e+001  5.3147040e+001  4.9385990e+001  4.6470940e+001  5.0046020e+001  5.6349310e+001  5.5127060e+001  4.9753090e+001  4.2161860e+001  3.5959660e+001  3.1515370e+001  2.5116210e+001  1.6767090e+001  1.1066890e+001  7.2160380e+000  3.5877950e+000  0.0000000e+000  0.0000000e+000  0.0000000e+000  0.0000000e+000  0.0000000e+000  0.0000000e+000  0.0000000e+000  0.0000000e+000  0.0000000e+000  0.0000000e+000  0.0000000e+000  0.0000000e+000  0.0000000e+000  0.0000000e+000  0.0000000e+000  0.0000000e+000  0.0000000e+000  0.0000000e+000  0.0000000e+000  0.0000000e+000  0.0000000e+000  0.0000000e+000  0.0000000e+000  0.0000000e+000  0.0000000e+000  0.0000000e+000  0.0000000e+000  0.0000000e+000  0.0000000e+000  0.0000000e+000  0.0000000e+000  0.0000000e+000  0.0000000e+000  0.0000000e+000  0.0000000e+000  0.0000000e+000  0.0000000e+000  0.0000000e+000
  4.1202750e+006  6.4902790e+002  6.5203080e+002  6.5636360e+002  6.6078380e+002  6.6558820e+002  6.6944310e+002  6.6842620e+002  6.6245200e+002  6.5568480e+002  6.4427330e+002  6.4086330e+002  6.2419470e+002  5.7361850e+002  4.9563000e+002  4.1462430e+002  3.5156700e+002  3.1602180e+002  3.0247570e+002  2.8557000e+002  2.6613150e+002  2.5707920e+002  2.4760130e+002  2.3008000e+002  2.1197180e+002  1.9761410e+002  1.7940850e+002  1.5957010e+002  1.3929010e+002  1.2344180e+002  1.1686050e+002  1.1478890e+002  1.1430020e+002  1.1480090e+002  1.1704850e+002  1.2083700e+002  1.1894880e+002  1.1119760e+002  1.0545890e+002  9.9346050e+001  8.9045750e+001  7.5101460e+001  6.5214260e+001  6.1176940e+001  5.9026640e+001  5.7367920e+001  5.4212700e+001  4.9485470e+001  4.5898880e+001  4.2749020e+001  3.7730610e+001  3.1719330e+001  2.5708260e+001  2.0627950e+001  0.0000000e+000  0.0000000e+000  0.0000000e+000  0.0000000e+000  5.5514810e+001  6.2056450e+001  7.1153600e+001  8.0130840e+001  8.5310750e+001  8.9731700e+001  9.9109280e+001  1.1469690e+002  1.2902550e+002  1.3679170e+002  1.3890810e+002  1.3485720e+002  1.2836370e+002  1.2554620e+002  1.2822110e+002  1.2956790e+002  1.2482230e+002  1.2322830e+002  1.2285960e+002  1.2145750e+002  1.2101200e+002  1.2063290e+002  1.1622120e+002  1.0819870e+002  9.9148960e+001  8.5635250e+001  7.7112790e+001  7.3478220e+001  6.7822860e+001  6.0981220e+001  5.3571640e+001  4.8929560e+001  4.9181840e+001  4.8405890e+001  5.1205950e+001  5.5809680e+001  5.1412690e+001  4.5236070e+001  4.0606640e+001  3.7114010e+001  3.2019680e+001  2.2391030e+001  1.3087310e+001  8.6609270e+000  4.4482150e+000  2.0000000e+000  0.0000000e+000  0.0000000e+000  0.0000000e+000  0.0000000e+000  0.0000000e+000  0.0000000e+000  0.0000000e+000  0.0000000e+000  0.0000000e+000  0.0000000e+000  0.0000000e+000  0.0000000e+000  0.0000000e+000  0.0000000e+000  0.0000000e+000  0.0000000e+000  0.0000000e+000  0.0000000e+000  0.0000000e+000  0.0000000e+000  0.0000000e+000  0.0000000e+000  0.0000000e+000  0.0000000e+000  0.0000000e+000  0.0000000e+000  0.0000000e+000  0.0000000e+000  0.0000000e+000  0.0000000e+000  0.0000000e+000  0.0000000e+000  0.0000000e+000  0.0000000e+000  0.0000000e+000  0.0000000e+000  0.0000000e+000  0.0000000e+000
  4.1203250e+006  6.3788200e+002  6.4217470e+002  6.4692250e+002  6.5192040e+002  6.5696410e+002  6.6080840e+002  6.6135780e+002  6.5840700e+002  6.5170450e+002  6.4168440e+002  6.4614350e+002  6.4291610e+002  6.0377580e+002  5.2956520e+002  4.4440940e+002  3.7033160e+002  3.2156790e+002  3.0554570e+002  2.9057790e+002  2.6924190e+002  2.5926450e+002  2.4987170e+002  2.3023120e+002  2.1012130e+002  1.9091950e+002  1.7262820e+002  1.5829900e+002  1.4109810e+002  1.2487380e+002  1.1575490e+002  1.1241980e+002  1.1168150e+002  1.1204760e+002  1.1452890e+002  1.1946330e+002  1.1702470e+002  1.0624030e+002  9.9263870e+001  9.0111920e+001  7.6693660e+001  6.4194980e+001  5.4937360e+001  4.4744910e+001  3.7059060e+001  3.4739910e+001  3.3748830e+001  3.0927960e+001  2.8200340e+001  2.5810520e+001  2.2486660e+001  1.8140330e+001  1.3769370e+001  1.1455690e+001  0.0000000e+000  0.0000000e+000  0.0000000e+000  0.0000000e+000  3.9474230e+001  5.0162830e+001  6.1042750e+001  6.9258120e+001  7.5605570e+001  8.2014170e+001  9.3122360e+001  1.1221430e+002  1.2819510e+002  1.3423750e+002  1.3410760e+002  1.2914600e+002  1.2310120e+002  1.2062790e+002  1.2310090e+002  1.2641210e+002  1.2165000e+002  1.1794220e+002  1.1771660e+002  1.1821910e+002  1.1827430e+002  1.1618790e+002  1.1249990e+002  1.0503830e+002  9.1042570e+001  7.5645440e+001  6.8466440e+001  6.5344780e+001  6.1630050e+001  5.6083500e+001  4.7118670e+001  4.2918640e+001  4.6069530e+001  4.6209110e+001  4.8032310e+001  5.0605670e+001  4.2975750e+001  3.6574400e+001  3.4888500e+001  3.2769360e+001  2.6691060e+001  1.7644820e+001  1.0121410e+001  5.5057370e+000  6.1814100e-001  0.0000000e+000  0.0000000e+000  0.0000000e+000  0.0000000e+000  0.0000000e+000  0.0000000e+000  0.0000000e+000  0.0000000e+000  0.0000000e+000  0.0000000e+000  0.0000000e+000  0.0000000e+000  0.0000000e+000  0.0000000e+000  0.0000000e+000  0.0000000e+000  0.0000000e+000  0.0000000e+000  0.0000000e+000  0.0000000e+000  0.0000000e+000  0.0000000e+000  0.0000000e+000  0.0000000e+000  0.0000000e+000  0.0000000e+000  0.0000000e+000  0.0000000e+000  0.0000000e+000  0.0000000e+000  0.0000000e+000  0.0000000e+000  0.0000000e+000  0.0000000e+000  0.0000000e+000  0.0000000e+000  0.0000000e+000  0.0000000e+000  0.0000000e+000
  4.1203750e+006  6.2673210e+002  6.3148800e+002  6.3640770e+002  6.4139930e+002  6.4607010e+002  6.4956120e+002  6.5092450e+002  6.4878310e+002  6.4157140e+002  6.3784440e+002  6.4124010e+002  6.3511290e+002  5.9971570e+002  5.3479680e+002  4.5923040e+002  3.9177750e+002  3.4301990e+002  3.1911210e+002  3.0735480e+002  2.8524340e+002  2.6772020e+002  2.5323130e+002  2.2805420e+002  2.0787270e+002  1.8574530e+002  1.6637080e+002  1.5666920e+002  1.4237960e+002  1.2600920e+002  1.1504380e+002  1.1151440e+002  1.1174120e+002  1.1361270e+002  1.1729710e+002  1.2092940e+002  1.1569720e+002  1.0189230e+002  9.2181850e+001  7.9410130e+001  6.4883900e+001  5.2818140e+001  3.8620530e+001  2.5948680e+001  1.7063940e+001  1.4132320e+001  1.3376860e+001  1.2644050e+001  1.2069600e+001  1.1648600e+001  1.1099920e+001  1.0293160e+001  9.3065070e+000  8.6248470e+000  0.0000000e+000  0.0000000e+000  0.0000000e+000  0.0000000e+000  0.0000000e+000  2.6086980e+001  4.9384570e+001  6.1685740e+001  6.8434720e+001  7.5853660e+001  8.7680480e+001  1.0703450e+002  1.2154940e+002  1.2651780e+002  1.2697260e+002  1.2253270e+002  1.1661300e+002  1.1506820e+002  1.1885480e+002  1.2291300e+002  1.1777910e+002  1.1274840e+002  1.1181230e+002  1.1232910e+002  1.1142380e+002  1.0609210e+002  1.0185970e+002  9.7168990e+001  8.5491210e+001  7.1495870e+001  6.3874920e+001  6.0784680e+001  5.6380070e+001  4.7269140e+001  3.8883480e+001  3.8984050e+001  4.3516970e+001  4.3379360e+001  4.3514890e+001  4.1629560e+001  3.3284680e+001  2.8498660e+001  2.7609500e+001  2.4456500e+001  1.8317020e+001  1.1828700e+001  6.4055630e+000  1.5187910e+000  2.0000000e+000  0.0000000e+000  0.0000000e+000  0.0000000e+000  0.0000000e+000  0.0000000e+000  0.0000000e+000  0.0000000e+000  0.0000000e+000  0.0000000e+000  0.0000000e+000  0.0000000e+000  0.0000000e+000  0.0000000e+000  0.0000000e+000  0.0000000e+000  0.0000000e+000  0.0000000e+000  0.0000000e+000  0.0000000e+000  0.0000000e+000  0.0000000e+000  0.0000000e+000  0.0000000e+000  0.0000000e+000  0.0000000e+000  0.0000000e+000  0.0000000e+000  0.0000000e+000  0.0000000e+000  0.0000000e+000  0.0000000e+000  0.0000000e+000  0.0000000e+000  0.0000000e+000  0.0000000e+000  0.0000000e+000  0.0000000e+000  0.0000000e+000  0.0000000e+000
  4.1204250e+006  6.1597540e+002  6.2066280e+002  6.2549260e+002  6.3023900e+002  6.3441130e+002  6.3738380e+002  6.3870250e+002  6.3787740e+002  6.3460800e+002  6.3107610e+002  6.2495400e+002  6.0830070e+002  5.7263890e+002  5.1848550e+002  4.5902560e+002  4.0894690e+002  3.7451140e+002  3.5392190e+002  3.3622470e+002  3.0818700e+002  2.8507640e+002  2.5619270e+002  2.2136950e+002  2.0314880e+002  1.8226760e+002  1.6401070e+002  1.5558590e+002  1.4223920e+002  1.2549640e+002  1.1349210e+002  1.1053350e+002  1.1148960e+002  1.1346170e+002  1.1517460e+002  1.1261110e+002  1.0297490e+002  9.0291840e+001  8.0779560e+001  7.0378450e+001  5.6471230e+001  3.5026940e+001  1.8820050e+001  1.2496120e+001  9.1452870e+000  0.0000000e+000  0.0000000e+000  3.3271290e+000  3.4346350e+000  4.0355070e+000  0.0000000e+000  0.0000000e+000  6.5539970e+000  6.5895730e+000  0.0000000e+000  0.0000000e+000  0.0000000e+000  0.0000000e+000  0.0000000e+000  0.0000000e+000  3.5234760e+001  5.5832510e+001  6.5261680e+001  7.4139330e+001  8.8172620e+001  1.0570910e+002  1.1679390e+002  1.2187060e+002  1.2540810e+002  1.2311940e+002  1.1714330e+002  1.1461920e+002  1.1807570e+002  1.2125920e+002  1.1501720e+002  1.0963400e+002  1.0818220e+002  1.0705930e+002  1.0387630e+002  9.4570370e+001  8.7816580e+001  8.4776540e+001  7.7917440e+001  6.8296720e+001  6.1854900e+001  5.8161960e+001  4.8763620e+001  3.5186510e+001  2.8659230e+001  3.1500610e+001  3.3920590e+001  3.4345840e+001  3.4934850e+001  2.8727740e+001  2.1804590e+001  2.0218560e+001  1.9377740e+001  1.6138480e+001  1.2019210e+001  8.5996480e+000  3.7157860e+000  2.0000000e+000  0.0000000e+000  0.0000000e+000  0.0000000e+000  0.0000000e+000  0.0000000e+000  0.0000000e+000  0.0000000e+000  0.0000000e+000  0.0000000e+000  0.0000000e+000  0.0000000e+000  0.0000000e+000  0.0000000e+000  0.0000000e+000  0.0000000e+000  0.0000000e+000  0.0000000e+000  0.0000000e+000  0.0000000e+000  0.0000000e+000  0.0000000e+000  0.0000000e+000  0.0000000e+000  0.0000000e+000  0.0000000e+000  0.0000000e+000  0.0000000e+000  0.0000000e+000  0.0000000e+000  0.0000000e+000  0.0000000e+000  0.0000000e+000  0.0000000e+000  0.0000000e+000  0.0000000e+000  0.0000000e+000  0.0000000e+000  0.0000000e+000  0.0000000e+000  0.0000000e+000
  4.1204750e+006  6.0608270e+002  6.1029550e+002  6.1483170e+002  6.1927860e+002  6.2295210e+002  6.2524450e+002  6.2575040e+002  6.2421800e+002  6.2020350e+002  6.1265450e+002  5.9905630e+002  5.7569180e+002  5.3954600e+002  4.9312740e+002  4.4751420e+002  4.1484560e+002  3.9684770e+002  3.8373020e+002  3.6013670e+002  3.2376180e+002  2.9854380e+002  2.5912450e+002  2.1722150e+002  1.9435650e+002  1.7595850e+002  1.6256530e+002  1.5549610e+002  1.4189620e+002  1.2495950e+002  1.1273900e+002  1.0939800e+002  1.0900620e+002  1.0855790e+002  1.0641190e+002  9.7544170e+001  8.5031750e+001  7.5274070e+001  6.8473790e+001  6.0661460e+001  4.5194230e+001  2.0632240e+001  1.0510350e+001  0.0000000e+000  0.0000000e+000  0.0000000e+000  0.0000000e+000  0.0000000e+000  0.0000000e+000  0.0000000e+000  0.0000000e+000  0.0000000e+000  0.0000000e+000  0.0000000e+000  0.0000000e+000  0.0000000e+000  0.0000000e+000  0.0000000e+000  0.0000000e+000  0.0000000e+000  0.0000000e+000  4.4474140e+001  6.0276560e+001  7.1531420e+001  8.8738070e+001  1.0598790e+002  1.1479720e+002  1.2076230e+002  1.2808270e+002  1.2938460e+002  1.2402660e+002  1.1743780e+002  1.1684030e+002  1.1901020e+002  1.1334760e+002  1.0797510e+002  1.0550630e+002  1.0286280e+002  9.8439880e+001  8.8328960e+001  8.0473390e+001  7.6669990e+001  7.2018840e+001  6.5884850e+001  6.1244530e+001  5.7213290e+001  4.5169340e+001  3.0913680e+001  2.7143860e+001  2.9254280e+001  2.7682400e+001  2.9333720e+001  3.3141230e+001  2.5325290e+001  1.7191380e+001  1.4698270e+001  1.3273560e+001  1.1244650e+001  9.2054440e+000  6.1749610e+000  9.1426800e-001  0.0000000e+000  0.0000000e+000  0.0000000e+000  0.0000000e+000  0.0000000e+000  0.0000000e+000  0.0000000e+000  0.0000000e+000  0.0000000e+000  0.0000000e+000  0.0000000e+000  0.0000000e+000  0.0000000e+000  0.0000000e+000  0.0000000e+000  0.0000000e+000  0.0000000e+000  0.0000000e+000  0.0000000e+000  0.0000000e+000  0.0000000e+000  0.0000000e+000  0.0000000e+000  0.0000000e+000  0.0000000e+000  0.0000000e+000  0.0000000e+000  0.0000000e+000  0.0000000e+000  0.0000000e+000  0.0000000e+000  0.0000000e+000  0.0000000e+000  0.0000000e+000  0.0000000e+000  0.0000000e+000  0.0000000e+000  0.0000000e+000  0.0000000e+000  0.0000000e+000  0.0000000e+000
  4.1205250e+006  5.9759320e+002  6.0090560e+002  6.0505270e+002  6.0926630e+002  6.1248210e+002  6.1401100e+002  6.1346740e+002  6.1026110e+002  6.0349660e+002  5.9191420e+002  5.7366920e+002  5.4662890e+002  5.0995330e+002  4.6746200e+002  4.3037780e+002  4.1004520e+002  4.0334740e+002  3.9604280e+002  3.7376440e+002  3.3803840e+002  3.0358910e+002  2.5959980e+002  2.1513480e+002  1.8687750e+002  1.6955620e+002  1.6040620e+002  1.5279660e+002  1.3942780e+002  1.2375380e+002  1.1239230e+002  1.0824180e+002  1.0391040e+002  9.8747800e+001  9.3869870e+001  8.5403740e+001  7.4501880e+001  6.6410100e+001  5.9873800e+001  4.6289530e+001  2.3947140e+001  0.0000000e+000  0.0000000e+000  0.0000000e+000  0.0000000e+000  0.0000000e+000  0.0000000e+000  0.0000000e+000  0.0000000e+000  0.0000000e+000  0.0000000e+000  0.0000000e+000  0.0000000e+000  0.0000000e+000  0.0000000e+000  0.0000000e+000  0.0000000e+000  0.0000000e+000  0.0000000e+000  0.0000000e+000  0.0000000e+000  0.0000000e+000  4.3751650e+001  5.7433110e+001  7.9238990e+001  9.9040420e+001  1.0800690e+002  1.1486560e+002  1.2414230e+002  1.2810420e+002  1.2550530e+002  1.1953860e+002  1.1792700e+002  1.1916370e+002  1.1499090e+002  1.0934570e+002  1.0519700e+002  1.0153310e+002  9.6520570e+001  8.6680180e+001  7.8387220e+001  7.3504630e+001  6.9532870e+001  6.5436330e+001  6.2025310e+001  5.8379230e+001  4.9970160e+001  4.0307540e+001  3.6457370e+001  3.6871500e+001  3.1197350e+001  3.2323040e+001  3.6225980e+001  2.8535120e+001  1.8808570e+001  1.3579410e+001  1.0935050e+001  9.3755570e+000  7.2352410e+000  3.4835510e+000  0.0000000e+000  0.0000000e+000  0.0000000e+000  0.0000000e+000  0.0000000e+000  0.0000000e+000  0.0000000e+000  0.0000000e+000  0.0000000e+000  0.0000000e+000  0.0000000e+000  0.0000000e+000  0.0000000e+000  0.0000000e+000  0.0000000e+000  0.0000000e+000  0.0000000e+000  0.0000000e+000  0.0000000e+000  0.0000000e+000  0.0000000e+000  0.0000000e+000  0.0000000e+000  0.0000000e+000  0.0000000e+000  0.0000000e+000  0.0000000e+000  0.0000000e+000  0.0000000e+000  0.0000000e+000  0.0000000e+000  0.0000000e+000  0.0000000e+000  0.0000000e+000  0.0000000e+000  0.0000000e+000  0.0000000e+000  0.0000000e+000  0.0000000e+000  0.0000000e+000  0.0000000e+000  0.0000000e+000
  4.1205750e+006  5.9121220e+002  5.9328040e+002  5.9698600e+002  6.0098910e+002  6.0371210e+002  6.0441550e+002  6.0295700e+002  5.9844220e+002  5.8955060e+002  5.7522300e+002  5.5432970e+002  5.2573460e+002  4.8954250e+002  4.4984500e+002  4.1765730e+002  4.0369380e+002  4.0239000e+002  3.9878650e+002  3.7948010e+002  3.4414660e+002  3.0318410e+002  2.5961770e+002  2.1426010e+002  1.8235480e+002  1.6476200e+002  1.5764220e+002  1.4916880e+002  1.3632380e+002  1.2233410e+002  1.1225450e+002  1.0738470e+002  9.7595540e+001  8.6593550e+001  7.9473200e+001  7.3026600e+001  6.6646350e+001  6.0841900e+001  4.9433880e+001  2.5026480e+001  1.1560220e+001  0.0000000e+000  0.0000000e+000  0.0000000e+000  0.0000000e+000  0.0000000e+000  0.0000000e+000  0.0000000e+000  0.0000000e+000  0.0000000e+000  0.0000000e+000  0.0000000e+000  0.0000000e+000  0.0000000e+000  0.0000000e+000  0.0000000e+000  0.0000000e+000  0.0000000e+000  0.0000000e+000  0.0000000e+000  0.0000000e+000  0.0000000e+000  0.0000000e+000  2.6672210e+001  5.4012920e+001  7.9814220e+001  8.9007490e+001  9.5310090e+001  1.0702550e+002  1.1524350e+002  1.1930200e+002  1.1839100e+002  1.1816630e+002  1.1897910e+002  1.1660530e+002  1.1143330e+002  1.0661930e+002  1.0244280e+002  9.6730830e+001  8.6608600e+001  7.7874980e+001  7.2557980e+001  6.9088020e+001  6.6044730e+001  6.3008130e+001  5.9869810e+001  5.6339960e+001  5.1989620e+001  4.7714960e+001  4.8429520e+001  4.0963570e+001  4.0437970e+001  3.9829250e+001  3.0108120e+001  1.9950920e+001  1.3804760e+001  1.0335000e+001  7.9917340e+000  5.0575030e+000  8.9518400e-001  0.0000000e+000  0.0000000e+000  0.0000000e+000  0.0000000e+000  0.0000000e+000  0.0000000e+000  0.0000000e+000  0.0000000e+000  0.0000000e+000  0.0000000e+000  0.0000000e+000  0.0000000e+000  0.0000000e+000  0.0000000e+000  0.0000000e+000  0.0000000e+000  0.0000000e+000  0.0000000e+000  0.0000000e+000  0.0000000e+000  0.0000000e+000  0.0000000e+000  0.0000000e+000  0.0000000e+000  0.0000000e+000  0.0000000e+000  0.0000000e+000  0.0000000e+000  0.0000000e+000  0.0000000e+000  0.0000000e+000  0.0000000e+000  0.0000000e+000  0.0000000e+000  0.0000000e+000  0.0000000e+000  0.0000000e+000  0.0000000e+000  0.0000000e+000  0.0000000e+000  0.0000000e+000  0.0000000e+000
  4.1206250e+006  5.8784540e+002  5.8870290e+002  5.9173760e+002  5.9515440e+002  5.9711260e+002  5.9685890e+002  5.9487290e+002  5.8975620e+002  5.7956040e+002  5.6380260e+002  5.4223750e+002  5.1443100e+002  4.8105840e+002  4.4602110e+002  4.1805820e+002  4.0506740e+002  4.0303650e+002  4.0043900e+002  3.8404880e+002  3.5069350e+002  3.0952390e+002  2.6419170e+002  2.1497530e+002  1.8079310e+002  1.6256480e+002  1.5387830e+002  1.4501630e+002  1.3360430e+002  1.2140090e+002  1.1172620e+002  1.0445260e+002  8.9690000e+001  7.5039410e+001  6.7587670e+001  6.3060510e+001  5.9412570e+001  5.2428210e+001  3.4949680e+001  1.4975160e+001  7.7784960e+000  0.0000000e+000  0.0000000e+000  0.0000000e+000  0.0000000e+000  0.0000000e+000  0.0000000e+000  0.0000000e+000  0.0000000e+000  0.0000000e+000  0.0000000e+000  0.0000000e+000  0.0000000e+000  0.0000000e+000  0.0000000e+000  0.0000000e+000  0.0000000e+000  0.0000000e+000  0.0000000e+000  0.0000000e+000  0.0000000e+000  0.0000000e+000  0.0000000e+000  0.0000000e+000  0.0000000e+000  4.9547280e+001  6.1130640e+001  6.8829770e+001  8.1222050e+001  9.4869020e+001  1.0894430e+002  1.1355370e+002  1.1324490e+002  1.1418910e+002  1.1432180e+002  1.1105170e+002  1.0790140e+002  1.0434700e+002  9.7563980e+001  8.6361930e+001  7.7263240e+001  7.2271000e+001  6.9718790e+001  6.7455980e+001  6.4257650e+001  5.9867730e+001  5.5019580e+001  5.0334930e+001  4.7918210e+001  5.2322760e+001  4.6898800e+001  4.4562870e+001  3.8167640e+001  2.6055210e+001  1.8014930e+001  1.3430510e+001  1.0006260e+001  6.7450100e+000  2.9799880e+000  0.0000000e+000  0.0000000e+000  0.0000000e+000  0.0000000e+000  0.0000000e+000  0.0000000e+000  0.0000000e+000  0.0000000e+000  0.0000000e+000  0.0000000e+000  0.0000000e+000  0.0000000e+000  0.0000000e+000  0.0000000e+000  0.0000000e+000  0.0000000e+000  0.0000000e+000  0.0000000e+000  0.0000000e+000  0.0000000e+000  0.0000000e+000  0.0000000e+000  0.0000000e+000  0.0000000e+000  0.0000000e+000  0.0000000e+000  0.0000000e+000  0.0000000e+000  0.0000000e+000  0.0000000e+000  0.0000000e+000  0.0000000e+000  0.0000000e+000  0.0000000e+000  0.0000000e+000  0.0000000e+000  0.0000000e+000  0.0000000e+000  0.0000000e+000  0.0000000e+000  0.0000000e+000  0.0000000e+000  0.0000000e+000
  4.1206750e+006  5.8769610e+002  5.8768440e+002  5.8939980e+002  5.9139480e+002  5.9239180e+002  5.9133710e+002  5.8942070e+002  5.8432100e+002  5.7325450e+002  5.5704430e+002  5.3645000e+002  5.1117170e+002  4.8199390e+002  4.5242850e+002  4.2833980e+002  4.1425440e+002  4.0837010e+002  4.0338510e+002  3.8740600e+002  3.5566230e+002  3.1560620e+002  2.6832810e+002  2.1575330e+002  1.8036600e+002  1.6166530e+002  1.5105620e+002  1.4193810e+002  1.3200420e+002  1.2121410e+002  1.1004940e+002  9.7093980e+001  7.9438740e+001  6.5534460e+001  6.0925090e+001  5.8207530e+001  5.1488680e+001  3.7975940e+001  1.9364900e+001  9.8715710e+000  0.0000000e+000  0.0000000e+000  0.0000000e+000  0.0000000e+000  0.0000000e+000  0.0000000e+000  0.0000000e+000  0.0000000e+000  0.0000000e+000  0.0000000e+000  0.0000000e+000  0.0000000e+000  0.0000000e+000  0.0000000e+000  0.0000000e+000  0.0000000e+000  0.0000000e+000  0.0000000e+000  0.0000000e+000  0.0000000e+000  0.0000000e+000  0.0000000e+000  0.0000000e+000  0.0000000e+000  0.0000000e+000  0.0000000e+000  3.4623120e+001  4.9733940e+001  6.2747910e+001  7.5271730e+001  9.2740800e+001  1.0185890e+002  1.0435430e+002  1.0930150e+002  1.1202160e+002  1.0924170e+002  1.0849340e+002  1.0796370e+002  1.0099070e+002  8.7943440e+001  7.7234410e+001  7.2469290e+001  7.1337550e+001  6.9821670e+001  6.6003700e+001  5.8496480e+001  4.6129630e+001  3.4759880e+001  3.4879140e+001  4.3238590e+001  3.8211360e+001  3.3916760e+001  2.8133670e+001  2.0098680e+001  1.6470100e+001  1.3490330e+001  9.8536610e+000  5.6854250e+000  0.0000000e+000  0.0000000e+000  0.0000000e+000  0.0000000e+000  0.0000000e+000  0.0000000e+000  0.0000000e+000  0.0000000e+000  0.0000000e+000  0.0000000e+000  0.0000000e+000  0.0000000e+000  0.0000000e+000  0.0000000e+000  0.0000000e+000  0.0000000e+000  0.0000000e+000  0.0000000e+000  0.0000000e+000  0.0000000e+000  0.0000000e+000  0.0000000e+000  0.0000000e+000  0.0000000e+000  0.0000000e+000  0.0000000e+000  0.0000000e+000  0.0000000e+000  0.0000000e+000  0.0000000e+000  0.0000000e+000  0.0000000e+000  0.0000000e+000  0.0000000e+000  0.0000000e+000  0.0000000e+000  0.0000000e+000  0.0000000e+000  0.0000000e+000  0.0000000e+000  0.0000000e+000  0.0000000e+000  0.0000000e+000  0.0000000e+000
  4.1207250e+006  5.8902870e+002  5.8815110e+002  5.8765370e+002  5.8760620e+002  5.8835470e+002  5.8778250e+002  5.8642650e+002  5.8100270e+002  5.6872130e+002  5.5286790e+002  5.3474930e+002  5.1295700e+002  4.8776860e+002  4.6274740e+002  4.4199110e+002  4.2744500e+002  4.1752430e+002  4.0742790e+002  3.8943990e+002  3.5985390e+002  3.2168200e+002  2.7236540e+002  2.1651310e+002  1.8010310e+002  1.6121440e+002  1.4955820e+002  1.4029650e+002  1.3139600e+002  1.2149260e+002  1.0851880e+002  9.0342770e+001  7.1638720e+001  6.1594620e+001  5.8566060e+001  5.5546100e+001  4.6736400e+001  3.0633580e+001  1.3714660e+001  0.0000000e+000  0.0000000e+000  0.0000000e+000  0.0000000e+000  0.0000000e+000  0.0000000e+000  0.0000000e+000  0.0000000e+000  0.0000000e+000  0.0000000e+000  0.0000000e+000  0.0000000e+000  0.0000000e+000  0.0000000e+000  0.0000000e+000  0.0000000e+000  0.0000000e+000  0.0000000e+000  0.0000000e+000  0.0000000e+000  0.0000000e+000  0.0000000e+000  0.0000000e+000  0.0000000e+000  0.0000000e+000  0.0000000e+000  0.0000000e+000  0.0000000e+000  0.0000000e+000  4.4334720e+001  5.4690980e+001  6.7568900e+001  7.8864770e+001  8.8660460e+001  1.0539760e+002  1.1113710e+002  1.0567900e+002  1.0466680e+002  1.0828940e+002  1.0379380e+002  9.0165660e+001  7.7388690e+001  7.3102730e+001  7.4329470e+001  7.3091450e+001  6.7880620e+001  5.8161020e+001  4.2386920e+001  2.8372060e+001  2.9673260e+001  3.5753280e+001  2.8098990e+001  2.2622700e+001  2.1939340e+001  2.1281990e+001  1.9659320e+001  1.5038890e+001  9.9517140e+000  4.8334580e+000  0.0000000e+000  0.0000000e+000  0.0000000e+000  0.0000000e+000  0.0000000e+000  0.0000000e+000  0.0000000e+000  0.0000000e+000  0.0000000e+000  0.0000000e+000  0.0000000e+000  0.0000000e+000  0.0000000e+000  0.0000000e+000  0.0000000e+000  0.0000000e+000  0.0000000e+000  0.0000000e+000  0.0000000e+000  0.0000000e+000  0.0000000e+000  0.0000000e+000  0.0000000e+000  0.0000000e+000  0.0000000e+000  0.0000000e+000  0.0000000e+000  0.0000000e+000  0.0000000e+000  0.0000000e+000  0.0000000e+000  0.0000000e+000  0.0000000e+000  0.0000000e+000  0.0000000e+000  0.0000000e+000  0.0000000e+000  0.0000000e+000  0.0000000e+000  0.0000000e+000  0.0000000e+000  0.0000000e+000  0.0000000e+000  0.0000000e+000
  4.1207750e+006  5.8966380e+002  5.8815000e+002  5.8546550e+002  5.8359140e+002  5.8489620e+002  5.8577250e+002  5.8385610e+002  5.7623360e+002  5.6240360e+002  5.4852840e+002  5.3473950e+002  5.1681520e+002  4.9428050e+002  4.7221780e+002  4.5402960e+002  4.3929560e+002  4.2609950e+002  4.1264680e+002  3.9592080e+002  3.7205580e+002  3.3601310e+002  2.8121710e+002  2.1862980e+002  1.8038990e+002  1.6108310e+002  1.4879580e+002  1.3951720e+002  1.3134610e+002  1.2195340e+002  1.0772880e+002  8.6123850e+001  6.6280510e+001  5.9593390e+001  5.7640360e+001  5.4579360e+001  4.5921480e+001  2.9158860e+001  1.2739730e+001  0.0000000e+000  0.0000000e+000  0.0000000e+000  0.0000000e+000  0.0000000e+000  0.0000000e+000  0.0000000e+000  0.0000000e+000  0.0000000e+000  0.0000000e+000  0.0000000e+000  0.0000000e+000  0.0000000e+000  0.0000000e+000  0.0000000e+000  0.0000000e+000  0.0000000e+000  0.0000000e+000  0.0000000e+000  0.0000000e+000  0.0000000e+000  0.0000000e+000  0.0000000e+000  0.0000000e+000  0.0000000e+000  0.0000000e+000  0.0000000e+000  0.0000000e+000  0.0000000e+000  0.0000000e+000  2.3233990e+001  4.4147900e+001  5.5288190e+001  6.9799630e+001  9.3133990e+001  9.9065160e+001  9.3569110e+001  9.1621900e+001  9.7357330e+001  9.8133850e+001  8.7695710e+001  7.5144030e+001  7.2270990e+001  7.7147170e+001  7.5997900e+001  6.9186400e+001  5.9831440e+001  4.8826590e+001  3.8785740e+001  3.8963990e+001  3.9462890e+001  2.6580670e+001  1.8363550e+001  2.0445730e+001  2.3831140e+001  2.1043500e+001  1.4655060e+001  9.5443310e+000  4.0874440e+000  0.0000000e+000  0.0000000e+000  0.0000000e+000  0.0000000e+000  0.0000000e+000  0.0000000e+000  0.0000000e+000  0.0000000e+000  0.0000000e+000  0.0000000e+000  0.0000000e+000  0.0000000e+000  0.0000000e+000  0.0000000e+000  0.0000000e+000  0.0000000e+000  0.0000000e+000  0.0000000e+000  0.0000000e+000  0.0000000e+000  0.0000000e+000  0.0000000e+000  0.0000000e+000  0.0000000e+000  0.0000000e+000  0.0000000e+000  0.0000000e+000  0.0000000e+000  0.0000000e+000  0.0000000e+000  0.0000000e+000  0.0000000e+000  0.0000000e+000  0.0000000e+000  0.0000000e+000  0.0000000e+000  0.0000000e+000  0.0000000e+000  0.0000000e+000  0.0000000e+000  0.0000000e+000  0.0000000e+000  0.0000000e+000  0.0000000e+000
  4.1208250e+006  5.8873940e+002  5.8773270e+002  5.8494690e+002  5.8246030e+002  5.8335470e+002  5.8283680e+002  5.7623440e+002  5.6417610e+002  5.5097950e+002  5.4241820e+002  5.3449080e+002  5.1968830e+002  4.9776620e+002  4.7766860e+002  4.6205080e+002  4.4678330e+002  4.3028760e+002  4.1660890e+002  4.0573400e+002  3.9082340e+002  3.5748270e+002  2.9635590e+002  2.2853050e+002  1.8616670e+002  1.6227790e+002  1.4875990e+002  1.3965910e+002  1.3218770e+002  1.2300040e+002  1.0813640e+002  8.6037780e+001  6.4854690e+001  5.7677150e+001  5.5417650e+001  5.2125730e+001  4.3988400e+001  2.7532160e+001  1.2196970e+001  0.0000000e+000  0.0000000e+000  0.0000000e+000  0.0000000e+000  0.0000000e+000  0.0000000e+000  0.0000000e+000  0.0000000e+000  0.0000000e+000  0.0000000e+000  0.0000000e+000  0.0000000e+000  0.0000000e+000  0.0000000e+000  0.0000000e+000  0.0000000e+000  0.0000000e+000  0.0000000e+000  0.0000000e+000  0.0000000e+000  0.0000000e+000  0.0000000e+000  0.0000000e+000  0.0000000e+000  0.0000000e+000  0.0000000e+000  0.0000000e+000  0.0000000e+000  0.0000000e+000  0.0000000e+000  0.0000000e+000  1.1830540e+001  2.2844950e+001  4.5794910e+001  6.0849740e+001  6.6935490e+001  7.2244480e+001  7.5995110e+001  8.3609210e+001  8.7820770e+001  8.0993210e+001  6.9392020e+001  6.6212320e+001  7.3750080e+001  7.5274540e+001  6.9586800e+001  6.2171470e+001  5.6404540e+001  4.8894450e+001  4.6340800e+001  4.3578180e+001  2.7860170e+001  1.7416780e+001  1.9379240e+001  2.3013090e+001  1.8882010e+001  1.2217860e+001  7.9865040e+000  0.0000000e+000  0.0000000e+000  0.0000000e+000  0.0000000e+000  0.0000000e+000  0.0000000e+000  0.0000000e+000  0.0000000e+000  0.0000000e+000  0.0000000e+000  0.0000000e+000  0.0000000e+000  0.0000000e+000  0.0000000e+000  0.0000000e+000  0.0000000e+000  0.0000000e+000  0.0000000e+000  0.0000000e+000  0.0000000e+000  0.0000000e+000  0.0000000e+000  0.0000000e+000  0.0000000e+000  0.0000000e+000  0.0000000e+000  0.0000000e+000  0.0000000e+000  0.0000000e+000  0.0000000e+000  0.0000000e+000  0.0000000e+000  0.0000000e+000  0.0000000e+000  0.0000000e+000  0.0000000e+000  0.0000000e+000  0.0000000e+000  0.0000000e+000  0.0000000e+000  0.0000000e+000  0.0000000e+000  0.0000000e+000  0.0000000e+000  0.0000000e+000
  4.1208750e+006  5.8805490e+002  5.8765960e+002  5.8580120e+002  5.8349870e+002  5.8291960e+002  5.7791050e+002  5.6333320e+002  5.4632220e+002  5.3719320e+002  5.3579010e+002  5.3219640e+002  5.1780130e+002  4.9504200e+002  4.7802470e+002  4.6720430e+002  4.5269550e+002  4.3268360e+002  4.1880220e+002  4.1316410e+002  4.0541670e+002  3.7518870e+002  3.1440450e+002  2.5248870e+002  2.0170320e+002  1.6635850e+002  1.5120380e+002  1.4240940e+002  1.3612720e+002  1.2794220e+002  1.1315240e+002  9.1170490e+001  6.6191280e+001  5.6840080e+001  5.1725250e+001  4.4462240e+001  3.4216970e+001  2.0954560e+001  1.0389220e+001  0.0000000e+000  0.0000000e+000  0.0000000e+000  0.0000000e+000  0.0000000e+000  0.0000000e+000  0.0000000e+000  0.0000000e+000  0.0000000e+000  0.0000000e+000  0.0000000e+000  0.0000000e+000  0.0000000e+000  0.0000000e+000  0.0000000e+000  0.0000000e+000  0.0000000e+000  0.0000000e+000  0.0000000e+000  0.0000000e+000  0.0000000e+000  0.0000000e+000  0.0000000e+000  0.0000000e+000  0.0000000e+000  0.0000000e+000  0.0000000e+000  0.0000000e+000  0.0000000e+000  0.0000000e+000  0.0000000e+000  0.0000000e+000  2.0000000e+000  1.5308600e+001  2.9394340e+001  4.2199360e+001  5.6220090e+001  6.3582370e+001  7.0067960e+001  7.3803470e+001  7.1143010e+001  6.4708190e+001  6.1759650e+001  6.9412050e+001  7.4420990e+001  7.1521960e+001  6.5201470e+001  5.8965900e+001  5.0854510e+001  4.5577930e+001  4.1727390e+001  2.8108380e+001  1.7909190e+001  1.7899090e+001  1.8907960e+001  1.5025520e+001  1.0035640e+001  4.9023590e+000  0.0000000e+000  0.0000000e+000  0.0000000e+000  0.0000000e+000  0.0000000e+000  0.0000000e+000  0.0000000e+000  0.0000000e+000  0.0000000e+000  0.0000000e+000  0.0000000e+000  0.0000000e+000  0.0000000e+000  0.0000000e+000  0.0000000e+000  0.0000000e+000  0.0000000e+000  0.0000000e+000  0.0000000e+000  0.0000000e+000  0.0000000e+000  0.0000000e+000  0.0000000e+000  0.0000000e+000  0.0000000e+000  0.0000000e+000  0.0000000e+000  0.0000000e+000  0.0000000e+000  0.0000000e+000  0.0000000e+000  0.0000000e+000  0.0000000e+000  0.0000000e+000  0.0000000e+000  0.0000000e+000  0.0000000e+000  0.0000000e+000  0.0000000e+000  0.0000000e+000  0.0000000e+000  0.0000000e+000  0.0000000e+000  0.0000000e+000  0.0000000e+000
  4.1209250e+006  5.8615860e+002  5.8617820e+002  5.8601240e+002  5.8514560e+002  5.8374990e+002  5.7509470e+002  5.5504460e+002  5.3540970e+002  5.2899670e+002  5.3077260e+002  5.2718090e+002  5.1107610e+002  4.8848680e+002  4.7594160e+002  4.7093960e+002  4.5863940e+002  4.3596170e+002  4.2036060e+002  4.1540740e+002  4.0858670e+002  3.8022790e+002  3.2363240e+002  2.6313130e+002  2.1158390e+002  1.7633350e+002  1.6163160e+002  1.5088070e+002  1.4605770e+002  1.4117190e+002  1.2782860e+002  1.0235420e+002  7.0748310e+001  5.8094570e+001  4.8543750e+001  3.5600700e+001  2.2447070e+001  1.3020390e+001  7.5621680e+000  0.0000000e+000  0.0000000e+000  0.0000000e+000  0.0000000e+000  0.0000000e+000  0.0000000e+000  0.0000000e+000  0.0000000e+000  0.0000000e+000  0.0000000e+000  0.0000000e+000  0.0000000e+000  0.0000000e+000  0.0000000e+000  0.0000000e+000  0.0000000e+000  0.0000000e+000  0.0000000e+000  0.0000000e+000  0.0000000e+000  0.0000000e+000  0.0000000e+000  0.0000000e+000  0.0000000e+000  0.0000000e+000  0.0000000e+000  0.0000000e+000  0.0000000e+000  0.0000000e+000  0.0000000e+000  0.0000000e+000  0.0000000e+000  0.0000000e+000  0.0000000e+000  0.0000000e+000  0.0000000e+000  4.1996780e+001  5.3032800e+001  5.7873510e+001  6.0695050e+001  6.2081500e+001  6.1910060e+001  6.3856910e+001  7.2500020e+001  7.8495140e+001  7.5629820e+001  6.8352400e+001  5.9624890e+001  4.9591400e+001  4.1596310e+001  3.7838290e+001  2.7501190e+001  1.8301590e+001  1.6679470e+001  1.5314010e+001  1.1605150e+001  7.8101120e+000  1.3043820e+000  0.0000000e+000  0.0000000e+000  0.0000000e+000  0.0000000e+000  0.0000000e+000  0.0000000e+000  0.0000000e+000  0.0000000e+000  0.0000000e+000  0.0000000e+000  0.0000000e+000  0.0000000e+000  0.0000000e+000  0.0000000e+000  0.0000000e+000  0.0000000e+000  0.0000000e+000  0.0000000e+000  0.0000000e+000  0.0000000e+000  0.0000000e+000  0.0000000e+000  0.0000000e+000  0.0000000e+000  0.0000000e+000  0.0000000e+000  0.0000000e+000  0.0000000e+000  0.0000000e+000  0.0000000e+000  0.0000000e+000  0.0000000e+000  0.0000000e+000  0.0000000e+000  0.0000000e+000  0.0000000e+000  0.0000000e+000  0.0000000e+000  0.0000000e+000  0.0000000e+000  0.0000000e+000  0.0000000e+000  0.0000000e+000  0.0000000e+000  0.0000000e+000
  4.1209750e+006  5.7643540e+002  5.7830310e+002  5.8330820e+002  5.8552020e+002  5.8329170e+002  5.7203700e+002  5.4978300e+002  5.2937990e+002  5.2285710e+002  5.2398220e+002  5.1934560e+002  5.0405210e+002  4.8477810e+002  4.7551360e+002  4.7286050e+002  4.6137950e+002  4.3750140e+002  4.2090660e+002  4.1525260e+002  4.0754800e+002  3.8192010e+002  3.3251320e+002  2.7396290e+002  2.2569490e+002  2.0098060e+002  1.8466680e+002  1.6987280e+002  1.6204700e+002  1.5569110e+002  1.4099840e+002  1.0999440e+002  7.7915210e+001  6.0261860e+001  4.6774680e+001  2.9974580e+001  1.5258980e+001  9.6457790e+000  6.8695640e+000  0.0000000e+000  0.0000000e+000  0.0000000e+000  0.0000000e+000  0.0000000e+000  0.0000000e+000  0.0000000e+000  0.0000000e+000  0.0000000e+000  0.0000000e+000  0.0000000e+000  0.0000000e+000  0.0000000e+000  0.0000000e+000  0.0000000e+000  0.0000000e+000  0.0000000e+000  0.0000000e+000  0.0000000e+000  0.0000000e+000  0.0000000e+000  0.0000000e+000  0.0000000e+000  0.0000000e+000  0.0000000e+000  0.0000000e+000  0.0000000e+000  0.0000000e+000  0.0000000e+000  0.0000000e+000  0.0000000e+000  0.0000000e+000  0.0000000e+000  0.0000000e+000  0.0000000e+000  0.0000000e+000  0.0000000e+000  3.3742940e+001  4.0996300e+001  4.8891300e+001  5.6501990e+001  6.0320560e+001  6.3937930e+001  7.1864060e+001  8.0301510e+001  7.7915470e+001  7.0975880e+001  6.2084030e+001  5.3243680e+001  4.4653540e+001  3.7461630e+001  2.6448110e+001  1.7738200e+001  1.5971930e+001  1.4020460e+001  1.0035330e+001  4.8315890e+000  0.0000000e+000  0.0000000e+000  0.0000000e+000  0.0000000e+000  0.0000000e+000  0.0000000e+000  0.0000000e+000  0.0000000e+000  0.0000000e+000  0.0000000e+000  0.0000000e+000  0.0000000e+000  0.0000000e+000  0.0000000e+000  0.0000000e+000  0.0000000e+000  0.0000000e+000  0.0000000e+000  0.0000000e+000  0.0000000e+000  0.0000000e+000  0.0000000e+000  0.0000000e+000  0.0000000e+000  0.0000000e+000  0.0000000e+000  0.0000000e+000  0.0000000e+000  0.0000000e+000  0.0000000e+000  0.0000000e+000  0.0000000e+000  0.0000000e+000  0.0000000e+000  0.0000000e+000  0.0000000e+000  0.0000000e+000  0.0000000e+000  0.0000000e+000  0.0000000e+000  0.0000000e+000  0.0000000e+000  0.0000000e+000  0.0000000e+000  0.0000000e+000  0.0000000e+000
