RGIId,name_1,elevation_band,mid_date,spatial_median_speed_m_yr,valid_pixels,month
RGI60-19.00005,Stephenson,whole,2016-08-08 14:19:23.401984000,359.33966,325,2016-08-01
RGI60-19.00005,Stephenson,whole,2016-08-20 14:19:23.917585920,367.7839,257,2016-08-01
RGI60-19.00005,Stephenson,whole,2016-09-01 14:19:24.380167936,341.9101,254,2016-09-01
RGI60-19.00005,Stephenson,whole,2016-09-13 14:19:24.833501696,404.55115,272,2016-09-01
RGI60-19.00005,Stephenson,whole,2016-09-25 14:19:25.243674880,332.58078,250,2016-09-01
RGI60-19.00005,Stephenson,whole,2016-10-07 14:19:25.377327104,375.22528,185,2016-10-01
RGI60-19.00005,Stephenson,whole,2016-10-19 14:19:25.406363904,388.4346,268,2016-10-01
RGI60-19.00005,Stephenson,whole,2016-10-31 14:19:25.349842944,319.08228,274,2016-10-01
RGI60-19.00005,Stephenson,whole,2016-11-12 14:19:23.778163968,303.48807,295,2016-11-01
RGI60-19.00005,Stephenson,whole,2016-11-24 14:19:23.512865280,282.84625,197,2016-11-01
RGI60-19.00005,Stephenson,whole,2016-12-06 14:19:23.160400896,366.46313,238,2016-12-01
RGI60-19.00005,Stephenson,whole,2016-12-18 14:19:21.404576000,430.56476,359,2016-12-01
RGI60-19.00005,Stephenson,whole,2016-12-30 14:19:20.396610304,351.2069,254,2016-12-01
RGI60-19.00005,Stephenson,whole,2017-01-11 14:19:19.384711936,368.77222,216,2017-01-01
RGI60-19.00005,Stephenson,whole,2017-01-23 14:19:19.120616960,400.40604,277,2017-01-01
RGI60-19.00005,Stephenson,whole,2017-03-12 14:19:18.739416064,286.17578,310,2017-03-01
RGI60-19.00005,Stephenson,whole,2017-03-24 14:19:19.007155200,272.00183,287,2017-03-01
RGI60-19.00005,Stephenson,whole,2017-04-05 14:19:19.400218880,304.32953,314,2017-04-01
RGI60-19.00005,Stephenson,whole,2017-04-17 14:19:19.964559104,291.23358,193,2017-04-01
RGI60-19.00005,Stephenson,whole,2017-04-29 14:19:20.615859968,323.68195,277,2017-04-01
RGI60-19.00005,Stephenson,whole,2017-05-11 14:19:21.265946112,303.4337,323,2017-05-01
RGI60-19.00005,Stephenson,whole,2017-05-23 14:19:21.823726848,369.14087,284,2017-05-01
RGI60-19.00005,Stephenson,whole,2017-06-04 14:19:22.511610112,319.70297,350,2017-06-01
RGI60-19.00005,Stephenson,whole,2017-06-16 14:19:23.276265984,350.34268,281,2017-06-01
RGI60-19.00005,Stephenson,whole,2017-06-28 14:19:23.868635904,355.94653,220,2017-06-01
RGI60-19.00005,Stephenson,whole,2017-07-10 14:19:24.504587008,353.4317,290,2017-07-01
RGI60-19.00005,Stephenson,whole,2017-07-22 14:19:25.308649984,299.08194,285,2017-07-01
RGI60-19.00005,Stephenson,whole,2017-08-03 14:19:26.003341056,399.81866,256,2017-08-01
RGI60-19.00005,Stephenson,whole,2017-08-15 14:19:26.570312704,416.35803,255,2017-08-01
RGI60-19.00005,Stephenson,whole,2017-08-27 14:19:27.138179072,419.6691,308,2017-08-01
RGI60-19.00005,Stephenson,whole,2017-09-08 14:19:27.628812032,371.16168,321,2017-09-01
RGI60-19.00005,Stephenson,whole,2017-09-20 14:19:27.986957056,309.5949,217,2017-09-01
RGI60-19.00005,Stephenson,whole,2017-10-02 14:19:28.268212992,317.05203,237,2017-10-01
RGI60-19.00005,Stephenson,whole,2017-10-14 14:19:28.466811904,411.14413,302,2017-10-01
RGI60-19.00005,Stephenson,whole,2017-10-26 14:19:28.558850816,388.51337,322,2017-10-01
RGI60-19.00005,Stephenson,whole,2017-11-07 14:19:28.400216064,404.8781,298,2017-11-01
RGI60-19.00005,Stephenson,whole,2017-11-19 14:19:28.126139904,258.125,172,2017-11-01
RGI60-19.00005,Stephenson,whole,2017-12-01 14:19:27.712507904,394.1269,271,2017-12-01
RGI60-19.00005,Stephenson,whole,2017-12-13 14:19:27.244506112,362.98898,269,2017-12-01
RGI60-19.00005,Stephenson,whole,2017-12-25 14:19:26.806458880,359.8569,273,2017-12-01
RGI60-19.00005,Stephenson,whole,2018-01-06 14:19:26.341627904,389.19724,332,2018-01-01
RGI60-19.00005,Stephenson,whole,2018-01-18 14:19:25.976069120,335.5093,298,2018-01-01
RGI60-19.00005,Stephenson,whole,2018-01-30 14:19:25.634458112,359.38977,337,2018-01-01
RGI60-19.00005,Stephenson,whole,2018-02-11 14:19:25.389374208,297.7045,342,2018-02-01
RGI60-19.00005,Stephenson,whole,2018-02-23 14:19:25.270537984,275.00906,304,2018-02-01
RGI60-19.00005,Stephenson,whole,2018-03-07 14:19:25.304898048,257.59442,356,2018-03-01
RGI60-19.00005,Stephenson,whole,2018-03-19 14:19:25.425864960,230.76611,385,2018-03-01
RGI60-19.00005,Stephenson,whole,2018-03-31 14:19:25.653227008,224.16287,390,2018-03-01
RGI60-19.00005,Stephenson,whole,2018-04-12 14:19:25.996848896,239.90881,298,2018-04-01
RGI60-19.00005,Stephenson,whole,2018-05-06 14:19:27.194672896,293.86554,356,2018-05-01
RGI60-19.00005,Stephenson,whole,2018-05-30 14:19:28.512496896,289.6636,299,2018-05-01
RGI60-19.00005,Stephenson,whole,2018-06-11 14:19:29.256151296,245.23418,168,2018-06-01
RGI60-19.00005,Stephenson,whole,2018-07-17 14:19:31.352168960,310.6919,310,2018-07-01
RGI60-19.00005,Stephenson,whole,2018-07-29 14:19:32.090274048,335.71567,265,2018-07-01
RGI60-19.00005,Stephenson,whole,2018-08-10 14:19:32.777369856,371.93683,255,2018-08-01
RGI60-19.00005,Stephenson,whole,2018-08-22 14:19:33.525530880,369.84766,216,2018-08-01
RGI60-19.00005,Stephenson,whole,2018-09-03 14:19:34.150326016,355.53687,258,2018-09-01
RGI60-19.00005,Stephenson,whole,2018-09-15 14:19:34.566413056,373.3872,339,2018-09-01
RGI60-19.00005,Stephenson,whole,2018-09-27 14:19:34.757455872,322.8379,302,2018-09-01
RGI60-19.00005,Stephenson,whole,2018-10-09 14:19:35.012593664,401.60834,286,2018-10-01
RGI60-19.00005,Stephenson,whole,2018-10-21 14:19:35.192508672,330.4618,329,2018-10-01
RGI60-19.00005,Stephenson,whole,2018-11-02 14:19:35.040560896,365.35052,277,2018-11-01
RGI60-19.00005,Stephenson,whole,2018-11-14 14:19:34.827130112,360.3863,284,2018-11-01
RGI60-19.00005,Stephenson,whole,2018-11-26 14:19:34.521798912,340.50934,292,2018-11-01
RGI60-19.00005,Stephenson,whole,2018-12-08 14:19:33.997232128,342.46167,227,2018-12-01
RGI60-19.00005,Stephenson,whole,2018-12-20 14:19:33.568711936,190.16647,146,2018-12-01
RGI60-19.00005,Stephenson,whole,2019-01-01 14:19:33.169639936,356.19427,312,2019-01-01
RGI60-19.00005,Stephenson,whole,2019-01-13 14:19:32.764009984,307.27588,346,2019-01-01
RGI60-19.00005,Stephenson,whole,2019-01-25 14:19:32.453721088,301.16107,291,2019-01-01
RGI60-19.00005,Stephenson,whole,2019-02-06 14:19:32.031958016,312.63098,272,2019-02-01
RGI60-19.00005,Stephenson,whole,2019-02-18 14:19:31.787458304,266.99252,277,2019-02-01
RGI60-19.00005,Stephenson,whole,2019-03-02 14:19:31.770794240,249.6936,326,2019-03-01
RGI60-19.00005,Stephenson,whole,2019-03-14 14:19:31.789113088,291.03073,270,2019-03-01
RGI60-19.00005,Stephenson,whole,2019-03-26 14:19:32.007635968,267.277,293,2019-03-01
RGI60-19.00005,Stephenson,whole,2019-04-07 14:19:32.297591040,274.505,323,2019-04-01
RGI60-19.00005,Stephenson,whole,2019-04-19 14:19:32.767736064,281.39285,286,2019-04-01
RGI60-19.00005,Stephenson,whole,2019-05-01 14:19:33.214114048,283.35138,299,2019-05-01
RGI60-19.00005,Stephenson,whole,2019-05-13 14:19:33.679464960,296.18405,337,2019-05-01
RGI60-19.00005,Stephenson,whole,2019-05-25 14:19:34.346309120,334.2484,317,2019-05-01
RGI60-19.00005,Stephenson,whole,2019-06-06 14:19:34.819286016,325.1492,239,2019-06-01
RGI60-19.00005,Stephenson,whole,2019-06-18 14:19:35.485540352,334.25214,304,2019-06-01
RGI60-19.00005,Stephenson,whole,2019-06-30 14:19:36.332348928,337.8097,294,2019-06-01
RGI60-19.00005,Stephenson,whole,2019-07-12 14:19:37.130112000,249.11041,187,2019-07-01
RGI60-19.00005,Stephenson,whole,2019-07-24 14:19:37.860059904,361.519,221,2019-07-01
RGI60-19.00005,Stephenson,whole,2019-08-05 14:19:38.694914304,373.42468,220,2019-08-01
RGI60-19.00005,Stephenson,whole,2019-08-17 14:19:39.499704064,408.15643,256,2019-08-01
RGI60-19.00005,Stephenson,whole,2019-08-29 14:19:40.059894016,350.65225,267,2019-08-01
RGI60-19.00005,Stephenson,whole,2019-09-10 14:19:40.532592896,333.8629,272,2019-09-01
RGI60-19.00005,Stephenson,whole,2019-09-22 14:19:41.058400000,364.2442,276,2019-09-01
RGI60-19.00005,Stephenson,whole,2019-10-04 14:19:41.347813888,277.1208,226,2019-10-01
RGI60-19.00005,Stephenson,whole,2019-10-28 14:19:41.378044928,368.46982,303,2019-10-01
RGI60-19.00005,Stephenson,whole,2019-11-09 14:19:41.408079104,399.81372,294,2019-11-01
RGI60-19.00005,Stephenson,whole,2019-11-21 14:19:41.173992960,287.6004,159,2019-11-01
RGI60-19.00005,Stephenson,whole,2019-12-03 14:19:40.752503040,373.93893,144,2019-12-01
RGI60-19.00005,Stephenson,whole,2019-12-15 14:19:40.293057792,347.28232,267,2019-12-01
RGI60-19.00005,Stephenson,whole,2019-12-27 14:19:39.752483072,380.83853,274,2019-12-01
RGI60-19.00005,Stephenson,whole,2020-01-08 14:19:39.210093312,438.20657,229,2020-01-01
RGI60-19.00005,Stephenson,whole,2020-01-20 14:19:38.810253056,367.6588,251,2020-01-01
RGI60-19.00005,Stephenson,whole,2020-02-01 14:19:38.488531200,364.21545,160,2020-02-01
RGI60-19.00005,Stephenson,whole,2020-02-13 14:19:38.202100992,374.32205,235,2020-02-01
RGI60-19.00005,Stephenson,whole,2020-02-25 14:19:38.030896128,368.46588,266,2020-02-01
RGI60-19.00005,Stephenson,whole,2020-03-08 14:19:38.071670016,322.5678,273,2020-03-01
RGI60-19.00005,Stephenson,whole,2020-03-20 14:19:38.188947968,364.3103,261,2020-03-01
RGI60-19.00005,Stephenson,whole,2020-04-01 14:19:38.348705024,285.1998,244,2020-04-01
RGI60-19.00005,Stephenson,whole,2020-04-13 14:19:38.767520000,356.60904,259,2020-04-01
RGI60-19.00005,Stephenson,whole,2020-04-25 14:19:39.347729920,279.16962,348,2020-04-01
RGI60-19.00005,Stephenson,whole,2020-05-07 14:19:39.941711104,249.44739,341,2020-05-01
RGI60-19.00005,Stephenson,whole,2020-05-19 14:19:40.631842048,259.02316,313,2020-05-01
RGI60-19.00005,Stephenson,whole,2020-05-31 14:19:41.324128000,291.50986,311,2020-05-01
RGI60-19.00005,Stephenson,whole,2020-06-12 14:19:42.017577984,285.8084,370,2020-06-01
RGI60-19.00005,Stephenson,whole,2020-06-24 14:19:42.670116096,355.01266,327,2020-06-01
RGI60-19.00005,Stephenson,whole,2020-07-30 14:19:44.881734912,353.051,301,2020-07-01
RGI60-19.00005,Stephenson,whole,2020-08-11 14:19:45.515654912,299.73654,309,2020-08-01
RGI60-19.00005,Stephenson,whole,2020-08-23 14:19:46.285670912,378.69052,302,2020-08-01
RGI60-19.00005,Stephenson,whole,2020-09-04 14:19:46.911767040,380.75714,275,2020-09-01
RGI60-19.00005,Stephenson,whole,2020-09-16 14:19:47.323763968,325.64117,262,2020-09-01
RGI60-19.00005,Stephenson,whole,2020-09-28 14:19:47.653922048,337.34256,281,2020-09-01
RGI60-19.00005,Stephenson,whole,2020-10-10 14:19:47.869454336,362.87726,242,2020-10-01
RGI60-19.00005,Stephenson,whole,2020-10-22 14:19:47.940509184,366.7724,258,2020-10-01
RGI60-19.00005,Stephenson,whole,2020-11-03 14:19:47.809718016,298.85046,152,2020-11-01
RGI60-19.00005,Stephenson,whole,2020-11-15 14:19:47.541047296,389.30194,257,2020-11-01
RGI60-19.00005,Stephenson,whole,2020-11-27 14:19:47.185804032,284.2837,208,2020-11-01
RGI60-19.00005,Stephenson,whole,2020-12-09 14:19:46.767137024,350.70502,319,2020-12-01
RGI60-19.00005,Stephenson,whole,2020-12-21 14:19:46.250866944,331.7891,281,2020-12-01
RGI60-19.00005,Stephenson,whole,2021-01-02 14:19:45.603287040,301.00165,131,2021-01-01
RGI60-19.00005,Stephenson,whole,2021-01-14 14:19:44.994102016,334.31485,298,2021-01-01
RGI60-19.00005,Stephenson,whole,2021-01-26 14:19:44.579731968,329.3612,348,2021-01-01
RGI60-19.00005,Stephenson,whole,2021-02-07 14:19:44.267441920,383.4071,295,2021-02-01
RGI60-19.00005,Stephenson,whole,2021-02-19 14:19:43.996110848,335.89722,312,2021-02-01
RGI60-19.00005,Stephenson,whole,2021-03-03 14:19:43.906787072,333.31366,303,2021-03-01
RGI60-19.00005,Stephenson,whole,2021-03-15 14:19:43.974265088,345.21008,265,2021-03-01
RGI60-19.00005,Stephenson,whole,2021-03-27 14:19:44.149390080,244.88365,213,2021-03-01
RGI60-19.00005,Stephenson,whole,2021-04-08 14:19:44.499556096,383.4436,295,2021-04-01
RGI60-19.00005,Stephenson,whole,2021-04-20 14:19:44.985736960,345.08698,334,2021-04-01
RGI60-19.00005,Stephenson,whole,2021-05-02 14:19:45.552339968,335.2893,280,2021-05-01
RGI60-19.00005,Stephenson,whole,2021-05-14 14:19:46.095106048,345.59296,274,2021-05-01
RGI60-19.00005,Stephenson,whole,2021-05-26 14:19:46.736066048,350.6208,238,2021-05-01
RGI60-19.00005,Stephenson,whole,2021-06-07 14:19:47.587547904,326.31427,265,2021-06-01
RGI60-19.00005,Stephenson,whole,2021-06-19 14:19:48.324613888,360.85593,225,2021-06-01
RGI60-19.00005,Stephenson,whole,2021-07-01 14:19:48.940225280,424.47202,284,2021-07-01
RGI60-19.00005,Stephenson,whole,2021-07-13 14:19:49.687043840,343.0481,341,2021-07-01
RGI60-19.00005,Stephenson,whole,2021-07-25 14:19:50.464989952,395.5208,290,2021-07-01
RGI60-19.00005,Stephenson,whole,2021-08-06 14:19:51.094564096,368.1739,280,2021-08-01
RGI60-19.00005,Stephenson,whole,2021-08-18 14:19:51.741864960,327.14523,275,2021-08-01
RGI60-19.00005,Stephenson,whole,2021-08-30 14:19:52.371694080,397.20145,299,2021-08-01
RGI60-19.00005,Stephenson,whole,2021-09-11 14:19:52.883846912,315.19678,285,2021-09-01
RGI60-19.00005,Stephenson,whole,2021-09-23 14:19:53.311340032,419.766,242,2021-09-01
RGI60-19.00005,Stephenson,whole,2021-10-05 14:19:53.541125376,363.08127,265,2021-10-01
RGI60-19.00005,Stephenson,whole,2021-10-17 14:19:53.652566016,420.40933,283,2021-10-01
RGI60-19.00005,Stephenson,whole,2021-10-29 14:19:53.551630080,281.4112,82,2021-10-01
RGI60-19.00005,Stephenson,whole,2021-12-04 14:19:52.548361984,300.5079,179,2021-12-01
RGI60-19.00005,Stephenson,whole,2021-12-16 14:19:51.930311936,368.00586,288,2021-12-01
RGI60-19.00005,Stephenson,whole,2021-12-28 14:19:51.338426112,274.13293,86,2021-12-01
RGI60-19.00005,Stephenson,whole,2022-01-09 14:19:50.895375104,354.68436,324,2022-01-01
RGI60-19.00005,Stephenson,whole,2022-01-21 14:19:50.423372032,342.57993,355,2022-01-01
RGI60-19.00005,Stephenson,whole,2022-02-02 14:19:49.957099008,345.44174,325,2022-02-01
RGI60-19.00005,Stephenson,whole,2022-02-14 14:19:49.719392000,331.5494,363,2022-02-01
RGI60-19.00005,Stephenson,whole,2022-02-26 14:19:49.515284992,292.0719,323,2022-02-01
RGI60-19.00005,Stephenson,whole,2022-03-10 14:19:49.380158976,337.80908,314,2022-03-01
RGI60-19.00005,Stephenson,whole,2022-03-22 14:19:49.676464128,369.98648,291,2022-03-01
RGI60-19.00005,Stephenson,whole,2022-04-03 14:19:50.027915008,307.39062,341,2022-04-01
RGI60-19.00005,Stephenson,whole,2022-04-15 14:19:50.397573120,327.94055,325,2022-04-01
RGI60-19.00005,Stephenson,whole,2022-04-27 14:19:50.815223296,275.24072,362,2022-04-01
RGI60-19.00005,Stephenson,whole,2022-05-09 14:19:52.393481984,283.18585,356,2022-05-01
RGI60-19.00005,Stephenson,whole,2022-05-21 14:19:54.177740032,274.765,358,2022-05-01
RGI60-19.00005,Stephenson,whole,2022-05-26 14:28:00.755574016,308.55707,376,2022-05-01
RGI60-19.00005,Stephenson,whole,2022-06-02 14:19:55.130632960,311.71143,382,2022-06-01
RGI60-19.00005,Stephenson,whole,2022-06-07 14:28:01.684806912,310.05804,397,2022-06-01
RGI60-19.00005,Stephenson,whole,2022-06-14 14:19:56.062055936,302.5219,358,2022-06-01
RGI60-19.00005,Stephenson,whole,2022-06-19 14:28:02.479334912,315.5725,359,2022-06-01
RGI60-19.00005,Stephenson,whole,2022-06-26 14:19:56.705408000,329.05472,357,2022-06-01
RGI60-19.00005,Stephenson,whole,2022-07-01 14:28:03.169671936,364.96985,350,2022-07-01
RGI60-19.00005,Stephenson,whole,2022-07-08 14:19:57.354473984,262.8234,218,2022-07-01
RGI60-19.00005,Stephenson,whole,2022-07-13 14:28:03.860014080,336.61847,363,2022-07-01
RGI60-19.00005,Stephenson,whole,2022-07-20 14:19:58.072675072,414.60947,329,2022-07-01
RGI60-19.00005,Stephenson,whole,2022-07-25 14:28:04.659260928,363.07507,398,2022-07-01
RGI60-19.00005,Stephenson,whole,2022-08-01 14:19:58.916208128,341.485,363,2022-08-01
RGI60-19.00005,Stephenson,whole,2022-08-06 14:28:05.399954944,393.00128,335,2022-08-01
RGI60-19.00005,Stephenson,whole,2022-08-13 14:19:59.678646016,293.4706,293,2022-08-01
RGI60-19.00005,Stephenson,whole,2022-08-18 14:28:05.973511168,378.14362,282,2022-08-01
RGI60-19.00005,Stephenson,whole,2022-08-25 14:20:00.221842944,383.64175,295,2022-08-01
RGI60-19.00005,Stephenson,whole,2022-08-30 14:28:06.684190208,369.11914,318,2022-08-01
RGI60-19.00005,Stephenson,whole,2022-09-06 14:20:00.815860224,328.19025,228,2022-09-01
RGI60-19.00005,Stephenson,whole,2022-09-11 14:28:07.121594880,345.77234,372,2022-09-01
RGI60-19.00005,Stephenson,whole,2022-09-18 14:20:00.980290048,471.21912,228,2022-09-01
RGI60-19.00005,Stephenson,whole,2022-09-23 14:28:07.318352128,329.237,336,2022-09-01
RGI60-19.00005,Stephenson,whole,2022-09-30 14:20:00.998528000,366.06693,303,2022-09-01
RGI60-19.00005,Stephenson,whole,2022-10-05 14:28:07.536223744,381.75385,313,2022-10-01
RGI60-19.00005,Stephenson,whole,2022-10-12 14:20:01.328502016,398.99622,342,2022-10-01
RGI60-19.00005,Stephenson,whole,2022-10-17 14:28:07.574652672,415.7812,365,2022-10-01
RGI60-19.00005,Stephenson,whole,2022-10-24 14:20:01.413847040,375.6927,329,2022-10-01
RGI60-19.00005,Stephenson,whole,2022-11-05 14:20:01.147716352,389.69647,382,2022-11-01
RGI60-19.00005,Stephenson,whole,2022-11-17 14:20:01.062725888,367.16483,323,2022-11-01
RGI60-19.00005,Stephenson,whole,2022-11-22 14:28:06.921215232,405.6427,341,2022-11-01
RGI60-19.00005,Stephenson,whole,2022-11-29 14:20:00.834912000,385.89825,388,2022-11-01
RGI60-19.00005,Stephenson,whole,2022-12-04 14:28:06.616229632,355.8258,393,2022-12-01
RGI60-19.00005,Stephenson,whole,2022-12-11 14:20:00.030899200,348.1106,322,2022-12-01
RGI60-19.00005,Stephenson,whole,2022-12-16 14:28:05.879153152,353.7259,349,2022-12-01
RGI60-19.00005,Stephenson,whole,2022-12-23 14:19:59.313501952,378.00528,295,2022-12-01
RGI60-19.00005,Stephenson,lower,2016-08-08 14:19:23.401984000,342.61493,157,2016-08-01
RGI60-19.00005,Stephenson,lower,2016-08-20 14:19:23.917585920,385.67133,126,2016-08-01
RGI60-19.00005,Stephenson,lower,2016-09-01 14:19:24.380167936,318.02673,105,2016-09-01
RGI60-19.00005,Stephenson,lower,2016-09-13 14:19:24.833501696,384.42163,135,2016-09-01
RGI60-19.00005,Stephenson,lower,2016-09-25 14:19:25.243674880,340.27048,109,2016-09-01
RGI60-19.00005,Stephenson,lower,2016-10-07 14:19:25.377327104,401.1527,78,2016-10-01
RGI60-19.00005,Stephenson,lower,2016-10-19 14:19:25.406363904,344.9077,132,2016-10-01
RGI60-19.00005,Stephenson,lower,2016-10-31 14:19:25.349842944,401.35895,131,2016-10-01
RGI60-19.00005,Stephenson,lower,2016-11-12 14:19:23.778163968,286.1905,129,2016-11-01
RGI60-19.00005,Stephenson,lower,2016-11-24 14:19:23.512865280,319.18802,131,2016-11-01
RGI60-19.00005,Stephenson,lower,2016-12-06 14:19:23.160400896,343.984,97,2016-12-01
RGI60-19.00005,Stephenson,lower,2016-12-18 14:19:21.404576000,419.49612,181,2016-12-01
RGI60-19.00005,Stephenson,lower,2016-12-30 14:19:20.396610304,417.36914,117,2016-12-01
RGI60-19.00005,Stephenson,lower,2017-01-11 14:19:19.384711936,354.97888,85,2017-01-01
RGI60-19.00005,Stephenson,lower,2017-01-23 14:19:19.120616960,488.28885,111,2017-01-01
RGI60-19.00005,Stephenson,lower,2017-03-12 14:19:18.739416064,294.71683,149,2017-03-01
RGI60-19.00005,Stephenson,lower,2017-03-24 14:19:19.007155200,237.75618,157,2017-03-01
RGI60-19.00005,Stephenson,lower,2017-04-05 14:19:19.400218880,314.36304,148,2017-04-01
RGI60-19.00005,Stephenson,lower,2017-04-17 14:19:19.964559104,186.07794,65,2017-04-01
RGI60-19.00005,Stephenson,lower,2017-04-29 14:19:20.615859968,322.59106,135,2017-04-01
RGI60-19.00005,Stephenson,lower,2017-05-11 14:19:21.265946112,294.0068,173,2017-05-01
RGI60-19.00005,Stephenson,lower,2017-05-23 14:19:21.823726848,371.23172,145,2017-05-01
RGI60-19.00005,Stephenson,lower,2017-06-04 14:19:22.511610112,293.69543,171,2017-06-01
RGI60-19.00005,Stephenson,lower,2017-06-16 14:19:23.276265984,406.54276,127,2017-06-01
RGI60-19.00005,Stephenson,lower,2017-06-28 14:19:23.868635904,340.40125,123,2017-06-01
RGI60-19.00005,Stephenson,lower,2017-07-10 14:19:24.504587008,347.96838,115,2017-07-01
RGI60-19.00005,Stephenson,lower,2017-07-22 14:19:25.308649984,280.06607,115,2017-07-01
RGI60-19.00005,Stephenson,lower,2017-08-03 14:19:26.003341056,407.54645,120,2017-08-01
RGI60-19.00005,Stephenson,lower,2017-08-15 14:19:26.570312704,472.12076,93,2017-08-01
RGI60-19.00005,Stephenson,lower,2017-08-27 14:19:27.138179072,592.47534,138,2017-08-01
RGI60-19.00005,Stephenson,lower,2017-09-08 14:19:27.628812032,370.74115,159,2017-09-01
RGI60-19.00005,Stephenson,lower,2017-09-20 14:19:27.986957056,211.37643,73,2017-09-01
RGI60-19.00005,Stephenson,lower,2017-10-02 14:19:28.268212992,307.74347,90,2017-10-01
RGI60-19.00005,Stephenson,lower,2017-10-14 14:19:28.466811904,410.12213,140,2017-10-01
RGI60-19.00005,Stephenson,lower,2017-10-26 14:19:28.558850816,483.31564,135,2017-10-01
RGI60-19.00005,Stephenson,lower,2017-11-07 14:19:28.400216064,431.605,134,2017-11-01
RGI60-19.00005,Stephenson,lower,2017-11-19 14:19:28.126139904,206.70752,29,2017-11-01
RGI60-19.00005,Stephenson,lower,2017-12-01 14:19:27.712507904,469.4731,99,2017-12-01
RGI60-19.00005,Stephenson,lower,2017-12-13 14:19:27.244506112,466.2746,91,2017-12-01
RGI60-19.00005,Stephenson,lower,2017-12-25 14:19:26.806458880,466.8201,111,2017-12-01
RGI60-19.00005,Stephenson,lower,2018-01-06 14:19:26.341627904,471.85803,149,2018-01-01
RGI60-19.00005,Stephenson,lower,2018-01-18 14:19:25.976069120,366.9391,146,2018-01-01
RGI60-19.00005,Stephenson,lower,2018-01-30 14:19:25.634458112,374.5787,154,2018-01-01
RGI60-19.00005,Stephenson,lower,2018-02-11 14:19:25.389374208,291.0292,165,2018-02-01
RGI60-19.00005,Stephenson,lower,2018-02-23 14:19:25.270537984,298.20294,143,2018-02-01
RGI60-19.00005,Stephenson,lower,2018-03-07 14:19:25.304898048,264.24402,174,2018-03-01
RGI60-19.00005,Stephenson,lower,2018-03-19 14:19:25.425864960,246.16255,195,2018-03-01
RGI60-19.00005,Stephenson,lower,2018-03-31 14:19:25.653227008,231.76172,200,2018-03-01
RGI60-19.00005,Stephenson,lower,2018-04-12 14:19:25.996848896,250.84729,118,2018-04-01
RGI60-19.00005,Stephenson,lower,2018-05-06 14:19:27.194672896,283.7693,185,2018-05-01
RGI60-19.00005,Stephenson,lower,2018-05-30 14:19:28.512496896,289.98172,142,2018-05-01
RGI60-19.00005,Stephenson,lower,2018-06-11 14:19:29.256151296,264.8641,97,2018-06-01
RGI60-19.00005,Stephenson,lower,2018-07-17 14:19:31.352168960,337.80023,129,2018-07-01
RGI60-19.00005,Stephenson,lower,2018-07-29 14:19:32.090274048,398.33984,128,2018-07-01
RGI60-19.00005,Stephenson,lower,2018-08-10 14:19:32.777369856,339.55853,103,2018-08-01
RGI60-19.00005,Stephenson,lower,2018-08-22 14:19:33.525530880,410.67905,104,2018-08-01
RGI60-19.00005,Stephenson,lower,2018-09-03 14:19:34.150326016,377.3894,100,2018-09-01
RGI60-19.00005,Stephenson,lower,2018-09-15 14:19:34.566413056,375.86865,174,2018-09-01
RGI60-19.00005,Stephenson,lower,2018-09-27 14:19:34.757455872,379.2229,151,2018-09-01
RGI60-19.00005,Stephenson,lower,2018-10-09 14:19:35.012593664,449.00977,136,2018-10-01
RGI60-19.00005,Stephenson,lower,2018-10-21 14:19:35.192508672,317.61438,162,2018-10-01
RGI60-19.00005,Stephenson,lower,2018-11-02 14:19:35.040560896,442.72,141,2018-11-01
RGI60-19.00005,Stephenson,lower,2018-11-14 14:19:34.827130112,401.95953,152,2018-11-01
RGI60-19.00005,Stephenson,lower,2018-11-26 14:19:34.521798912,296.0456,132,2018-11-01
RGI60-19.00005,Stephenson,lower,2018-12-08 14:19:33.997232128,403.58395,117,2018-12-01
RGI60-19.00005,Stephenson,lower,2018-12-20 14:19:33.568711936,124.77981,81,2018-12-01
RGI60-19.00005,Stephenson,lower,2019-01-01 14:19:33.169639936,358.69882,142,2019-01-01
RGI60-19.00005,Stephenson,lower,2019-01-13 14:19:32.764009984,304.9459,139,2019-01-01
RGI60-19.00005,Stephenson,lower,2019-01-25 14:19:32.453721088,275.10907,155,2019-01-01
RGI60-19.00005,Stephenson,lower,2019-02-06 14:19:32.031958016,302.96838,106,2019-02-01
RGI60-19.00005,Stephenson,lower,2019-02-18 14:19:31.787458304,232.0,125,2019-02-01
RGI60-19.00005,Stephenson,lower,2019-03-02 14:19:31.770794240,265.06226,145,2019-03-01
RGI60-19.00005,Stephenson,lower,2019-03-14 14:19:31.789113088,285.56784,113,2019-03-01
RGI60-19.00005,Stephenson,lower,2019-03-26 14:19:32.007635968,259.93268,147,2019-03-01
RGI60-19.00005,Stephenson,lower,2019-04-07 14:19:32.297591040,239.65392,157,2019-04-01
RGI60-19.00005,Stephenson,lower,2019-04-19 14:19:32.767736064,258.73712,126,2019-04-01
RGI60-19.00005,Stephenson,lower,2019-05-01 14:19:33.214114048,282.39157,117,2019-05-01
RGI60-19.00005,Stephenson,lower,2019-05-13 14:19:33.679464960,259.45328,187,2019-05-01
RGI60-19.00005,Stephenson,lower,2019-05-25 14:19:34.346309120,336.0342,180,2019-05-01
RGI60-19.00005,Stephenson,lower,2019-06-06 14:19:34.819286016,305.13113,101,2019-06-01
RGI60-19.00005,Stephenson,lower,2019-06-18 14:19:35.485540352,275.53583,153,2019-06-01
RGI60-19.00005,Stephenson,lower,2019-06-30 14:19:36.332348928,372.47415,153,2019-06-01
RGI60-19.00005,Stephenson,lower,2019-07-12 14:19:37.130112000,249.35918,87,2019-07-01
RGI60-19.00005,Stephenson,lower,2019-07-24 14:19:37.860059904,342.28644,101,2019-07-01
RGI60-19.00005,Stephenson,lower,2019-08-05 14:19:38.694914304,312.386,97,2019-08-01
RGI60-19.00005,Stephenson,lower,2019-08-17 14:19:39.499704064,472.2584,87,2019-08-01
RGI60-19.00005,Stephenson,lower,2019-08-29 14:19:40.059894016,323.01904,122,2019-08-01
RGI60-19.00005,Stephenson,lower,2019-09-10 14:19:40.532592896,369.10092,100,2019-09-01
RGI60-19.00005,Stephenson,lower,2019-09-22 14:19:41.058400000,401.19946,109,2019-09-01
RGI60-19.00005,Stephenson,lower,2019-10-04 14:19:41.347813888,392.8073,78,2019-10-01
RGI60-19.00005,Stephenson,lower,2019-10-28 14:19:41.378044928,348.9964,142,2019-10-01
RGI60-19.00005,Stephenson,lower,2019-11-09 14:19:41.408079104,423.9717,127,2019-11-01
RGI60-19.00005,Stephenson,lower,2019-11-21 14:19:41.173992960,246.68207,56,2019-11-01
RGI60-19.00005,Stephenson,lower,2019-12-03 14:19:40.752503040,372.4225,56,2019-12-01
RGI60-19.00005,Stephenson,lower,2019-12-15 14:19:40.293057792,375.352,154,2019-12-01
RGI60-19.00005,Stephenson,lower,2019-12-27 14:19:39.752483072,482.0,87,2019-12-01
RGI60-19.00005,Stephenson,lower,2020-01-08 14:19:39.210093312,602.28894,99,2020-01-01
RGI60-19.00005,Stephenson,lower,2020-01-20 14:19:38.810253056,416.9809,70,2020-01-01
RGI60-19.00005,Stephenson,lower,2020-02-01 14:19:38.488531200,111.54372,23,2020-02-01
RGI60-19.00005,Stephenson,lower,2020-02-13 14:19:38.202100992,450.14777,83,2020-02-01
RGI60-19.00005,Stephenson,lower,2020-02-25 14:19:38.030896128,505.05823,88,2020-02-01
RGI60-19.00005,Stephenson,lower,2020-03-08 14:19:38.071670016,410.02167,114,2020-03-01
RGI60-19.00005,Stephenson,lower,2020-03-20 14:19:38.188947968,447.71204,108,2020-03-01
RGI60-19.00005,Stephenson,lower,2020-04-01 14:19:38.348705024,341.59186,101,2020-04-01
RGI60-19.00005,Stephenson,lower,2020-04-13 14:19:38.767520000,397.7248,103,2020-04-01
RGI60-19.00005,Stephenson,lower,2020-04-25 14:19:39.347729920,301.03986,175,2020-04-01
RGI60-19.00005,Stephenson,lower,2020-05-07 14:19:39.941711104,267.3668,169,2020-05-01
RGI60-19.00005,Stephenson,lower,2020-05-19 14:19:40.631842048,268.16412,149,2020-05-01
RGI60-19.00005,Stephenson,lower,2020-05-31 14:19:41.324128000,296.69208,158,2020-05-01
RGI60-19.00005,Stephenson,lower,2020-06-12 14:19:42.017577984,319.91562,185,2020-06-01
RGI60-19.00005,Stephenson,lower,2020-06-24 14:19:42.670116096,372.0027,175,2020-06-01
RGI60-19.00005,Stephenson,lower,2020-07-30 14:19:44.881734912,324.5597,136,2020-07-01
RGI60-19.00005,Stephenson,lower,2020-08-11 14:19:45.515654912,361.61444,119,2020-08-01
RGI60-19.00005,Stephenson,lower,2020-08-23 14:19:46.285670912,421.77823,142,2020-08-01
RGI60-19.00005,Stephenson,lower,2020-09-04 14:19:46.911767040,439.48264,137,2020-09-01
RGI60-19.00005,Stephenson,lower,2020-09-16 14:19:47.323763968,344.76147,108,2020-09-01
RGI60-19.00005,Stephenson,lower,2020-09-28 14:19:47.653922048,454.14252,126,2020-09-01
RGI60-19.00005,Stephenson,lower,2020-10-10 14:19:47.869454336,377.80667,110,2020-10-01
RGI60-19.00005,Stephenson,lower,2020-10-22 14:19:47.940509184,435.60016,130,2020-10-01
RGI60-19.00005,Stephenson,lower,2020-11-03 14:19:47.809718016,215.12787,43,2020-11-01
RGI60-19.00005,Stephenson,lower,2020-11-15 14:19:47.541047296,421.57443,99,2020-11-01
RGI60-19.00005,Stephenson,lower,2020-11-27 14:19:47.185804032,283.15543,85,2020-11-01
RGI60-19.00005,Stephenson,lower,2020-12-09 14:19:46.767137024,326.5471,145,2020-12-01
RGI60-19.00005,Stephenson,lower,2020-12-21 14:19:46.250866944,287.2702,110,2020-12-01
RGI60-19.00005,Stephenson,lower,2021-01-02 14:19:45.603287040,202.0396,39,2021-01-01
RGI60-19.00005,Stephenson,lower,2021-01-14 14:19:44.994102016,400.5857,120,2021-01-01
RGI60-19.00005,Stephenson,lower,2021-01-26 14:19:44.579731968,330.85648,165,2021-01-01
RGI60-19.00005,Stephenson,lower,2021-02-07 14:19:44.267441920,453.11035,153,2021-02-01
RGI60-19.00005,Stephenson,lower,2021-02-19 14:19:43.996110848,360.05017,140,2021-02-01
RGI60-19.00005,Stephenson,lower,2021-03-03 14:19:43.906787072,379.52728,120,2021-03-01
RGI60-19.00005,Stephenson,lower,2021-03-15 14:19:43.974265088,379.69724,129,2021-03-01
RGI60-19.00005,Stephenson,lower,2021-03-27 14:19:44.149390080,295.853,135,2021-03-01
RGI60-19.00005,Stephenson,lower,2021-04-08 14:19:44.499556096,379.65668,134,2021-04-01
RGI60-19.00005,Stephenson,lower,2021-04-20 14:19:44.985736960,372.3256,178,2021-04-01
RGI60-19.00005,Stephenson,lower,2021-05-02 14:19:45.552339968,370.7425,125,2021-05-01
RGI60-19.00005,Stephenson,lower,2021-05-14 14:19:46.095106048,468.0171,123,2021-05-01
RGI60-19.00005,Stephenson,lower,2021-05-26 14:19:46.736066048,353.16003,97,2021-05-01
RGI60-19.00005,Stephenson,lower,2021-06-07 14:19:47.587547904,338.08826,128,2021-06-01
RGI60-19.00005,Stephenson,lower,2021-06-19 14:19:48.324613888,377.50977,112,2021-06-01
RGI60-19.00005,Stephenson,lower,2021-07-01 14:19:48.940225280,408.07474,113,2021-07-01
RGI60-19.00005,Stephenson,lower,2021-07-13 14:19:49.687043840,372.98914,146,2021-07-01
RGI60-19.00005,Stephenson,lower,2021-07-25 14:19:50.464989952,502.237,125,2021-07-01
RGI60-19.00005,Stephenson,lower,2021-08-06 14:19:51.094564096,387.07236,111,2021-08-01
RGI60-19.00005,Stephenson,lower,2021-08-18 14:19:51.741864960,315.19678,137,2021-08-01
RGI60-19.00005,Stephenson,lower,2021-08-30 14:19:52.371694080,445.03534,148,2021-08-01
RGI60-19.00005,Stephenson,lower,2021-09-11 14:19:52.883846912,335.66876,132,2021-09-01
RGI60-19.00005,Stephenson,lower,2021-09-23 14:19:53.311340032,573.5094,99,2021-09-01
RGI60-19.00005,Stephenson,lower,2021-10-05 14:19:53.541125376,508.6079,119,2021-10-01
RGI60-19.00005,Stephenson,lower,2021-10-17 14:19:53.652566016,586.8467,131,2021-10-01
RGI60-19.00005,Stephenson,lower,2021-10-29 14:19:53.551630080,533.7444,40,2021-10-01
RGI60-19.00005,Stephenson,lower,2021-12-04 14:19:52.548361984,189.15602,47,2021-12-01
RGI60-19.00005,Stephenson,lower,2021-12-16 14:19:51.930311936,387.65964,155,2021-12-01
RGI60-19.00005,Stephenson,lower,2021-12-28 14:19:51.338426112,21.20911,8,2021-12-01
RGI60-19.00005,Stephenson,lower,2022-01-09 14:19:50.895375104,339.087,125,2022-01-01
RGI60-19.00005,Stephenson,lower,2022-01-21 14:19:50.423372032,304.59973,187,2022-01-01
RGI60-19.00005,Stephenson,lower,2022-02-02 14:19:49.957099008,390.80045,141,2022-02-01
RGI60-19.00005,Stephenson,lower,2022-02-14 14:19:49.719392000,364.66013,161,2022-02-01
RGI60-19.00005,Stephenson,lower,2022-02-26 14:19:49.515284992,260.16342,137,2022-02-01
RGI60-19.00005,Stephenson,lower,2022-03-10 14:19:49.380158976,415.6176,122,2022-03-01
RGI60-19.00005,Stephenson,lower,2022-03-22 14:19:49.676464128,394.57562,102,2022-03-01
RGI60-19.00005,Stephenson,lower,2022-04-03 14:19:50.027915008,299.81662,153,2022-04-01
RGI60-19.00005,Stephenson,lower,2022-04-15 14:19:50.397573120,345.352,159,2022-04-01
RGI60-19.00005,Stephenson,lower,2022-04-27 14:19:50.815223296,249.78851,190,2022-04-01
RGI60-19.00005,Stephenson,lower,2022-05-09 14:19:52.393481984,291.11157,174,2022-05-01
RGI60-19.00005,Stephenson,lower,2022-05-21 14:19:54.177740032,289.35965,183,2022-05-01
RGI60-19.00005,Stephenson,lower,2022-05-26 14:28:00.755574016,303.66428,203,2022-05-01
RGI60-19.00005,Stephenson,lower,2022-06-02 14:19:55.130632960,290.2531,200,2022-06-01
RGI60-19.00005,Stephenson,lower,2022-06-07 14:28:01.684806912,314.1592,207,2022-06-01
RGI60-19.00005,Stephenson,lower,2022-06-14 14:19:56.062055936,266.83514,185,2022-06-01
RGI60-19.00005,Stephenson,lower,2022-06-19 14:28:02.479334912,309.45816,178,2022-06-01
RGI60-19.00005,Stephenson,lower,2022-06-26 14:19:56.705408000,346.77335,196,2022-06-01
RGI60-19.00005,Stephenson,lower,2022-07-01 14:28:03.169671936,385.9456,175,2022-07-01
RGI60-19.00005,Stephenson,lower,2022-07-08 14:19:57.354473984,238.1953,129,2022-07-01
RGI60-19.00005,Stephenson,lower,2022-07-13 14:28:03.860014080,344.26123,190,2022-07-01
RGI60-19.00005,Stephenson,lower,2022-07-20 14:19:58.072675072,488.41565,164,2022-07-01
RGI60-19.00005,Stephenson,lower,2022-07-25 14:28:04.659260928,379.00528,197,2022-07-01
RGI60-19.00005,Stephenson,lower,2022-08-01 14:19:58.916208128,406.65097,179,2022-08-01
RGI60-19.00005,Stephenson,lower,2022-08-06 14:28:05.399954944,416.01202,175,2022-08-01
RGI60-19.00005,Stephenson,lower,2022-08-13 14:19:59.678646016,319.7777,134,2022-08-01
RGI60-19.00005,Stephenson,lower,2022-08-18 14:28:05.973511168,414.0833,140,2022-08-01
RGI60-19.00005,Stephenson,lower,2022-08-25 14:20:00.221842944,419.7154,135,2022-08-01
RGI60-19.00005,Stephenson,lower,2022-08-30 14:28:06.684190208,386.33923,157,2022-08-01
RGI60-19.00005,Stephenson,lower,2022-09-06 14:20:00.815860224,414.20407,117,2022-09-01
RGI60-19.00005,Stephenson,lower,2022-09-11 14:28:07.121594880,377.98544,173,2022-09-01
RGI60-19.00005,Stephenson,lower,2022-09-18 14:20:00.980290048,502.28778,135,2022-09-01
RGI60-19.00005,Stephenson,lower,2022-09-23 14:28:07.318352128,366.25946,157,2022-09-01
RGI60-19.00005,Stephenson,lower,2022-09-30 14:20:00.998528000,368.04892,157,2022-09-01
RGI60-19.00005,Stephenson,lower,2022-10-05 14:28:07.536223744,414.989,160,2022-10-01
RGI60-19.00005,Stephenson,lower,2022-10-12 14:20:01.328502016,476.90396,174,2022-10-01
RGI60-19.00005,Stephenson,lower,2022-10-17 14:28:07.574652672,485.40063,186,2022-10-01
RGI60-19.00005,Stephenson,lower,2022-10-24 14:20:01.413847040,478.48093,175,2022-10-01
RGI60-19.00005,Stephenson,lower,2022-11-05 14:20:01.147716352,430.78534,195,2022-11-01
RGI60-19.00005,Stephenson,lower,2022-11-17 14:20:01.062725888,441.37457,178,2022-11-01
RGI60-19.00005,Stephenson,lower,2022-11-22 14:28:06.921215232,428.90616,156,2022-11-01
RGI60-19.00005,Stephenson,lower,2022-11-29 14:20:00.834912000,392.77985,201,2022-11-01
RGI60-19.00005,Stephenson,lower,2022-12-04 14:28:06.616229632,331.36987,202,2022-12-01
RGI60-19.00005,Stephenson,lower,2022-12-11 14:20:00.030899200,284.3947,180,2022-12-01
RGI60-19.00005,Stephenson,lower,2022-12-16 14:28:05.879153152,327.69803,199,2022-12-01
RGI60-19.00005,Stephenson,lower,2022-12-23 14:19:59.313501952,393.59686,150,2022-12-01
RGI60-19.00005,Stephenson,middle,2016-08-08 14:19:23.401984000,404.3167,121,2016-08-01
RGI60-19.00005,Stephenson,middle,2016-08-20 14:19:23.917585920,384.96234,111,2016-08-01
RGI60-19.00005,Stephenson,middle,2016-09-01 14:19:24.380167936,393.72742,122,2016-09-01
RGI60-19.00005,Stephenson,middle,2016-09-13 14:19:24.833501696,432.487,127,2016-09-01
RGI60-19.00005,Stephenson,middle,2016-09-25 14:19:25.243674880,341.3971,126,2016-09-01
RGI60-19.00005,Stephenson,middle,2016-10-07 14:19:25.377327104,376.66418,88,2016-10-01
RGI60-19.00005,Stephenson,middle,2016-10-19 14:19:25.406363904,498.86313,110,2016-10-01
RGI60-19.00005,Stephenson,middle,2016-10-31 14:19:25.349842944,334.96417,117,2016-10-01
RGI60-19.00005,Stephenson,middle,2016-11-12 14:19:23.778163968,361.3971,134,2016-11-01
RGI60-19.00005,Stephenson,middle,2016-11-24 14:19:23.512865280,240.10208,54,2016-11-01
RGI60-19.00005,Stephenson,middle,2016-12-06 14:19:23.160400896,474.40594,97,2016-12-01
RGI60-19.00005,Stephenson,middle,2016-12-18 14:19:21.404576000,461.05396,140,2016-12-01
RGI60-19.00005,Stephenson,middle,2016-12-30 14:19:20.396610304,327.12384,117,2016-12-01
RGI60-19.00005,Stephenson,middle,2017-01-11 14:19:19.384711936,377.46524,117,2017-01-01
RGI60-19.00005,Stephenson,middle,2017-01-23 14:19:19.120616960,398.6394,132,2017-01-01
RGI60-19.00005,Stephenson,middle,2017-03-12 14:19:18.739416064,320.43253,111,2017-03-01
RGI60-19.00005,Stephenson,middle,2017-03-24 14:19:19.007155200,335.21634,109,2017-03-01
RGI60-19.00005,Stephenson,middle,2017-04-05 14:19:19.400218880,307.5386,147,2017-04-01
RGI60-19.00005,Stephenson,middle,2017-04-17 14:19:19.964559104,408.29852,94,2017-04-01
RGI60-19.00005,Stephenson,middle,2017-04-29 14:19:20.615859968,368.76483,116,2017-04-01
RGI60-19.00005,Stephenson,middle,2017-05-11 14:19:21.265946112,333.43665,124,2017-05-01
RGI60-19.00005,Stephenson,middle,2017-05-23 14:19:21.823726848,387.9398,126,2017-05-01
RGI60-19.00005,Stephenson,middle,2017-06-04 14:19:22.511610112,443.2302,139,2017-06-01
RGI60-19.00005,Stephenson,middle,2017-06-16 14:19:23.276265984,321.75302,129,2017-06-01
RGI60-19.00005,Stephenson,middle,2017-06-28 14:19:23.868635904,407.28,81,2017-06-01
RGI60-19.00005,Stephenson,middle,2017-07-10 14:19:24.504587008,383.32883,145,2017-07-01
RGI60-19.00005,Stephenson,middle,2017-07-22 14:19:25.308649984,368.95798,135,2017-07-01
RGI60-19.00005,Stephenson,middle,2017-08-03 14:19:26.003341056,424.6269,123,2017-08-01
RGI60-19.00005,Stephenson,middle,2017-08-15 14:19:26.570312704,420.07736,137,2017-08-01
RGI60-19.00005,Stephenson,middle,2017-08-27 14:19:27.138179072,375.7366,135,2017-08-01
RGI60-19.00005,Stephenson,middle,2017-09-08 14:19:27.628812032,398.83228,134,2017-09-01
RGI60-19.00005,Stephenson,middle,2017-09-20 14:19:27.986957056,423.30243,114,2017-09-01
RGI60-19.00005,Stephenson,middle,2017-10-02 14:19:28.268212992,377.90076,116,2017-10-01
RGI60-19.00005,Stephenson,middle,2017-10-14 14:19:28.466811904,452.67758,133,2017-10-01
RGI60-19.00005,Stephenson,middle,2017-10-26 14:19:28.558850816,389.1041,153,2017-10-01
RGI60-19.00005,Stephenson,middle,2017-11-07 14:19:28.400216064,453.59122,137,2017-11-01
RGI60-19.00005,Stephenson,middle,2017-11-19 14:19:28.126139904,302.68167,112,2017-11-01
RGI60-19.00005,Stephenson,middle,2017-12-01 14:19:27.712507904,345.16064,146,2017-12-01
RGI60-19.00005,Stephenson,middle,2017-12-13 14:19:27.244506112,377.83197,151,2017-12-01
RGI60-19.00005,Stephenson,middle,2017-12-25 14:19:26.806458880,363.98758,132,2017-12-01
RGI60-19.00005,Stephenson,middle,2018-01-06 14:19:26.341627904,381.26617,148,2018-01-01
RGI60-19.00005,Stephenson,middle,2018-01-18 14:19:25.976069120,334.77307,127,2018-01-01
RGI60-19.00005,Stephenson,middle,2018-01-30 14:19:25.634458112,365.04785,146,2018-01-01
RGI60-19.00005,Stephenson,middle,2018-02-11 14:19:25.389374208,386.00128,129,2018-02-01
RGI60-19.00005,Stephenson,middle,2018-02-23 14:19:25.270537984,347.88828,102,2018-02-01
RGI60-19.00005,Stephenson,middle,2018-03-07 14:19:25.304898048,296.0639,144,2018-03-01
RGI60-19.00005,Stephenson,middle,2018-03-19 14:19:25.425864960,224.7248,158,2018-03-01
RGI60-19.00005,Stephenson,middle,2018-03-31 14:19:25.653227008,246.89774,142,2018-03-01
RGI60-19.00005,Stephenson,middle,2018-04-12 14:19:25.996848896,251.70804,148,2018-04-01
RGI60-19.00005,Stephenson,middle,2018-05-06 14:19:27.194672896,314.02707,141,2018-05-01
RGI60-19.00005,Stephenson,middle,2018-05-30 14:19:28.512496896,301.7615,141,2018-05-01
RGI60-19.00005,Stephenson,middle,2018-06-11 14:19:29.256151296,259.193,51,2018-06-01
RGI60-19.00005,Stephenson,middle,2018-07-17 14:19:31.352168960,327.18497,145,2018-07-01
RGI60-19.00005,Stephenson,middle,2018-07-29 14:19:32.090274048,303.35623,115,2018-07-01
RGI60-19.00005,Stephenson,middle,2018-08-10 14:19:32.777369856,443.01807,123,2018-08-01
RGI60-19.00005,Stephenson,middle,2018-08-22 14:19:33.525530880,381.49442,87,2018-08-01
RGI60-19.00005,Stephenson,middle,2018-09-03 14:19:34.150326016,381.55997,129,2018-09-01
RGI60-19.00005,Stephenson,middle,2018-09-15 14:19:34.566413056,384.78305,149,2018-09-01
RGI60-19.00005,Stephenson,middle,2018-09-27 14:19:34.757455872,299.82077,138,2018-09-01
RGI60-19.00005,Stephenson,middle,2018-10-09 14:19:35.012593664,419.66052,124,2018-10-01
RGI60-19.00005,Stephenson,middle,2018-10-21 14:19:35.192508672,374.6265,142,2018-10-01
RGI60-19.00005,Stephenson,middle,2018-11-02 14:19:35.040560896,363.7237,112,2018-11-01
RGI60-19.00005,Stephenson,middle,2018-11-14 14:19:34.827130112,353.92725,114,2018-11-01
RGI60-19.00005,Stephenson,middle,2018-11-26 14:19:34.521798912,395.73856,125,2018-11-01
RGI60-19.00005,Stephenson,middle,2018-12-08 14:19:33.997232128,330.1704,94,2018-12-01
RGI60-19.00005,Stephenson,middle,2018-12-20 14:19:33.568711936,338.10797,47,2018-12-01
RGI60-19.00005,Stephenson,middle,2019-01-01 14:19:33.169639936,388.60837,134,2019-01-01
RGI60-19.00005,Stephenson,middle,2019-01-13 14:19:32.764009984,362.7699,153,2019-01-01
RGI60-19.00005,Stephenson,middle,2019-01-25 14:19:32.453721088,342.3704,122,2019-01-01
RGI60-19.00005,Stephenson,middle,2019-02-06 14:19:32.031958016,330.05713,132,2019-02-01
RGI60-19.00005,Stephenson,middle,2019-02-18 14:19:31.787458304,332.6139,131,2019-02-01
RGI60-19.00005,Stephenson,middle,2019-03-02 14:19:31.770794240,278.79202,125,2019-03-01
RGI60-19.00005,Stephenson,middle,2019-03-14 14:19:31.789113088,341.70895,117,2019-03-01
RGI60-19.00005,Stephenson,middle,2019-03-26 14:19:32.007635968,287.91785,114,2019-03-01
RGI60-19.00005,Stephenson,middle,2019-04-07 14:19:32.297591040,317.24597,145,2019-04-01
RGI60-19.00005,Stephenson,middle,2019-04-19 14:19:32.767736064,327.29956,125,2019-04-01
RGI60-19.00005,Stephenson,middle,2019-05-01 14:19:33.214114048,299.6865,135,2019-05-01
RGI60-19.00005,Stephenson,middle,2019-05-13 14:19:33.679464960,359.13925,121,2019-05-01
RGI60-19.00005,Stephenson,middle,2019-05-25 14:19:34.346309120,344.44882,117,2019-05-01
RGI60-19.00005,Stephenson,middle,2019-06-06 14:19:34.819286016,373.4836,109,2019-06-01
RGI60-19.00005,Stephenson,middle,2019-06-18 14:19:35.485540352,424.9906,121,2019-06-01
RGI60-19.00005,Stephenson,middle,2019-06-30 14:19:36.332348928,336.26477,125,2019-06-01
RGI60-19.00005,Stephenson,middle,2019-07-12 14:19:37.130112000,288.6174,67,2019-07-01
RGI60-19.00005,Stephenson,middle,2019-07-24 14:19:37.860059904,434.5185,94,2019-07-01
RGI60-19.00005,Stephenson,middle,2019-08-05 14:19:38.694914304,451.24274,107,2019-08-01
RGI60-19.00005,Stephenson,middle,2019-08-17 14:19:39.499704064,438.61237,132,2019-08-01
RGI60-19.00005,Stephenson,middle,2019-08-29 14:19:40.059894016,428.63153,125,2019-08-01
RGI60-19.00005,Stephenson,middle,2019-09-10 14:19:40.532592896,359.17413,134,2019-09-01
RGI60-19.00005,Stephenson,middle,2019-09-22 14:19:41.058400000,362.96664,144,2019-09-01
RGI60-19.00005,Stephenson,middle,2019-10-04 14:19:41.347813888,270.0601,112,2019-10-01
RGI60-19.00005,Stephenson,middle,2019-10-28 14:19:41.378044928,409.6059,125,2019-10-01
RGI60-19.00005,Stephenson,middle,2019-11-09 14:19:41.408079104,426.05164,135,2019-11-01
RGI60-19.00005,Stephenson,middle,2019-11-21 14:19:41.173992960,319.0141,85,2019-11-01
RGI60-19.00005,Stephenson,middle,2019-12-03 14:19:40.752503040,417.23495,71,2019-12-01
RGI60-19.00005,Stephenson,middle,2019-12-15 14:19:40.293057792,345.53284,96,2019-12-01
RGI60-19.00005,Stephenson,middle,2019-12-27 14:19:39.752483072,405.9623,142,2019-12-01
RGI60-19.00005,Stephenson,middle,2020-01-08 14:19:39.210093312,427.2154,109,2020-01-01
RGI60-19.00005,Stephenson,middle,2020-01-20 14:19:38.810253056,410.063,134,2020-01-01
RGI60-19.00005,Stephenson,middle,2020-02-01 14:19:38.488531200,415.84854,107,2020-02-01
RGI60-19.00005,Stephenson,middle,2020-02-13 14:19:38.202100992,394.65555,119,2020-02-01
RGI60-19.00005,Stephenson,middle,2020-02-25 14:19:38.030896128,385.31036,132,2020-02-01
RGI60-19.00005,Stephenson,middle,2020-03-08 14:19:38.071670016,306.7072,114,2020-03-01
RGI60-19.00005,Stephenson,middle,2020-03-20 14:19:38.188947968,364.3103,127,2020-03-01
RGI60-19.00005,Stephenson,middle,2020-04-01 14:19:38.348705024,301.52838,118,2020-04-01
RGI60-19.00005,Stephenson,middle,2020-04-13 14:19:38.767520000,381.92276,123,2020-04-01
RGI60-19.00005,Stephenson,middle,2020-04-25 14:19:39.347729920,316.2395,124,2020-04-01
RGI60-19.00005,Stephenson,middle,2020-05-07 14:19:39.941711104,275.2308,131,2020-05-01
RGI60-19.00005,Stephenson,middle,2020-05-19 14:19:40.631842048,290.33908,124,2020-05-01
RGI60-19.00005,Stephenson,middle,2020-05-31 14:19:41.324128000,302.37415,134,2020-05-01
RGI60-19.00005,Stephenson,middle,2020-06-12 14:19:42.017577984,289.60144,151,2020-06-01
RGI60-19.00005,Stephenson,middle,2020-06-24 14:19:42.670116096,382.68787,127,2020-06-01
RGI60-19.00005,Stephenson,middle,2020-07-30 14:19:44.881734912,392.86768,149,2020-07-01
RGI60-19.00005,Stephenson,middle,2020-08-11 14:19:45.515654912,320.2624,151,2020-08-01
RGI60-19.00005,Stephenson,middle,2020-08-23 14:19:46.285670912,380.78473,127,2020-08-01
RGI60-19.00005,Stephenson,middle,2020-09-04 14:19:46.911767040,363.60007,121,2020-09-01
RGI60-19.00005,Stephenson,middle,2020-09-16 14:19:47.323763968,364.3213,115,2020-09-01
RGI60-19.00005,Stephenson,middle,2020-09-28 14:19:47.653922048,321.40005,129,2020-09-01
RGI60-19.00005,Stephenson,middle,2020-10-10 14:19:47.869454336,380.57144,116,2020-10-01
RGI60-19.00005,Stephenson,middle,2020-10-22 14:19:47.940509184,361.5461,110,2020-10-01
RGI60-19.00005,Stephenson,middle,2020-11-03 14:19:47.809718016,341.83496,96,2020-11-01
RGI60-19.00005,Stephenson,middle,2020-11-15 14:19:47.541047296,403.9389,128,2020-11-01
RGI60-19.00005,Stephenson,middle,2020-11-27 14:19:47.185804032,302.60535,93,2020-11-01
RGI60-19.00005,Stephenson,middle,2020-12-09 14:19:46.767137024,388.1971,141,2020-12-01
RGI60-19.00005,Stephenson,middle,2020-12-21 14:19:46.250866944,396.7896,135,2020-12-01
RGI60-19.00005,Stephenson,middle,2021-01-02 14:19:45.603287040,351.24066,77,2021-01-01
RGI60-19.00005,Stephenson,middle,2021-01-14 14:19:44.994102016,401.9913,127,2021-01-01
RGI60-19.00005,Stephenson,middle,2021-01-26 14:19:44.579731968,380.0013,139,2021-01-01
RGI60-19.00005,Stephenson,middle,2021-02-07 14:19:44.267441920,370.2175,121,2021-02-01
RGI60-19.00005,Stephenson,middle,2021-02-19 14:19:43.996110848,350.66803,140,2021-02-01
RGI60-19.00005,Stephenson,middle,2021-03-03 14:19:43.906787072,339.63803,151,2021-03-01
RGI60-19.00005,Stephenson,middle,2021-03-15 14:19:43.974265088,345.7875,109,2021-03-01
RGI60-19.00005,Stephenson,middle,2021-03-27 14:19:44.149390080,202.41217,64,2021-03-01
RGI60-19.00005,Stephenson,middle,2021-04-08 14:19:44.499556096,404.16373,144,2021-04-01
RGI60-19.00005,Stephenson,middle,2021-04-20 14:19:44.985736960,339.69547,137,2021-04-01
RGI60-19.00005,Stephenson,middle,2021-05-02 14:19:45.552339968,335.2893,126,2021-05-01
RGI60-19.00005,Stephenson,middle,2021-05-14 14:19:46.095106048,313.5205,122,2021-05-01
RGI60-19.00005,Stephenson,middle,2021-05-26 14:19:46.736066048,410.79156,114,2021-05-01
RGI60-19.00005,Stephenson,middle,2021-06-07 14:19:47.587547904,342.7371,106,2021-06-01
RGI60-19.00005,Stephenson,middle,2021-06-19 14:19:48.324613888,390.43854,94,2021-06-01
RGI60-19.00005,Stephenson,middle,2021-07-01 14:19:48.940225280,445.13818,135,2021-07-01
RGI60-19.00005,Stephenson,middle,2021-07-13 14:19:49.687043840,359.7749,156,2021-07-01
RGI60-19.00005,Stephenson,middle,2021-07-25 14:19:50.464989952,375.2932,121,2021-07-01
RGI60-19.00005,Stephenson,middle,2021-08-06 14:19:51.094564096,385.13675,136,2021-08-01
RGI60-19.00005,Stephenson,middle,2021-08-18 14:19:51.741864960,399.71115,113,2021-08-01
RGI60-19.00005,Stephenson,middle,2021-08-30 14:19:52.371694080,411.74722,120,2021-08-01
RGI60-19.00005,Stephenson,middle,2021-09-11 14:19:52.883846912,332.97064,136,2021-09-01
RGI60-19.00005,Stephenson,middle,2021-09-23 14:19:53.311340032,390.78558,122,2021-09-01
RGI60-19.00005,Stephenson,middle,2021-10-05 14:19:53.541125376,354.4256,116,2021-10-01
RGI60-19.00005,Stephenson,middle,2021-10-17 14:19:53.652566016,368.29156,126,2021-10-01
RGI60-19.00005,Stephenson,middle,2021-10-29 14:19:53.551630080,154.57674,22,2021-10-01
RGI60-19.00005,Stephenson,middle,2021-12-04 14:19:52.548361984,318.50934,112,2021-12-01
RGI60-19.00005,Stephenson,middle,2021-12-16 14:19:51.930311936,383.3132,117,2021-12-01
RGI60-19.00005,Stephenson,middle,2021-12-28 14:19:51.338426112,376.65326,56,2021-12-01
RGI60-19.00005,Stephenson,middle,2022-01-09 14:19:50.895375104,409.94165,150,2022-01-01
RGI60-19.00005,Stephenson,middle,2022-01-21 14:19:50.423372032,363.60007,151,2022-01-01
RGI60-19.00005,Stephenson,middle,2022-02-02 14:19:49.957099008,344.76434,158,2022-02-01
RGI60-19.00005,Stephenson,middle,2022-02-14 14:19:49.719392000,345.09906,158,2022-02-01
RGI60-19.00005,Stephenson,middle,2022-02-26 14:19:49.515284992,347.5923,160,2022-02-01
RGI60-19.00005,Stephenson,middle,2022-03-10 14:19:49.380158976,311.77795,160,2022-03-01
RGI60-19.00005,Stephenson,middle,2022-03-22 14:19:49.676464128,398.38425,156,2022-03-01
RGI60-19.00005,Stephenson,middle,2022-04-03 14:19:50.027915008,323.6325,157,2022-04-01
RGI60-19.00005,Stephenson,middle,2022-04-15 14:19:50.397573120,360.7215,123,2022-04-01
RGI60-19.00005,Stephenson,middle,2022-04-27 14:19:50.815223296,302.88657,154,2022-04-01
RGI60-19.00005,Stephenson,middle,2022-05-09 14:19:52.393481984,303.033,145,2022-05-01
RGI60-19.00005,Stephenson,middle,2022-05-21 14:19:54.177740032,283.93036,148,2022-05-01
RGI60-19.00005,Stephenson,middle,2022-05-26 14:28:00.755574016,322.826,148,2022-05-01
RGI60-19.00005,Stephenson,middle,2022-06-02 14:19:55.130632960,341.64603,145,2022-06-01
RGI60-19.00005,Stephenson,middle,2022-06-07 14:28:01.684806912,327.72165,162,2022-06-01
RGI60-19.00005,Stephenson,middle,2022-06-14 14:19:56.062055936,333.92813,147,2022-06-01
RGI60-19.00005,Stephenson,middle,2022-06-19 14:28:02.479334912,337.4685,143,2022-06-01
RGI60-19.00005,Stephenson,middle,2022-06-26 14:19:56.705408000,335.9109,144,2022-06-01
RGI60-19.00005,Stephenson,middle,2022-07-01 14:28:03.169671936,365.0,151,2022-07-01
RGI60-19.00005,Stephenson,middle,2022-07-08 14:19:57.354473984,289.48282,74,2022-07-01
RGI60-19.00005,Stephenson,middle,2022-07-13 14:28:03.860014080,345.5711,144,2022-07-01
RGI60-19.00005,Stephenson,middle,2022-07-20 14:19:58.072675072,391.81244,144,2022-07-01
RGI60-19.00005,Stephenson,middle,2022-07-25 14:28:04.659260928,399.87103,160,2022-07-01
RGI60-19.00005,Stephenson,middle,2022-08-01 14:19:58.916208128,332.31445,148,2022-08-01
RGI60-19.00005,Stephenson,middle,2022-08-06 14:28:05.399954944,405.00494,143,2022-08-01
RGI60-19.00005,Stephenson,middle,2022-08-13 14:19:59.678646016,317.309,135,2022-08-01
RGI60-19.00005,Stephenson,middle,2022-08-18 14:28:05.973511168,381.749,116,2022-08-01
RGI60-19.00005,Stephenson,middle,2022-08-25 14:20:00.221842944,388.20227,137,2022-08-01
RGI60-19.00005,Stephenson,middle,2022-08-30 14:28:06.684190208,372.90155,138,2022-08-01
RGI60-19.00005,Stephenson,middle,2022-09-06 14:20:00.815860224,330.46387,86,2022-09-01
RGI60-19.00005,Stephenson,middle,2022-09-11 14:28:07.121594880,395.58817,147,2022-09-01
RGI60-19.00005,Stephenson,middle,2022-09-18 14:20:00.980290048,488.18542,81,2022-09-01
RGI60-19.00005,Stephenson,middle,2022-09-23 14:28:07.318352128,367.16345,132,2022-09-01
RGI60-19.00005,Stephenson,middle,2022-09-30 14:20:00.998528000,390.00897,120,2022-09-01
RGI60-19.00005,Stephenson,middle,2022-10-05 14:28:07.536223744,378.9063,137,2022-10-01
RGI60-19.00005,Stephenson,middle,2022-10-12 14:20:01.328502016,397.94308,136,2022-10-01
RGI60-19.00005,Stephenson,middle,2022-10-17 14:28:07.574652672,377.02942,158,2022-10-01
RGI60-19.00005,Stephenson,middle,2022-10-24 14:20:01.413847040,341.66943,141,2022-10-01
RGI60-19.00005,Stephenson,middle,2022-11-05 14:20:01.147716352,405.1834,150,2022-11-01
RGI60-19.00005,Stephenson,middle,2022-11-17 14:20:01.062725888,364.0714,120,2022-11-01
RGI60-19.00005,Stephenson,middle,2022-11-22 14:28:06.921215232,440.7199,148,2022-11-01
RGI60-19.00005,Stephenson,middle,2022-11-29 14:20:00.834912000,401.7076,167,2022-11-01
RGI60-19.00005,Stephenson,middle,2022-12-04 14:28:06.616229632,389.2981,162,2022-12-01
RGI60-19.00005,Stephenson,middle,2022-12-11 14:20:00.030899200,433.10275,119,2022-12-01
RGI60-19.00005,Stephenson,middle,2022-12-16 14:28:05.879153152,392.6861,144,2022-12-01
RGI60-19.00005,Stephenson,middle,2022-12-23 14:19:59.313501952,388.48553,135,2022-12-01
RGI60-19.00005,Stephenson,upper,2016-08-08 14:19:23.401984000,210.76053,47,2016-08-01
RGI60-19.00005,Stephenson,upper,2016-08-20 14:19:23.917585920,126.29622,20,2016-08-01
RGI60-19.00005,Stephenson,upper,2016-09-01 14:19:24.380167936,146.08559,27,2016-09-01
RGI60-19.00005,Stephenson,upper,2016-09-13 14:19:24.833501696,102.687004,10,2016-09-01
RGI60-19.00005,Stephenson,upper,2016-09-25 14:19:25.243674880,142.41138,15,2016-09-01
RGI60-19.00005,Stephenson,upper,2016-10-07 14:19:25.377327104,157.8005,19,2016-10-01
RGI60-19.00005,Stephenson,upper,2016-10-19 14:19:25.406363904,165.5072,26,2016-10-01
RGI60-19.00005,Stephenson,upper,2016-10-31 14:19:25.349842944,196.3682,26,2016-10-01
RGI60-19.00005,Stephenson,upper,2016-11-12 14:19:23.778163968,99.064514,32,2016-11-01
RGI60-19.00005,Stephenson,upper,2016-11-24 14:19:23.512865280,61.11217,12,2016-11-01
RGI60-19.00005,Stephenson,upper,2016-12-06 14:19:23.160400896,105.33938,44,2016-12-01
RGI60-19.00005,Stephenson,upper,2016-12-18 14:19:21.404576000,143.93262,38,2016-12-01
RGI60-19.00005,Stephenson,upper,2016-12-30 14:19:20.396610304,167.36691,20,2016-12-01
RGI60-19.00005,Stephenson,upper,2017-01-11 14:19:19.384711936,172.33063,14,2017-01-01
RGI60-19.00005,Stephenson,upper,2017-01-23 14:19:19.120616960,161.19142,34,2017-01-01
RGI60-19.00005,Stephenson,upper,2017-03-12 14:19:18.739416064,187.67545,50,2017-03-01
RGI60-19.00005,Stephenson,upper,2017-03-24 14:19:19.007155200,153.4047,21,2017-03-01
RGI60-19.00005,Stephenson,upper,2017-04-05 14:19:19.400218880,151.182,19,2017-04-01
RGI60-19.00005,Stephenson,upper,2017-04-17 14:19:19.964559104,199.11267,34,2017-04-01
RGI60-19.00005,Stephenson,upper,2017-04-29 14:19:20.615859968,184.49106,26,2017-04-01
RGI60-19.00005,Stephenson,upper,2017-05-11 14:19:21.265946112,195.3021,26,2017-05-01
RGI60-19.00005,Stephenson,upper,2017-05-23 14:19:21.823726848,163.08586,13,2017-05-01
RGI60-19.00005,Stephenson,upper,2017-06-04 14:19:22.511610112,141.9784,40,2017-06-01
RGI60-19.00005,Stephenson,upper,2017-06-16 14:19:23.276265984,83.02409,25,2017-06-01
RGI60-19.00005,Stephenson,upper,2017-06-28 14:19:23.868635904,146.15306,16,2017-06-01
RGI60-19.00005,Stephenson,upper,2017-07-10 14:19:24.504587008,212.36667,30,2017-07-01
RGI60-19.00005,Stephenson,upper,2017-07-22 14:19:25.308649984,154.80634,35,2017-07-01
RGI60-19.00005,Stephenson,upper,2017-08-03 14:19:26.003341056,176.40012,13,2017-08-01
RGI60-19.00005,Stephenson,upper,2017-08-15 14:19:26.570312704,140.20699,25,2017-08-01
RGI60-19.00005,Stephenson,upper,2017-08-27 14:19:27.138179072,191.23022,35,2017-08-01
RGI60-19.00005,Stephenson,upper,2017-09-08 14:19:27.628812032,135.3319,28,2017-09-01
RGI60-19.00005,Stephenson,upper,2017-09-20 14:19:27.986957056,228.96024,30,2017-09-01
RGI60-19.00005,Stephenson,upper,2017-10-02 14:19:28.268212992,114.14027,31,2017-10-01
RGI60-19.00005,Stephenson,upper,2017-10-14 14:19:28.466811904,198.23723,29,2017-10-01
RGI60-19.00005,Stephenson,upper,2017-10-26 14:19:28.558850816,191.48444,34,2017-10-01
RGI60-19.00005,Stephenson,upper,2017-11-07 14:19:28.400216064,126.14278,27,2017-11-01
RGI60-19.00005,Stephenson,upper,2017-11-19 14:19:28.126139904,137.2953,31,2017-11-01
RGI60-19.00005,Stephenson,upper,2017-12-01 14:19:27.712507904,120.46584,26,2017-12-01
RGI60-19.00005,Stephenson,upper,2017-12-13 14:19:27.244506112,171.23083,27,2017-12-01
RGI60-19.00005,Stephenson,upper,2017-12-25 14:19:26.806458880,203.25394,30,2017-12-01
RGI60-19.00005,Stephenson,upper,2018-01-06 14:19:26.341627904,152.61061,35,2018-01-01
RGI60-19.00005,Stephenson,upper,2018-01-18 14:19:25.976069120,142.76204,25,2018-01-01
RGI60-19.00005,Stephenson,upper,2018-01-30 14:19:25.634458112,303.9819,37,2018-01-01
RGI60-19.00005,Stephenson,upper,2018-02-11 14:19:25.389374208,172.8996,48,2018-02-01
RGI60-19.00005,Stephenson,upper,2018-02-23 14:19:25.270537984,151.33076,59,2018-02-01
RGI60-19.00005,Stephenson,upper,2018-03-07 14:19:25.304898048,139.31403,38,2018-03-01
RGI60-19.00005,Stephenson,upper,2018-03-19 14:19:25.425864960,184.44716,32,2018-03-01
RGI60-19.00005,Stephenson,upper,2018-03-31 14:19:25.653227008,148.00226,48,2018-03-01
RGI60-19.00005,Stephenson,upper,2018-04-12 14:19:25.996848896,183.37598,32,2018-04-01
RGI60-19.00005,Stephenson,upper,2018-05-06 14:19:27.194672896,187.08249,30,2018-05-01
RGI60-19.00005,Stephenson,upper,2018-05-30 14:19:28.512496896,140.73631,16,2018-05-01
RGI60-19.00005,Stephenson,upper,2018-06-11 14:19:29.256151296,132.37192,20,2018-06-01
RGI60-19.00005,Stephenson,upper,2018-07-17 14:19:31.352168960,213.01236,36,2018-07-01
RGI60-19.00005,Stephenson,upper,2018-07-29 14:19:32.090274048,120.96892,22,2018-07-01
RGI60-19.00005,Stephenson,upper,2018-08-10 14:19:32.777369856,183.30849,29,2018-08-01
RGI60-19.00005,Stephenson,upper,2018-08-22 14:19:33.525530880,138.75517,25,2018-08-01
RGI60-19.00005,Stephenson,upper,2018-09-03 14:19:34.150326016,182.4637,29,2018-09-01
RGI60-19.00005,Stephenson,upper,2018-09-15 14:19:34.566413056,99.44154,16,2018-09-01
RGI60-19.00005,Stephenson,upper,2018-09-27 14:19:34.757455872,140.42792,13,2018-09-01
RGI60-19.00005,Stephenson,upper,2018-10-09 14:19:35.012593664,146.12704,26,2018-10-01
RGI60-19.00005,Stephenson,upper,2018-10-21 14:19:35.192508672,96.79876,25,2018-10-01
RGI60-19.00005,Stephenson,upper,2018-11-02 14:19:35.040560896,111.440056,24,2018-11-01
RGI60-19.00005,Stephenson,upper,2018-11-14 14:19:34.827130112,137.99832,18,2018-11-01
RGI60-19.00005,Stephenson,upper,2018-11-26 14:19:34.521798912,158.5339,35,2018-11-01
RGI60-19.00005,Stephenson,upper,2018-12-08 14:19:33.997232128,141.54565,16,2018-12-01
RGI60-19.00005,Stephenson,upper,2018-12-20 14:19:33.568711936,129.96793,18,2018-12-01
RGI60-19.00005,Stephenson,upper,2019-01-01 14:19:33.169639936,143.14005,36,2019-01-01
RGI60-19.00005,Stephenson,upper,2019-01-13 14:19:32.764009984,156.23157,54,2019-01-01
RGI60-19.00005,Stephenson,upper,2019-01-25 14:19:32.453721088,123.8974,14,2019-01-01
RGI60-19.00005,Stephenson,upper,2019-02-06 14:19:32.031958016,125.58737,34,2019-02-01
RGI60-19.00005,Stephenson,upper,2019-02-18 14:19:31.787458304,173.73831,21,2019-02-01
RGI60-19.00005,Stephenson,upper,2019-03-02 14:19:31.770794240,142.33916,56,2019-03-01
RGI60-19.00005,Stephenson,upper,2019-03-14 14:19:31.789113088,213.17355,40,2019-03-01
RGI60-19.00005,Stephenson,upper,2019-03-26 14:19:32.007635968,179.39722,32,2019-03-01
RGI60-19.00005,Stephenson,upper,2019-04-07 14:19:32.297591040,219.45615,21,2019-04-01
RGI60-19.00005,Stephenson,upper,2019-04-19 14:19:32.767736064,155.11609,35,2019-04-01
RGI60-19.00005,Stephenson,upper,2019-05-01 14:19:33.214114048,215.1023,47,2019-05-01
RGI60-19.00005,Stephenson,upper,2019-05-13 14:19:33.679464960,193.20456,29,2019-05-01
RGI60-19.00005,Stephenson,upper,2019-05-25 14:19:34.346309120,137.40091,20,2019-05-01
RGI60-19.00005,Stephenson,upper,2019-06-06 14:19:34.819286016,207.02174,29,2019-06-01
RGI60-19.00005,Stephenson,upper,2019-06-18 14:19:35.485540352,198.16495,30,2019-06-01
RGI60-19.00005,Stephenson,upper,2019-06-30 14:19:36.332348928,85.85248,16,2019-06-01
RGI60-19.00005,Stephenson,upper,2019-07-12 14:19:37.130112000,144.01389,33,2019-07-01
RGI60-19.00005,Stephenson,upper,2019-07-24 14:19:37.860059904,126.02777,26,2019-07-01
RGI60-19.00005,Stephenson,upper,2019-08-05 14:19:38.694914304,177.8401,16,2019-08-01
RGI60-19.00005,Stephenson,upper,2019-08-17 14:19:39.499704064,162.78206,37,2019-08-01
RGI60-19.00005,Stephenson,upper,2019-08-29 14:19:40.059894016,148.35905,20,2019-08-01
RGI60-19.00005,Stephenson,upper,2019-09-10 14:19:40.532592896,115.21086,38,2019-09-01
RGI60-19.00005,Stephenson,upper,2019-09-22 14:19:41.058400000,124.2578,23,2019-09-01
RGI60-19.00005,Stephenson,upper,2019-10-04 14:19:41.347813888,175.66771,36,2019-10-01
RGI60-19.00005,Stephenson,upper,2019-10-28 14:19:41.378044928,145.07289,36,2019-10-01
RGI60-19.00005,Stephenson,upper,2019-11-09 14:19:41.408079104,107.55577,32,2019-11-01
RGI60-19.00005,Stephenson,upper,2019-11-21 14:19:41.173992960,113.895966,18,2019-11-01
RGI60-19.00005,Stephenson,upper,2019-12-03 14:19:40.752503040,141.01419,17,2019-12-01
RGI60-19.00005,Stephenson,upper,2019-12-15 14:19:40.293057792,225.93805,17,2019-12-01
RGI60-19.00005,Stephenson,upper,2019-12-27 14:19:39.752483072,200.26233,45,2019-12-01
RGI60-19.00005,Stephenson,upper,2020-01-08 14:19:39.210093312,140.76932,21,2020-01-01
RGI60-19.00005,Stephenson,upper,2020-01-20 14:19:38.810253056,186.043,47,2020-01-01
RGI60-19.00005,Stephenson,upper,2020-02-01 14:19:38.488531200,172.67444,30,2020-02-01
RGI60-19.00005,Stephenson,upper,2020-02-13 14:19:38.202100992,159.4522,33,2020-02-01
RGI60-19.00005,Stephenson,upper,2020-02-25 14:19:38.030896128,177.1394,46,2020-02-01
RGI60-19.00005,Stephenson,upper,2020-03-08 14:19:38.071670016,169.0562,45,2020-03-01
RGI60-19.00005,Stephenson,upper,2020-03-20 14:19:38.188947968,200.95502,26,2020-03-01
RGI60-19.00005,Stephenson,upper,2020-04-01 14:19:38.348705024,131.55228,25,2020-04-01
RGI60-19.00005,Stephenson,upper,2020-04-13 14:19:38.767520000,239.40968,33,2020-04-01
RGI60-19.00005,Stephenson,upper,2020-04-25 14:19:39.347729920,133.89922,49,2020-04-01
RGI60-19.00005,Stephenson,upper,2020-05-07 14:19:39.941711104,168.29736,41,2020-05-01
RGI60-19.00005,Stephenson,upper,2020-05-19 14:19:40.631842048,152.42923,40,2020-05-01
RGI60-19.00005,Stephenson,upper,2020-05-31 14:19:41.324128000,122.18429,19,2020-05-01
RGI60-19.00005,Stephenson,upper,2020-06-12 14:19:42.017577984,127.674034,34,2020-06-01
RGI60-19.00005,Stephenson,upper,2020-06-24 14:19:42.670116096,164.57521,25,2020-06-01
RGI60-19.00005,Stephenson,upper,2020-07-30 14:19:44.881734912,127.23111,16,2020-07-01
RGI60-19.00005,Stephenson,upper,2020-08-11 14:19:45.515654912,119.23926,39,2020-08-01
RGI60-19.00005,Stephenson,upper,2020-08-23 14:19:46.285670912,135.71294,33,2020-08-01
RGI60-19.00005,Stephenson,upper,2020-09-04 14:19:46.911767040,128.35107,17,2020-09-01
RGI60-19.00005,Stephenson,upper,2020-09-16 14:19:47.323763968,116.1034,39,2020-09-01
RGI60-19.00005,Stephenson,upper,2020-09-28 14:19:47.653922048,103.08597,26,2020-09-01
RGI60-19.00005,Stephenson,upper,2020-10-10 14:19:47.869454336,101.65137,16,2020-10-01
RGI60-19.00005,Stephenson,upper,2020-10-22 14:19:47.940509184,102.45542,18,2020-10-01
RGI60-19.00005,Stephenson,upper,2020-11-03 14:19:47.809718016,83.15047,13,2020-11-01
RGI60-19.00005,Stephenson,upper,2020-11-15 14:19:47.541047296,191.38947,30,2020-11-01
RGI60-19.00005,Stephenson,upper,2020-11-27 14:19:47.185804032,93.49185,30,2020-11-01
RGI60-19.00005,Stephenson,upper,2020-12-09 14:19:46.767137024,121.70867,33,2020-12-01
RGI60-19.00005,Stephenson,upper,2020-12-21 14:19:46.250866944,136.2924,36,2020-12-01
RGI60-19.00005,Stephenson,upper,2021-01-02 14:19:45.603287040,86.27862,15,2021-01-01
RGI60-19.00005,Stephenson,upper,2021-01-14 14:19:44.994102016,131.60547,51,2021-01-01
RGI60-19.00005,Stephenson,upper,2021-01-26 14:19:44.579731968,155.59763,44,2021-01-01
RGI60-19.00005,Stephenson,upper,2021-02-07 14:19:44.267441920,108.40664,21,2021-02-01
RGI60-19.00005,Stephenson,upper,2021-02-19 14:19:43.996110848,172.53986,32,2021-02-01
RGI60-19.00005,Stephenson,upper,2021-03-03 14:19:43.906787072,77.58139,32,2021-03-01
RGI60-19.00005,Stephenson,upper,2021-03-15 14:19:43.974265088,121.016525,27,2021-03-01
RGI60-19.00005,Stephenson,upper,2021-03-27 14:19:44.149390080,133.62022,14,2021-03-01
RGI60-19.00005,Stephenson,upper,2021-04-08 14:19:44.499556096,138.5388,17,2021-04-01
RGI60-19.00005,Stephenson,upper,2021-04-20 14:19:44.985736960,146.15402,19,2021-04-01
RGI60-19.00005,Stephenson,upper,2021-05-02 14:19:45.552339968,157.9177,29,2021-05-01
RGI60-19.00005,Stephenson,upper,2021-05-14 14:19:46.095106048,219.32852,29,2021-05-01
RGI60-19.00005,Stephenson,upper,2021-05-26 14:19:46.736066048,123.4342,27,2021-05-01
RGI60-19.00005,Stephenson,upper,2021-06-07 14:19:47.587547904,181.79659,31,2021-06-01
RGI60-19.00005,Stephenson,upper,2021-06-19 14:19:48.324613888,137.4409,19,2021-06-01
RGI60-19.00005,Stephenson,upper,2021-07-01 14:19:48.940225280,324.19067,36,2021-07-01
RGI60-19.00005,Stephenson,upper,2021-07-13 14:19:49.687043840,244.34607,39,2021-07-01
RGI60-19.00005,Stephenson,upper,2021-07-25 14:19:50.464989952,226.034,44,2021-07-01
RGI60-19.00005,Stephenson,upper,2021-08-06 14:19:51.094564096,150.60213,33,2021-08-01
RGI60-19.00005,Stephenson,upper,2021-08-18 14:19:51.741864960,153.1176,25,2021-08-01
RGI60-19.00005,Stephenson,upper,2021-08-30 14:19:52.371694080,170.17638,31,2021-08-01
RGI60-19.00005,Stephenson,upper,2021-09-11 14:19:52.883846912,121.16518,17,2021-09-01
RGI60-19.00005,Stephenson,upper,2021-09-23 14:19:53.311340032,176.81912,21,2021-09-01
RGI60-19.00005,Stephenson,upper,2021-10-05 14:19:53.541125376,162.07317,30,2021-10-01
RGI60-19.00005,Stephenson,upper,2021-10-17 14:19:53.652566016,166.62393,26,2021-10-01
RGI60-19.00005,Stephenson,upper,2021-10-29 14:19:53.551630080,105.22449,20,2021-10-01
RGI60-19.00005,Stephenson,upper,2021-12-04 14:19:52.548361984,88.95924,20,2021-12-01
RGI60-19.00005,Stephenson,upper,2021-12-16 14:19:51.930311936,134.90277,16,2021-12-01
RGI60-19.00005,Stephenson,upper,2021-12-28 14:19:51.338426112,174.96338,22,2021-12-01
RGI60-19.00005,Stephenson,upper,2022-01-09 14:19:50.895375104,173.07802,49,2022-01-01
RGI60-19.00005,Stephenson,upper,2022-01-21 14:19:50.423372032,123.4342,17,2022-01-01
RGI60-19.00005,Stephenson,upper,2022-02-02 14:19:49.957099008,176.04285,26,2022-02-01
RGI60-19.00005,Stephenson,upper,2022-02-14 14:19:49.719392000,140.83472,44,2022-02-01
RGI60-19.00005,Stephenson,upper,2022-02-26 14:19:49.515284992,206.03981,26,2022-02-01
RGI60-19.00005,Stephenson,upper,2022-03-10 14:19:49.380158976,174.12892,32,2022-03-01
RGI60-19.00005,Stephenson,upper,2022-03-22 14:19:49.676464128,172.36299,33,2022-03-01
RGI60-19.00005,Stephenson,upper,2022-04-03 14:19:50.027915008,175.4537,31,2022-04-01
RGI60-19.00005,Stephenson,upper,2022-04-15 14:19:50.397573120,192.7615,43,2022-04-01
RGI60-19.00005,Stephenson,upper,2022-04-27 14:19:50.815223296,130.7728,18,2022-04-01
RGI60-19.00005,Stephenson,upper,2022-05-09 14:19:52.393481984,145.83896,37,2022-05-01
RGI60-19.00005,Stephenson,upper,2022-05-21 14:19:54.177740032,108.40664,27,2022-05-01
RGI60-19.00005,Stephenson,upper,2022-05-26 14:28:00.755574016,138.17743,25,2022-05-01
RGI60-19.00005,Stephenson,upper,2022-06-02 14:19:55.130632960,134.53624,37,2022-06-01
RGI60-19.00005,Stephenson,upper,2022-06-07 14:28:01.684806912,211.61157,28,2022-06-01
RGI60-19.00005,Stephenson,upper,2022-06-14 14:19:56.062055936,172.82747,26,2022-06-01
RGI60-19.00005,Stephenson,upper,2022-06-19 14:28:02.479334912,193.84996,38,2022-06-01
RGI60-19.00005,Stephenson,upper,2022-06-26 14:19:56.705408000,170.84789,17,2022-06-01
RGI60-19.00005,Stephenson,upper,2022-07-01 14:28:03.169671936,207.91315,24,2022-07-01
RGI60-19.00005,Stephenson,upper,2022-07-08 14:19:57.354473984,173.64908,15,2022-07-01
RGI60-19.00005,Stephenson,upper,2022-07-13 14:28:03.860014080,75.29276,29,2022-07-01
RGI60-19.00005,Stephenson,upper,2022-07-20 14:19:58.072675072,126.24183,21,2022-07-01
RGI60-19.00005,Stephenson,upper,2022-07-25 14:28:04.659260928,172.29045,41,2022-07-01
RGI60-19.00005,Stephenson,upper,2022-08-01 14:19:58.916208128,175.41957,36,2022-08-01
RGI60-19.00005,Stephenson,upper,2022-08-06 14:28:05.399954944,144.83784,17,2022-08-01
RGI60-19.00005,Stephenson,upper,2022-08-13 14:19:59.678646016,88.96388,24,2022-08-01
RGI60-19.00005,Stephenson,upper,2022-08-18 14:28:05.973511168,78.334595,26,2022-08-01
RGI60-19.00005,Stephenson,upper,2022-08-25 14:20:00.221842944,151.53877,23,2022-08-01
RGI60-19.00005,Stephenson,upper,2022-08-30 14:28:06.684190208,197.1852,23,2022-08-01
RGI60-19.00005,Stephenson,upper,2022-09-06 14:20:00.815860224,169.79988,25,2022-09-01
RGI60-19.00005,Stephenson,upper,2022-09-11 14:28:07.121594880,135.97783,52,2022-09-01
RGI60-19.00005,Stephenson,upper,2022-09-18 14:20:00.980290048,172.58319,12,2022-09-01
RGI60-19.00005,Stephenson,upper,2022-09-23 14:28:07.318352128,143.54442,47,2022-09-01
RGI60-19.00005,Stephenson,upper,2022-09-30 14:20:00.998528000,179.72707,26,2022-09-01
RGI60-19.00005,Stephenson,upper,2022-10-05 14:28:07.536223744,189.41568,16,2022-10-01
RGI60-19.00005,Stephenson,upper,2022-10-12 14:20:01.328502016,145.97748,32,2022-10-01
RGI60-19.00005,Stephenson,upper,2022-10-17 14:28:07.574652672,93.47727,21,2022-10-01
RGI60-19.00005,Stephenson,upper,2022-10-24 14:20:01.413847040,133.0902,13,2022-10-01
RGI60-19.00005,Stephenson,upper,2022-11-05 14:20:01.147716352,197.30687,37,2022-11-01
RGI60-19.00005,Stephenson,upper,2022-11-17 14:20:01.062725888,132.01515,25,2022-11-01
RGI60-19.00005,Stephenson,upper,2022-11-22 14:28:06.921215232,148.38463,37,2022-11-01
RGI60-19.00005,Stephenson,upper,2022-11-29 14:20:00.834912000,104.06174,20,2022-11-01
RGI60-19.00005,Stephenson,upper,2022-12-04 14:28:06.616229632,156.20819,29,2022-12-01
RGI60-19.00005,Stephenson,upper,2022-12-11 14:20:00.030899200,225.46175,23,2022-12-01
RGI60-19.00005,Stephenson,upper,2022-12-16 14:28:05.879153152,77.64992,6,2022-12-01
RGI60-19.00005,Stephenson,upper,2022-12-23 14:19:59.313501952,202.35428,10,2022-12-01
RGI60-19.00023,Brown,whole,2016-08-08 14:19:23.401984000,100.25075,10,2016-08-01
RGI60-19.00023,Brown,whole,2016-08-20 14:19:23.917585920,62.907944,10,2016-08-01
RGI60-19.00023,Brown,whole,2016-09-01 14:19:24.380167936,133.50656,9,2016-09-01
RGI60-19.00023,Brown,whole,2016-09-13 14:19:24.833501696,93.723,9,2016-09-01
RGI60-19.00023,Brown,whole,2016-09-25 14:19:25.243674880,113.27016,6,2016-09-01
RGI60-19.00023,Brown,whole,2016-10-07 14:19:25.377327104,89.6772,5,2016-10-01
RGI60-19.00023,Brown,whole,2016-10-19 14:19:25.406363904,49.969727,8,2016-10-01
RGI60-19.00023,Brown,whole,2016-10-31 14:19:25.349842944,56.748535,18,2016-10-01
RGI60-19.00023,Brown,whole,2016-11-12 14:19:23.778163968,83.737686,17,2016-11-01
RGI60-19.00023,Brown,whole,2016-11-24 14:19:23.512865280,37.490578,4,2016-11-01
RGI60-19.00023,Brown,whole,2016-12-06 14:19:23.160400896,26.925823,9,2016-12-01
RGI60-19.00023,Brown,whole,2016-12-18 14:19:21.404576000,286.71414,25,2016-12-01
RGI60-19.00023,Brown,whole,2016-12-30 14:19:20.396610304,73.24616,7,2016-12-01
RGI60-19.00023,Brown,whole,2017-01-11 14:19:19.384711936,125.67418,17,2017-01-01
RGI60-19.00023,Brown,whole,2017-01-23 14:19:19.120616960,20.633413,8,2017-01-01
RGI60-19.00023,Brown,whole,2017-03-12 14:19:18.739416064,19.44909,8,2017-03-01
RGI60-19.00023,Brown,whole,2017-03-24 14:19:19.007155200,21.844355,8,2017-03-01
RGI60-19.00023,Brown,whole,2017-04-05 14:19:19.400218880,77.88762,18,2017-04-01
RGI60-19.00023,Brown,whole,2017-04-17 14:19:19.964559104,28.42534,11,2017-04-01
RGI60-19.00023,Brown,whole,2017-04-29 14:19:20.615859968,54.316204,22,2017-04-01
RGI60-19.00023,Brown,whole,2017-05-11 14:19:21.265946112,105.53672,23,2017-05-01
RGI60-19.00023,Brown,whole,2017-05-23 14:19:21.823726848,324.97662,24,2017-05-01
RGI60-19.00023,Brown,whole,2017-06-04 14:19:22.511610112,74.63243,7,2017-06-01
RGI60-19.00023,Brown,whole,2017-06-16 14:19:23.276265984,178.22739,25,2017-06-01
RGI60-19.00023,Brown,whole,2017-06-28 14:19:23.868635904,72.42237,13,2017-06-01
RGI60-19.00023,Brown,whole,2017-07-10 14:19:24.504587008,177.56407,21,2017-07-01
RGI60-19.00023,Brown,whole,2017-07-22 14:19:25.308649984,245.83734,35,2017-07-01
RGI60-19.00023,Brown,whole,2017-08-03 14:19:26.003341056,221.8824,56,2017-08-01
RGI60-19.00023,Brown,whole,2017-08-15 14:19:26.570312704,48.703182,15,2017-08-01
RGI60-19.00023,Brown,whole,2017-08-27 14:19:27.138179072,165.01712,28,2017-08-01
RGI60-19.00023,Brown,whole,2017-09-08 14:19:27.628812032,261.23743,35,2017-09-01
RGI60-19.00023,Brown,whole,2017-09-20 14:19:27.986957056,34.36568,1,2017-09-01
RGI60-19.00023,Brown,whole,2017-10-02 14:19:28.268212992,42.44997,7,2017-10-01
RGI60-19.00023,Brown,whole,2017-10-14 14:19:28.466811904,341.21228,30,2017-10-01
RGI60-19.00023,Brown,whole,2017-10-26 14:19:28.558850816,118.228,10,2017-10-01
RGI60-19.00023,Brown,whole,2017-11-07 14:19:28.400216064,311.26355,19,2017-11-01
RGI60-19.00023,Brown,whole,2017-11-19 14:19:28.126139904,132.52477,4,2017-11-01
RGI60-19.00023,Brown,whole,2017-12-01 14:19:27.712507904,35.851524,6,2017-12-01
RGI60-19.00023,Brown,whole,2017-12-13 14:19:27.244506112,92.800865,19,2017-12-01
RGI60-19.00023,Brown,whole,2017-12-25 14:19:26.806458880,51.971146,21,2017-12-01
RGI60-19.00023,Brown,whole,2018-01-06 14:19:26.341627904,105.9481,17,2018-01-01
RGI60-19.00023,Brown,whole,2018-01-18 14:19:25.976069120,60.464867,15,2018-01-01
RGI60-19.00023,Brown,whole,2018-01-30 14:19:25.634458112,129.80756,15,2018-01-01
RGI60-19.00023,Brown,whole,2018-02-11 14:19:25.389374208,127.42115,24,2018-02-01
RGI60-19.00023,Brown,whole,2018-02-23 14:19:25.270537984,27.856777,19,2018-02-01
RGI60-19.00023,Brown,whole,2018-03-07 14:19:25.304898048,85.637375,26,2018-03-01
RGI60-19.00023,Brown,whole,2018-03-19 14:19:25.425864960,82.8833,10,2018-03-01
RGI60-19.00023,Brown,whole,2018-03-31 14:19:25.653227008,73.08005,22,2018-03-01
RGI60-19.00023,Brown,whole,2018-04-12 14:19:25.996848896,104.56099,33,2018-04-01
RGI60-19.00023,Brown,whole,2018-05-06 14:19:27.194672896,67.05257,18,2018-05-01
RGI60-19.00023,Brown,whole,2018-05-30 14:19:28.512496896,114.38969,13,2018-05-01
RGI60-19.00023,Brown,whole,2018-06-11 14:19:29.256151296,41.04875,7,2018-06-01
RGI60-19.00023,Brown,whole,2018-07-17 14:19:31.352168960,55.31727,9,2018-07-01
RGI60-19.00023,Brown,whole,2018-07-29 14:19:32.090274048,112.7671,16,2018-07-01
RGI60-19.00023,Brown,whole,2018-08-10 14:19:32.777369856,70.82115,8,2018-08-01
RGI60-19.00023,Brown,whole,2018-08-22 14:19:33.525530880,72.98092,8,2018-08-01
RGI60-19.00023,Brown,whole,2018-09-03 14:19:34.150326016,106.692375,10,2018-09-01
RGI60-19.00023,Brown,whole,2018-09-15 14:19:34.566413056,307.25885,39,2018-09-01
RGI60-19.00023,Brown,whole,2018-09-27 14:19:34.757455872,266.17664,23,2018-09-01
RGI60-19.00023,Brown,whole,2018-10-09 14:19:35.012593664,185.08377,25,2018-10-01
RGI60-19.00023,Brown,whole,2018-10-21 14:19:35.192508672,246.71442,23,2018-10-01
RGI60-19.00023,Brown,whole,2018-11-02 14:19:35.040560896,225.50253,2,2018-11-01
RGI60-19.00023,Brown,whole,2018-11-14 14:19:34.827130112,102.57925,32,2018-11-01
RGI60-19.00023,Brown,whole,2018-11-26 14:19:34.521798912,42.0119,21,2018-11-01
RGI60-19.00023,Brown,whole,2018-12-08 14:19:33.997232128,42.0119,9,2018-12-01
RGI60-19.00023,Brown,whole,2018-12-20 14:19:33.568711936,23.769728,11,2018-12-01
RGI60-19.00023,Brown,whole,2019-01-01 14:19:33.169639936,39.849716,9,2019-01-01
RGI60-19.00023,Brown,whole,2019-01-13 14:19:32.764009984,49.918125,4,2019-01-01
RGI60-19.00023,Brown,whole,2019-01-25 14:19:32.453721088,97.3242,17,2019-01-01
RGI60-19.00023,Brown,whole,2019-02-06 14:19:32.031958016,27.313,13,2019-02-01
RGI60-19.00023,Brown,whole,2019-02-18 14:19:31.787458304,53.488316,9,2019-02-01
RGI60-19.00023,Brown,whole,2019-03-02 14:19:31.770794240,123.21991,14,2019-03-01
RGI60-19.00023,Brown,whole,2019-03-14 14:19:31.789113088,118.1093,16,2019-03-01
RGI60-19.00023,Brown,whole,2019-03-26 14:19:32.007635968,36.54911,14,2019-03-01
RGI60-19.00023,Brown,whole,2019-04-07 14:19:32.297591040,58.18075,5,2019-04-01
RGI60-19.00023,Brown,whole,2019-04-19 14:19:32.767736064,119.97778,22,2019-04-01
RGI60-19.00023,Brown,whole,2019-05-01 14:19:33.214114048,95.524864,13,2019-05-01
RGI60-19.00023,Brown,whole,2019-05-13 14:19:33.679464960,45.453274,15,2019-05-01
RGI60-19.00023,Brown,whole,2019-05-25 14:19:34.346309120,125.872955,21,2019-05-01
RGI60-19.00023,Brown,whole,2019-06-06 14:19:34.819286016,134.68684,4,2019-06-01
RGI60-19.00023,Brown,whole,2019-06-18 14:19:35.485540352,122.11846,18,2019-06-01
RGI60-19.00023,Brown,whole,2019-06-30 14:19:36.332348928,123.204994,18,2019-06-01
RGI60-19.00023,Brown,whole,2019-07-12 14:19:37.130112000,58.872746,5,2019-07-01
RGI60-19.00023,Brown,whole,2019-07-24 14:19:37.860059904,53.912693,10,2019-07-01
RGI60-19.00023,Brown,whole,2019-08-05 14:19:38.694914304,65.78754,11,2019-08-01
RGI60-19.00023,Brown,whole,2019-08-17 14:19:39.499704064,397.89948,27,2019-08-01
RGI60-19.00023,Brown,whole,2019-08-29 14:19:40.059894016,362.91083,16,2019-08-01
RGI60-19.00023,Brown,whole,2019-09-10 14:19:40.532592896,184.27155,11,2019-09-01
RGI60-19.00023,Brown,whole,2019-09-22 14:19:41.058400000,275.64838,6,2019-09-01
RGI60-19.00023,Brown,whole,2019-10-04 14:19:41.347813888,262.50665,12,2019-10-01
RGI60-19.00023,Brown,whole,2019-10-28 14:19:41.378044928,74.215904,15,2019-10-01
RGI60-19.00023,Brown,whole,2019-11-09 14:19:41.408079104,43.289722,13,2019-11-01
RGI60-19.00023,Brown,whole,2019-11-21 14:19:41.173992960,41.464767,12,2019-11-01
RGI60-19.00023,Brown,whole,2019-12-03 14:19:40.752503040,38.8973,11,2019-12-01
RGI60-19.00023,Brown,whole,2019-12-15 14:19:40.293057792,30.88689,19,2019-12-01
RGI60-19.00023,Brown,whole,2019-12-27 14:19:39.752483072,25.179075,10,2019-12-01
RGI60-19.00023,Brown,whole,2020-01-08 14:19:39.210093312,53.450912,15,2020-01-01
RGI60-19.00023,Brown,whole,2020-01-20 14:19:38.810253056,70.049,10,2020-01-01
RGI60-19.00023,Brown,whole,2020-02-01 14:19:38.488531200,53.66563,11,2020-02-01
RGI60-19.00023,Brown,whole,2020-02-13 14:19:38.202100992,56.305256,8,2020-02-01
RGI60-19.00023,Brown,whole,2020-02-25 14:19:38.030896128,92.68408,12,2020-02-01
RGI60-19.00023,Brown,whole,2020-03-08 14:19:38.071670016,145.31918,30,2020-03-01
RGI60-19.00023,Brown,whole,2020-03-20 14:19:38.188947968,26.683329,7,2020-03-01
RGI60-19.00023,Brown,whole,2020-04-01 14:19:38.348705024,192.969,18,2020-04-01
RGI60-19.00023,Brown,whole,2020-04-13 14:19:38.767520000,153.05228,19,2020-04-01
RGI60-19.00023,Brown,whole,2020-04-25 14:19:39.347729920,100.23448,18,2020-04-01
RGI60-19.00023,Brown,whole,2020-05-07 14:19:39.941711104,96.3349,24,2020-05-01
RGI60-19.00023,Brown,whole,2020-05-19 14:19:40.631842048,150.98785,24,2020-05-01
RGI60-19.00023,Brown,whole,2020-05-31 14:19:41.324128000,95.8816,18,2020-05-01
RGI60-19.00023,Brown,whole,2020-06-12 14:19:42.017577984,143.5688,25,2020-06-01
RGI60-19.00023,Brown,whole,2020-06-24 14:19:42.670116096,333.15768,14,2020-06-01
RGI60-19.00023,Brown,whole,2020-07-30 14:19:44.881734912,165.8342,10,2020-07-01
RGI60-19.00023,Brown,whole,2020-08-11 14:19:45.515654912,115.31262,15,2020-08-01
RGI60-19.00023,Brown,whole,2020-08-23 14:19:46.285670912,218.81964,30,2020-08-01
RGI60-19.00023,Brown,whole,2020-09-04 14:19:46.911767040,267.8843,41,2020-09-01
RGI60-19.00023,Brown,whole,2020-09-16 14:19:47.323763968,362.28305,21,2020-09-01
RGI60-19.00023,Brown,whole,2020-09-28 14:19:47.653922048,254.55844,29,2020-09-01
RGI60-19.00023,Brown,whole,2020-10-10 14:19:47.869454336,122.72327,7,2020-10-01
RGI60-19.00023,Brown,whole,2020-10-22 14:19:47.940509184,184.87378,8,2020-10-01
RGI60-19.00023,Brown,whole,2020-11-03 14:19:47.809718016,133.66002,3,2020-11-01
RGI60-19.00023,Brown,whole,2020-11-15 14:19:47.541047296,59.074825,8,2020-11-01
RGI60-19.00023,Brown,whole,2020-11-27 14:19:47.185804032,82.8734,1,2020-11-01
RGI60-19.00023,Brown,whole,2020-12-09 14:19:46.767137024,25.681322,10,2020-12-01
RGI60-19.00023,Brown,whole,2020-12-21 14:19:46.250866944,27.45906,13,2020-12-01
RGI60-19.00023,Brown,whole,2021-01-02 14:19:45.603287040,22.022762,12,2021-01-01
RGI60-19.00023,Brown,whole,2021-01-14 14:19:44.994102016,191.32433,23,2021-01-01
RGI60-19.00023,Brown,whole,2021-01-26 14:19:44.579731968,156.73225,25,2021-01-01
RGI60-19.00023,Brown,whole,2021-02-07 14:19:44.267441920,38.600517,7,2021-02-01
RGI60-19.00023,Brown,whole,2021-02-19 14:19:43.996110848,41.4367,17,2021-02-01
RGI60-19.00023,Brown,whole,2021-03-03 14:19:43.906787072,40.31436,12,2021-03-01
RGI60-19.00023,Brown,whole,2021-03-15 14:19:43.974265088,200.71738,14,2021-03-01
RGI60-19.00023,Brown,whole,2021-03-27 14:19:44.149390080,62.936478,27,2021-03-01
RGI60-19.00023,Brown,whole,2021-04-08 14:19:44.499556096,93.62158,13,2021-04-01
RGI60-19.00023,Brown,whole,2021-04-20 14:19:44.985736960,159.47726,43,2021-04-01
RGI60-19.00023,Brown,whole,2021-05-02 14:19:45.552339968,316.51233,40,2021-05-01
RGI60-19.00023,Brown,whole,2021-05-14 14:19:46.095106048,246.60292,37,2021-05-01
RGI60-19.00023,Brown,whole,2021-05-26 14:19:46.736066048,166.94757,30,2021-05-01
RGI60-19.00023,Brown,whole,2021-06-07 14:19:47.587547904,166.06366,28,2021-06-01
RGI60-19.00023,Brown,whole,2021-06-19 14:19:48.324613888,45.0,1,2021-06-01
RGI60-19.00023,Brown,whole,2021-07-01 14:19:48.940225280,55.0,23,2021-07-01
RGI60-19.00023,Brown,whole,2021-07-13 14:19:49.687043840,261.8863,20,2021-07-01
RGI60-19.00023,Brown,whole,2021-07-25 14:19:50.464989952,394.41095,17,2021-07-01
RGI60-19.00023,Brown,whole,2021-08-06 14:19:51.094564096,287.39172,25,2021-08-01
RGI60-19.00023,Brown,whole,2021-08-18 14:19:51.741864960,190.63148,56,2021-08-01
RGI60-19.00023,Brown,whole,2021-08-30 14:19:52.371694080,290.00217,38,2021-08-01
RGI60-19.00023,Brown,whole,2021-09-11 14:19:52.883846912,154.15901,25,2021-09-01
RGI60-19.00023,Brown,whole,2021-09-23 14:19:53.311340032,103.947105,15,2021-09-01
RGI60-19.00023,Brown,whole,2021-10-05 14:19:53.541125376,73.02739,13,2021-10-01
RGI60-19.00023,Brown,whole,2021-10-17 14:19:53.652566016,48.634117,10,2021-10-01
RGI60-19.00023,Brown,whole,2021-10-29 14:19:53.551630080,52.3259,11,2021-10-01
RGI60-19.00023,Brown,whole,2021-12-04 14:19:52.548361984,83.528435,5,2021-12-01
RGI60-19.00023,Brown,whole,2021-12-16 14:19:51.930311936,61.846584,13,2021-12-01
RGI60-19.00023,Brown,whole,2021-12-28 14:19:51.338426112,56.35601,11,2021-12-01
RGI60-19.00023,Brown,whole,2022-01-09 14:19:50.895375104,32.893417,10,2022-01-01
RGI60-19.00023,Brown,whole,2022-01-21 14:19:50.423372032,368.80966,12,2022-01-01
RGI60-19.00023,Brown,whole,2022-02-02 14:19:49.957099008,214.08897,26,2022-02-01
RGI60-19.00023,Brown,whole,2022-02-14 14:19:49.719392000,214.70445,29,2022-02-01
RGI60-19.00023,Brown,whole,2022-02-26 14:19:49.515284992,25.786303,12,2022-02-01
RGI60-19.00023,Brown,whole,2022-03-10 14:19:49.380158976,58.361504,22,2022-03-01
RGI60-19.00023,Brown,whole,2022-03-22 14:19:49.676464128,43.185646,25,2022-03-01
RGI60-19.00023,Brown,whole,2022-04-03 14:19:50.027915008,28.160255,3,2022-04-01
RGI60-19.00023,Brown,whole,2022-04-15 14:19:50.397573120,50.635956,13,2022-04-01
RGI60-19.00023,Brown,whole,2022-04-27 14:19:50.815223296,87.69264,25,2022-04-01
RGI60-19.00023,Brown,whole,2022-05-09 14:19:52.393481984,72.295616,10,2022-05-01
RGI60-19.00023,Brown,whole,2022-05-21 14:19:54.177740032,173.94536,24,2022-05-01
RGI60-19.00023,Brown,whole,2022-05-26 14:28:00.755574016,170.8835,36,2022-05-01
RGI60-19.00023,Brown,whole,2022-06-02 14:19:55.130632960,74.67322,10,2022-06-01
RGI60-19.00023,Brown,whole,2022-06-07 14:28:01.684806912,119.218285,23,2022-06-01
RGI60-19.00023,Brown,whole,2022-06-14 14:19:56.062055936,207.56204,39,2022-06-01
RGI60-19.00023,Brown,whole,2022-06-19 14:28:02.479334912,186.0105,36,2022-06-01
RGI60-19.00023,Brown,whole,2022-06-26 14:19:56.705408000,308.4012,34,2022-06-01
RGI60-19.00023,Brown,whole,2022-07-01 14:28:03.169671936,97.59008,18,2022-07-01
RGI60-19.00023,Brown,whole,2022-07-08 14:19:57.354473984,,0,2022-07-01
RGI60-19.00023,Brown,whole,2022-07-13 14:28:03.860014080,64.38046,6,2022-07-01
RGI60-19.00023,Brown,whole,2022-07-20 14:19:58.072675072,56.920998,13,2022-07-01
RGI60-19.00023,Brown,whole,2022-07-25 14:28:04.659260928,66.59881,20,2022-07-01
RGI60-19.00023,Brown,whole,2022-08-01 14:19:58.916208128,258.97104,27,2022-08-01
RGI60-19.00023,Brown,whole,2022-08-06 14:28:05.399954944,180.46883,15,2022-08-01
RGI60-19.00023,Brown,whole,2022-08-13 14:19:59.678646016,155.26108,19,2022-08-01
RGI60-19.00023,Brown,whole,2022-08-18 14:28:05.973511168,55.362442,5,2022-08-01
RGI60-19.00023,Brown,whole,2022-08-25 14:20:00.221842944,194.55077,5,2022-08-01
RGI60-19.00023,Brown,whole,2022-08-30 14:28:06.684190208,70.46489,10,2022-08-01
RGI60-19.00023,Brown,whole,2022-09-06 14:20:00.815860224,32.449963,15,2022-09-01
RGI60-19.00023,Brown,whole,2022-09-11 14:28:07.121594880,85.95561,10,2022-09-01
RGI60-19.00023,Brown,whole,2022-09-18 14:20:00.980290048,21.491245,6,2022-09-01
RGI60-19.00023,Brown,whole,2022-09-23 14:28:07.318352128,238.68753,10,2022-09-01
RGI60-19.00023,Brown,whole,2022-09-30 14:20:00.998528000,111.66467,23,2022-09-01
RGI60-19.00023,Brown,whole,2022-10-05 14:28:07.536223744,124.16924,15,2022-10-01
RGI60-19.00023,Brown,whole,2022-10-12 14:20:01.328502016,303.64355,8,2022-10-01
RGI60-19.00023,Brown,whole,2022-10-17 14:28:07.574652672,284.81046,41,2022-10-01
RGI60-19.00023,Brown,whole,2022-10-24 14:20:01.413847040,168.94199,18,2022-10-01
RGI60-19.00023,Brown,whole,2022-11-05 14:20:01.147716352,97.6232,22,2022-11-01
RGI60-19.00023,Brown,whole,2022-11-17 14:20:01.062725888,144.47145,15,2022-11-01
RGI60-19.00023,Brown,whole,2022-11-22 14:28:06.921215232,29.832869,9,2022-11-01
RGI60-19.00023,Brown,whole,2022-11-29 14:20:00.834912000,36.180016,12,2022-11-01
RGI60-19.00023,Brown,whole,2022-12-04 14:28:06.616229632,55.0,21,2022-12-01
RGI60-19.00023,Brown,whole,2022-12-11 14:20:00.030899200,55.045662,14,2022-12-01
RGI60-19.00023,Brown,whole,2022-12-16 14:28:05.879153152,37.987072,20,2022-12-01
RGI60-19.00023,Brown,whole,2022-12-23 14:19:59.313501952,58.3938,12,2022-12-01
RGI60-19.00023,Brown,lower,2016-08-08 14:19:23.401984000,51.030674,2,2016-08-01
RGI60-19.00023,Brown,lower,2016-08-20 14:19:23.917585920,52.201534,7,2016-08-01
RGI60-19.00023,Brown,lower,2016-09-01 14:19:24.380167936,39.0,1,2016-09-01
RGI60-19.00023,Brown,lower,2016-09-13 14:19:24.833501696,60.37639,4,2016-09-01
RGI60-19.00023,Brown,lower,2016-09-25 14:19:25.243674880,,0,2016-09-01
RGI60-19.00023,Brown,lower,2016-10-07 14:19:25.377327104,84.894806,4,2016-10-01
RGI60-19.00023,Brown,lower,2016-10-19 14:19:25.406363904,46.75468,5,2016-10-01
RGI60-19.00023,Brown,lower,2016-10-31 14:19:25.349842944,30.955719,10,2016-10-01
RGI60-19.00023,Brown,lower,2016-11-12 14:19:23.778163968,25.49122,4,2016-11-01
RGI60-19.00023,Brown,lower,2016-11-24 14:19:23.512865280,40.4041,2,2016-11-01
RGI60-19.00023,Brown,lower,2016-12-06 14:19:23.160400896,18.027756,7,2016-12-01
RGI60-19.00023,Brown,lower,2016-12-18 14:19:21.404576000,76.54468,2,2016-12-01
RGI60-19.00023,Brown,lower,2016-12-30 14:19:20.396610304,66.18404,2,2016-12-01
RGI60-19.00023,Brown,lower,2017-01-11 14:19:19.384711936,40.496914,5,2017-01-01
RGI60-19.00023,Brown,lower,2017-01-23 14:19:19.120616960,14.504103,6,2017-01-01
RGI60-19.00023,Brown,lower,2017-03-12 14:19:18.739416064,13.871803,4,2017-03-01
RGI60-19.00023,Brown,lower,2017-03-24 14:19:19.007155200,13.871803,6,2017-03-01
RGI60-19.00023,Brown,lower,2017-04-05 14:19:19.400218880,17.566372,8,2017-04-01
RGI60-19.00023,Brown,lower,2017-04-17 14:19:19.964559104,24.006416,8,2017-04-01
RGI60-19.00023,Brown,lower,2017-04-29 14:19:20.615859968,54.316204,16,2017-04-01
RGI60-19.00023,Brown,lower,2017-05-11 14:19:21.265946112,29.547846,4,2017-05-01
RGI60-19.00023,Brown,lower,2017-05-23 14:19:21.823726848,28.442924,1,2017-05-01
RGI60-19.00023,Brown,lower,2017-06-04 14:19:22.511610112,23.604687,2,2017-06-01
RGI60-19.00023,Brown,lower,2017-06-16 14:19:23.276265984,22.36068,1,2017-06-01
RGI60-19.00023,Brown,lower,2017-06-28 14:19:23.868635904,68.96376,7,2017-06-01
RGI60-19.00023,Brown,lower,2017-07-10 14:19:24.504587008,66.70832,1,2017-07-01
RGI60-19.00023,Brown,lower,2017-07-22 14:19:25.308649984,63.349586,4,2017-07-01
RGI60-19.00023,Brown,lower,2017-08-03 14:19:26.003341056,37.845238,10,2017-08-01
RGI60-19.00023,Brown,lower,2017-08-15 14:19:26.570312704,37.589893,7,2017-08-01
RGI60-19.00023,Brown,lower,2017-08-27 14:19:27.138179072,62.05233,8,2017-08-01
RGI60-19.00023,Brown,lower,2017-09-08 14:19:27.628812032,47.0,1,2017-09-01
RGI60-19.00023,Brown,lower,2017-09-20 14:19:27.986957056,34.36568,1,2017-09-01
RGI60-19.00023,Brown,lower,2017-10-02 14:19:28.268212992,48.26662,4,2017-10-01
RGI60-19.00023,Brown,lower,2017-10-14 14:19:28.466811904,27.294687,5,2017-10-01
RGI60-19.00023,Brown,lower,2017-10-26 14:19:28.558850816,30.066593,3,2017-10-01
RGI60-19.00023,Brown,lower,2017-11-07 14:19:28.400216064,46.141087,3,2017-11-01
RGI60-19.00023,Brown,lower,2017-11-19 14:19:28.126139904,28.319605,1,2017-11-01
RGI60-19.00023,Brown,lower,2017-12-01 14:19:27.712507904,26.925823,5,2017-12-01
RGI60-19.00023,Brown,lower,2017-12-13 14:19:27.244506112,16.672142,6,2017-12-01
RGI60-19.00023,Brown,lower,2017-12-25 14:19:26.806458880,27.658634,11,2017-12-01
RGI60-19.00023,Brown,lower,2018-01-06 14:19:26.341627904,39.849716,5,2018-01-01
RGI60-19.00023,Brown,lower,2018-01-18 14:19:25.976069120,22.482807,4,2018-01-01
RGI60-19.00023,Brown,lower,2018-01-30 14:19:25.634458112,26.832815,5,2018-01-01
RGI60-19.00023,Brown,lower,2018-02-11 14:19:25.389374208,20.1466,2,2018-02-01
RGI60-19.00023,Brown,lower,2018-02-23 14:19:25.270537984,22.967056,10,2018-02-01
RGI60-19.00023,Brown,lower,2018-03-07 14:19:25.304898048,53.338543,1,2018-03-01
RGI60-19.00023,Brown,lower,2018-03-19 14:19:25.425864960,33.72186,4,2018-03-01
RGI60-19.00023,Brown,lower,2018-03-31 14:19:25.653227008,45.09684,12,2018-03-01
RGI60-19.00023,Brown,lower,2018-04-12 14:19:25.996848896,35.794735,8,2018-04-01
RGI60-19.00023,Brown,lower,2018-05-06 14:19:27.194672896,30.0,7,2018-05-01
RGI60-19.00023,Brown,lower,2018-05-30 14:19:28.512496896,,0,2018-05-01
RGI60-19.00023,Brown,lower,2018-06-11 14:19:29.256151296,30.820007,4,2018-06-01
RGI60-19.00023,Brown,lower,2018-07-17 14:19:31.352168960,54.00926,5,2018-07-01
RGI60-19.00023,Brown,lower,2018-07-29 14:19:32.090274048,,0,2018-07-01
RGI60-19.00023,Brown,lower,2018-08-10 14:19:32.777369856,80.49844,5,2018-08-01
RGI60-19.00023,Brown,lower,2018-08-22 14:19:33.525530880,77.07788,7,2018-08-01
RGI60-19.00023,Brown,lower,2018-09-03 14:19:34.150326016,50.645584,4,2018-09-01
RGI60-19.00023,Brown,lower,2018-09-15 14:19:34.566413056,,0,2018-09-01
RGI60-19.00023,Brown,lower,2018-09-27 14:19:34.757455872,37.696156,3,2018-09-01
RGI60-19.00023,Brown,lower,2018-10-09 14:19:35.012593664,80.54968,4,2018-10-01
RGI60-19.00023,Brown,lower,2018-10-21 14:19:35.192508672,20.615528,1,2018-10-01
RGI60-19.00023,Brown,lower,2018-11-02 14:19:35.040560896,,0,2018-11-01
RGI60-19.00023,Brown,lower,2018-11-14 14:19:34.827130112,23.124653,10,2018-11-01
RGI60-19.00023,Brown,lower,2018-11-26 14:19:34.521798912,28.961077,10,2018-11-01
RGI60-19.00023,Brown,lower,2018-12-08 14:19:33.997232128,20.563843,4,2018-12-01
RGI60-19.00023,Brown,lower,2018-12-20 14:19:33.568711936,17.088007,7,2018-12-01
RGI60-19.00023,Brown,lower,2019-01-01 14:19:33.169639936,34.90818,6,2019-01-01
RGI60-19.00023,Brown,lower,2019-01-13 14:19:32.764009984,11.18034,1,2019-01-01
RGI60-19.00023,Brown,lower,2019-01-25 14:19:32.453721088,26.832815,3,2019-01-01
RGI60-19.00023,Brown,lower,2019-02-06 14:19:32.031958016,17.464249,5,2019-02-01
RGI60-19.00023,Brown,lower,2019-02-18 14:19:31.787458304,40.20707,4,2019-02-01
RGI60-19.00023,Brown,lower,2019-03-02 14:19:31.770794240,27.802877,3,2019-03-01
RGI60-19.00023,Brown,lower,2019-03-14 14:19:31.789113088,22.022715,5,2019-03-01
RGI60-19.00023,Brown,lower,2019-03-26 14:19:32.007635968,26.925823,9,2019-03-01
RGI60-19.00023,Brown,lower,2019-04-07 14:19:32.297591040,17.117243,1,2019-04-01
RGI60-19.00023,Brown,lower,2019-04-19 14:19:32.767736064,65.795135,5,2019-04-01
RGI60-19.00023,Brown,lower,2019-05-01 14:19:33.214114048,93.30059,7,2019-05-01
RGI60-19.00023,Brown,lower,2019-05-13 14:19:33.679464960,39.629986,10,2019-05-01
RGI60-19.00023,Brown,lower,2019-05-25 14:19:34.346309120,62.77126,4,2019-05-01
RGI60-19.00023,Brown,lower,2019-06-06 14:19:34.819286016,,0,2019-06-01
RGI60-19.00023,Brown,lower,2019-06-18 14:19:35.485540352,51.62364,7,2019-06-01
RGI60-19.00023,Brown,lower,2019-06-30 14:19:36.332348928,104.389145,6,2019-06-01
RGI60-19.00023,Brown,lower,2019-07-12 14:19:37.130112000,36.07589,2,2019-07-01
RGI60-19.00023,Brown,lower,2019-07-24 14:19:37.860059904,81.25269,3,2019-07-01
RGI60-19.00023,Brown,lower,2019-08-05 14:19:38.694914304,60.87494,8,2019-08-01
RGI60-19.00023,Brown,lower,2019-08-17 14:19:39.499704064,80.18266,6,2019-08-01
RGI60-19.00023,Brown,lower,2019-08-29 14:19:40.059894016,111.01801,5,2019-08-01
RGI60-19.00023,Brown,lower,2019-09-10 14:19:40.532592896,,0,2019-09-01
RGI60-19.00023,Brown,lower,2019-09-22 14:19:41.058400000,,0,2019-09-01
RGI60-19.00023,Brown,lower,2019-10-04 14:19:41.347813888,74.84651,3,2019-10-01
RGI60-19.00023,Brown,lower,2019-10-28 14:19:41.378044928,66.94027,9,2019-10-01
RGI60-19.00023,Brown,lower,2019-11-09 14:19:41.408079104,34.20526,5,2019-11-01
RGI60-19.00023,Brown,lower,2019-11-21 14:19:41.173992960,41.464767,10,2019-11-01
RGI60-19.00023,Brown,lower,2019-12-03 14:19:40.752503040,35.07715,8,2019-12-01
RGI60-19.00023,Brown,lower,2019-12-15 14:19:40.293057792,29.769993,16,2019-12-01
RGI60-19.00023,Brown,lower,2019-12-27 14:19:39.752483072,25.179075,8,2019-12-01
RGI60-19.00023,Brown,lower,2020-01-08 14:19:39.210093312,25.96151,9,2020-01-01
RGI60-19.00023,Brown,lower,2020-01-20 14:19:38.810253056,,0,2020-01-01
RGI60-19.00023,Brown,lower,2020-02-01 14:19:38.488531200,40.061672,8,2020-02-01
RGI60-19.00023,Brown,lower,2020-02-13 14:19:38.202100992,39.69505,2,2020-02-01
RGI60-19.00023,Brown,lower,2020-02-25 14:19:38.030896128,59.5399,5,2020-02-01
RGI60-19.00023,Brown,lower,2020-03-08 14:19:38.071670016,25.32021,10,2020-03-01
RGI60-19.00023,Brown,lower,2020-03-20 14:19:38.188947968,15.811388,5,2020-03-01
RGI60-19.00023,Brown,lower,2020-04-01 14:19:38.348705024,48.996452,2,2020-04-01
RGI60-19.00023,Brown,lower,2020-04-13 14:19:38.767520000,26.400757,3,2020-04-01
RGI60-19.00023,Brown,lower,2020-04-25 14:19:39.347729920,65.324974,4,2020-04-01
RGI60-19.00023,Brown,lower,2020-05-07 14:19:39.941711104,88.07358,6,2020-05-01
RGI60-19.00023,Brown,lower,2020-05-19 14:19:40.631842048,52.248753,2,2020-05-01
RGI60-19.00023,Brown,lower,2020-05-31 14:19:41.324128000,61.952774,2,2020-05-01
RGI60-19.00023,Brown,lower,2020-06-12 14:19:42.017577984,100.76197,2,2020-06-01
RGI60-19.00023,Brown,lower,2020-06-24 14:19:42.670116096,102.55243,3,2020-06-01
RGI60-19.00023,Brown,lower,2020-07-30 14:19:44.881734912,35.732628,2,2020-07-01
RGI60-19.00023,Brown,lower,2020-08-11 14:19:45.515654912,71.34424,3,2020-08-01
RGI60-19.00023,Brown,lower,2020-08-23 14:19:46.285670912,109.89657,2,2020-08-01
RGI60-19.00023,Brown,lower,2020-09-04 14:19:46.911767040,83.294655,1,2020-09-01
RGI60-19.00023,Brown,lower,2020-09-16 14:19:47.323763968,68.720795,4,2020-09-01
RGI60-19.00023,Brown,lower,2020-09-28 14:19:47.653922048,,0,2020-09-01
RGI60-19.00023,Brown,lower,2020-10-10 14:19:47.869454336,122.72327,1,2020-10-01
RGI60-19.00023,Brown,lower,2020-10-22 14:19:47.940509184,72.11102,1,2020-10-01
RGI60-19.00023,Brown,lower,2020-11-03 14:19:47.809718016,33.54102,1,2020-11-01
RGI60-19.00023,Brown,lower,2020-11-15 14:19:47.541047296,53.949112,4,2020-11-01
RGI60-19.00023,Brown,lower,2020-11-27 14:19:47.185804032,,0,2020-11-01
RGI60-19.00023,Brown,lower,2020-12-09 14:19:46.767137024,13.818569,6,2020-12-01
RGI60-19.00023,Brown,lower,2020-12-21 14:19:46.250866944,22.472204,9,2020-12-01
RGI60-19.00023,Brown,lower,2021-01-02 14:19:45.603287040,21.023796,11,2021-01-01
RGI60-19.00023,Brown,lower,2021-01-14 14:19:44.994102016,40.311287,3,2021-01-01
RGI60-19.00023,Brown,lower,2021-01-26 14:19:44.579731968,40.311287,6,2021-01-01
RGI60-19.00023,Brown,lower,2021-02-07 14:19:44.267441920,26.925823,5,2021-02-01
RGI60-19.00023,Brown,lower,2021-02-19 14:19:43.996110848,26.701736,8,2021-02-01
RGI60-19.00023,Brown,lower,2021-03-03 14:19:43.906787072,34.908333,8,2021-03-01
RGI60-19.00023,Brown,lower,2021-03-15 14:19:43.974265088,46.934635,2,2021-03-01
RGI60-19.00023,Brown,lower,2021-03-27 14:19:44.149390080,46.872166,15,2021-03-01
RGI60-19.00023,Brown,lower,2021-04-08 14:19:44.499556096,28.42534,3,2021-04-01
RGI60-19.00023,Brown,lower,2021-04-20 14:19:44.985736960,42.07151,6,2021-04-01
RGI60-19.00023,Brown,lower,2021-05-02 14:19:45.552339968,36.496574,1,2021-05-01
RGI60-19.00023,Brown,lower,2021-05-14 14:19:46.095106048,46.974533,8,2021-05-01
RGI60-19.00023,Brown,lower,2021-05-26 14:19:46.736066048,58.25405,6,2021-05-01
RGI60-19.00023,Brown,lower,2021-06-07 14:19:47.587547904,95.462036,7,2021-06-01
RGI60-19.00023,Brown,lower,2021-06-19 14:19:48.324613888,45.0,1,2021-06-01
RGI60-19.00023,Brown,lower,2021-07-01 14:19:48.940225280,52.61209,16,2021-07-01
RGI60-19.00023,Brown,lower,2021-07-13 14:19:49.687043840,75.28612,5,2021-07-01
RGI60-19.00023,Brown,lower,2021-07-25 14:19:50.464989952,64.06068,2,2021-07-01
RGI60-19.00023,Brown,lower,2021-08-06 14:19:51.094564096,52.69725,5,2021-08-01
RGI60-19.00023,Brown,lower,2021-08-18 14:19:51.741864960,61.825092,4,2021-08-01
RGI60-19.00023,Brown,lower,2021-08-30 14:19:52.371694080,73.0,5,2021-08-01
RGI60-19.00023,Brown,lower,2021-09-11 14:19:52.883846912,89.73012,2,2021-09-01
RGI60-19.00023,Brown,lower,2021-09-23 14:19:53.311340032,43.931767,7,2021-09-01
RGI60-19.00023,Brown,lower,2021-10-05 14:19:53.541125376,68.329575,6,2021-10-01
RGI60-19.00023,Brown,lower,2021-10-17 14:19:53.652566016,25.495098,5,2021-10-01
RGI60-19.00023,Brown,lower,2021-10-29 14:19:53.551630080,54.492065,6,2021-10-01
RGI60-19.00023,Brown,lower,2021-12-04 14:19:52.548361984,57.21888,1,2021-12-01
RGI60-19.00023,Brown,lower,2021-12-16 14:19:51.930311936,53.600372,9,2021-12-01
RGI60-19.00023,Brown,lower,2021-12-28 14:19:51.338426112,38.209946,9,2021-12-01
RGI60-19.00023,Brown,lower,2022-01-09 14:19:50.895375104,19.313208,3,2022-01-01
RGI60-19.00023,Brown,lower,2022-01-21 14:19:50.423372032,14.7064295,2,2022-01-01
RGI60-19.00023,Brown,lower,2022-02-02 14:19:49.957099008,21.30259,6,2022-02-01
RGI60-19.00023,Brown,lower,2022-02-14 14:19:49.719392000,27.856777,7,2022-02-01
RGI60-19.00023,Brown,lower,2022-02-26 14:19:49.515284992,20.0,7,2022-02-01
RGI60-19.00023,Brown,lower,2022-03-10 14:19:49.380158976,27.281832,8,2022-03-01
RGI60-19.00023,Brown,lower,2022-03-22 14:19:49.676464128,27.45906,13,2022-03-01
RGI60-19.00023,Brown,lower,2022-04-03 14:19:50.027915008,28.160255,3,2022-04-01
RGI60-19.00023,Brown,lower,2022-04-15 14:19:50.397573120,54.33433,10,2022-04-01
RGI60-19.00023,Brown,lower,2022-04-27 14:19:50.815223296,42.107006,9,2022-04-01
RGI60-19.00023,Brown,lower,2022-05-09 14:19:52.393481984,34.132095,5,2022-05-01
RGI60-19.00023,Brown,lower,2022-05-21 14:19:54.177740032,35.107933,4,2022-05-01
RGI60-19.00023,Brown,lower,2022-05-26 14:28:00.755574016,32.38827,3,2022-05-01
RGI60-19.00023,Brown,lower,2022-06-02 14:19:55.130632960,36.212856,4,2022-06-01
RGI60-19.00023,Brown,lower,2022-06-07 14:28:01.684806912,50.301926,8,2022-06-01
RGI60-19.00023,Brown,lower,2022-06-14 14:19:56.062055936,,0,2022-06-01
RGI60-19.00023,Brown,lower,2022-06-19 14:28:02.479334912,51.41984,5,2022-06-01
RGI60-19.00023,Brown,lower,2022-06-26 14:19:56.705408000,65.795135,7,2022-06-01
RGI60-19.00023,Brown,lower,2022-07-01 14:28:03.169671936,82.28256,8,2022-07-01
RGI60-19.00023,Brown,lower,2022-07-08 14:19:57.354473984,,0,2022-07-01
RGI60-19.00023,Brown,lower,2022-07-13 14:28:03.860014080,40.261642,3,2022-07-01
RGI60-19.00023,Brown,lower,2022-07-20 14:19:58.072675072,55.470715,7,2022-07-01
RGI60-19.00023,Brown,lower,2022-07-25 14:28:04.659260928,19.232037,8,2022-07-01
RGI60-19.00023,Brown,lower,2022-08-01 14:19:58.916208128,40.051487,4,2022-08-01
RGI60-19.00023,Brown,lower,2022-08-06 14:28:05.399954944,,0,2022-08-01
RGI60-19.00023,Brown,lower,2022-08-13 14:19:59.678646016,49.09175,5,2022-08-01
RGI60-19.00023,Brown,lower,2022-08-18 14:28:05.973511168,55.362442,5,2022-08-01
RGI60-19.00023,Brown,lower,2022-08-25 14:20:00.221842944,,0,2022-08-01
RGI60-19.00023,Brown,lower,2022-08-30 14:28:06.684190208,49.24429,5,2022-08-01
RGI60-19.00023,Brown,lower,2022-09-06 14:20:00.815860224,23.086792,11,2022-09-01
RGI60-19.00023,Brown,lower,2022-09-11 14:28:07.121594880,61.216553,6,2022-09-01
RGI60-19.00023,Brown,lower,2022-09-18 14:20:00.980290048,21.491245,4,2022-09-01
RGI60-19.00023,Brown,lower,2022-09-23 14:28:07.318352128,,0,2022-09-01
RGI60-19.00023,Brown,lower,2022-09-30 14:20:00.998528000,28.837648,8,2022-09-01
RGI60-19.00023,Brown,lower,2022-10-05 14:28:07.536223744,45.221676,3,2022-10-01
RGI60-19.00023,Brown,lower,2022-10-12 14:20:01.328502016,69.5802,2,2022-10-01
RGI60-19.00023,Brown,lower,2022-10-17 14:28:07.574652672,47.254025,8,2022-10-01
RGI60-19.00023,Brown,lower,2022-10-24 14:20:01.413847040,82.419655,3,2022-10-01
RGI60-19.00023,Brown,lower,2022-11-05 14:20:01.147716352,24.698177,5,2022-11-01
RGI60-19.00023,Brown,lower,2022-11-17 14:20:01.062725888,31.906113,5,2022-11-01
RGI60-19.00023,Brown,lower,2022-11-22 14:28:06.921215232,29.832869,7,2022-11-01
RGI60-19.00023,Brown,lower,2022-11-29 14:20:00.834912000,35.468296,9,2022-11-01
RGI60-19.00023,Brown,lower,2022-12-04 14:28:06.616229632,19.723083,7,2022-12-01
RGI60-19.00023,Brown,lower,2022-12-11 14:20:00.030899200,24.04163,5,2022-12-01
RGI60-19.00023,Brown,lower,2022-12-16 14:28:05.879153152,36.249138,15,2022-12-01
RGI60-19.00023,Brown,lower,2022-12-23 14:19:59.313501952,47.297073,6,2022-12-01
RGI60-19.00023,Brown,middle,2016-08-08 14:19:23.401984000,111.16835,4,2016-08-01
RGI60-19.00023,Brown,middle,2016-08-20 14:19:23.917585920,77.89737,1,2016-08-01
RGI60-19.00023,Brown,middle,2016-09-01 14:19:24.380167936,167.00299,7,2016-09-01
RGI60-19.00023,Brown,middle,2016-09-13 14:19:24.833501696,94.19542,4,2016-09-01
RGI60-19.00023,Brown,middle,2016-09-25 14:19:25.243674880,123.891846,4,2016-09-01
RGI60-19.00023,Brown,middle,2016-10-07 14:19:25.377327104,144.99655,1,2016-10-01
RGI60-19.00023,Brown,middle,2016-10-19 14:19:25.406363904,110.38569,1,2016-10-01
RGI60-19.00023,Brown,middle,2016-10-31 14:19:25.349842944,84.51138,2,2016-10-01
RGI60-19.00023,Brown,middle,2016-11-12 14:19:23.778163968,33.12099,5,2016-11-01
RGI60-19.00023,Brown,middle,2016-11-24 14:19:23.512865280,34.669872,1,2016-11-01
RGI60-19.00023,Brown,middle,2016-12-06 14:19:23.160400896,,0,2016-12-01
RGI60-19.00023,Brown,middle,2016-12-18 14:19:21.404576000,189.66286,7,2016-12-01
RGI60-19.00023,Brown,middle,2016-12-30 14:19:20.396610304,72.20749,4,2016-12-01
RGI60-19.00023,Brown,middle,2017-01-11 14:19:19.384711936,244.7085,6,2017-01-01
RGI60-19.00023,Brown,middle,2017-01-23 14:19:19.120616960,,0,2017-01-01
RGI60-19.00023,Brown,middle,2017-03-12 14:19:18.739416064,38.00563,2,2017-03-01
RGI60-19.00023,Brown,middle,2017-03-24 14:19:19.007155200,54.34151,1,2017-03-01
RGI60-19.00023,Brown,middle,2017-04-05 14:19:19.400218880,204.3771,3,2017-04-01
RGI60-19.00023,Brown,middle,2017-04-17 14:19:19.964559104,56.35601,3,2017-04-01
RGI60-19.00023,Brown,middle,2017-04-29 14:19:20.615859968,62.33597,6,2017-04-01
RGI60-19.00023,Brown,middle,2017-05-11 14:19:21.265946112,122.76224,8,2017-05-01
RGI60-19.00023,Brown,middle,2017-05-23 14:19:21.823726848,254.38843,6,2017-05-01
RGI60-19.00023,Brown,middle,2017-06-04 14:19:22.511610112,88.23282,2,2017-06-01
RGI60-19.00023,Brown,middle,2017-06-16 14:19:23.276265984,115.06954,9,2017-06-01
RGI60-19.00023,Brown,middle,2017-06-28 14:19:23.868635904,46.227695,1,2017-06-01
RGI60-19.00023,Brown,middle,2017-07-10 14:19:24.504587008,180.22055,12,2017-07-01
RGI60-19.00023,Brown,middle,2017-07-22 14:19:25.308649984,455.5385,14,2017-07-01
RGI60-19.00023,Brown,middle,2017-08-03 14:19:26.003341056,222.35284,26,2017-08-01
RGI60-19.00023,Brown,middle,2017-08-15 14:19:26.570312704,71.02816,5,2017-08-01
RGI60-19.00023,Brown,middle,2017-08-27 14:19:27.138179072,143.08739,3,2017-08-01
RGI60-19.00023,Brown,middle,2017-09-08 14:19:27.628812032,347.64368,10,2017-09-01
RGI60-19.00023,Brown,middle,2017-09-20 14:19:27.986957056,,0,2017-09-01
RGI60-19.00023,Brown,middle,2017-10-02 14:19:28.268212992,25.786303,2,2017-10-01
RGI60-19.00023,Brown,middle,2017-10-14 14:19:28.466811904,503.2872,13,2017-10-01
RGI60-19.00023,Brown,middle,2017-10-26 14:19:28.558850816,125.863495,4,2017-10-01
RGI60-19.00023,Brown,middle,2017-11-07 14:19:28.400216064,364.15656,9,2017-11-01
RGI60-19.00023,Brown,middle,2017-11-19 14:19:28.126139904,,0,2017-11-01
RGI60-19.00023,Brown,middle,2017-12-01 14:19:27.712507904,,0,2017-12-01
RGI60-19.00023,Brown,middle,2017-12-13 14:19:27.244506112,28.01785,3,2017-12-01
RGI60-19.00023,Brown,middle,2017-12-25 14:19:26.806458880,21.84033,1,2017-12-01
RGI60-19.00023,Brown,middle,2018-01-06 14:19:26.341627904,,0,2018-01-01
RGI60-19.00023,Brown,middle,2018-01-18 14:19:25.976069120,49.46782,4,2018-01-01
RGI60-19.00023,Brown,middle,2018-01-30 14:19:25.634458112,145.34442,5,2018-01-01
RGI60-19.00023,Brown,middle,2018-02-11 14:19:25.389374208,127.42115,12,2018-02-01
RGI60-19.00023,Brown,middle,2018-02-23 14:19:25.270537984,106.33934,8,2018-02-01
RGI60-19.00023,Brown,middle,2018-03-07 14:19:25.304898048,79.25865,14,2018-03-01
RGI60-19.00023,Brown,middle,2018-03-19 14:19:25.425864960,71.40028,1,2018-03-01
RGI60-19.00023,Brown,middle,2018-03-31 14:19:25.653227008,165.9097,4,2018-03-01
RGI60-19.00023,Brown,middle,2018-04-12 14:19:25.996848896,151.16878,19,2018-04-01
RGI60-19.00023,Brown,middle,2018-05-06 14:19:27.194672896,93.34345,7,2018-05-01
RGI60-19.00023,Brown,middle,2018-05-30 14:19:28.512496896,95.71311,5,2018-05-01
RGI60-19.00023,Brown,middle,2018-06-11 14:19:29.256151296,,0,2018-06-01
RGI60-19.00023,Brown,middle,2018-07-17 14:19:31.352168960,48.01578,2,2018-07-01
RGI60-19.00023,Brown,middle,2018-07-29 14:19:32.090274048,84.972046,10,2018-07-01
RGI60-19.00023,Brown,middle,2018-08-10 14:19:32.777369856,62.03225,3,2018-08-01
RGI60-19.00023,Brown,middle,2018-08-22 14:19:33.525530880,41.231056,1,2018-08-01
RGI60-19.00023,Brown,middle,2018-09-03 14:19:34.150326016,97.082436,1,2018-09-01
RGI60-19.00023,Brown,middle,2018-09-15 14:19:34.566413056,327.2387,28,2018-09-01
RGI60-19.00023,Brown,middle,2018-09-27 14:19:34.757455872,383.85934,11,2018-09-01
RGI60-19.00023,Brown,middle,2018-10-09 14:19:35.012593664,341.23453,9,2018-10-01
RGI60-19.00023,Brown,middle,2018-10-21 14:19:35.192508672,369.82477,6,2018-10-01
RGI60-19.00023,Brown,middle,2018-11-02 14:19:35.040560896,,0,2018-11-01
RGI60-19.00023,Brown,middle,2018-11-14 14:19:34.827130112,106.74162,4,2018-11-01
RGI60-19.00023,Brown,middle,2018-11-26 14:19:34.521798912,72.50044,6,2018-11-01
RGI60-19.00023,Brown,middle,2018-12-08 14:19:33.997232128,61.91123,5,2018-12-01
RGI60-19.00023,Brown,middle,2018-12-20 14:19:33.568711936,,0,2018-12-01
RGI60-19.00023,Brown,middle,2019-01-01 14:19:33.169639936,31.142178,2,2019-01-01
RGI60-19.00023,Brown,middle,2019-01-13 14:19:32.764009984,40.60788,1,2019-01-01
RGI60-19.00023,Brown,middle,2019-01-25 14:19:32.453721088,135.14651,8,2019-01-01
RGI60-19.00023,Brown,middle,2019-02-06 14:19:32.031958016,53.75872,5,2019-02-01
RGI60-19.00023,Brown,middle,2019-02-18 14:19:31.787458304,34.43835,3,2019-02-01
RGI60-19.00023,Brown,middle,2019-03-02 14:19:31.770794240,93.32748,6,2019-03-01
RGI60-19.00023,Brown,middle,2019-03-14 14:19:31.789113088,22.203604,1,2019-03-01
RGI60-19.00023,Brown,middle,2019-03-26 14:19:32.007635968,68.24222,5,2019-03-01
RGI60-19.00023,Brown,middle,2019-04-07 14:19:32.297591040,58.18075,3,2019-04-01
RGI60-19.00023,Brown,middle,2019-04-19 14:19:32.767736064,239.71858,9,2019-04-01
RGI60-19.00023,Brown,middle,2019-05-01 14:19:33.214114048,71.99747,2,2019-05-01
RGI60-19.00023,Brown,middle,2019-05-13 14:19:33.679464960,132.68343,2,2019-05-01
RGI60-19.00023,Brown,middle,2019-05-25 14:19:34.346309120,111.5706,5,2019-05-01
RGI60-19.00023,Brown,middle,2019-06-06 14:19:34.819286016,,0,2019-06-01
RGI60-19.00023,Brown,middle,2019-06-18 14:19:35.485540352,161.35121,6,2019-06-01
RGI60-19.00023,Brown,middle,2019-06-30 14:19:36.332348928,190.83452,6,2019-06-01
RGI60-19.00023,Brown,middle,2019-07-12 14:19:37.130112000,68.41052,3,2019-07-01
RGI60-19.00023,Brown,middle,2019-07-24 14:19:37.860059904,46.086823,6,2019-07-01
RGI60-19.00023,Brown,middle,2019-08-05 14:19:38.694914304,235.2105,2,2019-08-01
RGI60-19.00023,Brown,middle,2019-08-17 14:19:39.499704064,465.31818,19,2019-08-01
RGI60-19.00023,Brown,middle,2019-08-29 14:19:40.059894016,432.59555,4,2019-08-01
RGI60-19.00023,Brown,middle,2019-09-10 14:19:40.532592896,186.72171,6,2019-09-01
RGI60-19.00023,Brown,middle,2019-09-22 14:19:41.058400000,275.64838,6,2019-09-01
RGI60-19.00023,Brown,middle,2019-10-04 14:19:41.347813888,108.85311,3,2019-10-01
RGI60-19.00023,Brown,middle,2019-10-28 14:19:41.378044928,66.36495,2,2019-10-01
RGI60-19.00023,Brown,middle,2019-11-09 14:19:41.408079104,62.794247,6,2019-11-01
RGI60-19.00023,Brown,middle,2019-11-21 14:19:41.173992960,24.351591,1,2019-11-01
RGI60-19.00023,Brown,middle,2019-12-03 14:19:40.752503040,27.802877,1,2019-12-01
RGI60-19.00023,Brown,middle,2019-12-15 14:19:40.293057792,67.00372,2,2019-12-01
RGI60-19.00023,Brown,middle,2019-12-27 14:19:39.752483072,23.345236,1,2019-12-01
RGI60-19.00023,Brown,middle,2020-01-08 14:19:39.210093312,,0,2020-01-01
RGI60-19.00023,Brown,middle,2020-01-20 14:19:38.810253056,47.067417,2,2020-01-01
RGI60-19.00023,Brown,middle,2020-02-01 14:19:38.488531200,64.884514,1,2020-02-01
RGI60-19.00023,Brown,middle,2020-02-13 14:19:38.202100992,49.979996,3,2020-02-01
RGI60-19.00023,Brown,middle,2020-02-25 14:19:38.030896128,120.76431,6,2020-02-01
RGI60-19.00023,Brown,middle,2020-03-08 14:19:38.071670016,162.35034,2,2020-03-01
RGI60-19.00023,Brown,middle,2020-03-20 14:19:38.188947968,136.24066,2,2020-03-01
RGI60-19.00023,Brown,middle,2020-04-01 14:19:38.348705024,128.73737,6,2020-04-01
RGI60-19.00023,Brown,middle,2020-04-13 14:19:38.767520000,69.81404,7,2020-04-01
RGI60-19.00023,Brown,middle,2020-04-25 14:19:39.347729920,101.46286,4,2020-04-01
RGI60-19.00023,Brown,middle,2020-05-07 14:19:39.941711104,96.04166,3,2020-05-01
RGI60-19.00023,Brown,middle,2020-05-19 14:19:40.631842048,63.505905,7,2020-05-01
RGI60-19.00023,Brown,middle,2020-05-31 14:19:41.324128000,104.23531,11,2020-05-01
RGI60-19.00023,Brown,middle,2020-06-12 14:19:42.017577984,123.065025,7,2020-06-01
RGI60-19.00023,Brown,middle,2020-06-24 14:19:42.670116096,382.64474,5,2020-06-01
RGI60-19.00023,Brown,middle,2020-07-30 14:19:44.881734912,54.56189,1,2020-07-01
RGI60-19.00023,Brown,middle,2020-08-11 14:19:45.515654912,154.30942,4,2020-08-01
RGI60-19.00023,Brown,middle,2020-08-23 14:19:46.285670912,228.73392,18,2020-08-01
RGI60-19.00023,Brown,middle,2020-09-04 14:19:46.911767040,262.05344,20,2020-09-01
RGI60-19.00023,Brown,middle,2020-09-16 14:19:47.323763968,365.71573,9,2020-09-01
RGI60-19.00023,Brown,middle,2020-09-28 14:19:47.653922048,339.57648,8,2020-09-01
RGI60-19.00023,Brown,middle,2020-10-10 14:19:47.869454336,417.66016,1,2020-10-01
RGI60-19.00023,Brown,middle,2020-10-22 14:19:47.940509184,204.55072,7,2020-10-01
RGI60-19.00023,Brown,middle,2020-11-03 14:19:47.809718016,133.66002,1,2020-11-01
RGI60-19.00023,Brown,middle,2020-11-15 14:19:47.541047296,61.09828,1,2020-11-01
RGI60-19.00023,Brown,middle,2020-11-27 14:19:47.185804032,82.8734,1,2020-11-01
RGI60-19.00023,Brown,middle,2020-12-09 14:19:46.767137024,64.79508,4,2020-12-01
RGI60-19.00023,Brown,middle,2020-12-21 14:19:46.250866944,33.71684,2,2020-12-01
RGI60-19.00023,Brown,middle,2021-01-02 14:19:45.603287040,,0,2021-01-01
RGI60-19.00023,Brown,middle,2021-01-14 14:19:44.994102016,210.82932,5,2021-01-01
RGI60-19.00023,Brown,middle,2021-01-26 14:19:44.579731968,253.94666,8,2021-01-01
RGI60-19.00023,Brown,middle,2021-02-07 14:19:44.267441920,54.08327,1,2021-02-01
RGI60-19.00023,Brown,middle,2021-02-19 14:19:43.996110848,,0,2021-02-01
RGI60-19.00023,Brown,middle,2021-03-03 14:19:43.906787072,39.812057,1,2021-03-01
RGI60-19.00023,Brown,middle,2021-03-15 14:19:43.974265088,328.29254,7,2021-03-01
RGI60-19.00023,Brown,middle,2021-03-27 14:19:44.149390080,70.4512,4,2021-03-01
RGI60-19.00023,Brown,middle,2021-04-08 14:19:44.499556096,86.7182,2,2021-04-01
RGI60-19.00023,Brown,middle,2021-04-20 14:19:44.985736960,505.74097,28,2021-04-01
RGI60-19.00023,Brown,middle,2021-05-02 14:19:45.552339968,187.9202,15,2021-05-01
RGI60-19.00023,Brown,middle,2021-05-14 14:19:46.095106048,172.115,8,2021-05-01
RGI60-19.00023,Brown,middle,2021-05-26 14:19:46.736066048,124.67959,7,2021-05-01
RGI60-19.00023,Brown,middle,2021-06-07 14:19:47.587547904,260.57217,10,2021-06-01
RGI60-19.00023,Brown,middle,2021-06-19 14:19:48.324613888,,0,2021-06-01
RGI60-19.00023,Brown,middle,2021-07-01 14:19:48.940225280,128.24976,3,2021-07-01
RGI60-19.00023,Brown,middle,2021-07-13 14:19:49.687043840,196.02296,7,2021-07-01
RGI60-19.00023,Brown,middle,2021-07-25 14:19:50.464989952,459.54602,8,2021-07-01
RGI60-19.00023,Brown,middle,2021-08-06 14:19:51.094564096,339.67337,17,2021-08-01
RGI60-19.00023,Brown,middle,2021-08-18 14:19:51.741864960,260.67896,32,2021-08-01
RGI60-19.00023,Brown,middle,2021-08-30 14:19:52.371694080,325.1615,13,2021-08-01
RGI60-19.00023,Brown,middle,2021-09-11 14:19:52.883846912,170.17638,15,2021-09-01
RGI60-19.00023,Brown,middle,2021-09-23 14:19:53.311340032,271.88092,2,2021-09-01
RGI60-19.00023,Brown,middle,2021-10-05 14:19:53.541125376,60.166435,3,2021-10-01
RGI60-19.00023,Brown,middle,2021-10-17 14:19:53.652566016,36.71512,1,2021-10-01
RGI60-19.00023,Brown,middle,2021-10-29 14:19:53.551630080,44.407207,5,2021-10-01
RGI60-19.00023,Brown,middle,2021-12-04 14:19:52.548361984,83.528435,1,2021-12-01
RGI60-19.00023,Brown,middle,2021-12-16 14:19:51.930311936,65.73209,2,2021-12-01
RGI60-19.00023,Brown,middle,2021-12-28 14:19:51.338426112,103.077644,1,2021-12-01
RGI60-19.00023,Brown,middle,2022-01-09 14:19:50.895375104,38.910152,5,2022-01-01
RGI60-19.00023,Brown,middle,2022-01-21 14:19:50.423372032,87.31268,2,2022-01-01
RGI60-19.00023,Brown,middle,2022-02-02 14:19:49.957099008,400.2499,11,2022-02-01
RGI60-19.00023,Brown,middle,2022-02-14 14:19:49.719392000,270.85138,4,2022-02-01
RGI60-19.00023,Brown,middle,2022-02-26 14:19:49.515284992,193.51085,2,2022-02-01
RGI60-19.00023,Brown,middle,2022-03-10 14:19:49.380158976,79.60121,8,2022-03-01
RGI60-19.00023,Brown,middle,2022-03-22 14:19:49.676464128,55.21775,1,2022-03-01
RGI60-19.00023,Brown,middle,2022-04-03 14:19:50.027915008,,0,2022-04-01
RGI60-19.00023,Brown,middle,2022-04-15 14:19:50.397573120,40.002525,2,2022-04-01
RGI60-19.00023,Brown,middle,2022-04-27 14:19:50.815223296,243.52823,13,2022-04-01
RGI60-19.00023,Brown,middle,2022-05-09 14:19:52.393481984,,0,2022-05-01
RGI60-19.00023,Brown,middle,2022-05-21 14:19:54.177740032,129.75746,7,2022-05-01
RGI60-19.00023,Brown,middle,2022-05-26 14:28:00.755574016,165.63506,24,2022-05-01
RGI60-19.00023,Brown,middle,2022-06-02 14:19:55.130632960,272.18832,4,2022-06-01
RGI60-19.00023,Brown,middle,2022-06-07 14:28:01.684806912,189.01077,10,2022-06-01
RGI60-19.00023,Brown,middle,2022-06-14 14:19:56.062055936,204.43513,30,2022-06-01
RGI60-19.00023,Brown,middle,2022-06-19 14:28:02.479334912,189.10843,23,2022-06-01
RGI60-19.00023,Brown,middle,2022-06-26 14:19:56.705408000,355.60876,18,2022-06-01
RGI60-19.00023,Brown,middle,2022-07-01 14:28:03.169671936,177.7892,9,2022-07-01
RGI60-19.00023,Brown,middle,2022-07-08 14:19:57.354473984,,0,2022-07-01
RGI60-19.00023,Brown,middle,2022-07-13 14:28:03.860014080,86.00581,1,2022-07-01
RGI60-19.00023,Brown,middle,2022-07-20 14:19:58.072675072,56.920998,1,2022-07-01
RGI60-19.00023,Brown,middle,2022-07-25 14:28:04.659260928,77.46612,5,2022-07-01
RGI60-19.00023,Brown,middle,2022-08-01 14:19:58.916208128,221.37976,9,2022-08-01
RGI60-19.00023,Brown,middle,2022-08-06 14:28:05.399954944,220.16585,11,2022-08-01
RGI60-19.00023,Brown,middle,2022-08-13 14:19:59.678646016,87.28433,6,2022-08-01
RGI60-19.00023,Brown,middle,2022-08-18 14:28:05.973511168,,0,2022-08-01
RGI60-19.00023,Brown,middle,2022-08-25 14:20:00.221842944,90.95369,2,2022-08-01
RGI60-19.00023,Brown,middle,2022-08-30 14:28:06.684190208,87.61849,3,2022-08-01
RGI60-19.00023,Brown,middle,2022-09-06 14:20:00.815860224,26.24881,1,2022-09-01
RGI60-19.00023,Brown,middle,2022-09-11 14:28:07.121594880,,0,2022-09-01
RGI60-19.00023,Brown,middle,2022-09-18 14:20:00.980290048,34.261887,2,2022-09-01
RGI60-19.00023,Brown,middle,2022-09-23 14:28:07.318352128,171.1874,4,2022-09-01
RGI60-19.00023,Brown,middle,2022-09-30 14:20:00.998528000,18.97643,2,2022-09-01
RGI60-19.00023,Brown,middle,2022-10-05 14:28:07.536223744,194.75626,7,2022-10-01
RGI60-19.00023,Brown,middle,2022-10-12 14:20:01.328502016,327.06122,4,2022-10-01
RGI60-19.00023,Brown,middle,2022-10-17 14:28:07.574652672,334.5878,33,2022-10-01
RGI60-19.00023,Brown,middle,2022-10-24 14:20:01.413847040,175.03775,14,2022-10-01
RGI60-19.00023,Brown,middle,2022-11-05 14:20:01.147716352,25.495098,3,2022-11-01
RGI60-19.00023,Brown,middle,2022-11-17 14:20:01.062725888,86.683334,1,2022-11-01
RGI60-19.00023,Brown,middle,2022-11-22 14:28:06.921215232,38.00879,2,2022-11-01
RGI60-19.00023,Brown,middle,2022-11-29 14:20:00.834912000,15.652476,1,2022-11-01
RGI60-19.00023,Brown,middle,2022-12-04 14:28:06.616229632,25.612497,3,2022-12-01
RGI60-19.00023,Brown,middle,2022-12-11 14:20:00.030899200,89.050545,5,2022-12-01
RGI60-19.00023,Brown,middle,2022-12-16 14:28:05.879153152,35.610107,2,2022-12-01
RGI60-19.00023,Brown,middle,2022-12-23 14:19:59.313501952,37.696156,3,2022-12-01
RGI60-19.00023,Brown,upper,2016-08-08 14:19:23.401984000,107.894516,4,2016-08-01
RGI60-19.00023,Brown,upper,2016-08-20 14:19:23.917585920,79.06949,2,2016-08-01
RGI60-19.00023,Brown,upper,2016-09-01 14:19:24.380167936,133.50656,1,2016-09-01
RGI60-19.00023,Brown,upper,2016-09-13 14:19:24.833501696,328.86624,1,2016-09-01
RGI60-19.00023,Brown,upper,2016-09-25 14:19:25.243674880,70.386116,2,2016-09-01
RGI60-19.00023,Brown,upper,2016-10-07 14:19:25.377327104,,0,2016-10-01
RGI60-19.00023,Brown,upper,2016-10-19 14:19:25.406363904,212.82831,2,2016-10-01
RGI60-19.00023,Brown,upper,2016-10-31 14:19:25.349842944,140.30682,6,2016-10-01
RGI60-19.00023,Brown,upper,2016-11-12 14:19:23.778163968,162.14758,8,2016-11-01
RGI60-19.00023,Brown,upper,2016-11-24 14:19:23.512865280,34.48188,1,2016-11-01
RGI60-19.00023,Brown,upper,2016-12-06 14:19:23.160400896,58.324615,2,2016-12-01
RGI60-19.00023,Brown,upper,2016-12-18 14:19:21.404576000,288.27405,16,2016-12-01
RGI60-19.00023,Brown,upper,2016-12-30 14:19:20.396610304,295.71777,1,2016-12-01
RGI60-19.00023,Brown,upper,2017-01-11 14:19:19.384711936,149.62195,6,2017-01-01
RGI60-19.00023,Brown,upper,2017-01-23 14:19:19.120616960,372.88242,2,2017-01-01
RGI60-19.00023,Brown,upper,2017-03-12 14:19:18.739416064,77.29936,2,2017-03-01
RGI60-19.00023,Brown,upper,2017-03-24 14:19:19.007155200,94.17537,1,2017-03-01
RGI60-19.00023,Brown,upper,2017-04-05 14:19:19.400218880,128.73616,7,2017-04-01
RGI60-19.00023,Brown,upper,2017-04-17 14:19:19.964559104,,0,2017-04-01
RGI60-19.00023,Brown,upper,2017-04-29 14:19:20.615859968,,0,2017-04-01
RGI60-19.00023,Brown,upper,2017-05-11 14:19:21.265946112,116.10771,11,2017-05-01
RGI60-19.00023,Brown,upper,2017-05-23 14:19:21.823726848,371.8602,17,2017-05-01
RGI60-19.00023,Brown,upper,2017-06-04 14:19:22.511610112,191.40794,3,2017-06-01
RGI60-19.00023,Brown,upper,2017-06-16 14:19:23.276265984,273.06592,15,2017-06-01
RGI60-19.00023,Brown,upper,2017-06-28 14:19:23.868635904,118.10589,5,2017-06-01
RGI60-19.00023,Brown,upper,2017-07-10 14:19:24.504587008,159.11755,8,2017-07-01
RGI60-19.00023,Brown,upper,2017-07-22 14:19:25.308649984,275.96014,17,2017-07-01
RGI60-19.00023,Brown,upper,2017-08-03 14:19:26.003341056,370.52722,20,2017-08-01
RGI60-19.00023,Brown,upper,2017-08-15 14:19:26.570312704,308.8689,3,2017-08-01
RGI60-19.00023,Brown,upper,2017-08-27 14:19:27.138179072,212.39821,17,2017-08-01
RGI60-19.00023,Brown,upper,2017-09-08 14:19:27.628812032,245.53392,24,2017-09-01
RGI60-19.00023,Brown,upper,2017-09-20 14:19:27.986957056,,0,2017-09-01
RGI60-19.00023,Brown,upper,2017-10-02 14:19:28.268212992,99.08582,1,2017-10-01
RGI60-19.00023,Brown,upper,2017-10-14 14:19:28.466811904,341.21228,12,2017-10-01
RGI60-19.00023,Brown,upper,2017-10-26 14:19:28.558850816,128.7051,3,2017-10-01
RGI60-19.00023,Brown,upper,2017-11-07 14:19:28.400216064,347.8764,7,2017-11-01
RGI60-19.00023,Brown,upper,2017-11-19 14:19:28.126139904,200.41208,3,2017-11-01
RGI60-19.00023,Brown,upper,2017-12-01 14:19:27.712507904,261.22214,1,2017-12-01
RGI60-19.00023,Brown,upper,2017-12-13 14:19:27.244506112,312.54974,10,2017-12-01
RGI60-19.00023,Brown,upper,2017-12-25 14:19:26.806458880,194.85892,9,2017-12-01
RGI60-19.00023,Brown,upper,2018-01-06 14:19:26.341627904,163.58043,12,2018-01-01
RGI60-19.00023,Brown,upper,2018-01-18 14:19:25.976069120,103.94229,7,2018-01-01
RGI60-19.00023,Brown,upper,2018-01-30 14:19:25.634458112,152.04276,5,2018-01-01
RGI60-19.00023,Brown,upper,2018-02-11 14:19:25.389374208,155.9277,10,2018-02-01
RGI60-19.00023,Brown,upper,2018-02-23 14:19:25.270537984,91.83137,1,2018-02-01
RGI60-19.00023,Brown,upper,2018-03-07 14:19:25.304898048,111.220505,11,2018-03-01
RGI60-19.00023,Brown,upper,2018-03-19 14:19:25.425864960,103.85567,5,2018-03-01
RGI60-19.00023,Brown,upper,2018-03-31 14:19:25.653227008,190.48999,6,2018-03-01
RGI60-19.00023,Brown,upper,2018-04-12 14:19:25.996848896,128.68129,6,2018-04-01
RGI60-19.00023,Brown,upper,2018-05-06 14:19:27.194672896,130.75047,4,2018-05-01
RGI60-19.00023,Brown,upper,2018-05-30 14:19:28.512496896,140.52621,8,2018-05-01
RGI60-19.00023,Brown,upper,2018-06-11 14:19:29.256151296,99.0202,3,2018-06-01
RGI60-19.00023,Brown,upper,2018-07-17 14:19:31.352168960,179.46176,2,2018-07-01
RGI60-19.00023,Brown,upper,2018-07-29 14:19:32.090274048,255.5216,6,2018-07-01
RGI60-19.00023,Brown,upper,2018-08-10 14:19:32.777369856,,0,2018-08-01
RGI60-19.00023,Brown,upper,2018-08-22 14:19:33.525530880,,0,2018-08-01
RGI60-19.00023,Brown,upper,2018-09-03 14:19:34.150326016,127.88276,5,2018-09-01
RGI60-19.00023,Brown,upper,2018-09-15 14:19:34.566413056,213.6001,11,2018-09-01
RGI60-19.00023,Brown,upper,2018-09-27 14:19:34.757455872,204.9195,9,2018-09-01
RGI60-19.00023,Brown,upper,2018-10-09 14:19:35.012593664,150.27524,12,2018-10-01
RGI60-19.00023,Brown,upper,2018-10-21 14:19:35.192508672,219.92065,16,2018-10-01
RGI60-19.00023,Brown,upper,2018-11-02 14:19:35.040560896,225.50253,2,2018-11-01
RGI60-19.00023,Brown,upper,2018-11-14 14:19:34.827130112,192.5321,18,2018-11-01
RGI60-19.00023,Brown,upper,2018-11-26 14:19:34.521798912,399.39954,5,2018-11-01
RGI60-19.00023,Brown,upper,2018-12-08 14:19:33.997232128,,0,2018-12-01
RGI60-19.00023,Brown,upper,2018-12-20 14:19:33.568711936,159.29301,4,2018-12-01
RGI60-19.00023,Brown,upper,2019-01-01 14:19:33.169639936,70.178345,1,2019-01-01
RGI60-19.00023,Brown,upper,2019-01-13 14:19:32.764009984,92.24006,2,2019-01-01
RGI60-19.00023,Brown,upper,2019-01-25 14:19:32.453721088,100.95216,6,2019-01-01
RGI60-19.00023,Brown,upper,2019-02-06 14:19:32.031958016,137.2771,3,2019-02-01
RGI60-19.00023,Brown,upper,2019-02-18 14:19:31.787458304,89.03973,2,2019-02-01
RGI60-19.00023,Brown,upper,2019-03-02 14:19:31.770794240,245.4893,5,2019-03-01
RGI60-19.00023,Brown,upper,2019-03-14 14:19:31.789113088,138.69788,10,2019-03-01
RGI60-19.00023,Brown,upper,2019-03-26 14:19:32.007635968,,0,2019-03-01
RGI60-19.00023,Brown,upper,2019-04-07 14:19:32.297591040,138.7732,1,2019-04-01
RGI60-19.00023,Brown,upper,2019-04-19 14:19:32.767736064,114.29718,8,2019-04-01
RGI60-19.00023,Brown,upper,2019-05-01 14:19:33.214114048,189.58142,4,2019-05-01
RGI60-19.00023,Brown,upper,2019-05-13 14:19:33.679464960,82.68011,3,2019-05-01
RGI60-19.00023,Brown,upper,2019-05-25 14:19:34.346309120,254.63371,12,2019-05-01
RGI60-19.00023,Brown,upper,2019-06-06 14:19:34.819286016,134.68684,4,2019-06-01
RGI60-19.00023,Brown,upper,2019-06-18 14:19:35.485540352,157.33405,5,2019-06-01
RGI60-19.00023,Brown,upper,2019-06-30 14:19:36.332348928,320.553,6,2019-06-01
RGI60-19.00023,Brown,upper,2019-07-12 14:19:37.130112000,,0,2019-07-01
RGI60-19.00023,Brown,upper,2019-07-24 14:19:37.860059904,54.56189,1,2019-07-01
RGI60-19.00023,Brown,upper,2019-08-05 14:19:38.694914304,202.23254,1,2019-08-01
RGI60-19.00023,Brown,upper,2019-08-17 14:19:39.499704064,365.73932,2,2019-08-01
RGI60-19.00023,Brown,upper,2019-08-29 14:19:40.059894016,430.28595,7,2019-08-01
RGI60-19.00023,Brown,upper,2019-09-10 14:19:40.532592896,86.00581,5,2019-09-01
RGI60-19.00023,Brown,upper,2019-09-22 14:19:41.058400000,,0,2019-09-01
RGI60-19.00023,Brown,upper,2019-10-04 14:19:41.347813888,310.76828,6,2019-10-01
RGI60-19.00023,Brown,upper,2019-10-28 14:19:41.378044928,99.213104,4,2019-10-01
RGI60-19.00023,Brown,upper,2019-11-09 14:19:41.408079104,127.80315,2,2019-11-01
RGI60-19.00023,Brown,upper,2019-11-21 14:19:41.173992960,169.95587,1,2019-11-01
RGI60-19.00023,Brown,upper,2019-12-03 14:19:40.752503040,43.42788,2,2019-12-01
RGI60-19.00023,Brown,upper,2019-12-15 14:19:40.293057792,97.45255,1,2019-12-01
RGI60-19.00023,Brown,upper,2019-12-27 14:19:39.752483072,42.426407,1,2019-12-01
RGI60-19.00023,Brown,upper,2020-01-08 14:19:39.210093312,226.31073,6,2020-01-01
RGI60-19.00023,Brown,upper,2020-01-20 14:19:38.810253056,84.62191,8,2020-01-01
RGI60-19.00023,Brown,upper,2020-02-01 14:19:38.488531200,68.855515,2,2020-02-01
RGI60-19.00023,Brown,upper,2020-02-13 14:19:38.202100992,99.0202,3,2020-02-01
RGI60-19.00023,Brown,upper,2020-02-25 14:19:38.030896128,94.15413,1,2020-02-01
RGI60-19.00023,Brown,upper,2020-03-08 14:19:38.071670016,172.90253,18,2020-03-01
RGI60-19.00023,Brown,upper,2020-03-20 14:19:38.188947968,,0,2020-03-01
RGI60-19.00023,Brown,upper,2020-04-01 14:19:38.348705024,210.91551,10,2020-04-01
RGI60-19.00023,Brown,upper,2020-04-13 14:19:38.767520000,208.80614,9,2020-04-01
RGI60-19.00023,Brown,upper,2020-04-25 14:19:39.347729920,110.5486,10,2020-04-01
RGI60-19.00023,Brown,upper,2020-05-07 14:19:39.941711104,105.1903,15,2020-05-01
RGI60-19.00023,Brown,upper,2020-05-19 14:19:40.631842048,224.95555,15,2020-05-01
RGI60-19.00023,Brown,upper,2020-05-31 14:19:41.324128000,90.24966,5,2020-05-01
RGI60-19.00023,Brown,upper,2020-06-12 14:19:42.017577984,154.74039,16,2020-06-01
RGI60-19.00023,Brown,upper,2020-06-24 14:19:42.670116096,355.7254,6,2020-06-01
RGI60-19.00023,Brown,upper,2020-07-30 14:19:44.881734912,211.30074,7,2020-07-01
RGI60-19.00023,Brown,upper,2020-08-11 14:19:45.515654912,116.70079,8,2020-08-01
RGI60-19.00023,Brown,upper,2020-08-23 14:19:46.285670912,220.76596,10,2020-08-01
RGI60-19.00023,Brown,upper,2020-09-04 14:19:46.911767040,304.17078,20,2020-09-01
RGI60-19.00023,Brown,upper,2020-09-16 14:19:47.323763968,411.42316,8,2020-09-01
RGI60-19.00023,Brown,upper,2020-09-28 14:19:47.653922048,237.22774,21,2020-09-01
RGI60-19.00023,Brown,upper,2020-10-10 14:19:47.869454336,115.10864,5,2020-10-01
RGI60-19.00023,Brown,upper,2020-10-22 14:19:47.940509184,,0,2020-10-01
RGI60-19.00023,Brown,upper,2020-11-03 14:19:47.809718016,301.14447,1,2020-11-01
RGI60-19.00023,Brown,upper,2020-11-15 14:19:47.541047296,145.83553,3,2020-11-01
RGI60-19.00023,Brown,upper,2020-11-27 14:19:47.185804032,,0,2020-11-01
RGI60-19.00023,Brown,upper,2020-12-09 14:19:46.767137024,,0,2020-12-01
RGI60-19.00023,Brown,upper,2020-12-21 14:19:46.250866944,221.70494,2,2020-12-01
RGI60-19.00023,Brown,upper,2021-01-02 14:19:45.603287040,44.94441,1,2021-01-01
RGI60-19.00023,Brown,upper,2021-01-14 14:19:44.994102016,194.3116,15,2021-01-01
RGI60-19.00023,Brown,upper,2021-01-26 14:19:44.579731968,184.17383,11,2021-01-01
RGI60-19.00023,Brown,upper,2021-02-07 14:19:44.267441920,55.605755,1,2021-02-01
RGI60-19.00023,Brown,upper,2021-02-19 14:19:43.996110848,284.74023,9,2021-02-01
RGI60-19.00023,Brown,upper,2021-03-03 14:19:43.906787072,66.730804,3,2021-03-01
RGI60-19.00023,Brown,upper,2021-03-15 14:19:43.974265088,250.83261,5,2021-03-01
RGI60-19.00023,Brown,upper,2021-03-27 14:19:44.149390080,94.07843,8,2021-03-01
RGI60-19.00023,Brown,upper,2021-04-08 14:19:44.499556096,122.60596,8,2021-04-01
RGI60-19.00023,Brown,upper,2021-04-20 14:19:44.985736960,99.29753,9,2021-04-01
RGI60-19.00023,Brown,upper,2021-05-02 14:19:45.552339968,339.24982,24,2021-05-01
RGI60-19.00023,Brown,upper,2021-05-14 14:19:46.095106048,298.5582,21,2021-05-01
RGI60-19.00023,Brown,upper,2021-05-26 14:19:46.736066048,236.7636,17,2021-05-01
RGI60-19.00023,Brown,upper,2021-06-07 14:19:47.587547904,208.65521,11,2021-06-01
RGI60-19.00023,Brown,upper,2021-06-19 14:19:48.324613888,,0,2021-06-01
RGI60-19.00023,Brown,upper,2021-07-01 14:19:48.940225280,181.6699,4,2021-07-01
RGI60-19.00023,Brown,upper,2021-07-13 14:19:49.687043840,527.0648,8,2021-07-01
RGI60-19.00023,Brown,upper,2021-07-25 14:19:50.464989952,269.51996,7,2021-07-01
RGI60-19.00023,Brown,upper,2021-08-06 14:19:51.094564096,381.93848,3,2021-08-01
RGI60-19.00023,Brown,upper,2021-08-18 14:19:51.741864960,192.73839,20,2021-08-01
RGI60-19.00023,Brown,upper,2021-08-30 14:19:52.371694080,302.22565,20,2021-08-01
RGI60-19.00023,Brown,upper,2021-09-11 14:19:52.883846912,142.63832,8,2021-09-01
RGI60-19.00023,Brown,upper,2021-09-23 14:19:53.311340032,266.93488,6,2021-09-01
RGI60-19.00023,Brown,upper,2021-10-05 14:19:53.541125376,292.85016,4,2021-10-01
RGI60-19.00023,Brown,upper,2021-10-17 14:19:53.652566016,259.5933,4,2021-10-01
RGI60-19.00023,Brown,upper,2021-10-29 14:19:53.551630080,,0,2021-10-01
RGI60-19.00023,Brown,upper,2021-12-04 14:19:52.548361984,106.30146,3,2021-12-01
RGI60-19.00023,Brown,upper,2021-12-16 14:19:51.930311936,101.99544,2,2021-12-01
RGI60-19.00023,Brown,upper,2021-12-28 14:19:51.338426112,267.9347,1,2021-12-01
RGI60-19.00023,Brown,upper,2022-01-09 14:19:50.895375104,53.754635,2,2022-01-01
RGI60-19.00023,Brown,upper,2022-01-21 14:19:50.423372032,429.57053,8,2022-01-01
RGI60-19.00023,Brown,upper,2022-02-02 14:19:49.957099008,207.57649,9,2022-02-01
RGI60-19.00023,Brown,upper,2022-02-14 14:19:49.719392000,255.64946,18,2022-02-01
RGI60-19.00023,Brown,upper,2022-02-26 14:19:49.515284992,431.44873,3,2022-02-01
RGI60-19.00023,Brown,upper,2022-03-10 14:19:49.380158976,221.7604,6,2022-03-01
RGI60-19.00023,Brown,upper,2022-03-22 14:19:49.676464128,278.82074,11,2022-03-01
RGI60-19.00023,Brown,upper,2022-04-03 14:19:50.027915008,,0,2022-04-01
RGI60-19.00023,Brown,upper,2022-04-15 14:19:50.397573120,50.635956,1,2022-04-01
RGI60-19.00023,Brown,upper,2022-04-27 14:19:50.815223296,100.40418,3,2022-04-01
RGI60-19.00023,Brown,upper,2022-05-09 14:19:52.393481984,139.31259,5,2022-05-01
RGI60-19.00023,Brown,upper,2022-05-21 14:19:54.177740032,327.7316,13,2022-05-01
RGI60-19.00023,Brown,upper,2022-05-26 14:28:00.755574016,324.09875,9,2022-05-01
RGI60-19.00023,Brown,upper,2022-06-02 14:19:55.130632960,92.814964,2,2022-06-01
RGI60-19.00023,Brown,upper,2022-06-07 14:28:01.684806912,129.65338,5,2022-06-01
RGI60-19.00023,Brown,upper,2022-06-14 14:19:56.062055936,237.8571,9,2022-06-01
RGI60-19.00023,Brown,upper,2022-06-19 14:28:02.479334912,222.28296,8,2022-06-01
RGI60-19.00023,Brown,upper,2022-06-26 14:19:56.705408000,370.39032,9,2022-06-01
RGI60-19.00023,Brown,upper,2022-07-01 14:28:03.169671936,68.65858,1,2022-07-01
RGI60-19.00023,Brown,upper,2022-07-08 14:19:57.354473984,,0,2022-07-01
RGI60-19.00023,Brown,upper,2022-07-13 14:28:03.860014080,269.5091,2,2022-07-01
RGI60-19.00023,Brown,upper,2022-07-20 14:19:58.072675072,131.8484,5,2022-07-01
RGI60-19.00023,Brown,upper,2022-07-25 14:28:04.659260928,215.80083,7,2022-07-01
RGI60-19.00023,Brown,upper,2022-08-01 14:19:58.916208128,445.54865,14,2022-08-01
RGI60-19.00023,Brown,upper,2022-08-06 14:28:05.399954944,108.238,4,2022-08-01
RGI60-19.00023,Brown,upper,2022-08-13 14:19:59.678646016,317.65747,8,2022-08-01
RGI60-19.00023,Brown,upper,2022-08-18 14:28:05.973511168,,0,2022-08-01
RGI60-19.00023,Brown,upper,2022-08-25 14:20:00.221842944,194.73315,3,2022-08-01
RGI60-19.00023,Brown,upper,2022-08-30 14:28:06.684190208,77.5934,2,2022-08-01
RGI60-19.00023,Brown,upper,2022-09-06 14:20:00.815860224,52.46904,3,2022-09-01
RGI60-19.00023,Brown,upper,2022-09-11 14:28:07.121594880,175.0656,4,2022-09-01
RGI60-19.00023,Brown,upper,2022-09-18 14:20:00.980290048,,0,2022-09-01
RGI60-19.00023,Brown,upper,2022-09-23 14:28:07.318352128,286.36136,6,2022-09-01
RGI60-19.00023,Brown,upper,2022-09-30 14:20:00.998528000,139.31259,13,2022-09-01
RGI60-19.00023,Brown,upper,2022-10-05 14:28:07.536223744,141.48499,5,2022-10-01
RGI60-19.00023,Brown,upper,2022-10-12 14:20:01.328502016,527.4646,2,2022-10-01
RGI60-19.00023,Brown,upper,2022-10-17 14:28:07.574652672,,0,2022-10-01
RGI60-19.00023,Brown,upper,2022-10-24 14:20:01.413847040,347.2204,1,2022-10-01
RGI60-19.00023,Brown,upper,2022-11-05 14:20:01.147716352,109.64,14,2022-11-01
RGI60-19.00023,Brown,upper,2022-11-17 14:20:01.062725888,253.5705,9,2022-11-01
RGI60-19.00023,Brown,upper,2022-11-22 14:28:06.921215232,,0,2022-11-01
RGI60-19.00023,Brown,upper,2022-11-29 14:20:00.834912000,96.8246,2,2022-11-01
RGI60-19.00023,Brown,upper,2022-12-04 14:28:06.616229632,147.3635,11,2022-12-01
RGI60-19.00023,Brown,upper,2022-12-11 14:20:00.030899200,161.14838,4,2022-12-01
RGI60-19.00023,Brown,upper,2022-12-16 14:28:05.879153152,81.0432,3,2022-12-01
RGI60-19.00023,Brown,upper,2022-12-23 14:19:59.313501952,166.09033,3,2022-12-01
