{
"type": "FeatureCollection",
"name": "Heard_velocity_summary",
"crs": { "type": "name", "properties": { "name": "urn:ogc:def:crs:OGC:1.3:CRS84" } },
"features": [
{ "type": "Feature", "properties": { "RGIId": "RGI60-19.00001", "name_1": "AU1041", "grid_pixels": 24.0, "observed_pixels": 24.0, "retained_pixels": 24.0, "coverage_percent": 100.0, "median_speed_m_yr": 135.8323974609375, "pixel_speed_p25_m_yr": 118.41750335693359, "pixel_speed_p75_m_yr": 160.78909301757812, "median_retained_pairs": 63.0, "minimum_elevation_m": 500.7508544921875, "lower_third_limit_m": 624.52583821614587, "upper_third_limit_m": 748.30082194010413, "maximum_elevation_m": 872.0758056640625, "lower_third_speed_m_yr": 88.99072265625, "lower_third_coverage_percent": 100.0, "lower_third_retained_pixels": 8.0, "middle_third_speed_m_yr": 137.73359680175781, "middle_third_coverage_percent": 100.0, "middle_third_retained_pixels": 10.0, "upper_third_speed_m_yr": 173.048583984375, "upper_third_coverage_percent": 100.0, "upper_third_retained_pixels": 6.0, "lower_upper_speed_ratio": 0.51425282199526812, "speed_rank": 17, "year_balanced_speed_m_yr": 135.7420654296875, "retained_pixels_with_all_6_years_percent": 100.0, "retained_pixels_with_at_least_5_years_percent": 100.0, "year_balanced_change_percent": -0.066502567088955189, "status": "analysed" }, "geometry": { "type": "Polygon", "coordinates": [ [ [ 73.491446921827503, -53.039706219354322 ], [ 73.491834829362659, -53.039711138688979 ], [ 73.491748586962046, -53.039513564403691 ], [ 73.491874022502344, -53.039477730071447 ], [ 73.492225021431324, -53.039650592158722 ], [ 73.492585484964167, -53.039552242693901 ], [ 73.492335087796448, -53.039165463799073 ], [ 73.492748619743054, -53.038880662072842 ], [ 73.493205106640076, -53.038699321571599 ], [ 73.493582572146167, -53.039003502083496 ], [ 73.493974385259634, -53.038896189276556 ], [ 73.494633429169426, -53.039138437915419 ], [ 73.494995066622224, -53.039451769735969 ], [ 73.495203174333881, -53.039716376996147 ], [ 73.495399024763515, -53.039887266625627 ], [ 73.495550730069212, -53.039958890237209 ], [ 73.495570920834041, -53.039996386721853 ], [ 73.4956088594015, -53.040093946551686 ], [ 73.495523693089979, -53.04031922966508 ], [ 73.495699472423993, -53.040620851924814 ], [ 73.495901078671238, -53.041072499963789 ], [ 73.495996638699225, -53.041091103857433 ], [ 73.496211438862446, -53.041643433080587 ], [ 73.49685195689085, -53.043290479439356 ], [ 73.496943459466337, -53.045120530949099 ], [ 73.496485946588905, -53.046493069581416 ], [ 73.4958454285605, -53.047957110789191 ], [ 73.495570920834041, -53.049604157147932 ], [ 73.495570920834041, -53.050244675176337 ], [ 73.496208329551635, -53.051610550999762 ], [ 73.495113407956609, -53.051159700931208 ], [ 73.494289884777231, -53.050610685478311 ], [ 73.494017257890647, -53.05024718969976 ], [ 73.494031163068755, -53.050250858455499 ], [ 73.494610381596104, -53.05042953898041 ], [ 73.494718775815215, -53.050199085743209 ], [ 73.494462850551685, -53.049863228426588 ], [ 73.493949255402441, -53.049241886676619 ], [ 73.493466361619241, -53.048609665454322 ], [ 73.493466361597854, -53.048506126242096 ], [ 73.493649366748826, -53.046950582458827 ], [ 73.493191853871394, -53.045852551553004 ], [ 73.492093822965543, -53.044205505194221 ], [ 73.491910817814556, -53.042832966561932 ], [ 73.491453304937139, -53.04109441762769 ], [ 73.491270299786166, -53.039996386721846 ], [ 73.49122481627154, -53.039878132525374 ], [ 73.491458519984278, -53.039818641140293 ], [ 73.491446921827503, -53.039706219354322 ] ] ] } },
{ "type": "Feature", "properties": { "RGIId": "RGI60-19.00002", "name_1": "Abbotsmith", "grid_pixels": 1519.0, "observed_pixels": 1519.0, "retained_pixels": 1471.0, "coverage_percent": 96.840026333113897, "median_speed_m_yr": 232.42343139648438, "pixel_speed_p25_m_yr": 165.01666259765625, "pixel_speed_p75_m_yr": 355.01950073242188, "median_retained_pairs": 85.0, "minimum_elevation_m": 1.6753609180450439, "lower_third_limit_m": 920.64506483078003, "upper_third_limit_m": 1839.614768743515, "maximum_elevation_m": 2758.58447265625, "lower_third_speed_m_yr": 201.08514404296875, "lower_third_coverage_percent": 96.846388606307229, "lower_third_retained_pixels": 952.0, "middle_third_speed_m_yr": 326.060302734375, "middle_third_coverage_percent": 100.0, "middle_third_retained_pixels": 367.0, "upper_third_speed_m_yr": 279.79730224609375, "upper_third_coverage_percent": 89.940828402366861, "upper_third_retained_pixels": 152.0, "lower_upper_speed_ratio": 0.71868149702925199, "speed_rank": 5, "year_balanced_speed_m_yr": 234.35260009765625, "retained_pixels_with_all_6_years_percent": 97.688647178789935, "retained_pixels_with_at_least_5_years_percent": 98.572399728076135, "year_balanced_change_percent": 0.83002332836268344, "status": "analysed" }, "geometry": { "type": "Polygon", "coordinates": [ [ [ 73.402535003923703, -53.095803432945615 ], [ 73.404122505737291, -53.094907819874649 ], [ 73.40495903292009, -53.094563497590819 ], [ 73.405899453797502, -53.094351548718315 ], [ 73.406376918524273, -53.09404918744638 ], [ 73.406696114778086, -53.094002499991142 ], [ 73.406845739099126, -53.093980614758344 ], [ 73.407409150773915, -53.093875881178526 ], [ 73.408096495564365, -53.09378215912102 ], [ 73.408701675696037, -53.093808965624781 ], [ 73.409040343770897, -53.093897700020264 ], [ 73.409493278591896, -53.093838260796034 ], [ 73.40994690184948, -53.093760116564255 ], [ 73.410590391724924, -53.093590944212366 ], [ 73.410998439079975, -53.093484118536907 ], [ 73.411563212445472, -53.093341958583402 ], [ 73.411819349577343, -53.093139539890622 ], [ 73.411880074668119, -53.092756744343191 ], [ 73.411790654460944, -53.092652632281045 ], [ 73.412089946977261, -53.092544351400846 ], [ 73.412947798298049, -53.092462232785408 ], [ 73.413012690229522, -53.092388248259709 ], [ 73.41282833933036, -53.092329652166086 ], [ 73.412678156112023, -53.092187305356326 ], [ 73.412556977531651, -53.09210148272895 ], [ 73.412483780035018, -53.091978875098732 ], [ 73.412799288982185, -53.09185209630671 ], [ 73.412571091159109, -53.091718065012977 ], [ 73.412732630918711, -53.091551807415705 ], [ 73.412956650791685, -53.091377026644317 ], [ 73.413315660140753, -53.091335032835346 ], [ 73.413467218704625, -53.091439972228123 ], [ 73.413671916915476, -53.091367851198058 ], [ 73.413786504422447, -53.091210322526344 ], [ 73.414096157765798, -53.091242518408791 ], [ 73.414254251287531, -53.09116977527578 ], [ 73.414073342810042, -53.091017664522809 ], [ 73.41392487956243, -53.090828560960276 ], [ 73.414014586843834, -53.090502288062872 ], [ 73.413945514795984, -53.090267461362338 ], [ 73.413452213976868, -53.090157966733855 ], [ 73.413350357746964, -53.089969483779015 ], [ 73.41383465709626, -53.089901090211747 ], [ 73.413669976999145, -53.089730482598512 ], [ 73.413847038606391, -53.089564430421945 ], [ 73.414207751261671, -53.089475675479932 ], [ 73.414732457373972, -53.08957622915846 ], [ 73.415151179190801, -53.089600519069364 ], [ 73.415782144761266, -53.089346946009925 ], [ 73.41626120187189, -53.088997785538865 ], [ 73.416983293033354, -53.088801556397435 ], [ 73.417732327496623, -53.088717956069914 ], [ 73.418316423059011, -53.088894133557368 ], [ 73.418471414645097, -53.088905549819792 ], [ 73.418453721606582, -53.088540421274033 ], [ 73.418236598066443, -53.088528179103953 ], [ 73.417523095040579, -53.088490623956162 ], [ 73.417363301092891, -53.088610129971705 ], [ 73.416615641104684, -53.088656321286322 ], [ 73.41619521047771, -53.088678794953516 ], [ 73.416105788037001, -53.088574686050265 ], [ 73.41581374643107, -53.088486592281157 ], [ 73.415728103857234, -53.088279614710629 ], [ 73.416100900919801, -53.088284577428055 ], [ 73.416458164874683, -53.088289332270186 ], [ 73.416925191222134, -53.088267477595927 ], [ 73.417160248600055, -53.088214467018226 ], [ 73.416836111102128, -53.088154017550593 ], [ 73.416532657575658, -53.087953498771419 ], [ 73.415822257048518, -53.087831768431286 ], [ 73.415813593581916, -53.087644528181897 ], [ 73.415722800178315, -53.087577825688484 ], [ 73.415526368378792, -53.087425510326483 ], [ 73.415869466065871, -53.087392653362969 ], [ 73.41605929496987, -53.087301617871574 ], [ 73.41625118333549, -53.087154472015456 ], [ 73.416761706491741, -53.087217403167287 ], [ 73.417113470675844, -53.087371782832015 ], [ 73.417195686436585, -53.087672276265636 ], [ 73.417550886903129, -53.087733137868888 ], [ 73.418273051563034, -53.087957932907933 ], [ 73.418343414385021, -53.087734318357512 ], [ 73.418179410345587, -53.087545013484551 ], [ 73.417966751012855, -53.087411198970813 ], [ 73.417200400799445, -53.087120320553858 ], [ 73.416678121438878, -53.086954316153133 ], [ 73.416868633191882, -53.086844575979732 ], [ 73.416964918355703, -53.086761650736292 ], [ 73.416742801274793, -53.086551123344442 ], [ 73.418180345409766, -53.086965241722496 ], [ 73.421392918096387, -53.086879253411176 ], [ 73.424596673852406, -53.087704762124609 ], [ 73.427778623319597, -53.088357552800822 ], [ 73.433478429778589, -53.089876734577757 ], [ 73.438988468784501, -53.090423736060558 ], [ 73.441264762296058, -53.0908336806812 ], [ 73.446323675317757, -53.090755814730599 ], [ 73.449964664858726, -53.09056442634904 ], [ 73.453119906934205, -53.0906998803029 ], [ 73.455566206763677, -53.090778583382772 ], [ 73.458166890489466, -53.090954442673102 ], [ 73.461248319406408, -53.090945960079679 ], [ 73.463538415360176, -53.090975010945812 ], [ 73.465981219920792, -53.091148660622757 ], [ 73.4684292589195, -53.091179653166513 ], [ 73.470959643352444, -53.091116357469829 ], [ 73.472928549131069, -53.091283954055797 ], [ 73.474734793780257, -53.09159219723206 ], [ 73.476223371694999, -53.091943993585566 ], [ 73.477960775148034, -53.091965778098924 ], [ 73.479939957948503, -53.091847861899438 ], [ 73.482480412150196, -53.091498921948173 ], [ 73.485827183504256, -53.090683891290965 ], [ 73.489883122205939, -53.089925326485684 ], [ 73.493930313046818, -53.089404572763662 ], [ 73.496386433887892, -53.089196943553091 ], [ 73.501894233285896, -53.089836204954082 ], [ 73.506548268366174, -53.090036388321003 ], [ 73.50713167661543, -53.090471774121369 ], [ 73.50778026418692, -53.090955801934257 ], [ 73.508447133544891, -53.091740534381181 ], [ 73.509374260829844, -53.092831522974656 ], [ 73.510110674117669, -53.093293879933391 ], [ 73.511152617399731, -53.093948063847535 ], [ 73.511456665704713, -53.094239399575173 ], [ 73.512608449077049, -53.095343025681181 ], [ 73.513064556375724, -53.095780062657113 ], [ 73.513740728244969, -53.096883677833553 ], [ 73.51470992322453, -53.098465551225601 ], [ 73.514764112820487, -53.099849287659666 ], [ 73.514793837675001, -53.100608314618 ], [ 73.514382627329766, -53.101969789277277 ], [ 73.513641317132539, -53.104458812745364 ], [ 73.512608520090822, -53.104389057587831 ], [ 73.512316129683967, -53.103998595518817 ], [ 73.512095268360227, -53.103703654346326 ], [ 73.511853110432298, -53.103380273403069 ], [ 73.511342407739264, -53.103059817461578 ], [ 73.510924967752857, -53.102797882042609 ], [ 73.509912935463035, -53.102357106202966 ], [ 73.508809001201442, -53.102137535109591 ], [ 73.507872467619777, -53.10195125979444 ], [ 73.506618588592715, -53.101650276352174 ], [ 73.505280792972911, -53.101491078828246 ], [ 73.504023497516741, -53.101285140504849 ], [ 73.502764709582095, -53.101126817741232 ], [ 73.501658934055925, -53.101113261266278 ], [ 73.500000278702387, -53.101092727575363 ], [ 73.49857857394484, -53.101075160228632 ], [ 73.498196409184274, -53.101174122769997 ], [ 73.497701315295643, -53.101302328597725 ], [ 73.497278919644941, -53.101409159101976 ], [ 73.496266181618111, -53.101665296479077 ], [ 73.495385580846786, -53.101987521320957 ], [ 73.493320329649023, -53.102295108129177 ], [ 73.491967587572574, -53.102563951801457 ], [ 73.491249906076916, -53.102745357121165 ], [ 73.490514254263175, -53.103146687638805 ], [ 73.489799667570551, -53.103536526203627 ], [ 73.487465326322692, -53.10474491576003 ], [ 73.485098848261117, -53.105994125251108 ], [ 73.484646870058754, -53.106232714177537 ], [ 73.48343185286393, -53.107074269053776 ], [ 73.482539322039543, -53.107729422450802 ], [ 73.480541204524002, -53.108424720074765 ], [ 73.479898627065992, -53.108648321828085 ], [ 73.479281990526573, -53.108941233828993 ], [ 73.478532023562082, -53.109297479867209 ], [ 73.47766654226632, -53.109656366664836 ], [ 73.477100866055466, -53.109890934095496 ], [ 73.476526658244936, -53.110129039301597 ], [ 73.475592329262611, -53.110634655328518 ], [ 73.475237272076072, -53.110826796006393 ], [ 73.473631836631441, -53.111520576268717 ], [ 73.473197550728329, -53.111744792534338 ], [ 73.472101981205583, -53.112310421087706 ], [ 73.470970465810851, -53.113010158480272 ], [ 73.470319716260661, -53.113320701457589 ], [ 73.468638467418899, -53.11412300707704 ], [ 73.467831489423929, -53.114588740712357 ], [ 73.467350570537135, -53.114773061749219 ], [ 73.466869712691647, -53.114957359390914 ], [ 73.465270768535675, -53.115460700164981 ], [ 73.464600297036597, -53.115652028750837 ], [ 73.463993062317755, -53.115825311821361 ], [ 73.462064279008359, -53.11670517607363 ], [ 73.461586422862197, -53.116946315022979 ], [ 73.46013216547361, -53.11768017206677 ], [ 73.459125725886011, -53.118214261170841 ], [ 73.458117545425893, -53.118749274106861 ], [ 73.45751001403724, -53.119011637024904 ], [ 73.457305136512161, -53.119100113548633 ], [ 73.456832715662117, -53.119304128872109 ], [ 73.45538812045325, -53.119904364932708 ], [ 73.454531322037937, -53.12034358044064 ], [ 73.453938354437611, -53.120647549917123 ], [ 73.452929645030977, -53.121088930688636 ], [ 73.451930281935574, -53.121526221796621 ], [ 73.450645293520608, -53.122080918472413 ], [ 73.449521738422931, -53.122542498363565 ], [ 73.446874294853302, -53.12360334773026 ], [ 73.446140199292586, -53.123840804588887 ], [ 73.445034444428671, -53.12419848155966 ], [ 73.443911606290143, -53.124683184682361 ], [ 73.443428024984527, -53.124891935490588 ], [ 73.442943970585233, -53.125009487569635 ], [ 73.442128915983133, -53.125207422684298 ], [ 73.440636165903584, -53.125569935401117 ], [ 73.438725482054139, -53.125973337195752 ], [ 73.438086325590362, -53.126108282003415 ], [ 73.436965522803618, -53.126361533087483 ], [ 73.436491965848475, -53.126468535687451 ], [ 73.43529430249211, -53.126786245149781 ], [ 73.434740362386762, -53.126823441071636 ], [ 73.434498445025142, -53.126839685317499 ], [ 73.4341052693715, -53.126866086241968 ], [ 73.432586414485172, -53.127322487038121 ], [ 73.432088050949758, -53.127252551452024 ], [ 73.431091792979501, -53.127112746108914 ], [ 73.430640067422871, -53.127061411118092 ], [ 73.43014676549285, -53.127005351305471 ], [ 73.429654296971762, -53.127112098395997 ], [ 73.429110718630056, -53.127229924011168 ], [ 73.427041918996409, -53.127583880022542 ], [ 73.426563307197441, -53.127700067762433 ], [ 73.425925072756456, -53.127855005474771 ], [ 73.424258333700976, -53.128023726946857 ], [ 73.423804596366764, -53.128063199451063 ], [ 73.423852867174972, -53.127903442535477 ], [ 73.423827419020427, -53.127748728679443 ], [ 73.42390593826677, -53.127515863836507 ], [ 73.424097565119169, -53.127167544092835 ], [ 73.424422023923654, -53.126802269835423 ], [ 73.424670778505032, -53.12680556192943 ], [ 73.425151885798158, -53.126835318016155 ], [ 73.425598822829897, -53.126948825826638 ], [ 73.425934967873104, -53.126901812051841 ], [ 73.426312884523185, -53.126775822046113 ], [ 73.425873720900299, -53.12666241970409 ], [ 73.425499482801669, -53.126475025055775 ], [ 73.42525175576813, -53.126443679744419 ], [ 73.424952008363547, -53.126346152403798 ], [ 73.424619116119246, -53.126304322741809 ], [ 73.42426598321039, -53.126178018617082 ], [ 73.424204308683215, -53.126163167962574 ], [ 73.424180988292093, -53.12616285926206 ], [ 73.423711769621121, -53.126020982466486 ], [ 73.423963867218902, -53.125720244492101 ], [ 73.424251577800447, -53.125508861112309 ], [ 73.424801868098385, -53.125347732783148 ], [ 73.425085981792094, -53.125234539698681 ], [ 73.425326612218711, -53.125247079170812 ], [ 73.425553918092277, -53.125198626764146 ], [ 73.42587638259252, -53.125099973299058 ], [ 73.426137342942368, -53.124981793469232 ], [ 73.426495509379592, -53.124757301953785 ], [ 73.426509260917655, -53.124593750604703 ], [ 73.426555129791609, -53.12440255523795 ], [ 73.426329195839713, -53.124413602953361 ], [ 73.425806514773384, -53.124458151133098 ], [ 73.425175350226795, -53.124491905728405 ], [ 73.425044824775327, -53.124658590135731 ], [ 73.424932067504272, -53.124764694329265 ], [ 73.424762161050197, -53.124944891630605 ], [ 73.424489584378634, -53.12495531865131 ], [ 73.424187871712604, -53.125124414432349 ], [ 73.423934165251154, -53.125256720330697 ], [ 73.423395825432621, -53.125516242836774 ], [ 73.422910523217752, -53.125813890323236 ], [ 73.42253849502967, -53.125991406579338 ], [ 73.422116160658064, -53.126055980717055 ], [ 73.422156569449314, -53.126014413504272 ], [ 73.422330496504529, -53.125937191149738 ], [ 73.422508190444404, -53.125757100463368 ], [ 73.422686739034376, -53.12555363038517 ], [ 73.422846486297644, -53.125438794675759 ], [ 73.423138892483863, -53.125311681801151 ], [ 73.423214158517553, -53.125167657962962 ], [ 73.423533988768398, -53.124928633200007 ], [ 73.423742424073666, -53.124758303983917 ], [ 73.424124433670528, -53.12452010097698 ], [ 73.424590575306382, -53.124320434940529 ], [ 73.424639950253905, -53.124246238922645 ], [ 73.424357552385487, -53.124312672732863 ], [ 73.424090015662443, -53.124398014980407 ], [ 73.423741666352868, -53.12456649222559 ], [ 73.423362392664444, -53.124729880796281 ], [ 73.422905041409635, -53.12490158997894 ], [ 73.42235218099475, -53.125132846865831 ], [ 73.4223019447344, -53.125230420994342 ], [ 73.421856875567244, -53.12549117270671 ], [ 73.421101380092864, -53.125733771595748 ], [ 73.42040857794224, -53.125963163359138 ], [ 73.420617716405417, -53.125774136505299 ], [ 73.420875952246703, -53.125730781441305 ], [ 73.421444032127397, -53.125509089346771 ], [ 73.421660080444539, -53.125343542773614 ], [ 73.421330345492109, -53.125428054184191 ], [ 73.421490952648256, -53.125289841218375 ], [ 73.421769185807179, -53.125125119016914 ], [ 73.422062106849722, -53.124983981326658 ], [ 73.422150181781589, -53.124914977390723 ], [ 73.422529975356269, -53.124737565266727 ], [ 73.422848094072194, -53.124545300562254 ], [ 73.422486076086841, -53.124662134060095 ], [ 73.422147375772724, -53.124779275537939 ], [ 73.421767751601166, -53.124952010605035 ], [ 73.421520269922411, -53.125126496752621 ], [ 73.42135291842061, -53.125236551766918 ], [ 73.420988319440909, -53.125423517906356 ], [ 73.420737173120784, -53.125485679626898 ], [ 73.420564445313246, -53.125530168930382 ], [ 73.420256826434908, -53.125647717463679 ], [ 73.419932801488628, -53.125788437911318 ], [ 73.419629125010488, -53.125798441037105 ], [ 73.419229250530265, -53.125886693579936 ], [ 73.418789992423498, -53.125988455948246 ], [ 73.418199431022217, -53.126186446280535 ], [ 73.41789265986182, -53.126280609552758 ], [ 73.417579316414475, -53.126341938021483 ], [ 73.417301574936033, -53.126492622790551 ], [ 73.416773188133234, -53.126691432717614 ], [ 73.416189521813934, -53.126912895335522 ], [ 73.415691531203819, -53.127130817285519 ], [ 73.415016462503573, -53.127299598685866 ], [ 73.414545052936589, -53.127428985993589 ], [ 73.414216321345364, -53.127485422633626 ], [ 73.41405066389315, -53.127548709118265 ], [ 73.413924735354627, -53.127589134233524 ], [ 73.413651278714937, -53.127622915288811 ], [ 73.413468350089346, -53.12773275176778 ], [ 73.413418435124129, -53.127820970332941 ], [ 73.413421847917263, -53.127858516980019 ], [ 73.413442421066307, -53.127979175713094 ], [ 73.413250912690188, -53.128110728626837 ], [ 73.413258654018321, -53.127935793089996 ], [ 73.412713113542168, -53.127965945082977 ], [ 73.412484382317871, -53.127841264567415 ], [ 73.412112967595931, -53.127789530013146 ], [ 73.411414023585337, -53.127761492592313 ], [ 73.410932399053976, -53.127745708363207 ], [ 73.410446288061507, -53.127851492797333 ], [ 73.410069006998455, -53.127958728821177 ], [ 73.409455403261148, -53.12814701214586 ], [ 73.408638638847009, -53.128360645282235 ], [ 73.407653608086846, -53.128497172664154 ], [ 73.406778096958732, -53.128616445326145 ], [ 73.406140296070376, -53.128617263875498 ], [ 73.405540514936433, -53.128431464260593 ], [ 73.404995000926306, -53.128040552287281 ], [ 73.404540702152687, -53.127706997472558 ], [ 73.404422905998786, -53.127527650838218 ], [ 73.404897636476221, -53.127309464027611 ], [ 73.405287701466378, -53.127277265210942 ], [ 73.405602453321336, -53.127178563033105 ], [ 73.405734446033364, -53.126974494380214 ], [ 73.405381710455956, -53.126838783062453 ], [ 73.405057300675551, -53.126778299817182 ], [ 73.404666200898887, -53.126838552596098 ], [ 73.404009760759237, -53.126923315610981 ], [ 73.403582069112616, -53.126711744337754 ], [ 73.403763483188271, -53.126433490931049 ], [ 73.404133881619344, -53.126092277484801 ], [ 73.403946627555001, -53.126108479425554 ], [ 73.403781851484879, -53.125937858381654 ], [ 73.403603609698735, -53.125710919283279 ], [ 73.403309957483941, -53.125660199875661 ], [ 73.403024974128328, -53.12537569086831 ], [ 73.402815992583186, -53.125138981935343 ], [ 73.4030903358356, -53.124871332517813 ], [ 73.403116283046302, -53.124590994364304 ], [ 73.403018901216711, -53.124280933102824 ], [ 73.402558761225322, -53.124106347401039 ], [ 73.402553966292061, -53.123816240560778 ], [ 73.402470748677814, -53.123543793697607 ], [ 73.402588239288704, -53.123311465142081 ], [ 73.402563390173057, -53.123142719890637 ], [ 73.402278081239984, -53.122867560698936 ], [ 73.402013871926556, -53.122442984642042 ], [ 73.401902344984151, -53.122095307546559 ], [ 73.401978749408357, -53.121712728529374 ], [ 73.402174309681811, -53.121472092153475 ], [ 73.402044463782772, -53.121199018946378 ], [ 73.402225863780941, -53.120920767533306 ], [ 73.402705674442757, -53.120983344208859 ], [ 73.403344748373982, -53.120945136951235 ], [ 73.404189715245849, -53.120806768358321 ], [ 73.404148969886222, -53.120647166502629 ], [ 73.404095451525691, -53.120412543678214 ], [ 73.40380703205301, -53.120221552204029 ], [ 73.40343396097785, -53.120216548914961 ], [ 73.403058463452382, -53.120277005403018 ], [ 73.402510586518389, -53.120372572295125 ], [ 73.401937515050605, -53.120308742775087 ], [ 73.401827728467538, -53.11991430774129 ], [ 73.401632310594891, -53.119312885972157 ], [ 73.401445155431361, -53.118908055345777 ], [ 73.401446613499303, -53.118449620214619 ], [ 73.401297072964269, -53.118288556122913 ], [ 73.401243225805018, -53.118063283625098 ], [ 73.401435997380133, -53.117897460701023 ], [ 73.401364524323427, -53.117728088853077 ], [ 73.401387701646854, -53.117522563286322 ], [ 73.401320740271672, -53.117231621119899 ], [ 73.401880307589963, -53.117239135257584 ], [ 73.402111726614805, -53.117289023192662 ], [ 73.402412602359504, -53.117143362308134 ], [ 73.402574625097103, -53.116967768641246 ], [ 73.402661356440376, -53.116725670859232 ], [ 73.402795409928416, -53.116465495573756 ], [ 73.403268639222986, -53.116284720285798 ], [ 73.403587819071177, -53.116064452254513 ], [ 73.403169194374073, -53.116030768289605 ], [ 73.403672117569641, -53.115887814655771 ], [ 73.403847941267571, -53.11575918546535 ], [ 73.404099400587754, -53.115687707460026 ], [ 73.403884916378573, -53.115600625549895 ], [ 73.403340912744866, -53.11559332948795 ], [ 73.402707465006856, -53.115481912247503 ], [ 73.402747217306782, -53.115248540148514 ], [ 73.402990411253086, -53.114980472913331 ], [ 73.403309582707152, -53.114760205519175 ], [ 73.403654639286287, -53.114680627769985 ], [ 73.403774176911298, -53.114392188023643 ], [ 73.403891634534205, -53.114159857594416 ], [ 73.403646419916896, -53.114063006875973 ], [ 73.403900987117055, -53.113907365007343 ], [ 73.403158073306912, -53.113813194498576 ], [ 73.403195742210769, -53.113635931604421 ], [ 73.403060020780444, -53.113521836059078 ], [ 73.40322272003084, -53.113327538133937 ], [ 73.403445160734321, -53.113199534917136 ], [ 73.403014487587384, -53.113072126369154 ], [ 73.403222078614561, -53.112925211877112 ], [ 73.403507031480785, -53.112788690937165 ], [ 73.40419676464127, -53.112638884568632 ], [ 73.403549894701513, -53.112471154214411 ], [ 73.40289401856397, -53.112546561335833 ], [ 73.402189842437465, -53.11224706740613 ], [ 73.401259766840269, -53.112169084638673 ], [ 73.400359042427496, -53.112138270200973 ], [ 73.399659319325693, -53.112138220362219 ], [ 73.399329212507467, -53.11181566959592 ], [ 73.39922051198154, -53.111393177277172 ], [ 73.399079688789996, -53.110998321454737 ], [ 73.3989800253851, -53.110332688312688 ], [ 73.398974304379848, -53.109649606242762 ], [ 73.398858409903539, -53.109002466966643 ], [ 73.398619105056213, -53.108463217288367 ], [ 73.398528429190236, -53.10825888466649 ], [ 73.398664564829716, -53.107942604289384 ], [ 73.398587654749292, -53.107501826285159 ], [ 73.3984071796595, -53.106919310997704 ], [ 73.398414882388451, -53.106860485632822 ], [ 73.398494009404004, -53.106256186371048 ], [ 73.398433087459708, -53.105385236150738 ], [ 73.397830390852008, -53.10445085620551 ], [ 73.397335446871196, -53.10354599272582 ], [ 73.39705551477951, -53.103130547919015 ], [ 73.396981758466907, -53.102605604647195 ], [ 73.396879362085883, -53.102014781749673 ], [ 73.396547727460458, -53.101317951604599 ], [ 73.396410438299625, -53.100829576770884 ], [ 73.396349795599761, -53.100370303310797 ], [ 73.396548765882201, -53.1000361591936 ], [ 73.396879917510319, -53.099909632920458 ], [ 73.39713929167003, -53.09962308274897 ], [ 73.397160805855918, -53.099607051713178 ], [ 73.3975709602595, -53.099301427051039 ], [ 73.398091326961818, -53.099102595032186 ], [ 73.399061911995176, -53.098919174355302 ], [ 73.399988821240328, -53.098858259155307 ], [ 73.40054173600349, -53.098836153517333 ], [ 73.401050985500277, -53.098936559177453 ], [ 73.400919477414647, -53.098710242253766 ], [ 73.400707164840298, -53.098567045539603 ], [ 73.400375764084572, -53.098281904042146 ], [ 73.400618180950602, -53.098032543474794 ], [ 73.4010180410652, -53.097729160442697 ], [ 73.40145930404131, -53.09756667597469 ], [ 73.401400972243778, -53.097462973680571 ], [ 73.401321623443579, -53.097087657770849 ], [ 73.40142524250497, -53.096808362192313 ], [ 73.401136297187676, -53.096636067987063 ], [ 73.400870173587563, -53.096267598440505 ], [ 73.401140873712038, -53.096093466882991 ], [ 73.401531148150909, -53.09598248819443 ], [ 73.401674987868276, -53.095941585370838 ], [ 73.402535003923703, -53.095803432945615 ] ], [ [ 73.421686105415063, -53.08915685172822 ], [ 73.420539802635716, -53.088456244240064 ], [ 73.419301126982759, -53.088449875980793 ], [ 73.419157168767484, -53.088266534676244 ], [ 73.418643223087273, -53.088128673854264 ], [ 73.418918094664434, -53.08839439038244 ], [ 73.418828146830379, -53.088564544776148 ], [ 73.418559665554028, -53.088581135778036 ], [ 73.418511421408567, -53.08898367002304 ], [ 73.419177091695744, -53.089093308880784 ], [ 73.420433388486529, -53.08953332564834 ], [ 73.42084436843875, -53.089740367881426 ], [ 73.421800071699749, -53.08970264977264 ], [ 73.421686105415063, -53.08915685172822 ] ] ] } },
{ "type": "Feature", "properties": { "RGIId": "RGI60-19.00003", "name_1": "Gotley", "grid_pixels": 1859.0, "observed_pixels": 1839.0, "retained_pixels": 1673.0, "coverage_percent": 90.973355084284933, "median_speed_m_yr": 305.4766845703125, "pixel_speed_p25_m_yr": 192.03384399414062, "pixel_speed_p75_m_yr": 465.0892333984375, "median_retained_pairs": 96.0, "minimum_elevation_m": 0.0, "lower_third_limit_m": 917.62939453125, "upper_third_limit_m": 1835.2587890625, "maximum_elevation_m": 2752.88818359375, "lower_third_speed_m_yr": 273.1719970703125, "lower_third_coverage_percent": 99.071207430340564, "lower_third_retained_pixels": 640.0, "middle_third_speed_m_yr": 382.981689453125, "middle_third_coverage_percent": 100.0, "middle_third_retained_pixels": 614.0, "upper_third_speed_m_yr": 234.99664306640625, "upper_third_coverage_percent": 72.366148531951637, "upper_third_retained_pixels": 419.0, "lower_upper_speed_ratio": 1.1624506354889441, "speed_rank": 1, "year_balanced_speed_m_yr": 299.9288330078125, "retained_pixels_with_all_6_years_percent": 97.250448296473408, "retained_pixels_with_at_least_5_years_percent": 98.864315600717276, "year_balanced_change_percent": -1.8161292965136355, "status": "analysed" }, "geometry": { "type": "Polygon", "coordinates": [ [ [ 73.507387136945042, -53.156415596638432 ], [ 73.507261878170439, -53.156532112219104 ], [ 73.506904681774287, -53.156508922051771 ], [ 73.506900424575306, -53.156505999255415 ], [ 73.506585419568609, -53.156289729840928 ], [ 73.506164693196041, -53.156303164829225 ], [ 73.505453699574218, -53.156383125943982 ], [ 73.504897963005305, -53.156474388241861 ], [ 73.504370113170182, -53.156435013699735 ], [ 73.503977412545041, -53.156537675307028 ], [ 73.503623931609155, -53.156631472426028 ], [ 73.503168830589701, -53.156738025271487 ], [ 73.503063114861021, -53.157092225825131 ], [ 73.502677370854045, -53.157218360724535 ], [ 73.502327136998844, -53.157218634482142 ], [ 73.502130083129245, -53.157066459430219 ], [ 73.501776467658686, -53.156940382505297 ], [ 73.501271464474513, -53.156915315741273 ], [ 73.501016173317836, -53.157094545249677 ], [ 73.500619264583065, -53.157094226438829 ], [ 73.500220725872211, -53.157140665977415 ], [ 73.499764027856401, -53.157069420987511 ], [ 73.49947374677852, -53.157135933915995 ], [ 73.499138369571284, -53.157379642566667 ], [ 73.498637062999379, -53.157471561760914 ], [ 73.498252445397668, -53.157564950460184 ], [ 73.498036580955755, -53.157506091774628 ], [ 73.497701740505633, -53.157511224110515 ], [ 73.497216641582085, -53.157584629727005 ], [ 73.496831039736293, -53.15770606956486 ], [ 73.496349794417767, -53.157891792836551 ], [ 73.495711320220011, -53.158122308367865 ], [ 73.495361079365154, -53.158122561584754 ], [ 73.494985537133715, -53.158178630279387 ], [ 73.494395365162546, -53.158362969023194 ], [ 73.494038575207824, -53.158550256472921 ], [ 73.493994112037669, -53.158708746951078 ], [ 73.493897646625868, -53.158796409395229 ], [ 73.49353716470867, -53.158866698097825 ], [ 73.493321055718894, -53.159037050905283 ], [ 73.493025674019052, -53.159248502396807 ], [ 73.492781718646, -53.159324941391958 ], [ 73.492551598375826, -53.159672880355131 ], [ 73.492099956849415, -53.159901063555679 ], [ 73.491915372483177, -53.159837911860173 ], [ 73.491644793409947, -53.160007571851779 ], [ 73.491357504620012, -53.160209765713155 ], [ 73.491054325302628, -53.160421113589045 ], [ 73.490876934233242, -53.160596630625228 ], [ 73.490598074118239, -53.160780217395548 ], [ 73.490262454198358, -53.161028576285041 ], [ 73.490140009968826, -53.161190754745157 ], [ 73.489780322794857, -53.161237652150675 ], [ 73.489400477120526, -53.16141527742851 ], [ 73.489145602626763, -53.161580452991529 ], [ 73.488906614945137, -53.161736473554541 ], [ 73.488557389010012, -53.161928518767979 ], [ 73.488401514596049, -53.16215576350573 ], [ 73.488071021827849, -53.162479029748994 ], [ 73.487823751806985, -53.162648977085588 ], [ 73.487337315112697, -53.16297961711782 ], [ 73.487016182874498, -53.163036352019439 ], [ 73.486697846404425, -53.163013595179166 ], [ 73.486505853190494, -53.163160852092403 ], [ 73.486210245044191, -53.163376962026796 ], [ 73.485835347987049, -53.163634165368912 ], [ 73.485478971022019, -53.163807398639968 ], [ 73.485510793968032, -53.16400895837107 ], [ 73.485438176906214, -53.164302750376237 ], [ 73.485422328378021, -53.164531771979377 ], [ 73.485265439745959, -53.164787067905429 ], [ 73.485073927717352, -53.164920294589578 ], [ 73.484718195903739, -53.165074821737086 ], [ 73.484556156337575, -53.165255202825932 ], [ 73.484368466240511, -53.165500749588283 ], [ 73.48406356704443, -53.165758838232151 ], [ 73.483806173653662, -53.165994140799079 ], [ 73.483938647583841, -53.16621101634 ], [ 73.483855069230358, -53.166373683173603 ], [ 73.483594208808867, -53.166707179634699 ], [ 73.483374887879734, -53.166966356157424 ], [ 73.483242310710523, -53.167193890893302 ], [ 73.483130931563437, -53.167482509770728 ], [ 73.483131771117712, -53.167569063885047 ], [ 73.482405878826626, -53.168174976308315 ], [ 73.481806602413172, -53.168611750642718 ], [ 73.481426019175444, -53.169027920579708 ], [ 73.480996417873769, -53.169399022919158 ], [ 73.480594127151676, -53.169768133137808 ], [ 73.480338838594008, -53.169942640858494 ], [ 73.480253090910793, -53.170166091798663 ], [ 73.48012395763854, -53.170295428567478 ], [ 73.480044157946594, -53.170350546449349 ], [ 73.47997992137374, -53.170405862906549 ], [ 73.479884557947955, -53.170460782046817 ], [ 73.479771977883686, -53.170562261578596 ], [ 73.479659397285417, -53.170663740998478 ], [ 73.479625625334123, -53.170738158244461 ], [ 73.47956072632698, -53.170812178112165 ], [ 73.479543509560159, -53.170858738544354 ], [ 73.479526623419531, -53.170895947149894 ], [ 73.479533165182417, -53.17093111583317 ], [ 73.479500302140337, -53.170979815522941 ], [ 73.479456427725921, -53.171009662532363 ], [ 73.479336559471577, -53.171097014541623 ], [ 73.479245006731801, -53.171264254369923 ], [ 73.47916918233193, -53.171427016946964 ], [ 73.478951960448541, -53.171625397927549 ], [ 73.478600624194513, -53.171873523650738 ], [ 73.478137026541177, -53.172213774382499 ], [ 73.47766944847352, -53.172666244991987 ], [ 73.477041911648755, -53.173238297083429 ], [ 73.476369818456746, -53.173748961638417 ], [ 73.475872898819276, -53.17414959168056 ], [ 73.475327285788339, -53.174605732619149 ], [ 73.474838958270396, -53.174983078279524 ], [ 73.474315193899827, -53.175261729565122 ], [ 73.473673688245228, -53.175566937915399 ], [ 73.473102051083856, -53.175877716584615 ], [ 73.472559044569834, -53.176259030053288 ], [ 73.472129806022977, -53.176506137861473 ], [ 73.471638965200441, -53.176733741589906 ], [ 73.471224118376838, -53.177013777004689 ], [ 73.470815884791861, -53.177326642059811 ], [ 73.470520099751653, -53.177542711274498 ], [ 73.470125962013924, -53.177677990120628 ], [ 73.469802034934617, -53.177809491680414 ], [ 73.469544490652041, -53.178044761875299 ], [ 73.468994141646363, -53.178411930872983 ], [ 73.468520615126835, -53.178808153294433 ], [ 73.468145476965546, -53.179065298561227 ], [ 73.467635019213745, -53.17940490624899 ], [ 73.467693734841319, -53.179723767210078 ], [ 73.467320636451333, -53.179704932775657 ], [ 73.467152852181712, -53.179824402257843 ], [ 73.466858532356753, -53.179998379137402 ], [ 73.466467306611506, -53.180269346180879 ], [ 73.466222126194864, -53.180593650914695 ], [ 73.466181649221838, -53.180855099002549 ], [ 73.465998623945055, -53.1809650145711 ], [ 73.465624681119507, -53.180969554125923 ], [ 73.465383225036689, -53.180971121501216 ], [ 73.465083444142309, -53.181079531353504 ], [ 73.464610217621754, -53.180811462872889 ], [ 73.463772248444343, -53.180290753432942 ], [ 73.463161853944413, -53.179721516199493 ], [ 73.462588384745089, -53.179208888639181 ], [ 73.461625520905784, -53.178480718257674 ], [ 73.460938772673913, -53.178088248050919 ], [ 73.460035042225584, -53.17744971103297 ], [ 73.45935904893237, -53.176757976581953 ], [ 73.458458484645618, -53.175815396068991 ], [ 73.458235473173019, -53.175737660968217 ], [ 73.457790123558681, -53.175563486086091 ], [ 73.457275341671917, -53.175154508548914 ], [ 73.456683417274505, -53.174725816997537 ], [ 73.456040277509842, -53.174422765428112 ], [ 73.455216756767513, -53.173939605543644 ], [ 73.454529854450769, -53.173771641070083 ], [ 73.453716210195395, -53.173447651989989 ], [ 73.452722413188781, -53.17315406324451 ], [ 73.451914518144122, -53.172671083071947 ], [ 73.451249444537993, -53.172330295749028 ], [ 73.45058168572524, -53.17206431833106 ], [ 73.449864856572816, -53.171648001162772 ], [ 73.449121973692229, -53.171090999079652 ], [ 73.448732192995209, -53.170889445054904 ], [ 73.448626751881122, -53.170848760813868 ], [ 73.44891778046015, -53.17059557203055 ], [ 73.450498382500442, -53.169918171156141 ], [ 73.451740284103536, -53.16878916969879 ], [ 73.452756385415157, -53.167773068387156 ], [ 73.454111187163974, -53.166982767367031 ], [ 73.455127288475595, -53.166418266638345 ], [ 73.455240188621332, -53.16585376590966 ], [ 73.456707890515887, -53.164386064015112 ], [ 73.457949792118981, -53.163595762994944 ], [ 73.459981994742222, -53.162015160954645 ], [ 73.461788397073988, -53.160773259351572 ], [ 73.464159300134426, -53.158741056728331 ], [ 73.466643103340616, -53.156821754250821 ], [ 73.46811080523517, -53.155805652939208 ], [ 73.469804307421199, -53.154789551627609 ], [ 73.471610709752966, -53.153660550170244 ], [ 73.472513910918849, -53.152192848275661 ], [ 73.473981612813418, -53.151402547255536 ], [ 73.474207413104892, -53.150499346089639 ], [ 73.474771913833564, -53.148467143466419 ], [ 73.475223514416498, -53.145531739677281 ], [ 73.47556221485371, -53.143612437199785 ], [ 73.476804116456805, -53.140902833702143 ], [ 73.477707317622688, -53.139886732390515 ], [ 73.478384718497097, -53.138531930641697 ], [ 73.47928791966298, -53.138080330058742 ], [ 73.48504582709549, -53.135822327144034 ], [ 73.490013433507841, -53.133677224375077 ], [ 73.493287537734176, -53.132096622334757 ], [ 73.496110041377563, -53.130516020294479 ], [ 73.499384145603884, -53.127467716359611 ], [ 73.501303448081387, -53.125435513736385 ], [ 73.503674351141825, -53.122725910238728 ], [ 73.504577552307708, -53.121935609218568 ], [ 73.50491625274492, -53.120919507906976 ], [ 73.50593235405654, -53.119903406595341 ], [ 73.507625856242583, -53.118661504992268 ], [ 73.509770959011547, -53.11753250353491 ], [ 73.511577361343313, -53.116742202514743 ], [ 73.513157963383605, -53.116064801640334 ], [ 73.514738565423897, -53.115726101203123 ], [ 73.516657867901401, -53.115161600474451 ], [ 73.518238469941707, -53.11470999989151 ], [ 73.519593271690525, -53.114258399308582 ], [ 73.520383572710671, -53.113580998434166 ], [ 73.521399674022291, -53.111887496248144 ], [ 73.521851274605254, -53.110193994062087 ], [ 73.522528675479649, -53.1079359911474 ], [ 73.521964174750977, -53.106581189398554 ], [ 73.521060973585094, -53.105677988232685 ], [ 73.519819071981999, -53.105113487504006 ], [ 73.518577170378904, -53.104774787066809 ], [ 73.515967222767344, -53.104236855842103 ], [ 73.515656781805944, -53.104266480652939 ], [ 73.513641317132539, -53.104458812745364 ], [ 73.514382627329766, -53.101969789277277 ], [ 73.514793837675001, -53.100608314618 ], [ 73.514764112820487, -53.099849287659666 ], [ 73.51470992322453, -53.098465551225601 ], [ 73.513740728244969, -53.096883677833553 ], [ 73.513064556375724, -53.095780062657113 ], [ 73.512608449077049, -53.095343025681181 ], [ 73.511456665704713, -53.094239399575173 ], [ 73.511152617399731, -53.093948063847535 ], [ 73.510110674117669, -53.093293879933391 ], [ 73.509374260829844, -53.092831522974656 ], [ 73.508447133544891, -53.091740534381181 ], [ 73.50778026418692, -53.090955801934257 ], [ 73.50713167661543, -53.090471774121369 ], [ 73.506597604082472, -53.09006496681021 ], [ 73.506916677709498, -53.089612004937266 ], [ 73.506991882687814, -53.089620728513303 ], [ 73.507119130773361, -53.089519785532609 ], [ 73.507513943994923, -53.089524647964907 ], [ 73.508222961384973, -53.089581006168132 ], [ 73.509178669689604, -53.089520887328085 ], [ 73.509552600006174, -53.089262807020269 ], [ 73.511337054531666, -53.08803120703277 ], [ 73.51184568652441, -53.087626418798557 ], [ 73.513540051099397, -53.086600154827373 ], [ 73.515234487389847, -53.085573777989538 ], [ 73.515354220719075, -53.0854907223559 ], [ 73.516043687375955, -53.085012458781108 ], [ 73.516071938597321, -53.085119012592443 ], [ 73.516306067131552, -53.08509557599433 ], [ 73.516478950972257, -53.085150342502594 ], [ 73.516725135413722, -53.085228329329958 ], [ 73.517734826356758, -53.085548181359734 ], [ 73.518231542556009, -53.085705532166585 ], [ 73.519804285642891, -53.085915067406361 ], [ 73.522201685653854, -53.086398791948355 ], [ 73.522314600243035, -53.086421574778797 ], [ 73.523825858692703, -53.087093840916978 ], [ 73.524644786645524, -53.087458131705525 ], [ 73.525412233443717, -53.087799521687764 ], [ 73.525504552848943, -53.087840588925481 ], [ 73.526839325076907, -53.087449445032945 ], [ 73.528935844514166, -53.086835077460449 ], [ 73.529457901659498, -53.086816062044818 ], [ 73.529852429307823, -53.086801691765096 ], [ 73.533039335190153, -53.086685611867644 ], [ 73.533839665064477, -53.086656460642871 ], [ 73.53514393498547, -53.087234477180928 ], [ 73.534213286812275, -53.087340519546686 ], [ 73.535343695294401, -53.087576181316798 ], [ 73.536097750202387, -53.08804910467402 ], [ 73.536200658495858, -53.087702797238514 ], [ 73.53858667700537, -53.088760193006692 ], [ 73.539604706911106, -53.089264855576296 ], [ 73.540062805431006, -53.089491946327641 ], [ 73.541322957905081, -53.089994391837038 ], [ 73.541751691602443, -53.090165335691381 ], [ 73.542401173788576, -53.090424295947848 ], [ 73.542649131312885, -53.090531467579702 ], [ 73.543646806241838, -53.090962680346891 ], [ 73.543967578244164, -53.091053229669093 ], [ 73.544351231300695, -53.091161529408403 ], [ 73.54448031237358, -53.091248745833667 ], [ 73.545355334416428, -53.091839973446568 ], [ 73.54623356596781, -53.092448972813699 ], [ 73.546821920258736, -53.092856960195014 ], [ 73.546950276588788, -53.092854841539996 ], [ 73.548650714627939, -53.093887859673693 ], [ 73.549427716215277, -53.094359889063256 ], [ 73.550043814642748, -53.095379546465153 ], [ 73.550325664030055, -53.095846013836571 ], [ 73.550658471008163, -53.09614252357806 ], [ 73.551421749866307, -53.096822556245044 ], [ 73.552166622029304, -53.097486189723362 ], [ 73.552550909055483, -53.098256836552139 ], [ 73.552906762808476, -53.098970463470479 ], [ 73.553279174572708, -53.099641155741004 ], [ 73.553776699751836, -53.100952028221265 ], [ 73.553932425856502, -53.101362333214098 ], [ 73.554163017261232, -53.102138460720617 ], [ 73.554617032765236, -53.103039788155357 ], [ 73.555200130764959, -53.104197374668672 ], [ 73.555634077304163, -53.105392386977833 ], [ 73.555442541285672, -53.10634969719689 ], [ 73.555159076929669, -53.107766471581485 ], [ 73.555158046168216, -53.108091359924231 ], [ 73.554954717021445, -53.109119488675304 ], [ 73.554843067645791, -53.1096840409541 ], [ 73.554664509959707, -53.110586913433124 ], [ 73.55449132309883, -53.11146262846863 ], [ 73.553927115156029, -53.111789126670338 ], [ 73.553403915583218, -53.113049222299942 ], [ 73.553238875802435, -53.113446710977804 ], [ 73.55151729733025, -53.114886839286036 ], [ 73.550407521061615, -53.115815185130351 ], [ 73.549985255652913, -53.116168416991947 ], [ 73.548130790549152, -53.117240891409921 ], [ 73.548332570137362, -53.118290424139396 ], [ 73.548237168257543, -53.119091092276172 ], [ 73.548111711681273, -53.12014399692935 ], [ 73.547650536324142, -53.12146411078789 ], [ 73.547499072975739, -53.121897674425242 ], [ 73.54726018479154, -53.122385594184287 ], [ 73.547256866908853, -53.122314002200504 ], [ 73.546188734998267, -53.122190091519471 ], [ 73.544452123219585, -53.122511562040671 ], [ 73.543981320844907, -53.124047917177499 ], [ 73.543467786910782, -53.125855884880067 ], [ 73.543275473126926, -53.127083189696251 ], [ 73.542710550298338, -53.128426883410938 ], [ 73.541816714343568, -53.129585121267283 ], [ 73.541152597133021, -53.131381154611766 ], [ 73.541209051750499, -53.132188178977692 ], [ 73.54015438809607, -53.132648971734881 ], [ 73.538787223509701, -53.133428453251213 ], [ 73.538484308567476, -53.134452809137706 ], [ 73.53905424719602, -53.135437482268763 ], [ 73.538680207999221, -53.136088036921862 ], [ 73.538563955060297, -53.137044129535418 ], [ 73.537609310367799, -53.138010085464956 ], [ 73.537162047403712, -53.138841160644404 ], [ 73.537277616436853, -53.138892976265147 ], [ 73.538063028897142, -53.138469219286804 ], [ 73.538381021746218, -53.138514756117139 ], [ 73.53830652197513, -53.138778506137506 ], [ 73.537522324346071, -53.139326836150111 ], [ 73.536767302081799, -53.139854766039612 ], [ 73.535879771894969, -53.140367576006334 ], [ 73.53466944818345, -53.141066894262096 ], [ 73.534582293624922, -53.141303787924592 ], [ 73.534209383222532, -53.141849923771602 ], [ 73.533909123664046, -53.142289666176111 ], [ 73.533924978239597, -53.142146349180656 ], [ 73.532697294413865, -53.143947808418773 ], [ 73.532101250868465, -53.144462622030197 ], [ 73.531678944569492, -53.144867103861927 ], [ 73.531183678604194, -53.145190695336915 ], [ 73.529908170731588, -53.146087166268387 ], [ 73.528732019169283, -53.146124097370503 ], [ 73.528243204763726, -53.146539077482736 ], [ 73.527950651296834, -53.14714387342358 ], [ 73.527895092851395, -53.147172253698827 ], [ 73.527084715498191, -53.147733549008677 ], [ 73.527013661471699, -53.14782789071576 ], [ 73.526428653615568, -53.148177329415567 ], [ 73.52627607173261, -53.148315781400264 ], [ 73.525947891674107, -53.148583043843466 ], [ 73.52557585175721, -53.14899478065383 ], [ 73.525021865119726, -53.149493144886833 ], [ 73.52493679724779, -53.149931824145959 ], [ 73.524804493220898, -53.150159407661803 ], [ 73.524749008010104, -53.150416010839585 ], [ 73.524604915365074, -53.150760398337482 ], [ 73.524609730856881, -53.151073884686816 ], [ 73.524572691288483, -53.15170027907542 ], [ 73.523865249462403, -53.152814233741417 ], [ 73.523881687956887, -53.153015591910524 ], [ 73.523962922640848, -53.153142905120902 ], [ 73.524037671987458, -53.153186540527521 ], [ 73.523843147053995, -53.153682387736673 ], [ 73.523668528861521, -53.153784820846141 ], [ 73.523116468934688, -53.153997841645342 ], [ 73.522579326480951, -53.154151040998755 ], [ 73.521723660193175, -53.154093731702012 ], [ 73.521328335, -53.154055999398032 ], [ 73.521068106583058, -53.15403116344303 ], [ 73.520922674735971, -53.153975291058899 ], [ 73.520548969082739, -53.153980004746316 ], [ 73.520545819427397, -53.153981315049208 ], [ 73.519436695259344, -53.153875449493846 ], [ 73.517960255767505, -53.153714817454137 ], [ 73.517519484301914, -53.153366932340013 ], [ 73.517126315030936, -53.15325912063399 ], [ 73.516606312216652, -53.153444442519842 ], [ 73.516046604862197, -53.153652657433291 ], [ 73.515307495779808, -53.153872667123494 ], [ 73.514796031964437, -53.153810152900981 ], [ 73.513964025178723, -53.153790416878451 ], [ 73.513247108796264, -53.154043436893261 ], [ 73.511976769695352, -53.154546829184362 ], [ 73.511607779288511, -53.154865000769988 ], [ 73.511192271073995, -53.155177911633068 ], [ 73.51073737588041, -53.155504362532227 ], [ 73.510462365158389, -53.155804993846139 ], [ 73.509988978200525, -53.155990870162817 ], [ 73.509141697863072, -53.15596155352155 ], [ 73.50857592586047, -53.156118199504398 ], [ 73.508258273805808, -53.156301341345333 ], [ 73.508251935384564, -53.156306086316611 ], [ 73.508018573644364, -53.156480781013308 ], [ 73.507820756194988, -53.156360687840824 ], [ 73.507774665319786, -53.15633270634742 ], [ 73.507495100176499, -53.156315168733428 ], [ 73.507387136945042, -53.156415596638432 ] ], [ [ 73.520170491692269, -53.087247350412149 ], [ 73.519710820244853, -53.087226514299545 ], [ 73.519452545449155, -53.087434965557811 ], [ 73.520394475085766, -53.087794415316608 ], [ 73.521276753176963, -53.087452608226471 ], [ 73.522408299482663, -53.087653130024975 ], [ 73.523320667437261, -53.087654376006618 ], [ 73.524289960220202, -53.08745977557232 ], [ 73.522259332887842, -53.087358981934408 ], [ 73.521098299140533, -53.087042180780351 ], [ 73.520170491692269, -53.087247350412149 ] ] ] } },
{ "type": "Feature", "properties": { "RGIId": "RGI60-19.00004", "name_1": "AU1121", "grid_pixels": 154.0, "observed_pixels": 154.0, "retained_pixels": 95.0, "coverage_percent": 61.688311688311686, "median_speed_m_yr": 215.645751953125, "pixel_speed_p25_m_yr": 72.328178405761719, "pixel_speed_p75_m_yr": 302.23553466796875, "median_retained_pairs": 12.0, "minimum_elevation_m": 313.89190673828125, "lower_third_limit_m": 605.48543294270826, "upper_third_limit_m": 897.07895914713538, "maximum_elevation_m": 1188.6724853515625, "lower_third_speed_m_yr": 50.596443176269531, "lower_third_coverage_percent": 54.716981132075475, "lower_third_retained_pixels": 29.0, "middle_third_speed_m_yr": 267.384521484375, "middle_third_coverage_percent": 50.0, "middle_third_retained_pixels": 34.0, "upper_third_speed_m_yr": 287.12957763671875, "upper_third_coverage_percent": 96.969696969696969, "upper_third_retained_pixels": 32.0, "lower_upper_speed_ratio": 0.17621466793046664, "speed_rank": 6, "year_balanced_speed_m_yr": 216.12033081054688, "retained_pixels_with_all_6_years_percent": 42.10526315789474, "retained_pixels_with_at_least_5_years_percent": 67.368421052631575, "year_balanced_change_percent": 0.22007336250473575, "status": "analysed" }, "geometry": { "type": "Polygon", "coordinates": [ [ [ 73.634610156597276, -53.087890797270838 ], [ 73.63449312426809, -53.08815142214457 ], [ 73.63459772231603, -53.088283606159479 ], [ 73.635023375603339, -53.088092013418226 ], [ 73.635385555919768, -53.088432982677183 ], [ 73.635640180823259, -53.088735293784694 ], [ 73.635098380102434, -53.089159456339317 ], [ 73.634538229886644, -53.08918109844717 ], [ 73.634624038707273, -53.089415982677139 ], [ 73.63446098864307, -53.08965736752041 ], [ 73.63459725287251, -53.089771202864895 ], [ 73.634857208320526, -53.089905168978007 ], [ 73.634927484842535, -53.090139874770649 ], [ 73.63530477358816, -53.090003862127517 ], [ 73.635785186652427, -53.090046794223568 ], [ 73.636363839910047, -53.089931798368326 ], [ 73.636680326561319, -53.090244171912779 ], [ 73.636505297208643, -53.090373150444201 ], [ 73.637000660064473, -53.090434960853948 ], [ 73.637121988967337, -53.090529910223538 ], [ 73.637129249591908, -53.090791960892027 ], [ 73.637216848720598, -53.090970727714662 ], [ 73.637412141696203, -53.090692284442966 ], [ 73.637676247341432, -53.090695308075063 ], [ 73.638188332530618, -53.09071988101077 ], [ 73.63856532106125, -53.090593210612802 ], [ 73.639082422488002, -53.090458785414718 ], [ 73.639310734824079, -53.090611091790016 ], [ 73.639254095490145, -53.090928547510131 ], [ 73.63943963905362, -53.090958736841664 ], [ 73.639794896255879, -53.091028289682932 ], [ 73.64054149737693, -53.091008752764907 ], [ 73.641072660106914, -53.090921259449281 ], [ 73.642058773179983, -53.090698616239841 ], [ 73.642779005460511, -53.090529068797089 ], [ 73.643891981847801, -53.090719520160427 ], [ 73.64427331812665, -53.090948408351935 ], [ 73.644340119865504, -53.091295340388427 ], [ 73.644236320512476, -53.091630972988774 ], [ 73.644832527015311, -53.091946510705867 ], [ 73.645212703880304, -53.092212806448288 ], [ 73.645280983899596, -53.092512974811733 ], [ 73.645965169906759, -53.092502049212904 ], [ 73.646184146519929, -53.092457760581929 ], [ 73.646933117635569, -53.092363362656286 ], [ 73.647001717847758, -53.092158311247623 ], [ 73.647237988027769, -53.092058081477376 ], [ 73.647707885821177, -53.091941794239645 ], [ 73.647995745753363, -53.091683097697114 ], [ 73.648251650906971, -53.091452105420217 ], [ 73.648276566891028, -53.091152997389344 ], [ 73.648376816474908, -53.090929592728315 ], [ 73.648908548914775, -53.090823359044364 ], [ 73.649162393556566, -53.090657833222707 ], [ 73.649643121495671, -53.090691356859672 ], [ 73.649716993535989, -53.090813822651882 ], [ 73.649919543795136, -53.090797408723894 ], [ 73.650247843275864, -53.090735640894501 ], [ 73.650868394651141, -53.090770745335689 ], [ 73.65101159629161, -53.090912708177648 ], [ 73.651391638342758, -53.090935727409722 ], [ 73.651837624604752, -53.090837864919116 ], [ 73.652209021792601, -53.090888851507827 ], [ 73.652809925153008, -53.090806773711677 ], [ 73.653316414543966, -53.090513115317442 ], [ 73.653713564257487, -53.090236929841296 ], [ 73.654274123114718, -53.089953235033477 ], [ 73.654679320937305, -53.089667781407258 ], [ 73.655072517105339, -53.089517852277737 ], [ 73.65517189279808, -53.089570433125239 ], [ 73.655224225270885, -53.089636516252902 ], [ 73.655120329210064, -53.089728901824095 ], [ 73.654724030926729, -53.089729100604629 ], [ 73.654652225461589, -53.089789102649597 ], [ 73.654805829413121, -53.089846974812986 ], [ 73.65498919224207, -53.08994728495604 ], [ 73.654900392910491, -53.090053874906069 ], [ 73.654879753004977, -53.090217370996371 ], [ 73.655831984380882, -53.090331045759996 ], [ 73.655767364263909, -53.090409841553374 ], [ 73.655356836159882, -53.090367779903168 ], [ 73.655213078812466, -53.090492461030799 ], [ 73.655137627367935, -53.090669371709076 ], [ 73.655236568355491, -53.090735981511934 ], [ 73.654503762141516, -53.090811902335261 ], [ 73.653986557408814, -53.090951071145113 ], [ 73.653842940112952, -53.091071074236602 ], [ 73.654044176713938, -53.091096740268135 ], [ 73.65415176046379, -53.09113538082832 ], [ 73.654094466228756, -53.091228292517151 ], [ 73.653965070748669, -53.091390558429374 ], [ 73.654178050903226, -53.091537984572717 ], [ 73.653925241746862, -53.091670786843274 ], [ 73.653351282865401, -53.091636225656693 ], [ 73.652929764279946, -53.09169694693022 ], [ 73.652684572365189, -53.091834510787073 ], [ 73.652588287510568, -53.091931658317215 ], [ 73.65210608176109, -53.091944909752335 ], [ 73.651840066558009, -53.092002710334796 ], [ 73.651991189721315, -53.092140083688179 ], [ 73.652479120245019, -53.092192389277798 ], [ 73.652869717875291, -53.092126641588614 ], [ 73.653275266457428, -53.092079773737687 ], [ 73.653855685633488, -53.092156510166184 ], [ 73.654220058120615, -53.09218402103518 ], [ 73.654706095691566, -53.092297109820421 ], [ 73.655173060095194, -53.092274319643181 ], [ 73.655423869082568, -53.092454916822476 ], [ 73.655791640748163, -53.092622800663769 ], [ 73.655927926926111, -53.092488678515089 ], [ 73.65617121811276, -53.092411900297741 ], [ 73.657118791032374, -53.092427274299943 ], [ 73.657225216097331, -53.092503322802834 ], [ 73.658005439284452, -53.092652462805376 ], [ 73.658715753604127, -53.092800809784194 ], [ 73.659026109626211, -53.093066273969939 ], [ 73.659103854932923, -53.093315082777409 ], [ 73.658766616154196, -53.09341419812889 ], [ 73.658530946731076, -53.093495745535222 ], [ 73.658612035361671, -53.093636998856823 ], [ 73.658475608316039, -53.093775800421888 ], [ 73.658350643752925, -53.094045714423871 ], [ 73.65824354262287, -53.094240982048788 ], [ 73.658093467053007, -53.094318815594832 ], [ 73.657953834494876, -53.094560495923993 ], [ 73.658561906440355, -53.094249248885305 ], [ 73.658519281681521, -53.094370395841068 ], [ 73.658522977126026, -53.094501420854932 ], [ 73.658349013450703, -53.09459769736668 ], [ 73.657992386317147, -53.094570286604331 ], [ 73.6579588934745, -53.094897367330532 ], [ 73.658348110436094, -53.095126298576318 ], [ 73.658682077755273, -53.095382673708514 ], [ 73.658780804182555, -53.095706566703228 ], [ 73.658974067012309, -53.095989423066889 ], [ 73.659247493006816, -53.096193656613934 ], [ 73.659641234533481, -53.096277617234712 ], [ 73.660332298967361, -53.096547364700541 ], [ 73.660340136882994, -53.096795385574332 ], [ 73.660484953006844, -53.097029132345924 ], [ 73.658465669239916, -53.097132677628252 ], [ 73.647980599677865, -53.09518196701206 ], [ 73.641762709588761, -53.093962772876907 ], [ 73.637007852461778, -53.094084692290437 ], [ 73.629936526478076, -53.09457236994448 ], [ 73.623718636388958, -53.09554772525258 ], [ 73.619573376329541, -53.096523080560686 ], [ 73.614208922135006, -53.096766919387697 ], [ 73.607869112632372, -53.097498435868786 ], [ 73.602260819610805, -53.097864194109306 ], [ 73.598648310191919, -53.097864218848322 ], [ 73.598675495451957, -53.097389889147522 ], [ 73.597835611983399, -53.097470709260577 ], [ 73.596609750487573, -53.097577210125742 ], [ 73.596236249697398, -53.09773407158967 ], [ 73.5954199863572, -53.097603491246744 ], [ 73.595280497432995, -53.097259153973063 ], [ 73.594940800337667, -53.097406331224057 ], [ 73.594128474419108, -53.097668875194579 ], [ 73.593273605670433, -53.097671530108784 ], [ 73.596408687762235, -53.096766919387683 ], [ 73.598359398378435, -53.096157322320131 ], [ 73.600919706062186, -53.095303886425562 ], [ 73.603358094332421, -53.093962772876907 ], [ 73.604333449640521, -53.093231256395875 ], [ 73.606040321429688, -53.092987417568828 ], [ 73.610063662075589, -53.092255901087754 ], [ 73.616159632751206, -53.090670948712102 ], [ 73.620670651051157, -53.089207915749952 ], [ 73.624693991697058, -53.088354479855369 ], [ 73.627498138207841, -53.087622963374265 ], [ 73.629692687651058, -53.087013366306742 ], [ 73.63176531768076, -53.086769527479703 ], [ 73.634203705951009, -53.086769527479696 ], [ 73.634303772132725, -53.086769528235109 ], [ 73.634296822716252, -53.086989026695278 ], [ 73.63410965745841, -53.087501458097954 ], [ 73.633943946212469, -53.08782701565513 ], [ 73.634488544513118, -53.087805197975811 ], [ 73.634610156597276, -53.087890797270838 ] ], [ [ 73.609852417491737, -53.096364386598324 ], [ 73.609691530714144, -53.096160924609229 ], [ 73.608985922098881, -53.096233312614345 ], [ 73.608678130533164, -53.096431297392904 ], [ 73.608905967409257, -53.096635543334244 ], [ 73.609852417491737, -53.096364386598324 ] ], [ [ 73.612285443627215, -53.095687242139086 ], [ 73.612668593462075, -53.095228069255498 ], [ 73.611104688164843, -53.095955683945242 ], [ 73.61093276204916, -53.096094785224224 ], [ 73.61146319629762, -53.096262241130844 ], [ 73.612134027716991, -53.096229749415897 ], [ 73.612041380868391, -53.095986769901359 ], [ 73.612819119405174, -53.095753938530386 ], [ 73.612285443627215, -53.095687242139086 ] ], [ [ 73.646686259400951, -53.094369946395162 ], [ 73.647284094577955, -53.093993737632054 ], [ 73.646653436433255, -53.093815223152525 ], [ 73.646047373616895, -53.09445339154118 ], [ 73.646686259400951, -53.094369946395162 ] ] ] } },
{ "type": "Feature", "properties": { "RGIId": "RGI60-19.00005", "name_1": "Stephenson", "grid_pixels": 636.0, "observed_pixels": 636.0, "retained_pixels": 582.0, "coverage_percent": 91.509433962264154, "median_speed_m_yr": 281.74948120117188, "pixel_speed_p25_m_yr": 171.6700439453125, "pixel_speed_p75_m_yr": 376.4766845703125, "median_retained_pairs": 92.0, "minimum_elevation_m": 227.46719360351562, "lower_third_limit_m": 929.28053792317712, "upper_third_limit_m": 1631.0938822428386, "maximum_elevation_m": 2332.9072265625, "lower_third_speed_m_yr": 266.5233154296875, "lower_third_coverage_percent": 85.405405405405403, "lower_third_retained_pixels": 316.0, "middle_third_speed_m_yr": 335.83428955078125, "middle_third_coverage_percent": 100.0, "middle_third_retained_pixels": 188.0, "upper_third_speed_m_yr": 139.06973266601562, "upper_third_coverage_percent": 100.0, "upper_third_retained_pixels": 78.0, "lower_upper_speed_ratio": 1.9164724798152835, "speed_rank": 2, "year_balanced_speed_m_yr": 289.06866455078125, "retained_pixels_with_all_6_years_percent": 92.096219931271477, "retained_pixels_with_at_least_5_years_percent": 94.158075601374577, "year_balanced_change_percent": 2.5977628488988769, "status": "analysed" }, "geometry": { "type": "Polygon", "coordinates": [ [ [ 73.662055022869211, -53.098634407803395 ], [ 73.662266760516488, -53.098823906765688 ], [ 73.662744399757642, -53.098960257587549 ], [ 73.663016557303735, -53.099206569685798 ], [ 73.663339334977451, -53.099575076888335 ], [ 73.663590162799537, -53.100008266878966 ], [ 73.664096959477618, -53.100458363528261 ], [ 73.66436064006956, -53.100727967108575 ], [ 73.664247952413319, -53.100853007646563 ], [ 73.664207455928192, -53.101156621148036 ], [ 73.66407873747454, -53.101548125836992 ], [ 73.664214773597337, -53.101923890157209 ], [ 73.664367945647257, -53.102248388934385 ], [ 73.664452058820743, -53.102544044788061 ], [ 73.664731294341919, -53.10281382192467 ], [ 73.664790123857699, -53.102922075149742 ], [ 73.66485224734916, -53.103049466992815 ], [ 73.664804902432479, -53.103072325723822 ], [ 73.664742741393525, -53.103071628385393 ], [ 73.664559457257738, -53.102966266952464 ], [ 73.664512402007148, -53.102979772882655 ], [ 73.66470259922481, -53.103112889918826 ], [ 73.664415249057569, -53.103104987866004 ], [ 73.663895664641515, -53.103066410562029 ], [ 73.663596688723672, -53.102932070886503 ], [ 73.663456536957824, -53.102939853093041 ], [ 73.663315080204796, -53.102989722192874 ], [ 73.663041966179762, -53.103024078411885 ], [ 73.662792742295153, -53.103039990538271 ], [ 73.66241229675299, -53.103026359721305 ], [ 73.661957198325211, -53.10291365111992 ], [ 73.661268564557446, -53.102812348155119 ], [ 73.660607963299142, -53.102809594015184 ], [ 73.659920352017593, -53.102675548937817 ], [ 73.659311754070643, -53.102500288177538 ], [ 73.658470934943409, -53.102294339236053 ], [ 73.657823353108327, -53.102123309362177 ], [ 73.657244686074506, -53.101985799233127 ], [ 73.657325152295186, -53.101897825527821 ], [ 73.65726386700274, -53.101869066319502 ], [ 73.657038248894082, -53.101875876736266 ], [ 73.65684856639362, -53.101976651712754 ], [ 73.656547142980259, -53.101921792071657 ], [ 73.65650712768884, -53.101958764171705 ], [ 73.65634264803613, -53.101999009187786 ], [ 73.656200311748734, -53.102076927769311 ], [ 73.656004751644332, -53.102116821405609 ], [ 73.655709640150377, -53.102108810647387 ], [ 73.655497478144042, -53.101933329180298 ], [ 73.655400593246256, -53.102049184023286 ], [ 73.655325559076772, -53.102212065384649 ], [ 73.655097750721225, -53.102289016983818 ], [ 73.654800157732183, -53.102360501479758 ], [ 73.654222990420919, -53.102424146441443 ], [ 73.6539118992482, -53.102429984471264 ], [ 73.653451571734777, -53.102485591109904 ], [ 73.653120995467489, -53.102617511925082 ], [ 73.652587811702276, -53.10276585023616 ], [ 73.651994218463486, -53.102857366318027 ], [ 73.651430532756891, -53.102986642114743 ], [ 73.65123363152054, -53.102820681865275 ], [ 73.651106222947945, -53.102669542795951 ], [ 73.650761987424474, -53.102492555934269 ], [ 73.65036248673006, -53.102343009246439 ], [ 73.650182303683778, -53.10213981297354 ], [ 73.649941281243002, -53.101893824538863 ], [ 73.649714336573169, -53.101694775070008 ], [ 73.649578727380515, -53.101557575188714 ], [ 73.649452359596822, -53.101621633007156 ], [ 73.648568506798526, -53.101798719550253 ], [ 73.648004385060219, -53.101942008101915 ], [ 73.646721906352596, -53.102189399840334 ], [ 73.646018648960137, -53.102307707072249 ], [ 73.645856508571242, -53.102273116609773 ], [ 73.645843906406697, -53.102179413668303 ], [ 73.646035377570286, -53.102022540715907 ], [ 73.645632372151994, -53.101985209646536 ], [ 73.645281993187211, -53.10200461196861 ], [ 73.644852298251905, -53.102074567976089 ], [ 73.64472548099053, -53.102152649630305 ], [ 73.644236271468671, -53.102137722102675 ], [ 73.643931212206169, -53.101951805596791 ], [ 73.643388204890798, -53.101917549689915 ], [ 73.642860002143635, -53.101906850011531 ], [ 73.642416531742441, -53.101920504401029 ], [ 73.642604888671556, -53.10210977190696 ], [ 73.642372381157088, -53.102088408082146 ], [ 73.641991951631411, -53.102074712085965 ], [ 73.641419338620025, -53.101993329588701 ], [ 73.640860645853152, -53.101963561076296 ], [ 73.640339918260665, -53.101962291535131 ], [ 73.639709527555354, -53.101987834310016 ], [ 73.63926236561116, -53.102118384306358 ], [ 73.638714930589899, -53.102224395905054 ], [ 73.63838490275333, -53.102337570345874 ], [ 73.637970290374867, -53.102421708062536 ], [ 73.637569295102324, -53.102566813986975 ], [ 73.637127525444996, -53.102772265454618 ], [ 73.636723270808361, -53.10302024684232 ], [ 73.636266544069869, -53.103206811892584 ], [ 73.635916523191582, -53.103460089937826 ], [ 73.635645531697747, -53.103672171061483 ], [ 73.635265754982967, -53.103883004273733 ], [ 73.634784813627334, -53.104097353933376 ], [ 73.634467487272431, -53.104299544957613 ], [ 73.633852515815917, -53.10457316687755 ], [ 73.633551908111102, -53.104738123516221 ], [ 73.634157697661493, -53.10475443269177 ], [ 73.634216386608429, -53.104619444662326 ], [ 73.634539264956459, -53.104487487731994 ], [ 73.634715098709407, -53.104335131382328 ], [ 73.635275817890715, -53.10405620500822 ], [ 73.635765562454068, -53.103809208403412 ], [ 73.636302957661073, -53.103530009892062 ], [ 73.636477302199395, -53.103424413725705 ], [ 73.636806308229723, -53.103343978700622 ], [ 73.637207313300237, -53.103198875428674 ], [ 73.637398524627827, -53.103051369209382 ], [ 73.637956107231247, -53.102870632029216 ], [ 73.638662348423438, -53.102658846797937 ], [ 73.639474853047801, -53.102527797825815 ], [ 73.639731606664711, -53.102273443519309 ], [ 73.640206160990758, -53.102260154247425 ], [ 73.640871277085395, -53.102365988827067 ], [ 73.640840153632524, -53.102613566387653 ], [ 73.640724886614422, -53.102818081184452 ], [ 73.640480477148145, -53.102927561207771 ], [ 73.640500837877781, -53.103021353383596 ], [ 73.640472661202466, -53.103175404889242 ], [ 73.640468384504175, -53.103311017464932 ], [ 73.640430225212583, -53.103535124628834 ], [ 73.640439128995197, -53.103745735431851 ], [ 73.640597731346389, -53.103892564365552 ], [ 73.640851641599369, -53.103974989745616 ], [ 73.641232824425032, -53.103965308005087 ], [ 73.641667661876795, -53.10397962727729 ], [ 73.641977586820232, -53.104011231719788 ], [ 73.642238128283651, -53.103883220741629 ], [ 73.642281986796618, -53.103724669772703 ], [ 73.642217504772518, -53.103550848972318 ], [ 73.642239525466721, -53.103345269096764 ], [ 73.642637273367271, -53.10330302599958 ], [ 73.643102449183345, -53.103341075938218 ], [ 73.643184535278678, -53.103449605230445 ], [ 73.643210317441884, -53.103618306362513 ], [ 73.643259263192718, -53.103791949505748 ], [ 73.643562594952655, -53.103786050841109 ], [ 73.643825016129028, -53.103845176957215 ], [ 73.64425546568863, -53.103751843289977 ], [ 73.64467564392082, -53.103737916732598 ], [ 73.644834701780852, -53.103870711202582 ], [ 73.644924857459785, -53.103969975181812 ], [ 73.644835562872998, -53.104090585940519 ], [ 73.644885544677393, -53.104231494323194 ], [ 73.644996807284841, -53.104401168198095 ], [ 73.645147363361815, -53.104557255315463 ], [ 73.645394544648198, -53.10460684849879 ], [ 73.645735117676637, -53.104652825845307 ], [ 73.646013969178185, -53.10468406617268 ], [ 73.646292380548658, -53.10472933476661 ], [ 73.646102807428406, -53.104825416022123 ], [ 73.645819988630549, -53.104920436126712 ], [ 73.645824821019204, -53.105014050627268 ], [ 73.645821589184962, -53.105116929329135 ], [ 73.645738449093059, -53.105289068498536 ], [ 73.645841212719375, -53.105482034702007 ], [ 73.645985473915715, -53.105591269325906 ], [ 73.64624087321711, -53.105626920269749 ], [ 73.646480878706583, -53.105657717635083 ], [ 73.64670915016282, -53.105814686426278 ], [ 73.64689446945809, -53.105854217117688 ], [ 73.647289301334069, -53.105905484737832 ], [ 73.647665952263409, -53.106040748014813 ], [ 73.648021933702751, -53.106091571776538 ], [ 73.648522918934034, -53.106228244526811 ], [ 73.648916583680148, -53.106316917253153 ], [ 73.649448364151695, -53.1064632915785 ], [ 73.650033664592968, -53.106638338362728 ], [ 73.650536703136439, -53.106750069109459 ], [ 73.650574394808729, -53.106747385338238 ], [ 73.650760014500335, -53.106777557428138 ], [ 73.651134766711806, -53.106725669219941 ], [ 73.65143166437278, -53.106677575742651 ], [ 73.651567295319794, -53.106814773538041 ], [ 73.651631088376533, -53.107011971022963 ], [ 73.652254360717876, -53.106967572299688 ], [ 73.652492162523274, -53.10682056962537 ], [ 73.652818096292009, -53.106838293002681 ], [ 73.653086274082995, -53.106962955256591 ], [ 73.653413377907839, -53.106943266473046 ], [ 73.65378608384961, -53.106956838359842 ], [ 73.654269187184042, -53.106920199622081 ], [ 73.654565207051192, -53.106900156234168 ], [ 73.655185411212031, -53.106953944861161 ], [ 73.655704304760235, -53.107015942024482 ], [ 73.656208970261503, -53.107035674566355 ], [ 73.656753947638677, -53.107009080213594 ], [ 73.65714807395014, -53.1070836968835 ], [ 73.657261285934581, -53.107192567345045 ], [ 73.657365562327158, -53.107338760645618 ], [ 73.657173671072186, -53.107509680773319 ], [ 73.65668677423389, -53.107667915681432 ], [ 73.656502649780876, -53.107838922391885 ], [ 73.65649725670967, -53.108011946339424 ], [ 73.65651503090001, -53.108189909742954 ], [ 73.656488511070776, -53.108292525702197 ], [ 73.656396032522878, -53.108516024289479 ], [ 73.656267904712237, -53.108636205070425 ], [ 73.656030834595782, -53.108759833655924 ], [ 73.65585447397487, -53.108930927031039 ], [ 73.655519956635231, -53.109437047489067 ], [ 73.655546082035983, -53.109596393473176 ], [ 73.6555637069646, -53.109779033271209 ], [ 73.655436259407523, -53.109835678457372 ], [ 73.655403812511722, -53.10987897296215 ], [ 73.655402061853692, -53.10993508879298 ], [ 73.655416366388891, -53.110141080932614 ], [ 73.655444534186685, -53.110234958454861 ], [ 73.655411697953653, -53.110290723141055 ], [ 73.655419920125127, -53.11035942620051 ], [ 73.655407029476834, -53.110440365345454 ], [ 73.655434224850865, -53.110565418325052 ], [ 73.655421139640822, -53.110652592560157 ], [ 73.655450474863088, -53.110709059526194 ], [ 73.655448529696031, -53.110771410441757 ], [ 73.655486476421785, -53.11088411026784 ], [ 73.655455252070794, -53.111012791479041 ], [ 73.65546671029152, -53.111143903963374 ], [ 73.655163327825889, -53.111149832639242 ], [ 73.654628696367951, -53.111092333487704 ], [ 73.654125006469968, -53.111039859748971 ], [ 73.653782913021573, -53.111040669231024 ], [ 73.65334490379152, -53.110876663772167 ], [ 73.652842679775716, -53.11077742148899 ], [ 73.652174186332843, -53.110774531811032 ], [ 73.651189111481614, -53.110702559880423 ], [ 73.651448073637098, -53.11087390091253 ], [ 73.651771111800429, -53.110985153559326 ], [ 73.652147967404133, -53.111115726602137 ], [ 73.652617499290542, -53.111266059391639 ], [ 73.652745084256352, -53.1114125205129 ], [ 73.652769884811377, -53.111613953812082 ], [ 73.652601124910433, -53.111789806402207 ], [ 73.652271790360402, -53.11187963737585 ], [ 73.651854460358877, -53.111800064021523 ], [ 73.651341677091992, -53.11178957725425 ], [ 73.650963500707931, -53.111701088434863 ], [ 73.650854538417647, -53.111456599122668 ], [ 73.650388681997072, -53.11143728416198 ], [ 73.650028543990658, -53.111269471389072 ], [ 73.649672218214448, -53.110980073549392 ], [ 73.649244638817166, -53.110979900178172 ], [ 73.64891427564298, -53.110854523587477 ], [ 73.648273349425367, -53.110716263763408 ], [ 73.647749879132377, -53.110551267050951 ], [ 73.647246057661988, -53.110503440596503 ], [ 73.646583296470169, -53.110318143743555 ], [ 73.646204275336132, -53.110009765378571 ], [ 73.64591058126301, -53.109954966985697 ], [ 73.644880651813835, -53.110074229293183 ], [ 73.643937111148034, -53.10991846651082 ], [ 73.642540045673783, -53.109846406430499 ], [ 73.642112183349369, -53.109855560099007 ], [ 73.641853226041164, -53.109932131216972 ], [ 73.64134027912668, -53.110174209994206 ], [ 73.640765937821669, -53.110144262983475 ], [ 73.640099669462359, -53.11007116120502 ], [ 73.639474274158033, -53.11018096392381 ], [ 73.638532851611842, -53.110450878240364 ], [ 73.637893973221395, -53.110495026809225 ], [ 73.637512647935381, -53.110261441727914 ], [ 73.637480887276098, -53.110036535293489 ], [ 73.637577606043337, -53.109682116137677 ], [ 73.637208496573521, -53.10930833050778 ], [ 73.636873301218046, -53.109337238157977 ], [ 73.636419614543669, -53.109425601220302 ], [ 73.636034386955814, -53.109561526836053 ], [ 73.635701853323539, -53.109506258094392 ], [ 73.635388120180508, -53.109348288434092 ], [ 73.635328983998562, -53.109497305760918 ], [ 73.635158977156706, -53.109710543518055 ], [ 73.634932278486019, -53.109750045693275 ], [ 73.634950260377821, -53.109918659131623 ], [ 73.634864549406032, -53.110170286978935 ], [ 73.634735023781843, -53.11033253063745 ], [ 73.634445409845327, -53.11039470014375 ], [ 73.634246680463178, -53.110532759440346 ], [ 73.634034926576732, -53.11059114331443 ], [ 73.63323174466548, -53.110422872229691 ], [ 73.632799812456838, -53.11031499624567 ], [ 73.631991594049467, -53.11030571018987 ], [ 73.631467598392845, -53.110159347391715 ], [ 73.631387509472503, -53.110233274233138 ], [ 73.631584515529539, -53.110394590561199 ], [ 73.631877451521859, -53.110472805565898 ], [ 73.63327570354447, -53.110507580596312 ], [ 73.633592316079756, -53.110819962132112 ], [ 73.635358719599949, -53.111504499050838 ], [ 73.636086878143487, -53.111587692414417 ], [ 73.636374503944765, -53.111834242545946 ], [ 73.636900607603053, -53.111915115994826 ], [ 73.637665480111622, -53.111820957007879 ], [ 73.638232720438751, -53.111584193055613 ], [ 73.638306122187089, -53.111229506651021 ], [ 73.638529633661662, -53.11104494434295 ], [ 73.639013533103537, -53.110984986499147 ], [ 73.639766383924652, -53.110778405247537 ], [ 73.640508405021862, -53.110422000380041 ], [ 73.64100518343426, -53.110446385117342 ], [ 73.641481997623515, -53.110610879151636 ], [ 73.642132733933124, -53.110683795948106 ], [ 73.642762039049359, -53.110943583742241 ], [ 73.641207069367056, -53.111440420413885 ], [ 73.639617434824473, -53.11204911211864 ], [ 73.639607692339922, -53.112357747058596 ], [ 73.639297897303379, -53.112812647545482 ], [ 73.638369713622524, -53.112661694410662 ], [ 73.637569600995604, -53.112886437922761 ], [ 73.637766937963761, -53.11303839161053 ], [ 73.637976568537923, -53.113293401058399 ], [ 73.638723737450064, -53.113760389431818 ], [ 73.638272595135078, -53.114151250948844 ], [ 73.637150014932985, -53.114138722993843 ], [ 73.636138056056041, -53.113847848870499 ], [ 73.635426814965868, -53.113643412076343 ], [ 73.634805275277444, -53.113303296873262 ], [ 73.634578160882256, -53.113252536064678 ], [ 73.633235628096131, -53.112952475605283 ], [ 73.633084566828245, -53.112933656529933 ], [ 73.63071638221308, -53.112638630244412 ], [ 73.629376218899779, -53.112708338844946 ], [ 73.629212031298763, -53.112716879063719 ], [ 73.627489540194176, -53.112465902828504 ], [ 73.625671637619917, -53.112201024628092 ], [ 73.624434785278737, -53.111937055111298 ], [ 73.623552241566657, -53.111748702282547 ], [ 73.622219766125724, -53.111400387343089 ], [ 73.620007428449298, -53.111375388414885 ], [ 73.619778361127302, -53.111343393372543 ], [ 73.618521422342425, -53.111167830095702 ], [ 73.617410898649794, -53.111012717387901 ], [ 73.615289821209473, -53.110607874511423 ], [ 73.615139117228509, -53.110614038458344 ], [ 73.61253056964199, -53.110720730721852 ], [ 73.611649314413697, -53.110756774961764 ], [ 73.610475151914628, -53.110704061643801 ], [ 73.610228754878534, -53.110692999797315 ], [ 73.608744734790093, -53.110471925778945 ], [ 73.606767770814969, -53.110177418060637 ], [ 73.603863714024314, -53.109817430000419 ], [ 73.603382939021387, -53.109757832935649 ], [ 73.600788049892046, -53.109347170105103 ], [ 73.599772950909369, -53.109278087305931 ], [ 73.598264619180839, -53.109175437436669 ], [ 73.596855112121034, -53.108945822780804 ], [ 73.596692329567816, -53.108919304815032 ], [ 73.596217024851001, -53.109014708415366 ], [ 73.593274801001328, -53.109605274294992 ], [ 73.592465177358235, -53.109767785642724 ], [ 73.59237389126443, -53.108584003291028 ], [ 73.591385395993171, -53.108592467393166 ], [ 73.591171636352186, -53.108983023659434 ], [ 73.591569473129923, -53.109622717142273 ], [ 73.591164667569188, -53.109708638674185 ], [ 73.591268914938169, -53.109941734177241 ], [ 73.590100920992086, -53.110018730582155 ], [ 73.589304292452738, -53.110071246761507 ], [ 73.586058772446606, -53.110223955300427 ], [ 73.585273829247313, -53.110266118028193 ], [ 73.582416647266072, -53.110419589752183 ], [ 73.580199701638023, -53.110536377408081 ], [ 73.578458481430062, -53.110611249000783 ], [ 73.578219084290325, -53.110601679229326 ], [ 73.57562686727448, -53.110498056753123 ], [ 73.573406672638512, -53.110409305670814 ], [ 73.57226443311275, -53.110062955229878 ], [ 73.571143447187353, -53.109723049316287 ], [ 73.569650986388538, -53.10927050460559 ], [ 73.568168352266326, -53.108836966718385 ], [ 73.567968136890585, -53.108778421626454 ], [ 73.567615933536928, -53.108675433643441 ], [ 73.567078794841152, -53.108587769335763 ], [ 73.566364189198126, -53.108471141341049 ], [ 73.564945632153623, -53.108167964761606 ], [ 73.564935319559609, -53.10816692004358 ], [ 73.565473845299735, -53.108091493025796 ], [ 73.567169539395948, -53.107970809613526 ], [ 73.566860140360163, -53.107705026395031 ], [ 73.56730415394297, -53.106944355307682 ], [ 73.567280383416289, -53.106147815108883 ], [ 73.566791846414418, -53.106736604234392 ], [ 73.566233674462197, -53.106397269276137 ], [ 73.565737074356747, -53.107227857003792 ], [ 73.565209343959566, -53.107483554930681 ], [ 73.564061504667677, -53.107247970990493 ], [ 73.563321822333535, -53.107329757505717 ], [ 73.562906570488053, -53.107727911274381 ], [ 73.563121543498696, -53.107983175882254 ], [ 73.562819007809821, -53.107952525649907 ], [ 73.562433445823231, -53.107927726447315 ], [ 73.561005073992987, -53.107835854106149 ], [ 73.55927842482528, -53.107784775790677 ], [ 73.558320582726836, -53.107756440584097 ], [ 73.558150235000497, -53.107762304202488 ], [ 73.556747232186368, -53.10781059761554 ], [ 73.556263450843275, -53.10782725007838 ], [ 73.555159076929669, -53.107766471581485 ], [ 73.555442541285672, -53.10634969719689 ], [ 73.555634077304163, -53.105392386977833 ], [ 73.555200130764959, -53.104197374668672 ], [ 73.554617032765236, -53.103039788155357 ], [ 73.554163017261232, -53.102138460720617 ], [ 73.553932425856502, -53.101362333214098 ], [ 73.554468409514058, -53.101277937687648 ], [ 73.556906797784293, -53.101034098860623 ], [ 73.559710944295077, -53.100912179447121 ], [ 73.561382610441413, -53.10082420162081 ], [ 73.562074935235955, -53.101277274400672 ], [ 73.56248066811726, -53.101665184462171 ], [ 73.562867033832276, -53.10162953373068 ], [ 73.563077938855912, -53.101833663783083 ], [ 73.5636196665684, -53.101658777729035 ], [ 73.563699717708133, -53.101266655870859 ], [ 73.56377914867879, -53.101165647219808 ], [ 73.565441156730145, -53.101521776514659 ], [ 73.565865840675812, -53.101508511381617 ], [ 73.565576583921981, -53.10173277485503 ], [ 73.565629800845031, -53.102146662391448 ], [ 73.567763185281208, -53.101950612366537 ], [ 73.567837174904327, -53.101739840100947 ], [ 73.568177332097164, -53.101582666035519 ], [ 73.568944367327873, -53.101682603804079 ], [ 73.569423813978716, -53.101869792718446 ], [ 73.57027957060663, -53.101819600677722 ], [ 73.570268844680811, -53.101638046779804 ], [ 73.569034087540032, -53.10150225747423 ], [ 73.568095639357708, -53.101521208180856 ], [ 73.567874002095223, -53.101639491518981 ], [ 73.567197700310814, -53.101832935195866 ], [ 73.56693822981515, -53.101577831924089 ], [ 73.566989296181433, -53.101473412554263 ], [ 73.56934257796253, -53.101399857101143 ], [ 73.571415207992246, -53.100912179447128 ], [ 73.573731676848979, -53.100668340620082 ], [ 73.576048145705712, -53.09981490472552 ], [ 73.579218050457015, -53.098961468830908 ], [ 73.580187300895901, -53.098785256238259 ], [ 73.579478232817024, -53.099137817917608 ], [ 73.580846050376849, -53.098791286056816 ], [ 73.580811380080348, -53.098671791841213 ], [ 73.581511098463906, -53.098544570794857 ], [ 73.581771341691521, -53.098661207573628 ], [ 73.581831366338307, -53.098486338862152 ], [ 73.582617263923936, -53.098343440597198 ], [ 73.583052120396488, -53.098414404865018 ], [ 73.582533058595601, -53.098922261068829 ], [ 73.581930448286869, -53.09891508245093 ], [ 73.580335735565285, -53.099541136964824 ], [ 73.577801231101589, -53.100226497974283 ], [ 73.575974381736273, -53.100779166167428 ], [ 73.574735966301432, -53.100754263029053 ], [ 73.572839697208366, -53.100872647833903 ], [ 73.571752992796618, -53.101323253690644 ], [ 73.571653937886936, -53.101785706689569 ], [ 73.574313634922845, -53.101878071229095 ], [ 73.577570106511644, -53.1011409396638 ], [ 73.580886131264222, -53.100626171062657 ], [ 73.586564247528926, -53.100592947835274 ], [ 73.587978315561941, -53.100367833184116 ], [ 73.588878055073579, -53.099995496667034 ], [ 73.589871955227082, -53.099815772907945 ], [ 73.590926219794241, -53.09983833852818 ], [ 73.590660089644473, -53.099270755124508 ], [ 73.591432123230206, -53.098705383323086 ], [ 73.592189991132173, -53.098573242378293 ], [ 73.594440916619021, -53.09835794750326 ], [ 73.595390775680698, -53.09798615402633 ], [ 73.596445655245802, -53.097988519935207 ], [ 73.597339396539056, -53.09831151003754 ], [ 73.598636817729854, -53.09806473621456 ], [ 73.598648310191919, -53.097864218848322 ], [ 73.602260819610805, -53.097864194109306 ], [ 73.607869112632372, -53.097498435868786 ], [ 73.614208922135006, -53.096766919387697 ], [ 73.619573376329541, -53.096523080560686 ], [ 73.623718636388958, -53.09554772525258 ], [ 73.629936526478076, -53.09457236994448 ], [ 73.637007852461778, -53.094084692290437 ], [ 73.641762709588761, -53.093962772876907 ], [ 73.647980599677865, -53.09518196701206 ], [ 73.658465669239916, -53.097132677628252 ], [ 73.660484953006844, -53.097029132345924 ], [ 73.660547354926351, -53.097129854055986 ], [ 73.660914532451372, -53.097569037427121 ], [ 73.661315336797585, -53.09817700485852 ], [ 73.661628581157061, -53.098601545310075 ], [ 73.662055022869211, -53.098634407803395 ] ], [ [ 73.566966647862301, -53.105509050639263 ], [ 73.566801903964745, -53.10593039203097 ], [ 73.567139084068586, -53.105863897497571 ], [ 73.567523474099261, -53.10538472437608 ], [ 73.567193665903758, -53.105229567040787 ], [ 73.566966647862301, -53.105509050639263 ] ], [ [ 73.568977316407612, -53.105482846348913 ], [ 73.568570164303466, -53.105639217051504 ], [ 73.568780446737222, -53.105863487464013 ], [ 73.569554246314482, -53.105761918891588 ], [ 73.570988901994383, -53.104418465268772 ], [ 73.569926153968638, -53.104143642468536 ], [ 73.569732976123703, -53.104413458699476 ], [ 73.569286669692374, -53.104740707114864 ], [ 73.569423298589655, -53.105165674347525 ], [ 73.569298416949195, -53.105395994070363 ], [ 73.568977316407612, -53.105482846348913 ] ], [ [ 73.629811529754804, -53.106392731739376 ], [ 73.629933940428714, -53.10675698808349 ], [ 73.630237227539951, -53.106700004189825 ], [ 73.630764567572484, -53.106444015383609 ], [ 73.631632185605739, -53.106020592220283 ], [ 73.632145964045051, -53.105663650545694 ], [ 73.631779235817191, -53.105609040023779 ], [ 73.632746959297961, -53.105196838601735 ], [ 73.632315823793064, -53.105060857118119 ], [ 73.631479796812812, -53.10554512297324 ], [ 73.630981156625438, -53.105952631369739 ], [ 73.629811529754804, -53.106392731739376 ] ], [ [ 73.652651885802129, -53.100646345987663 ], [ 73.652605810056968, -53.101048987307514 ], [ 73.652835769483687, -53.101192697414994 ], [ 73.653641833519103, -53.101121185799187 ], [ 73.654869945553457, -53.10147776029077 ], [ 73.655087806161305, -53.100935952518384 ], [ 73.655370736873522, -53.100455353904607 ], [ 73.654802195930472, -53.100428771260852 ], [ 73.65367015026753, -53.100214389617804 ], [ 73.652457299899638, -53.10044256155831 ], [ 73.652651885802129, -53.100646345987663 ] ], [ [ 73.650315517632023, -53.100922246651486 ], [ 73.650586202753701, -53.100834604240987 ], [ 73.650625359680859, -53.100653624825803 ], [ 73.65020338163616, -53.100759709758812 ], [ 73.650315517632023, -53.100922246651486 ] ] ] } },
{ "type": "Feature", "properties": { "RGIId": "RGI60-19.00006", "name_1": "Lied", "grid_pixels": 1055.0, "observed_pixels": 1055.0, "retained_pixels": 1034.0, "coverage_percent": 98.009478672985779, "median_speed_m_yr": 241.5565185546875, "pixel_speed_p25_m_yr": 175.25933837890625, "pixel_speed_p75_m_yr": 306.03289794921875, "median_retained_pairs": 102.0, "minimum_elevation_m": 6.8915233612060547, "lower_third_limit_m": 905.4949836730957, "upper_third_limit_m": 1804.0984439849854, "maximum_elevation_m": 2702.701904296875, "lower_third_speed_m_yr": 195.56997680664062, "lower_third_coverage_percent": 96.978851963746223, "lower_third_retained_pixels": 642.0, "middle_third_speed_m_yr": 293.4464111328125, "middle_third_coverage_percent": 100.0, "middle_third_retained_pixels": 317.0, "upper_third_speed_m_yr": 338.33859252929688, "upper_third_coverage_percent": 98.684210526315795, "upper_third_retained_pixels": 75.0, "lower_upper_speed_ratio": 0.57803035516767465, "speed_rank": 4, "year_balanced_speed_m_yr": 242.66180419921875, "retained_pixels_with_all_6_years_percent": 99.70986460348162, "retained_pixels_with_at_least_5_years_percent": 99.806576402321085, "year_balanced_change_percent": 0.45756812987061135, "status": "analysed" }, "geometry": { "type": "Polygon", "coordinates": [ [ [ 73.41914309401092, -53.133866810643035 ], [ 73.41926759813073, -53.13374171574273 ], [ 73.41955710212298, -53.13348358647545 ], [ 73.419646690758313, -53.13316198775005 ], [ 73.420015822384613, -53.132853455422598 ], [ 73.420292395248111, -53.132735495389369 ], [ 73.420535810064365, -53.132673231854035 ], [ 73.420950549779519, -53.132393370272176 ], [ 73.421413473931338, -53.132072043413196 ], [ 73.421952529832197, -53.131583312833982 ], [ 73.422322830447655, -53.131242042336197 ], [ 73.422597025981773, -53.130763832811134 ], [ 73.422845324100919, -53.130355450873637 ], [ 73.4231636859855, -53.129732804447386 ], [ 73.423182759348876, -53.129424303300198 ], [ 73.423279914697858, -53.129107480153785 ], [ 73.423320425681808, -53.128850721862065 ], [ 73.423592612802722, -53.128639134440363 ], [ 73.423717607103271, -53.128411563243873 ], [ 73.423790921280769, -53.128108458245457 ], [ 73.423804596366764, -53.128063199451063 ], [ 73.424258333700976, -53.128023726946857 ], [ 73.425925072756456, -53.127855005474771 ], [ 73.426563307197441, -53.127700067762433 ], [ 73.427041918996409, -53.127583880022542 ], [ 73.429110718630056, -53.127229924011168 ], [ 73.429654296971762, -53.127112098395997 ], [ 73.43014676549285, -53.127005351305471 ], [ 73.430640067422871, -53.127061411118092 ], [ 73.431091792979501, -53.127112746108914 ], [ 73.432088050949758, -53.127252551452024 ], [ 73.432586414485172, -53.127322487038121 ], [ 73.4341052693715, -53.126866086241968 ], [ 73.434498445025142, -53.126839685317499 ], [ 73.434740362386762, -53.126823441071636 ], [ 73.43529430249211, -53.126786245149781 ], [ 73.436491965848475, -53.126468535687451 ], [ 73.436965522803618, -53.126361533087483 ], [ 73.438086325590362, -53.126108282003415 ], [ 73.438725482054139, -53.125973337195752 ], [ 73.440636165903584, -53.125569935401117 ], [ 73.442128915983133, -53.125207422684298 ], [ 73.442943970585233, -53.125009487569635 ], [ 73.443428024984527, -53.124891935490588 ], [ 73.443911606290143, -53.124683184682361 ], [ 73.445034444428671, -53.12419848155966 ], [ 73.446140199292586, -53.123840804588887 ], [ 73.446874294853302, -53.12360334773026 ], [ 73.449521738422931, -53.122542498363565 ], [ 73.450645293520608, -53.122080918472413 ], [ 73.451930281935574, -53.121526221796621 ], [ 73.452929645030977, -53.121088930688636 ], [ 73.453938354437611, -53.120647549917123 ], [ 73.454531322037937, -53.12034358044064 ], [ 73.45538812045325, -53.119904364932708 ], [ 73.456832715662117, -53.119304128872109 ], [ 73.457305136512161, -53.119100113548633 ], [ 73.45751001403724, -53.119011637024904 ], [ 73.458117545425893, -53.118749274106861 ], [ 73.459125725886011, -53.118214261170841 ], [ 73.46013216547361, -53.11768017206677 ], [ 73.461586422862197, -53.116946315022979 ], [ 73.462064279008359, -53.11670517607363 ], [ 73.463993062317755, -53.115825311821361 ], [ 73.464600297036597, -53.115652028750837 ], [ 73.465270768535675, -53.115460700164981 ], [ 73.466869712691647, -53.114957359390914 ], [ 73.467350570537135, -53.114773061749219 ], [ 73.467831489423929, -53.114588740712357 ], [ 73.468638467418899, -53.11412300707704 ], [ 73.470319716260661, -53.113320701457589 ], [ 73.470970465810851, -53.113010158480272 ], [ 73.472101981205583, -53.112310421087706 ], [ 73.473197550728329, -53.111744792534338 ], [ 73.473631836631441, -53.111520576268717 ], [ 73.475237272076072, -53.110826796006393 ], [ 73.475592329262611, -53.110634655328518 ], [ 73.476526658244936, -53.110129039301597 ], [ 73.477100866055466, -53.109890934095496 ], [ 73.47766654226632, -53.109656366664836 ], [ 73.478532023562082, -53.109297479867209 ], [ 73.479281990526573, -53.108941233828993 ], [ 73.479898627065992, -53.108648321828085 ], [ 73.480541204524002, -53.108424720074765 ], [ 73.482539322039543, -53.107729422450802 ], [ 73.48343185286393, -53.107074269053776 ], [ 73.484646870058754, -53.106232714177537 ], [ 73.485098848261117, -53.105994125251108 ], [ 73.487465326322692, -53.10474491576003 ], [ 73.489799667570551, -53.103536526203627 ], [ 73.490514254263175, -53.103146687638805 ], [ 73.491249906076916, -53.102745357121165 ], [ 73.491967587572574, -53.102563951801457 ], [ 73.493320329649023, -53.102295108129177 ], [ 73.495385580846786, -53.101987521320957 ], [ 73.496266181618111, -53.101665296479077 ], [ 73.497278919644941, -53.101409159101976 ], [ 73.497701315295643, -53.101302328597725 ], [ 73.498196409184274, -53.101174122769997 ], [ 73.49857857394484, -53.101075160228632 ], [ 73.500000278702387, -53.101092727575363 ], [ 73.501658934055925, -53.101113261266278 ], [ 73.502764709582095, -53.101126817741232 ], [ 73.504023497516741, -53.101285140504849 ], [ 73.505280792972911, -53.101491078828246 ], [ 73.506618588592715, -53.101650276352174 ], [ 73.507872467619777, -53.10195125979444 ], [ 73.508809001201442, -53.102137535109591 ], [ 73.509912935463035, -53.102357106202966 ], [ 73.510924967752857, -53.102797882042609 ], [ 73.511342407739264, -53.103059817461578 ], [ 73.511853110432298, -53.103380273403069 ], [ 73.512095268360227, -53.103703654346326 ], [ 73.512316129683967, -53.103998595518817 ], [ 73.512608520090822, -53.104389057587831 ], [ 73.512274166930283, -53.104538402386666 ], [ 73.510510102153162, -53.10564094287237 ], [ 73.508305021181769, -53.107184499552339 ], [ 73.506761464501793, -53.109389580523747 ], [ 73.505658924016103, -53.110492121009443 ], [ 73.502351302559006, -53.113138218175116 ], [ 73.499705205393326, -53.115784315340761 ], [ 73.497059108227646, -53.118871428700729 ], [ 73.496397583936229, -53.119973969186439 ], [ 73.495736059644827, -53.121076509672129 ], [ 73.494854027256252, -53.122399558254955 ], [ 73.492869454382017, -53.123722606837795 ], [ 73.490223357216323, -53.126368704003482 ], [ 73.48867980053636, -53.127912260683459 ], [ 73.48581319527355, -53.129676325460579 ], [ 73.48140303333075, -53.132322422626231 ], [ 73.476331347096533, -53.134527503597639 ], [ 73.474787790416556, -53.135409535986192 ], [ 73.473464741833723, -53.136071060277622 ], [ 73.472075881514343, -53.13711270551714 ], [ 73.47207588047371, -53.137112706297629 ], [ 73.471700677056617, -53.137394108860462 ], [ 73.47037762847377, -53.138055633151872 ], [ 73.46927508798808, -53.138496649346131 ], [ 73.466849498919544, -53.140040206026121 ], [ 73.46486492604528, -53.141363254608976 ], [ 73.462439336976743, -53.142465795094665 ], [ 73.460013747908221, -53.144009351774635 ], [ 73.4582496831311, -53.145111892260324 ], [ 73.456265110256837, -53.145773416551755 ], [ 73.453398504994027, -53.147316973231732 ], [ 73.45097291592549, -53.148419513717435 ], [ 73.448326818759824, -53.148860529911694 ], [ 73.445680721594144, -53.148860529911708 ], [ 73.443475640622751, -53.149301546105974 ], [ 73.439285986777094, -53.149301546105981 ], [ 73.43619887341714, -53.149963070397405 ], [ 73.432229727668641, -53.150845102785958 ], [ 73.429363122405817, -53.151286118980245 ], [ 73.426717025240151, -53.151947643271654 ], [ 73.424732452365888, -53.152609167563078 ], [ 73.423364703169497, -53.153065087485061 ], [ 73.422981359660099, -53.152550060071434 ], [ 73.422664378757887, -53.15206869829656 ], [ 73.422539627768515, -53.151650697311304 ], [ 73.42214333550767, -53.151210385935528 ], [ 73.421995086737837, -53.150796750975971 ], [ 73.421790681134354, -53.150429152217967 ], [ 73.421626025295396, -53.150038689616011 ], [ 73.421205164710628, -53.149420282369007 ], [ 73.420777224854604, -53.148783067311783 ], [ 73.420067144635169, -53.147777217244645 ], [ 73.419622188704338, -53.147392388042633 ], [ 73.419396254390008, -53.147188231716825 ], [ 73.419023022619129, -53.146757571499116 ], [ 73.418681124752396, -53.146533161624127 ], [ 73.417893273751687, -53.145951970034773 ], [ 73.41726532016132, -53.145466460266462 ], [ 73.416538690118074, -53.144914141669503 ], [ 73.415793599621878, -53.144441100241757 ], [ 73.415302056139083, -53.144055634387549 ], [ 73.415136823192015, -53.143894380288977 ], [ 73.414873450922912, -53.143862805742863 ], [ 73.4144182214404, -53.143547990816167 ], [ 73.413923082326278, -53.143260710952077 ], [ 73.413214518167464, -53.142853632679319 ], [ 73.4126896689191, -53.142528526919833 ], [ 73.412646959168072, -53.14220984774029 ], [ 73.412842573924152, -53.142179708960022 ], [ 73.412959716954191, -53.141956722407649 ], [ 73.413195073496382, -53.14190372236623 ], [ 73.41350804121538, -53.142066947952358 ], [ 73.41349281183976, -53.141846875040244 ], [ 73.41348432484115, -53.141654960471243 ], [ 73.413731613193235, -53.141700358153265 ], [ 73.414045763221381, -53.141620337686184 ], [ 73.413855148171749, -53.141514880576587 ], [ 73.413683360210769, -53.141320790385826 ], [ 73.413742273091685, -53.141199945092843 ], [ 73.414037249607503, -53.141217908993475 ], [ 73.414093208476359, -53.140966037802677 ], [ 73.414068994506309, -53.140778591860617 ], [ 73.414005039253553, -53.140614006946265 ], [ 73.414200793015738, -53.140368675901378 ], [ 73.41429494052538, -53.140136025581199 ], [ 73.414465640589654, -53.139937141275695 ], [ 73.414989352390094, -53.139658751309064 ], [ 73.415393322250239, -53.139462970955087 ], [ 73.415830112225251, -53.139220845097725 ], [ 73.416301475877759, -53.139096129684525 ], [ 73.416734817885612, -53.138947516377051 ], [ 73.417054139177253, -53.13893772812343 ], [ 73.417429093720216, -53.138895931938997 ], [ 73.417876778479723, -53.138780251743171 ], [ 73.418218693412669, -53.138578959164455 ], [ 73.418405951079649, -53.138352220777101 ], [ 73.418570098354266, -53.138331010830385 ], [ 73.419078948992507, -53.138244207106602 ], [ 73.419438859390468, -53.138188170614185 ], [ 73.419784762258516, -53.138089844368722 ], [ 73.420044102586473, -53.138018436919459 ], [ 73.420336774664591, -53.137886656082046 ], [ 73.419972695948957, -53.13784440019765 ], [ 73.419992365412668, -53.13773238722726 ], [ 73.419987624986803, -53.137437605038947 ], [ 73.420042685786981, -53.137209109634803 ], [ 73.420266801107587, -53.137249508269583 ], [ 73.420397041023534, -53.137092181481975 ], [ 73.420656317337446, -53.136810258106216 ], [ 73.420786325318375, -53.136447092123916 ], [ 73.420955550221564, -53.136075089972216 ], [ 73.420673297591136, -53.135711133546593 ], [ 73.42042570750715, -53.135481886081536 ], [ 73.420206848955047, -53.135279239142541 ], [ 73.419750587117562, -53.134781984838838 ], [ 73.419454055902477, -53.134595603092997 ], [ 73.419185022032792, -53.134507825527685 ], [ 73.418905418543943, -53.134284242457873 ], [ 73.419001071862255, -53.134009505634324 ], [ 73.41914309401092, -53.133866810643035 ] ] ] } },
{ "type": "Feature", "properties": { "RGIId": "RGI60-19.00007", "name_1": "AU1211", "grid_pixels": 518.0, "observed_pixels": 518.0, "retained_pixels": 461.0, "coverage_percent": 88.996138996138995, "median_speed_m_yr": 132.18547058105469, "pixel_speed_p25_m_yr": 68.731361389160156, "pixel_speed_p75_m_yr": 326.58535766601562, "median_retained_pairs": 82.0, "minimum_elevation_m": 13.522889137268066, "lower_third_limit_m": 935.21171124776208, "upper_third_limit_m": 1856.9005333582561, "maximum_elevation_m": 2778.58935546875, "lower_third_speed_m_yr": 77.18170166015625, "lower_third_coverage_percent": 82.831325301204814, "lower_third_retained_pixels": 275.0, "middle_third_speed_m_yr": 337.9637451171875, "middle_third_coverage_percent": 100.0, "middle_third_retained_pixels": 130.0, "upper_third_speed_m_yr": 363.77960205078125, "upper_third_coverage_percent": 100.0, "upper_third_retained_pixels": 56.0, "lower_upper_speed_ratio": 0.21216610613967901, "speed_rank": 18, "year_balanced_speed_m_yr": 133.20411682128906, "retained_pixels_with_all_6_years_percent": 98.915401301518443, "retained_pixels_with_at_least_5_years_percent": 99.566160520607369, "year_balanced_change_percent": 0.77061891579812691, "status": "analysed" }, "geometry": { "type": "Polygon", "coordinates": [ [ [ 73.4239157004844, -53.153800407383095 ], [ 73.423772180037389, -53.153692623971594 ], [ 73.423526798383961, -53.153380622954025 ], [ 73.423389288777869, -53.153098118139482 ], [ 73.423364703169497, -53.153065087485061 ], [ 73.424732452365888, -53.152609167563078 ], [ 73.426717025240151, -53.151947643271654 ], [ 73.429363122405817, -53.151286118980245 ], [ 73.432229727668641, -53.150845102785958 ], [ 73.43619887341714, -53.149963070397405 ], [ 73.439285986777094, -53.149301546105981 ], [ 73.443475640622751, -53.149301546105974 ], [ 73.445680721594144, -53.148860529911708 ], [ 73.448326818759824, -53.148860529911694 ], [ 73.45097291592549, -53.148419513717435 ], [ 73.453398504994027, -53.147316973231732 ], [ 73.456265110256837, -53.145773416551755 ], [ 73.4582496831311, -53.145111892260324 ], [ 73.460013747908221, -53.144009351774635 ], [ 73.462439336976743, -53.142465795094665 ], [ 73.46486492604528, -53.141363254608976 ], [ 73.466849498919544, -53.140040206026121 ], [ 73.46927508798808, -53.138496649346131 ], [ 73.47037762847377, -53.138055633151872 ], [ 73.471700677056617, -53.137394108860462 ], [ 73.47207588047371, -53.137112706297629 ], [ 73.472088860766959, -53.137107101300934 ], [ 73.472075881514343, -53.13711270551714 ], [ 73.473464741833723, -53.136071060277622 ], [ 73.474787790416556, -53.135409535986192 ], [ 73.476331347096533, -53.134527503597639 ], [ 73.48140303333075, -53.132322422626231 ], [ 73.48581319527355, -53.129676325460579 ], [ 73.48867980053636, -53.127912260683459 ], [ 73.490223357216323, -53.126368704003482 ], [ 73.492869454382017, -53.123722606837795 ], [ 73.494854027256252, -53.122399558254955 ], [ 73.495736059644827, -53.121076509672129 ], [ 73.496397583936229, -53.119973969186439 ], [ 73.497059108227646, -53.118871428700729 ], [ 73.499705205393326, -53.115784315340761 ], [ 73.502351302559006, -53.113138218175116 ], [ 73.505658924016103, -53.110492121009443 ], [ 73.506761464501793, -53.109389580523747 ], [ 73.508305021181769, -53.107184499552339 ], [ 73.510510102153162, -53.10564094287237 ], [ 73.512274166930283, -53.104538402386666 ], [ 73.512608520090822, -53.104389057587831 ], [ 73.513641317132539, -53.104458812745364 ], [ 73.515656781805944, -53.104266480652939 ], [ 73.515967222767344, -53.104236855842103 ], [ 73.518577170378904, -53.104774787066809 ], [ 73.519819071981999, -53.105113487504006 ], [ 73.521060973585094, -53.105677988232685 ], [ 73.521964174750977, -53.106581189398554 ], [ 73.522528675479649, -53.1079359911474 ], [ 73.521851274605254, -53.110193994062087 ], [ 73.521399674022291, -53.111887496248144 ], [ 73.520383572710671, -53.113580998434166 ], [ 73.519593271690525, -53.114258399308582 ], [ 73.518238469941707, -53.11470999989151 ], [ 73.516657867901401, -53.115161600474451 ], [ 73.514738565423897, -53.115726101203123 ], [ 73.513157963383605, -53.116064801640334 ], [ 73.511577361343313, -53.116742202514743 ], [ 73.509770959011547, -53.11753250353491 ], [ 73.507625856242583, -53.118661504992268 ], [ 73.50593235405654, -53.119903406595341 ], [ 73.50491625274492, -53.120919507906976 ], [ 73.504577552307708, -53.121935609218568 ], [ 73.503674351141825, -53.122725910238728 ], [ 73.501303448081387, -53.125435513736385 ], [ 73.499384145603884, -53.127467716359611 ], [ 73.496110041377563, -53.130516020294479 ], [ 73.493287537734176, -53.132096622334757 ], [ 73.490013433507841, -53.133677224375077 ], [ 73.48504582709549, -53.135822327144034 ], [ 73.47928791966298, -53.138080330058742 ], [ 73.478384718497097, -53.138531930641697 ], [ 73.477707317622688, -53.139886732390515 ], [ 73.476804116456805, -53.140902833702143 ], [ 73.47556221485371, -53.143612437199785 ], [ 73.475223514416498, -53.145531739677281 ], [ 73.474771913833564, -53.148467143466419 ], [ 73.474207413104892, -53.150499346089639 ], [ 73.473981612813418, -53.151402547255536 ], [ 73.472513910918849, -53.152192848275661 ], [ 73.471610709752966, -53.153660550170244 ], [ 73.469804307421199, -53.154789551627609 ], [ 73.46811080523517, -53.155805652939208 ], [ 73.466643103340616, -53.156821754250821 ], [ 73.464159300134426, -53.158741056728331 ], [ 73.461788397073988, -53.160773259351572 ], [ 73.459981994742222, -53.162015160954645 ], [ 73.457949792118981, -53.163595762994944 ], [ 73.456707890515887, -53.164386064015112 ], [ 73.455240188621332, -53.16585376590966 ], [ 73.455127288475595, -53.166418266638345 ], [ 73.454111187163974, -53.166982767367031 ], [ 73.452756385415157, -53.167773068387156 ], [ 73.451740284103536, -53.16878916969879 ], [ 73.450498382500442, -53.169918171156141 ], [ 73.44891778046015, -53.17059557203055 ], [ 73.448626751881122, -53.170848760813868 ], [ 73.447703295112973, -53.170492439637641 ], [ 73.446761701558046, -53.170049783398433 ], [ 73.446163363168068, -53.169803398268535 ], [ 73.446150404822916, -53.169796956431334 ], [ 73.445100342295547, -53.169274939547314 ], [ 73.444885336268044, -53.168977415427371 ], [ 73.444944704880271, -53.168627337230937 ], [ 73.445468744273441, -53.16834413977827 ], [ 73.4459472815537, -53.168242790064127 ], [ 73.44662565274345, -53.168234210313543 ], [ 73.446749415422175, -53.168234542116771 ], [ 73.446672607666656, -53.168172744764952 ], [ 73.446560291517557, -53.16808237795609 ], [ 73.446542859673031, -53.167918419006881 ], [ 73.446674450295163, -53.167723657501419 ], [ 73.446873367116282, -53.167604622603662 ], [ 73.446888496648569, -53.166107845341173 ], [ 73.446694627702399, -53.165656224440589 ], [ 73.446695615463739, -53.16519778874801 ], [ 73.446718080910586, -53.16509221364862 ], [ 73.446779993673346, -53.16480125527093 ], [ 73.446867395714904, -53.164105366117653 ], [ 73.446902035053625, -53.163577198475174 ], [ 73.446631569249035, -53.16330702214929 ], [ 73.446500969668747, -53.162828157614186 ], [ 73.446392170128902, -53.161961299196903 ], [ 73.446364922929291, -53.161638158308286 ], [ 73.446276450258168, -53.161286150299986 ], [ 73.446065697583023, -53.160871731992039 ], [ 73.445807923801013, -53.160250865351586 ], [ 73.445636408544559, -53.159612411776109 ], [ 73.445619811794302, -53.158994692299885 ], [ 73.445212394497801, -53.15863851970677 ], [ 73.444467933987326, -53.158132923811316 ], [ 73.444036520143598, -53.157795145798367 ], [ 73.444185339514704, -53.157553831423208 ], [ 73.444127671513087, -53.157426770509886 ], [ 73.443247447048932, -53.157017631923466 ], [ 73.442532637391011, -53.156339323063307 ], [ 73.441515660374989, -53.155624308990092 ], [ 73.441123866254671, -53.155268326312502 ], [ 73.440803111819946, -53.155122910532754 ], [ 73.440603213020381, -53.155032284387516 ], [ 73.44071324540613, -53.154841843947217 ], [ 73.440777580564358, -53.15473049392147 ], [ 73.440809558127199, -53.154492331663221 ], [ 73.440838162032804, -53.154132495693368 ], [ 73.440897710019001, -53.153777742920319 ], [ 73.440894182254581, -53.153445554544668 ], [ 73.440615530087754, -53.153189290533405 ], [ 73.440029984825614, -53.15281205423787 ], [ 73.439774168112777, -53.152570121518139 ], [ 73.439506336800719, -53.152444982288706 ], [ 73.438824249839399, -53.152155357836271 ], [ 73.43850231592657, -53.152020150839888 ], [ 73.437991700872061, -53.151723413894182 ], [ 73.43721409116074, -53.151493341772216 ], [ 73.436469603726096, -53.151422753595426 ], [ 73.436324607191594, -53.15140777597091 ], [ 73.435751684714134, -53.151113069177249 ], [ 73.434730651309408, -53.150909548875433 ], [ 73.433791405814048, -53.151025299195965 ], [ 73.433211213585253, -53.150935507601318 ], [ 73.432894871007875, -53.15086117369011 ], [ 73.432405370878982, -53.150840696233466 ], [ 73.431724258861763, -53.150953357182786 ], [ 73.431172982595541, -53.151133217887576 ], [ 73.430743251486049, -53.151394205091769 ], [ 73.430249414177837, -53.151705804406717 ], [ 73.429843518026019, -53.151953068416397 ], [ 73.429445736714712, -53.152191081957504 ], [ 73.428569799323697, -53.152310511296662 ], [ 73.427603935799951, -53.152335185401519 ], [ 73.427164083802197, -53.152446327995492 ], [ 73.42672132325923, -53.15263695771182 ], [ 73.426446590123732, -53.15283434445886 ], [ 73.426401643437941, -53.152866636942946 ], [ 73.424597111225893, -53.153904697811846 ], [ 73.424378360103333, -53.154140385012226 ], [ 73.4239157004844, -53.153800407383095 ] ] ] } },
{ "type": "Feature", "properties": { "RGIId": "RGI60-19.00008", "name_1": "Winston", "grid_pixels": 935.0, "observed_pixels": 935.0, "retained_pixels": 886.0, "coverage_percent": 94.759358288770059, "median_speed_m_yr": 190.21434020996094, "pixel_speed_p25_m_yr": 133.007568359375, "pixel_speed_p75_m_yr": 253.15422058105469, "median_retained_pairs": 73.0, "minimum_elevation_m": 101.70922088623047, "lower_third_limit_m": 842.81404113769531, "upper_third_limit_m": 1583.9188613891602, "maximum_elevation_m": 2325.023681640625, "lower_third_speed_m_yr": 157.89169311523438, "lower_third_coverage_percent": 92.452830188679243, "lower_third_retained_pixels": 392.0, "middle_third_speed_m_yr": 218.97747802734375, "middle_third_coverage_percent": 95.873786407766985, "middle_third_retained_pixels": 395.0, "upper_third_speed_m_yr": 175.686279296875, "upper_third_coverage_percent": 100.0, "upper_third_retained_pixels": 99.0, "lower_upper_speed_ratio": 0.89871385373486512, "speed_rank": 8, "year_balanced_speed_m_yr": 194.10891723632812, "retained_pixels_with_all_6_years_percent": 98.532731376975164, "retained_pixels_with_at_least_5_years_percent": 99.887133182844238, "year_balanced_change_percent": 2.0474676210365139, "status": "analysed" }, "geometry": { "type": "Polygon", "coordinates": [ [ [ 73.594012892171463, -53.152053908965328 ], [ 73.593064228717807, -53.151556195368016 ], [ 73.592265039681976, -53.15124736006139 ], [ 73.591074238592157, -53.150540936799942 ], [ 73.590782087659605, -53.149957411131055 ], [ 73.590331928996648, -53.149446861787027 ], [ 73.589857409752454, -53.148730191296764 ], [ 73.588964959436439, -53.148420228832535 ], [ 73.588743047904615, -53.147594275322561 ], [ 73.589477619185999, -53.147022910135689 ], [ 73.59017432068805, -53.146656923023819 ], [ 73.591255358906622, -53.145958665324606 ], [ 73.591675707754334, -53.145477128266165 ], [ 73.58886631058779, -53.143834642609271 ], [ 73.588389422518247, -53.143192784775678 ], [ 73.587704185369319, -53.141313466947381 ], [ 73.586783668303724, -53.139019689414006 ], [ 73.586664956048992, -53.1388113606248 ], [ 73.586653583775259, -53.13874122679551 ], [ 73.586577528714173, -53.138657932567703 ], [ 73.585989280938435, -53.137625574564986 ], [ 73.585053319967926, -53.13675370586212 ], [ 73.583770955706683, -53.136008693132382 ], [ 73.583047868528865, -53.135289035620971 ], [ 73.582737136858242, -53.134331027452674 ], [ 73.582453209820784, -53.133504321120732 ], [ 73.582974221500663, -53.132799468943311 ], [ 73.583651333128515, -53.132077759687753 ], [ 73.58271770624242, -53.132085361047451 ], [ 73.582643489231742, -53.131504406645533 ], [ 73.582579739614872, -53.130605473320657 ], [ 73.582446407162493, -53.129930254957785 ], [ 73.581150733018063, -53.129596716849207 ], [ 73.579772059419554, -53.129751704713371 ], [ 73.578339444301349, -53.129492707040015 ], [ 73.578290399846907, -53.128947849115313 ], [ 73.577359010586278, -53.128735140485027 ], [ 73.577604168348628, -53.128415538064111 ], [ 73.577721307269968, -53.127912981654525 ], [ 73.578360053442211, -53.127430259106731 ], [ 73.579277289965418, -53.126973409209093 ], [ 73.580103684487071, -53.12644062092869 ], [ 73.579555671556591, -53.126078555734516 ], [ 73.578942390945315, -53.125809268821442 ], [ 73.577945473194859, -53.125853500523021 ], [ 73.569457534469265, -53.121683335197964 ], [ 73.567524156836726, -53.121377869930491 ], [ 73.566659305690408, -53.121186035126385 ], [ 73.565155368110965, -53.12106712573641 ], [ 73.563587808016464, -53.12084663813922 ], [ 73.563261650701534, -53.120830103167968 ], [ 73.563280291268526, -53.121094677893943 ], [ 73.563185840225671, -53.121049704111094 ], [ 73.563168733200953, -53.120965010804987 ], [ 73.563294081985376, -53.120220666759565 ], [ 73.563738244943949, -53.119963968718722 ], [ 73.563555417853493, -53.119417488651884 ], [ 73.56293045787325, -53.119067254508387 ], [ 73.562460873547693, -53.119081742929197 ], [ 73.562513070344068, -53.119525855898878 ], [ 73.562567285020492, -53.119909518276053 ], [ 73.561855831895969, -53.120142824801931 ], [ 73.561389835768921, -53.120194487132061 ], [ 73.559799422770411, -53.119437117446992 ], [ 73.558340890064073, -53.116691644117417 ], [ 73.555158046168216, -53.108091359924231 ], [ 73.555159076929669, -53.107766471581485 ], [ 73.556263450843275, -53.10782725007838 ], [ 73.556747232186368, -53.10781059761554 ], [ 73.558150235000497, -53.107762304202488 ], [ 73.558320582726836, -53.107756440584097 ], [ 73.55927842482528, -53.107784775790677 ], [ 73.561005073992987, -53.107835854106149 ], [ 73.562433445823231, -53.107927726447315 ], [ 73.562819007809821, -53.107952525649907 ], [ 73.563121543498696, -53.107983175882254 ], [ 73.563438252188675, -53.10835923795409 ], [ 73.563726527155197, -53.108755804391365 ], [ 73.564655739517889, -53.109018992571045 ], [ 73.565388406073396, -53.109148775526194 ], [ 73.565510949084597, -53.10949294400428 ], [ 73.564884742744269, -53.109686978724291 ], [ 73.564341576095941, -53.109902170117465 ], [ 73.563860341713337, -53.110269293774458 ], [ 73.562793745625001, -53.11060919068067 ], [ 73.562822529123054, -53.110750646523407 ], [ 73.563717328560529, -53.110539705573515 ], [ 73.5648522314861, -53.110160307393222 ], [ 73.565718886915775, -53.109787745553945 ], [ 73.567253243508262, -53.109483691515322 ], [ 73.56737011247094, -53.108991219335323 ], [ 73.565982457286395, -53.108914034142309 ], [ 73.564531526870525, -53.108725198834335 ], [ 73.564413691819794, -53.108239977710689 ], [ 73.564935319559609, -53.10816692004358 ], [ 73.564945632153623, -53.108167964761606 ], [ 73.566364189198126, -53.108471141341049 ], [ 73.567078794841152, -53.108587769335763 ], [ 73.567615933536928, -53.108675433643441 ], [ 73.567968136890585, -53.108778421626454 ], [ 73.568168352266326, -53.108836966718385 ], [ 73.569650986388538, -53.10927050460559 ], [ 73.571143447187353, -53.109723049316287 ], [ 73.57226443311275, -53.110062955229878 ], [ 73.573406672638512, -53.110409305670814 ], [ 73.57562686727448, -53.110498056753123 ], [ 73.578219084290325, -53.110601679229326 ], [ 73.578458481430062, -53.110611249000783 ], [ 73.580503904559905, -53.111198075843816 ], [ 73.581417755725738, -53.11148672403597 ], [ 73.581984032416727, -53.11166558767291 ], [ 73.582537694332885, -53.111840466818585 ], [ 73.584355256925676, -53.112303125160992 ], [ 73.582840043617367, -53.112253070312917 ], [ 73.578884193898929, -53.112840892932212 ], [ 73.578391495767647, -53.112542714483958 ], [ 73.57847309643526, -53.112100206753126 ], [ 73.577577219918851, -53.111837525754645 ], [ 73.575839158038292, -53.111715951615921 ], [ 73.575121582185872, -53.112140767203293 ], [ 73.574152825945916, -53.11256256994195 ], [ 73.572971709492236, -53.112820552770259 ], [ 73.57157790869779, -53.11292478459513 ], [ 73.571231326675402, -53.113273395233726 ], [ 73.571274254974682, -53.113999609248495 ], [ 73.57315235966179, -53.113941503741401 ], [ 73.573275244983293, -53.11377163121616 ], [ 73.574118823206149, -53.113590235583509 ], [ 73.575041454033567, -53.113550888411616 ], [ 73.57582213361998, -53.113751735234871 ], [ 73.57730865702348, -53.113376425059926 ], [ 73.57778161949156, -53.113765084408875 ], [ 73.578335198732304, -53.113741459932911 ], [ 73.578413272981223, -53.113913737768513 ], [ 73.579041608625801, -53.11416313953238 ], [ 73.58015556169282, -53.114418331411414 ], [ 73.580184072607679, -53.114569858543561 ], [ 73.580463431295613, -53.114734456541782 ], [ 73.58096446337737, -53.114780747070043 ], [ 73.581471798229515, -53.114635607027402 ], [ 73.582075954285244, -53.114602488684987 ], [ 73.582591743563597, -53.114709422950355 ], [ 73.58294571436015, -53.114643083426579 ], [ 73.583516047784457, -53.114619634261025 ], [ 73.584315518543391, -53.114760173847763 ], [ 73.585497283983912, -53.114481928039353 ], [ 73.586304361183224, -53.114390724657063 ], [ 73.586580437673504, -53.114656060495136 ], [ 73.587690912465604, -53.11450797511921 ], [ 73.588521575835728, -53.114719410366632 ], [ 73.589237668153956, -53.114848848957209 ], [ 73.589824087414442, -53.114845718458092 ], [ 73.590372401598117, -53.114983241564474 ], [ 73.591047491532137, -53.114829968199381 ], [ 73.591767215421726, -53.114848564157796 ], [ 73.5923858091288, -53.114886118156733 ], [ 73.593326843556142, -53.114796451194643 ], [ 73.593944451771279, -53.114864222802368 ], [ 73.594798141525999, -53.1148843827701 ], [ 73.595786781000399, -53.114875891290083 ], [ 73.59622544546032, -53.114780274088908 ], [ 73.597006614304121, -53.114687334138786 ], [ 73.599173606839557, -53.11482905589731 ], [ 73.600536934798484, -53.11491821932109 ], [ 73.600770722409251, -53.114933509335245 ], [ 73.601168377021665, -53.114959516464701 ], [ 73.602230139044948, -53.115114427791937 ], [ 73.603292615323682, -53.115269443329211 ], [ 73.603906877640753, -53.11540063219374 ], [ 73.604940877130119, -53.115621464914831 ], [ 73.605176612521348, -53.115671811252952 ], [ 73.605474624843097, -53.115777313632982 ], [ 73.605949602781564, -53.11594546541501 ], [ 73.606426989205161, -53.116114469849414 ], [ 73.607974490691987, -53.116698103557461 ], [ 73.608769636077255, -53.116997989311123 ], [ 73.609472163637136, -53.117085655972254 ], [ 73.609877948476168, -53.1171362928497 ], [ 73.610029445207061, -53.117155197748723 ], [ 73.612781251998456, -53.11761495159012 ], [ 73.61298070746507, -53.117684690383918 ], [ 73.613161628951161, -53.117747948846727 ], [ 73.614188271264226, -53.118106910161806 ], [ 73.615118208161547, -53.118429453408709 ], [ 73.616277053101953, -53.118831392089461 ], [ 73.617244016176969, -53.119166777652424 ], [ 73.617611347383175, -53.119294184361699 ], [ 73.618018990153772, -53.119435572904493 ], [ 73.618283320018193, -53.119483237052329 ], [ 73.618652994696447, -53.119549897051392 ], [ 73.620694760337585, -53.119918069673794 ], [ 73.621398642970732, -53.120044994287348 ], [ 73.621624956421883, -53.120158302449724 ], [ 73.622954764311558, -53.120824096230791 ], [ 73.623797242459915, -53.121134831097109 ], [ 73.62427538610045, -53.1213111868881 ], [ 73.624856940589709, -53.121525684150519 ], [ 73.62654892094784, -53.122149744598183 ], [ 73.627357786929764, -53.122504528142507 ], [ 73.627859725921297, -53.122724687845647 ], [ 73.628887917936723, -53.123175671835149 ], [ 73.630728991934987, -53.123945106753347 ], [ 73.631579765846894, -53.124300668320089 ], [ 73.631863141151413, -53.124419098570286 ], [ 73.632257832755982, -53.124584050931141 ], [ 73.632398744722025, -53.124642941875862 ], [ 73.63286855196786, -53.124791008594222 ], [ 73.635048062314084, -53.125478035657927 ], [ 73.63654137473398, -53.1259487588407 ], [ 73.636938909693072, -53.126074070141044 ], [ 73.638881686294198, -53.127142918217807 ], [ 73.639670565265362, -53.127199298633684 ], [ 73.640888171969308, -53.127791742281978 ], [ 73.639767691525563, -53.127731378564377 ], [ 73.639316770770904, -53.127726225699377 ], [ 73.638840162190306, -53.127795624835777 ], [ 73.638282171991918, -53.127733108289299 ], [ 73.637620600715437, -53.127748929204117 ], [ 73.636910014211836, -53.127839032673414 ], [ 73.636296347967246, -53.128061225136292 ], [ 73.635844460600666, -53.128332047941996 ], [ 73.635596337717814, -53.128553746859147 ], [ 73.635485785951516, -53.128851869521363 ], [ 73.635538792487779, -53.129633696940068 ], [ 73.635791583101351, -53.130001474973312 ], [ 73.635913832889216, -53.130316299225569 ], [ 73.635918274400112, -53.130667197290798 ], [ 73.635539662981785, -53.131079197377346 ], [ 73.635375270747844, -53.131357990945297 ], [ 73.63540955308703, -53.131503400704744 ], [ 73.6355472836659, -53.131575148679566 ], [ 73.635656042559404, -53.131607299921889 ], [ 73.635909458407838, -53.131682214001238 ], [ 73.636223947053608, -53.131821477711775 ], [ 73.636714011748282, -53.132065666312712 ], [ 73.637111814182646, -53.132276051017094 ], [ 73.637516212259072, -53.132523933525391 ], [ 73.638196155221536, -53.132667373600995 ], [ 73.638596040174491, -53.132812285653124 ], [ 73.638715568636954, -53.132968025023324 ], [ 73.638471573081844, -53.133058794168498 ], [ 73.638047320384786, -53.133171703665148 ], [ 73.637918712636392, -53.133323792120216 ], [ 73.63795930148099, -53.133516052787733 ], [ 73.638283508045149, -53.133594608625458 ], [ 73.638521001808726, -53.133709595685445 ], [ 73.638617501305148, -53.133855715858893 ], [ 73.638990672435924, -53.134107914069027 ], [ 73.63927668986544, -53.13441057257387 ], [ 73.639446222698325, -53.134707221338758 ], [ 73.639461387499125, -53.134774205264257 ], [ 73.639494004364536, -53.134918275423438 ], [ 73.639464028166969, -53.135128440948982 ], [ 73.639631107634088, -53.135256654919154 ], [ 73.639426423547249, -53.135333841330997 ], [ 73.639306091259684, -53.13544941509344 ], [ 73.639215088577373, -53.135621459435555 ], [ 73.639017143316124, -53.135731467868375 ], [ 73.638734164326607, -53.13557853820447 ], [ 73.638567382023751, -53.135440970458383 ], [ 73.638281596788005, -53.13537688879692 ], [ 73.638221635051252, -53.135353680931608 ], [ 73.63792042055303, -53.135237096659829 ], [ 73.637490004134236, -53.135073121270608 ], [ 73.637182603387885, -53.135200585867878 ], [ 73.636882158409364, -53.135108265273672 ], [ 73.636403315555953, -53.134999866989688 ], [ 73.63606577221627, -53.134850983916849 ], [ 73.635824575215779, -53.134852898526603 ], [ 73.635471257376153, -53.13495644281106 ], [ 73.635072468854275, -53.135022041105479 ], [ 73.635089126029214, -53.135232740234684 ], [ 73.63529388640535, -53.135398815991927 ], [ 73.636066140837272, -53.135576071745483 ], [ 73.636510479758371, -53.13579166925183 ], [ 73.636845959398656, -53.136006018777771 ], [ 73.637159446390513, -53.136178013981777 ], [ 73.637247874590642, -53.136333398730159 ], [ 73.637074137352784, -53.136415613292058 ], [ 73.636690445573436, -53.136495423732974 ], [ 73.636201293874151, -53.136466431976501 ], [ 73.636492937546123, -53.137082584656241 ], [ 73.636810653829755, -53.137366900113214 ], [ 73.637266047208797, -53.137479706150891 ], [ 73.637587914682783, -53.137633084217185 ], [ 73.637838910043186, -53.137813718337711 ], [ 73.637995407959096, -53.138030694618799 ], [ 73.638146053905317, -53.13818679032466 ], [ 73.638231531603665, -53.138435699610596 ], [ 73.638441138019942, -53.138695384255257 ], [ 73.638559055294806, -53.138902562634485 ], [ 73.638678452279393, -53.139062978258011 ], [ 73.638562926514211, -53.139272165305002 ], [ 73.638506211285218, -53.139589617683377 ], [ 73.638403130820961, -53.139897183911167 ], [ 73.638489056884339, -53.140132064185948 ], [ 73.638805625772179, -53.140453784508452 ], [ 73.639166257135187, -53.140612279195288 ], [ 73.639818032767295, -53.14066650612758 ], [ 73.640185316380624, -53.140614565828471 ], [ 73.64056918638957, -53.140530068106727 ], [ 73.641059715944735, -53.140516955807861 ], [ 73.641700807835051, -53.140416678084115 ], [ 73.642208216764999, -53.140361652051901 ], [ 73.642451912940388, -53.140528159100633 ], [ 73.642499125504017, -53.140757916993337 ], [ 73.642540183598129, -53.14093614723101 ], [ 73.642441109965375, -53.141117457769454 ], [ 73.64220485257546, -53.141208322866348 ], [ 73.641676463524334, -53.141188262369695 ], [ 73.641236868238423, -53.141066297904246 ], [ 73.640718719933602, -53.141214756273264 ], [ 73.640240339093211, -53.141335598839326 ], [ 73.63982505787861, -53.141429092613052 ], [ 73.639496947341797, -53.141472123531827 ], [ 73.639131872942173, -53.141453917704332 ], [ 73.638846934204025, -53.141361779624113 ], [ 73.638579177264518, -53.141218379829354 ], [ 73.638459035349811, -53.141081345436533 ], [ 73.638211357839893, -53.141041089371008 ], [ 73.637976571555313, -53.141085183411754 ], [ 73.637730522188647, -53.140993487479392 ], [ 73.63728331147972, -53.140866743261881 ], [ 73.636811736425159, -53.140772464087078 ], [ 73.636769298405369, -53.140884249113881 ], [ 73.636920393860237, -53.141026317556758 ], [ 73.637158220647564, -53.14113195491764 ], [ 73.637386199525238, -53.141302970446318 ], [ 73.637426607764809, -53.141372773423861 ], [ 73.637511599603258, -53.141519591305531 ], [ 73.637792393336156, -53.141742667851553 ], [ 73.637948904946526, -53.141959644144322 ], [ 73.637999645661068, -53.142077173379207 ], [ 73.638783768986073, -53.142867358107374 ], [ 73.639013981100049, -53.142968226653522 ], [ 73.63903494737815, -53.14304331351893 ], [ 73.638944222727133, -53.143206004806572 ], [ 73.638514044173974, -53.143523865458882 ], [ 73.638494644010649, -53.143645270362555 ], [ 73.638408505863694, -53.143836876715596 ], [ 73.638394215722215, -53.143868663640546 ], [ 73.638496591610163, -53.144075664121942 ], [ 73.638490675356721, -53.144262714503618 ], [ 73.638278401676189, -53.144578387755743 ], [ 73.638066420760936, -53.144884708076766 ], [ 73.637862723681963, -53.144929157559659 ], [ 73.637540666819234, -53.145271641292055 ], [ 73.637616075267601, -53.145347351311187 ], [ 73.637515638304038, -53.145570743730779 ], [ 73.637181571656271, -53.145800818269294 ], [ 73.63692261378479, -53.146115954798134 ], [ 73.636246018121284, -53.146351461122279 ], [ 73.635895493630912, -53.146609411298435 ], [ 73.635936825886958, -53.146778290996295 ], [ 73.635868674270753, -53.146964628273949 ], [ 73.635609699683343, -53.147279761780126 ], [ 73.635679475454623, -53.147533170554624 ], [ 73.636031634935279, -53.147714966999466 ], [ 73.636070894057269, -53.147949314155966 ], [ 73.635664355769975, -53.148010148178273 ], [ 73.635108481642249, -53.147872795291882 ], [ 73.634790700373131, -53.147588475355015 ], [ 73.634314395464557, -53.147395895539823 ], [ 73.63329838694375, -53.147047426073122 ], [ 73.632209668484208, -53.146539062271664 ], [ 73.631301099678595, -53.146238589152574 ], [ 73.630080838194701, -53.145953235291536 ], [ 73.628802542552805, -53.145536217808456 ], [ 73.627760879474678, -53.145018998691071 ], [ 73.626575665935675, -53.14461238557648 ], [ 73.625668670659664, -53.144265107548847 ], [ 73.624567845830185, -53.143653618002638 ], [ 73.623126650003414, -53.142982047131056 ], [ 73.621686697043216, -53.142273049209088 ], [ 73.621032225500258, -53.142302895114732 ], [ 73.620294020132206, -53.142032377617156 ], [ 73.621475489319408, -53.143037789770247 ], [ 73.620567939767824, -53.143195685838265 ], [ 73.622376428969645, -53.144058656276258 ], [ 73.622158662108617, -53.144056136574136 ], [ 73.620451834131046, -53.143905390778137 ], [ 73.621437152315423, -53.144234903799912 ], [ 73.620690520452015, -53.144226257255667 ], [ 73.619188857678935, -53.14447081854118 ], [ 73.621307920894964, -53.144383102261713 ], [ 73.622326761297955, -53.144638148595945 ], [ 73.620957323921914, -53.144641008065165 ], [ 73.620051537585795, -53.144742785232928 ], [ 73.618582764310105, -53.144931584586764 ], [ 73.618298570208296, -53.145059270084381 ], [ 73.619947412996254, -53.145078391613382 ], [ 73.620375762477394, -53.145307897492479 ], [ 73.619438250360915, -53.145428014311115 ], [ 73.618250647624635, -53.145582645615654 ], [ 73.616905679965399, -53.145791572882409 ], [ 73.616994805161127, -53.145923590996276 ], [ 73.617302909152855, -53.146020728357989 ], [ 73.61789461708932, -53.14600888602579 ], [ 73.619329919340728, -53.145894554256941 ], [ 73.62108051665129, -53.145652874027533 ], [ 73.620820243753485, -53.146005384569875 ], [ 73.61925209702656, -53.146380159693734 ], [ 73.618034557165842, -53.146497018129068 ], [ 73.617275268326821, -53.146881152148168 ], [ 73.616570974931719, -53.147490462423278 ], [ 73.614628187278726, -53.14789824751589 ], [ 73.613553720705809, -53.147436657597495 ], [ 73.612794009725093, -53.146866454005306 ], [ 73.613239815324249, -53.146553545295745 ], [ 73.613746631620685, -53.146278768936398 ], [ 73.613501358455508, -53.146163642112434 ], [ 73.613345803670725, -53.146161830724999 ], [ 73.613089683570706, -53.146383390071747 ], [ 73.612566221198776, -53.146208885226521 ], [ 73.612542948484219, -53.145965359948654 ], [ 73.612388600490732, -53.145926137658321 ], [ 73.6117675917274, -53.145881475452249 ], [ 73.611283096724904, -53.145464165033339 ], [ 73.611010949640729, -53.145217736558898 ], [ 73.610277589930647, -53.144797518629943 ], [ 73.609852924443942, -53.144455747918528 ], [ 73.609619151412289, -53.143985221757362 ], [ 73.609153115855889, -53.143961067118688 ], [ 73.608642065975658, -53.144366757640896 ], [ 73.609288720136107, -53.144580142617372 ], [ 73.609498633444161, -53.1448258483858 ], [ 73.609423119602098, -53.14523662753777 ], [ 73.608928982883882, -53.145118584589952 ], [ 73.60863931774081, -53.145414590046464 ], [ 73.608284403543891, -53.145803391519664 ], [ 73.607098568300998, -53.145901796876529 ], [ 73.606351912055231, -53.145893060252426 ], [ 73.605230716186469, -53.145917356083665 ], [ 73.604261433401419, -53.146055693374258 ], [ 73.603052363772235, -53.145910531776074 ], [ 73.601932988798211, -53.14587868228795 ], [ 73.601158871307646, -53.145757319370688 ], [ 73.599093341227587, -53.145152967580749 ], [ 73.597360322914923, -53.144851887270228 ], [ 73.599081165799333, -53.145527062061021 ], [ 73.60065076562141, -53.146069451150822 ], [ 73.602348494087721, -53.146501052045451 ], [ 73.601345039049988, -53.146732523971195 ], [ 73.600620359363674, -53.147004687780679 ], [ 73.600188449858194, -53.146887339854551 ], [ 73.599281961229508, -53.147007663072777 ], [ 73.599338096991559, -53.147195442212492 ], [ 73.599924348341958, -53.147352031817256 ], [ 73.60004088566636, -53.147596656413853 ], [ 73.59896847131661, -53.148033128360623 ], [ 73.59810708037827, -53.147723600099781 ], [ 73.596876020850601, -53.147297438775887 ], [ 73.596709485784913, -53.147632290216976 ], [ 73.597004750843809, -53.14812227850063 ], [ 73.597419596046009, -53.148763369597035 ], [ 73.598482346449572, -53.149580493491783 ], [ 73.599553049937825, -53.150154446801501 ], [ 73.600702431238446, -53.150224094430911 ], [ 73.601386325453177, -53.150250840825059 ], [ 73.602095866205971, -53.150446291145137 ], [ 73.602516276013034, -53.150919022307079 ], [ 73.602162475663292, -53.151270395052883 ], [ 73.6017684385602, -53.15190197222519 ], [ 73.601099215593038, -53.152380620786261 ], [ 73.601928997833497, -53.152708467339906 ], [ 73.601564844008038, -53.153377818330839 ], [ 73.600860856610893, -53.153878353346613 ], [ 73.600736364329009, -53.153966865692318 ], [ 73.599731508661634, -53.154235731941405 ], [ 73.599120366101033, -53.153815390886649 ], [ 73.598818110344794, -53.153607496590091 ], [ 73.597914221275957, -53.153628794802728 ], [ 73.597758942744818, -53.153632452916213 ], [ 73.597561882342262, -53.153948233988991 ], [ 73.598380700197438, -53.154612789542789 ], [ 73.597570442639949, -53.154640673739038 ], [ 73.59586572965685, -53.154414754850514 ], [ 73.595135417867056, -53.153900920894685 ], [ 73.594997547675376, -53.153356650049972 ], [ 73.595106773008908, -53.152871430032164 ], [ 73.59493057274959, -53.152667028999574 ], [ 73.59505515418833, -53.152573526677685 ], [ 73.595169892061293, -53.152487411784072 ], [ 73.595351326358085, -53.152293077402504 ], [ 73.595493404926273, -53.152231600670973 ], [ 73.595415161945382, -53.152125423508465 ], [ 73.595195261060681, -53.152067863383763 ], [ 73.594012892171463, -53.152053908965328 ] ], [ [ 73.560640232697423, -53.112397418462983 ], [ 73.560837799126972, -53.112500598982592 ], [ 73.561090309157677, -53.112463335079909 ], [ 73.561160313751145, -53.112373468842371 ], [ 73.560640232697423, -53.112397418462983 ] ], [ [ 73.564248010503761, -53.111705211597084 ], [ 73.564318640627846, -53.112099150785738 ], [ 73.563938854189914, -53.112437260846683 ], [ 73.564622014539893, -53.112546292554377 ], [ 73.564694662712569, -53.112879780826709 ], [ 73.565584443939244, -53.113323910432825 ], [ 73.565462896179213, -53.112949516821914 ], [ 73.565677914271987, -53.112528783358037 ], [ 73.565081156625723, -53.112340166072428 ], [ 73.565309229875737, -53.112030461361982 ], [ 73.56495461396517, -53.111612941035098 ], [ 73.564248010503761, -53.111705211597084 ] ], [ [ 73.565434512840454, -53.111286113546086 ], [ 73.566146789050649, -53.111526516569249 ], [ 73.56657812202937, -53.111148703676129 ], [ 73.567431723029074, -53.110665101439686 ], [ 73.566350746982224, -53.110934302922843 ], [ 73.565502829687787, -53.111246620254597 ], [ 73.565434512840454, -53.111286113546086 ] ], [ [ 73.59540592728068, -53.148651471099058 ], [ 73.595238499250399, -53.148901472636773 ], [ 73.59546539930912, -53.148883991065389 ], [ 73.595553297971108, -53.149016055640253 ], [ 73.595532922561489, -53.149126685014679 ], [ 73.595445840526878, -53.149226448511548 ], [ 73.595473604108577, -53.1494031595875 ], [ 73.59556364093757, -53.149469735452989 ], [ 73.595799252064836, -53.149442276911024 ], [ 73.5954681787846, -53.149569400125785 ], [ 73.595506623783109, -53.149675683736419 ], [ 73.595607506578801, -53.149666794523391 ], [ 73.595840982062271, -53.149704824607703 ], [ 73.595959445615023, -53.149670944753261 ], [ 73.595939566304281, -53.14950944536718 ], [ 73.596010710583712, -53.149384295947264 ], [ 73.596042751034702, -53.149173013414732 ], [ 73.596287396871148, -53.149125502313311 ], [ 73.596174686253661, -53.14898306672103 ], [ 73.596175673008929, -53.148695825068707 ], [ 73.596063292520029, -53.148543314182284 ], [ 73.595952063205701, -53.148355540032888 ], [ 73.595669634481169, -53.148276616540173 ], [ 73.595630199952737, -53.148457574611918 ], [ 73.59541316111347, -53.148429817018425 ], [ 73.59540592728068, -53.148651471099058 ] ], [ [ 73.60286452549839, -53.145609669958006 ], [ 73.602536446396471, -53.145646136240046 ], [ 73.602759892472704, -53.145734430450943 ], [ 73.603052331631886, -53.145763059318654 ], [ 73.60322088782226, -53.145734799501845 ], [ 73.603208871095873, -53.145588512180097 ], [ 73.603185369673881, -53.145537841195193 ], [ 73.60354679886629, -53.145506803787008 ], [ 73.60369087126945, -53.145458098050071 ], [ 73.60371220431503, -53.145317241383651 ], [ 73.603407913854184, -53.145137289222781 ], [ 73.603278269053163, -53.14499970124141 ], [ 73.603090506254247, -53.145103328757052 ], [ 73.603103830355096, -53.14520931520191 ], [ 73.603037495567321, -53.145445394886572 ], [ 73.60286452549839, -53.145609669958006 ] ], [ [ 73.59137462636339, -53.141714803233846 ], [ 73.59097149614189, -53.141740270568505 ], [ 73.593677961628231, -53.143556264104411 ], [ 73.593943434613678, -53.143640031873531 ], [ 73.594248344432671, -53.143542841325932 ], [ 73.593843910458659, -53.143094586576773 ], [ 73.593657943977149, -53.143142785622672 ], [ 73.593168421467468, -53.142733839777236 ], [ 73.59265490571201, -53.14254634795229 ], [ 73.592216656062121, -53.142107766852767 ], [ 73.59137462636339, -53.141714803233846 ] ], [ [ 73.61453846045778, -53.142288959555664 ], [ 73.61440214031883, -53.142357926643811 ], [ 73.614928292380824, -53.14267649883265 ], [ 73.616558441786779, -53.14306837509541 ], [ 73.618397139672808, -53.143230830847251 ], [ 73.618376561236261, -53.142827430253412 ], [ 73.618685614049113, -53.142599197892807 ], [ 73.61855738256007, -53.142416287393857 ], [ 73.617350602926422, -53.142412359255481 ], [ 73.616201541743607, -53.142177271558474 ], [ 73.615281893833782, -53.142106105710369 ], [ 73.61453846045778, -53.142288959555664 ] ], [ [ 73.60783615862205, -53.138058210460152 ], [ 73.607223084045017, -53.137839380035217 ], [ 73.607626169082437, -53.137813857356328 ], [ 73.607246356786135, -53.137638070930002 ], [ 73.606865243607047, -53.137502584321588 ], [ 73.606708459300776, -53.137168140453127 ], [ 73.606553106424357, -53.137307429344979 ], [ 73.606511445897297, -53.137558918476891 ], [ 73.606203344261942, -53.137756893487818 ], [ 73.605351478914955, -53.137666285635333 ], [ 73.604730260293039, -53.137699323628802 ], [ 73.604198038858527, -53.137572136617067 ], [ 73.603544292427273, -53.137574549868347 ], [ 73.603506862301117, -53.13769505971586 ], [ 73.604185953654181, -53.137944920556848 ], [ 73.604198135358061, -53.138086170350583 ], [ 73.604641692171242, -53.138363504293395 ], [ 73.605291207725287, -53.138492063282975 ], [ 73.605767632908623, -53.138789936101887 ], [ 73.606126127598031, -53.139106584562043 ], [ 73.606983694405656, -53.13953994160542 ], [ 73.60705736477091, -53.139853254486631 ], [ 73.60713527373558, -53.140035589060297 ], [ 73.607759269548396, -53.140435970528003 ], [ 73.60809144773873, -53.140530565769481 ], [ 73.608151303721371, -53.140753004831502 ], [ 73.608142508771692, -53.14102503666853 ], [ 73.608470458685062, -53.141250609170577 ], [ 73.608683400035474, -53.141404283498431 ], [ 73.609130600541533, -53.141570773177619 ], [ 73.608805074569062, -53.141788709458922 ], [ 73.608509800842981, -53.142107788992227 ], [ 73.608795632217152, -53.142080891831824 ], [ 73.609019973033142, -53.141881931668856 ], [ 73.609259440315626, -53.141733543060575 ], [ 73.609581058656616, -53.141636508615505 ], [ 73.610123105045233, -53.14146141410167 ], [ 73.610618131172984, -53.141184977899357 ], [ 73.611167643469514, -53.140778147465902 ], [ 73.611213830517414, -53.140385602940825 ], [ 73.610540033827618, -53.140488611549195 ], [ 73.610054448716056, -53.140472864915118 ], [ 73.609608232071722, -53.140276152945837 ], [ 73.609345677646459, -53.140101742657095 ], [ 73.609270362894179, -53.139838807391563 ], [ 73.609244663608678, -53.13959660973466 ], [ 73.609448003686623, -53.139528431262228 ], [ 73.60985760980995, -53.13930139589219 ], [ 73.610284617033187, -53.139054404109217 ], [ 73.610313729964176, -53.138671739566377 ], [ 73.610105349611871, -53.138377014415695 ], [ 73.610350646924346, -53.138047268574894 ], [ 73.610012787246532, -53.137609925032919 ], [ 73.609329761675468, -53.137481000395773 ], [ 73.609424597016584, -53.137139419830056 ], [ 73.609349286634227, -53.136876484517607 ], [ 73.609242096269355, -53.136562781423962 ], [ 73.609628414279143, -53.136537056170397 ], [ 73.609771880097327, -53.136246438517936 ], [ 73.60974650507228, -53.13599416555379 ], [ 73.609365723731358, -53.135848611688807 ], [ 73.609408667292854, -53.13555682029655 ], [ 73.609565631291019, -53.135367151193229 ], [ 73.609926237488637, -53.135099227117024 ], [ 73.609610524925245, -53.135014908077231 ], [ 73.609137199174285, -53.135140407504174 ], [ 73.608697377669316, -53.135266296586195 ], [ 73.608372874636828, -53.135454006417511 ], [ 73.608020724223024, -53.135459968886224 ], [ 73.60745566501798, -53.135312254237569 ], [ 73.606647259028605, -53.135433824194443 ], [ 73.606860817376941, -53.135567351183568 ], [ 73.607459059292324, -53.135725535825074 ], [ 73.607809583142426, -53.13576995133544 ], [ 73.608018912549497, -53.136034454660795 ], [ 73.608058099997862, -53.13637760114014 ], [ 73.608018077843042, -53.136578714600958 ], [ 73.608311834181677, -53.136824046240527 ], [ 73.608976139074684, -53.137013232483049 ], [ 73.608969303551817, -53.137224813009631 ], [ 73.609092271426348, -53.137568937829059 ], [ 73.608669830446885, -53.137674871796676 ], [ 73.608114980253035, -53.137728861113629 ], [ 73.608545711703485, -53.13788508169916 ], [ 73.608944239231377, -53.138000608203825 ], [ 73.608787913812833, -53.138170125803668 ], [ 73.608951228270428, -53.138303061791511 ], [ 73.609361959520228, -53.138559836330103 ], [ 73.60949111676878, -53.138712530726906 ], [ 73.609686318445796, -53.138896233379327 ], [ 73.608829365430793, -53.139480888395944 ], [ 73.608503055111683, -53.139204940605524 ], [ 73.608262803332124, -53.138859444401291 ], [ 73.608359929984019, -53.138447338030801 ], [ 73.608419637878811, -53.138155743011609 ], [ 73.60783615862205, -53.138058210460152 ] ], [ [ 73.598269831468983, -53.134841613937347 ], [ 73.598560539109073, -53.134663612711627 ], [ 73.598298719623173, -53.134469027981382 ], [ 73.597426573936559, -53.134488994107983 ], [ 73.596477891709043, -53.134800345088692 ], [ 73.596895409085391, -53.134845582572069 ], [ 73.59764372700765, -53.13502574350472 ], [ 73.598020829003033, -53.134768128496049 ], [ 73.598269831468983, -53.134841613937347 ] ], [ [ 73.626094929361372, -53.13313754716566 ], [ 73.626498924353129, -53.133081734184302 ], [ 73.626707668849647, -53.132842244919878 ], [ 73.626444767912645, -53.132677947316878 ], [ 73.626107787158531, -53.132734533443902 ], [ 73.625559483526615, -53.133111208926586 ], [ 73.626094929361372, -53.13313754716566 ] ], [ [ 73.585844422223829, -53.121259224446469 ], [ 73.583707982218399, -53.121012084856055 ], [ 73.58395541449643, -53.121639933938084 ], [ 73.58468173530143, -53.121971103339817 ], [ 73.58574369448327, -53.122286097910418 ], [ 73.58663686305573, -53.122639395506305 ], [ 73.587968811552116, -53.122897100508062 ], [ 73.58938558621044, -53.122611523614843 ], [ 73.588923230598397, -53.122404461752502 ], [ 73.588123272639436, -53.122274027438273 ], [ 73.586732282205304, -53.121773724307182 ], [ 73.585844422223829, -53.121259224446469 ] ], [ [ 73.597372138534908, -53.120208794099014 ], [ 73.597718906710853, -53.120107048837205 ], [ 73.597406444006225, -53.119926983302292 ], [ 73.596985133157816, -53.120002651348976 ], [ 73.596884320213107, -53.120011542235538 ], [ 73.596760360732404, -53.120216702795766 ], [ 73.596806015360073, -53.120615365698754 ], [ 73.597223231864547, -53.120665638846376 ], [ 73.597372138534908, -53.120208794099014 ] ], [ [ 73.583834775191477, -53.119703307287153 ], [ 73.583856489961178, -53.119552378750797 ], [ 73.584090288572, -53.11957531812179 ], [ 73.584655060163769, -53.11972314212246 ], [ 73.584745284021579, -53.120036667624035 ], [ 73.585806204097537, -53.120381886986912 ], [ 73.586011803963984, -53.120243221621287 ], [ 73.586286045259143, -53.120054975497872 ], [ 73.587340472011633, -53.120087651310499 ], [ 73.588355463445964, -53.120301274258928 ], [ 73.58934810927704, -53.12068596867018 ], [ 73.589461638774878, -53.121312219098762 ], [ 73.589760133202645, -53.121406467626315 ], [ 73.591396822685056, -53.121566953014671 ], [ 73.592830572866475, -53.121785491781395 ], [ 73.593312021963854, -53.121408175689481 ], [ 73.593021745676893, -53.121062055473786 ], [ 73.591688505046776, -53.12084470797474 ], [ 73.590421609501263, -53.120648289307205 ], [ 73.589225675149777, -53.120331748680179 ], [ 73.587998244947315, -53.119954347632664 ], [ 73.586630248214874, -53.119776847339722 ], [ 73.585300389091017, -53.119458676782664 ], [ 73.583965251667991, -53.11930169445705 ], [ 73.583635609045899, -53.119136506740439 ], [ 73.5827982574054, -53.119126540760057 ], [ 73.580799235480271, -53.11878019286678 ], [ 73.579766907397911, -53.118586456465458 ], [ 73.577346162534468, -53.117821773479136 ], [ 73.576209299964361, -53.117243749407471 ], [ 73.575590595340799, -53.116702153180839 ], [ 73.574410627624331, -53.11641589082668 ], [ 73.572343537725274, -53.116612858285997 ], [ 73.571126761876286, -53.116426913228104 ], [ 73.570123316937398, -53.115870589999787 ], [ 73.568266222576909, -53.115797871915987 ], [ 73.568247810183905, -53.116352003650007 ], [ 73.567852274877382, -53.116659699134793 ], [ 73.567941700516656, -53.116993386891359 ], [ 73.570102282252947, -53.117009280842566 ], [ 73.571958146952554, -53.117626228911377 ], [ 73.572396612173321, -53.118044732977971 ], [ 73.573307263847951, -53.117864147149263 ], [ 73.574745461209559, -53.117941850402211 ], [ 73.576266165530356, -53.118564796413359 ], [ 73.578468887913488, -53.119336976939422 ], [ 73.582326035926869, -53.120239700877313 ], [ 73.582401816860141, -53.120482502336422 ], [ 73.583156119580934, -53.120471324289895 ], [ 73.58354528834748, -53.120355006110898 ], [ 73.583686223951545, -53.120145021408945 ], [ 73.583590045429276, -53.120012848454202 ], [ 73.583189102395878, -53.119977839767081 ], [ 73.583411455958768, -53.119839378251314 ], [ 73.583834775191477, -53.119703307287153 ] ] ] } },
{ "type": "Feature", "properties": { "RGIId": "RGI60-19.00009", "name_1": "AU1141", "grid_pixels": 323.0, "observed_pixels": 323.0, "retained_pixels": 296.0, "coverage_percent": 91.640866873065022, "median_speed_m_yr": 137.03134155273438, "pixel_speed_p25_m_yr": 93.674003601074219, "pixel_speed_p75_m_yr": 212.10566711425781, "median_retained_pairs": 65.0, "minimum_elevation_m": 200.78016662597656, "lower_third_limit_m": 644.88896687825513, "upper_third_limit_m": 1088.9977671305337, "maximum_elevation_m": 1533.1065673828125, "lower_third_speed_m_yr": 92.698432922363281, "lower_third_coverage_percent": 84.431137724550894, "lower_third_retained_pixels": 141.0, "middle_third_speed_m_yr": 222.55557250976562, "middle_third_coverage_percent": 100.0, "middle_third_retained_pixels": 124.0, "upper_third_speed_m_yr": 173.0, "upper_third_coverage_percent": 96.875, "upper_third_retained_pixels": 31.0, "lower_upper_speed_ratio": 0.53582909203678197, "speed_rank": 16, "year_balanced_speed_m_yr": 139.864013671875, "retained_pixels_with_all_6_years_percent": 92.567567567567565, "retained_pixels_with_at_least_5_years_percent": 96.959459459459453, "year_balanced_change_percent": 2.067170974933874, "status": "analysed" }, "geometry": { "type": "Polygon", "coordinates": [ [ [ 73.649152730829371, -53.131271857165245 ], [ 73.6488458321829, -53.131137391882419 ], [ 73.648524559201363, -53.130965338984183 ], [ 73.647264267394675, -53.130726484128573 ], [ 73.646788250317073, -53.130281346671829 ], [ 73.646727505956434, -53.130082270005111 ], [ 73.64669657980599, -53.129980915452776 ], [ 73.646383887807048, -53.129701361096402 ], [ 73.646211978598757, -53.129603118544843 ], [ 73.646027146201575, -53.129544881150842 ], [ 73.645936788466258, -53.129450294349454 ], [ 73.64592056423642, -53.129306652450616 ], [ 73.645822977495357, -53.129112186898219 ], [ 73.645598054876331, -53.129009831864117 ], [ 73.645341838312888, -53.128913357600098 ], [ 73.644622475970152, -53.128705577207086 ], [ 73.644315413564811, -53.128577335441861 ], [ 73.644194102474827, -53.128436784693292 ], [ 73.643567333018694, -53.128088154160025 ], [ 73.642925761385484, -53.127715961724356 ], [ 73.64240649101103, -53.127658583858384 ], [ 73.641894513904489, -53.127863252744568 ], [ 73.641421300302966, -53.127825107820186 ], [ 73.640888171969308, -53.127791742281978 ], [ 73.639670565265362, -53.127199298633684 ], [ 73.638881686294198, -53.127142918217807 ], [ 73.636938909693072, -53.126074070141044 ], [ 73.63654137473398, -53.1259487588407 ], [ 73.635048062314084, -53.125478035657927 ], [ 73.63286855196786, -53.124791008594222 ], [ 73.632398744722025, -53.124642941875862 ], [ 73.632257832755982, -53.124584050931141 ], [ 73.631863141151413, -53.124419098570286 ], [ 73.631579765846894, -53.124300668320089 ], [ 73.630728991934987, -53.123945106753347 ], [ 73.628887917936723, -53.123175671835149 ], [ 73.627859725921297, -53.122724687845647 ], [ 73.627357786929764, -53.122504528142507 ], [ 73.62654892094784, -53.122149744598183 ], [ 73.624856940589709, -53.121525684150519 ], [ 73.62427538610045, -53.1213111868881 ], [ 73.623797242459915, -53.121134831097109 ], [ 73.622954764311558, -53.120824096230791 ], [ 73.621624956421883, -53.120158302449724 ], [ 73.621398642970732, -53.120044994287348 ], [ 73.620694760337585, -53.119918069673794 ], [ 73.618652994696447, -53.119549897051392 ], [ 73.618283320018193, -53.119483237052329 ], [ 73.618018990153772, -53.119435572904493 ], [ 73.617611347383175, -53.119294184361699 ], [ 73.617244016176969, -53.119166777652424 ], [ 73.616277053101953, -53.118831392089461 ], [ 73.615118208161547, -53.118429453408709 ], [ 73.614188271264226, -53.118106910161806 ], [ 73.613161628951161, -53.117747948846727 ], [ 73.61298070746507, -53.117684690383918 ], [ 73.612781251998456, -53.11761495159012 ], [ 73.610029445207061, -53.117155197748723 ], [ 73.609877948476168, -53.1171362928497 ], [ 73.609472163637136, -53.117085655972254 ], [ 73.608769636077255, -53.116997989311123 ], [ 73.607974490691987, -53.116698103557461 ], [ 73.606426989205161, -53.116114469849414 ], [ 73.605949602781564, -53.11594546541501 ], [ 73.605474624843097, -53.115777313632982 ], [ 73.605176612521348, -53.115671811252952 ], [ 73.604940877130119, -53.115621464914831 ], [ 73.603906877640753, -53.11540063219374 ], [ 73.603292615323682, -53.115269443329211 ], [ 73.602230139044948, -53.115114427791937 ], [ 73.601168377021665, -53.114959516464701 ], [ 73.600770722409251, -53.114933509335245 ], [ 73.600536934798484, -53.11491821932109 ], [ 73.599173606839557, -53.11482905589731 ], [ 73.597006614304121, -53.114687334138786 ], [ 73.597150380731065, -53.114670228853257 ], [ 73.597656349499445, -53.114565320463612 ], [ 73.598176111347044, -53.114551284407604 ], [ 73.598994341286698, -53.114631471379219 ], [ 73.59963001170307, -53.114659109581808 ], [ 73.599805322922322, -53.11441927316546 ], [ 73.599426074944063, -53.114233387434354 ], [ 73.598842284639204, -53.114155963228576 ], [ 73.598055259896825, -53.114146696499141 ], [ 73.597488546431876, -53.114059387640687 ], [ 73.597051204123176, -53.114114708570966 ], [ 73.59668707545552, -53.113979387814581 ], [ 73.596642746045589, -53.113797441072641 ], [ 73.596360705495698, -53.113713482643433 ], [ 73.595805821751668, -53.113777492004644 ], [ 73.594834281051959, -53.113776106243165 ], [ 73.593549517516323, -53.113619825214407 ], [ 73.592371485858109, -53.113273289117046 ], [ 73.591162235933965, -53.113369853290543 ], [ 73.589995371316917, -53.113194770858158 ], [ 73.589638840632475, -53.113533940237126 ], [ 73.588909958802333, -53.113374535886109 ], [ 73.588779330850556, -53.11334596926676 ], [ 73.588523811872605, -53.113116855561692 ], [ 73.588187025884366, -53.112659300660134 ], [ 73.587796051972191, -53.112322051429985 ], [ 73.585701347768392, -53.11234757680635 ], [ 73.584355256925676, -53.112303125160992 ], [ 73.582537694332885, -53.111840466818585 ], [ 73.581984032416727, -53.11166558767291 ], [ 73.581417755725738, -53.11148672403597 ], [ 73.580503904559905, -53.111198075843816 ], [ 73.578458481430062, -53.110611249000783 ], [ 73.580199701638023, -53.110536377408081 ], [ 73.582416647266072, -53.110419589752183 ], [ 73.585273829247313, -53.110266118028193 ], [ 73.586058772446606, -53.110223955300427 ], [ 73.589304292452738, -53.110071246761507 ], [ 73.590100920992086, -53.110018730582155 ], [ 73.591268914938169, -53.109941734177241 ], [ 73.591305149912742, -53.110022754418452 ], [ 73.59140852472234, -53.110447301274895 ], [ 73.59095111835002, -53.111117189150889 ], [ 73.591207824173978, -53.111462918074459 ], [ 73.592064364707582, -53.111906455095664 ], [ 73.592183837374861, -53.11235134975005 ], [ 73.592963622436685, -53.112068275279576 ], [ 73.592920955364661, -53.111835951026222 ], [ 73.592285331522575, -53.111808277289093 ], [ 73.591511852436213, -53.111385883006399 ], [ 73.591550986726844, -53.110700965322302 ], [ 73.592081564934404, -53.110354472837791 ], [ 73.592468023367232, -53.109804691272828 ], [ 73.592465177358235, -53.109767785642724 ], [ 73.593274801001328, -53.109605274294992 ], [ 73.596217024851001, -53.109014708415366 ], [ 73.596692329567816, -53.108919304815032 ], [ 73.596855112121034, -53.108945822780804 ], [ 73.598264619180839, -53.109175437436669 ], [ 73.599772950909369, -53.109278087305931 ], [ 73.600788049892046, -53.109347170105103 ], [ 73.603382939021387, -53.109757832935649 ], [ 73.603863714024314, -53.109817430000419 ], [ 73.606767770814969, -53.110177418060637 ], [ 73.608744734790093, -53.110471925778945 ], [ 73.610228754878534, -53.110692999797315 ], [ 73.610475151914628, -53.110704061643801 ], [ 73.611649314413697, -53.110756774961764 ], [ 73.61253056964199, -53.110720730721852 ], [ 73.615139117228509, -53.110614038458344 ], [ 73.615289821209473, -53.110607874511423 ], [ 73.617410898649794, -53.111012717387901 ], [ 73.618521422342425, -53.111167830095702 ], [ 73.619778361127302, -53.111343393372543 ], [ 73.620007428449298, -53.111375388414885 ], [ 73.622219766125724, -53.111400387343089 ], [ 73.623552241566657, -53.111748702282547 ], [ 73.624434785278737, -53.111937055111298 ], [ 73.625671637619917, -53.112201024628092 ], [ 73.627489540194176, -53.112465902828504 ], [ 73.629212031298763, -53.112716879063719 ], [ 73.629376218899779, -53.112708338844946 ], [ 73.63071638221308, -53.112638630244412 ], [ 73.633084566828245, -53.112933656529933 ], [ 73.633235628096131, -53.112952475605283 ], [ 73.634578160882256, -53.113252536064678 ], [ 73.634805275277444, -53.113303296873262 ], [ 73.635426814965868, -53.113643412076343 ], [ 73.636138056056041, -53.113847848870499 ], [ 73.637150014932985, -53.114138722993843 ], [ 73.638272595135078, -53.114151250948844 ], [ 73.638212144928389, -53.114203623234545 ], [ 73.638324085558025, -53.114597853540815 ], [ 73.638377396912617, -53.114879141734733 ], [ 73.637625354662887, -53.115057655871134 ], [ 73.636487217810711, -53.115643405007148 ], [ 73.635878758202395, -53.116197790625499 ], [ 73.635187677312871, -53.116414411847309 ], [ 73.634920589181206, -53.116991417961579 ], [ 73.635497678710024, -53.117428407822132 ], [ 73.637128909918431, -53.117971027615596 ], [ 73.637979007865184, -53.11764394333855 ], [ 73.637616565523899, -53.117302981889154 ], [ 73.637101044560836, -53.116885419208714 ], [ 73.637326365552582, -53.116644744209829 ], [ 73.637795080314646, -53.11657526128316 ], [ 73.637681956965523, -53.116218440846048 ], [ 73.638059171342377, -53.116091774033364 ], [ 73.638004678250724, -53.115847896004539 ], [ 73.638443476005335, -53.115740644481534 ], [ 73.638998948263207, -53.115877979922047 ], [ 73.639837772525325, -53.11590627945229 ], [ 73.64073169638398, -53.116159744834661 ], [ 73.641737728227554, -53.116063634941995 ], [ 73.642750021012759, -53.116262300023372 ], [ 73.643435615093196, -53.116218657409554 ], [ 73.64690455802635, -53.117666207046767 ], [ 73.648697560296057, -53.118261963797671 ], [ 73.650563184061326, -53.118278449028864 ], [ 73.650531360451211, -53.118301478092413 ], [ 73.650803702397184, -53.118295209173539 ], [ 73.651046270603885, -53.118246500573875 ], [ 73.65131817302138, -53.118254259388628 ], [ 73.651869312063965, -53.11828389210141 ], [ 73.651991482828379, -53.118355445057539 ], [ 73.652086512479627, -53.11830038557455 ], [ 73.652327470383895, -53.118303113725787 ], [ 73.652381295196477, -53.118322434919619 ], [ 73.652581780419609, -53.118376161958416 ], [ 73.65261861338476, -53.118316949993684 ], [ 73.65314829853412, -53.118353731376978 ], [ 73.653179266788015, -53.118415669110348 ], [ 73.653239403310494, -53.118481840943133 ], [ 73.653268740813672, -53.118538308389944 ], [ 73.653089087435887, -53.118564343579422 ], [ 73.652887869660191, -53.118533998925102 ], [ 73.652610385806668, -53.11845601109799 ], [ 73.652354466349465, -53.118434402297474 ], [ 73.65245288096942, -53.118519719717284 ], [ 73.652281146350617, -53.11854116536707 ], [ 73.652078758920069, -53.1185482297996 ], [ 73.651727223382139, -53.118600384341057 ], [ 73.65134488817543, -53.118642832987206 ], [ 73.650947738525218, -53.118661722707351 ], [ 73.650618787193494, -53.118737519737785 ], [ 73.649917174112133, -53.118795056091628 ], [ 73.648175748226492, -53.118784649256227 ], [ 73.646735715847967, -53.118585846990491 ], [ 73.645863391105465, -53.118632062749313 ], [ 73.643414054135036, -53.118632243207301 ], [ 73.642851201133055, -53.118480810632484 ], [ 73.64189941694049, -53.118334294735327 ], [ 73.641293285471008, -53.118322700035989 ], [ 73.640754454185881, -53.118396074162149 ], [ 73.640400988484117, -53.11850898686852 ], [ 73.64090312520085, -53.118612958200522 ], [ 73.641330337392162, -53.118627190879081 ], [ 73.642929632561433, -53.118706247217183 ], [ 73.644493870169654, -53.118911187936256 ], [ 73.645604369272775, -53.118956573605018 ], [ 73.646810789868638, -53.118918835942914 ], [ 73.648083349926083, -53.119003464280205 ], [ 73.648471960498014, -53.119050368478277 ], [ 73.648750809314379, -53.11908472046207 ], [ 73.648842019506375, -53.119110315069925 ], [ 73.648728321472163, -53.119140600766158 ], [ 73.648664768762842, -53.119183540343528 ], [ 73.648591438645553, -53.119207657035155 ], [ 73.648384745790523, -53.119186598542548 ], [ 73.648362257419237, -53.11924247877316 ], [ 73.649224657182316, -53.119306454010356 ], [ 73.649910733458015, -53.119248745491461 ], [ 73.650669986802498, -53.119088947322041 ], [ 73.651651869530852, -53.119020547483657 ], [ 73.653097349072212, -53.119046267122904 ], [ 73.653794725116825, -53.119124324985513 ], [ 73.654158887071176, -53.119165866303057 ], [ 73.654830612041863, -53.119318475440359 ], [ 73.655504822599141, -53.119391583511302 ], [ 73.656219839845534, -53.119652266776903 ], [ 73.657415197680422, -53.119969821562464 ], [ 73.658284680867396, -53.120264979985087 ], [ 73.659171905606939, -53.120490162454175 ], [ 73.660606391645373, -53.120871191485769 ], [ 73.66166000679226, -53.121247921814593 ], [ 73.662310436570223, -53.121587367181824 ], [ 73.662568927347579, -53.121777389700078 ], [ 73.662327368206547, -53.121793387446239 ], [ 73.661954821324855, -53.121770488862147 ], [ 73.661359459230326, -53.121660880612851 ], [ 73.660378190597498, -53.121458046201099 ], [ 73.659634123759417, -53.121379501489251 ], [ 73.658495363826177, -53.121240369517963 ], [ 73.657301906450982, -53.121109965609548 ], [ 73.656130609554765, -53.121017223531716 ], [ 73.656336114317725, -53.121159882011469 ], [ 73.656543516160582, -53.121241748080031 ], [ 73.656881317060552, -53.121381220572403 ], [ 73.657172771079075, -53.12151081339298 ], [ 73.65766429682111, -53.121708153038412 ], [ 73.658087759129458, -53.121843909976612 ], [ 73.658494220920659, -53.122026253382472 ], [ 73.658550293480943, -53.122223359411251 ], [ 73.65877092242674, -53.122380217883418 ], [ 73.659021628525139, -53.122570160428992 ], [ 73.659324860567935, -53.122821507398342 ], [ 73.659235566101529, -53.122942128593706 ], [ 73.659220951883015, -53.123161827902045 ], [ 73.659573389087853, -53.123081593547965 ], [ 73.659884628916998, -53.123075741682435 ], [ 73.66013927096968, -53.12313942133725 ], [ 73.66048370896165, -53.123316381768234 ], [ 73.660931825666438, -53.123410304251614 ], [ 73.661046252236147, -53.123481760600541 ], [ 73.661086645260085, -53.123683366923864 ], [ 73.661036368506686, -53.12379975030435 ], [ 73.660647239601616, -53.123809406891056 ], [ 73.660682474159643, -53.123926752142978 ], [ 73.66027474218204, -53.124034435263475 ], [ 73.66045266929909, -53.124064505182986 ], [ 73.66068944396784, -53.124202829830139 ], [ 73.660625071594126, -53.124272274920294 ], [ 73.660407692145782, -53.12426047314861 ], [ 73.659984990284556, -53.124349275024315 ], [ 73.659692116137393, -53.124514384406318 ], [ 73.659834729804757, -53.1246797183206 ], [ 73.659448188793831, -53.125105738052255 ], [ 73.65920419505305, -53.125449158892785 ], [ 73.658932798256416, -53.125923253244551 ], [ 73.658633793131557, -53.126284765029482 ], [ 73.658549261080864, -53.126751607874958 ], [ 73.658248153578697, -53.126930654834631 ], [ 73.658082758586175, -53.12724689146259 ], [ 73.658058812280316, -53.127765874289096 ], [ 73.658041567436769, -53.128069746809814 ], [ 73.657791665096767, -53.128352284750711 ], [ 73.657396712567646, -53.128796914808255 ], [ 73.657233247082871, -53.129300290059916 ], [ 73.656780893473012, -53.129589898256867 ], [ 73.656538602979879, -53.129877197413244 ], [ 73.656655563223723, -53.13011709270608 ], [ 73.656673783158709, -53.130281026584917 ], [ 73.656712994667231, -53.13052004452053 ], [ 73.656756979179988, -53.130656947009648 ], [ 73.656932729911688, -53.131205504360075 ], [ 73.656928354845576, -53.13134579351847 ], [ 73.656430158291897, -53.131358884164165 ], [ 73.656145539018809, -53.131319478093701 ], [ 73.655694433392654, -53.131257020137888 ], [ 73.655212372040651, -53.131251576064336 ], [ 73.65480569189873, -53.131073897564804 ], [ 73.654204929518102, -53.130884668031037 ], [ 73.653969629995132, -53.130947499339001 ], [ 73.653172302343023, -53.130826211355789 ], [ 73.652784425165848, -53.130793755130405 ], [ 73.652494844720607, -53.13085129133448 ], [ 73.652256323439914, -53.131016997772562 ], [ 73.652035692501386, -53.131108059043434 ], [ 73.651791588756211, -53.131203532055942 ], [ 73.651363222696645, -53.131222070194262 ], [ 73.65091182377445, -53.131230989891108 ], [ 73.650745761701771, -53.13131798916686 ], [ 73.650294361687315, -53.131326906515177 ], [ 73.650257773614001, -53.131318512792426 ], [ 73.649908241517352, -53.131238325399615 ], [ 73.64945053353226, -53.131200388467867 ], [ 73.649152730829371, -53.131271857165245 ] ], [ [ 73.596286162254017, -53.112916353174477 ], [ 73.596740237996954, -53.112861232372531 ], [ 73.596746799435437, -53.112659727329728 ], [ 73.596305204198728, -53.11284602388848 ], [ 73.596286162254017, -53.112916353174477 ] ], [ [ 73.632397556556413, -53.116209259702224 ], [ 73.632663258519642, -53.116282865509859 ], [ 73.633015569654773, -53.116266753697637 ], [ 73.633321156920829, -53.116139234634048 ], [ 73.632872525208157, -53.116023213227848 ], [ 73.632502190832255, -53.11607943384665 ], [ 73.632397556556413, -53.116209259702224 ] ], [ [ 73.631715650053621, -53.115526125534394 ], [ 73.631658053428396, -53.115757282162889 ], [ 73.632089293226684, -53.115893266470835 ], [ 73.63232693685832, -53.115795206378593 ], [ 73.632236054654101, -53.115491789965496 ], [ 73.631715650053621, -53.115526125534394 ] ], [ [ 73.608287115679445, -53.113732571605766 ], [ 73.608877097779839, -53.113618518819472 ], [ 73.608578288991879, -53.11353439349066 ], [ 73.608054636727758, -53.113669378665257 ], [ 73.608287115679445, -53.113732571605766 ] ], [ [ 73.60658595641307, -53.113501008679982 ], [ 73.607343715017834, -53.113378848266223 ], [ 73.606776666265702, -53.113301658856393 ], [ 73.60658595641307, -53.113501008679982 ] ], [ [ 73.60831639955039, -53.112825794526138 ], [ 73.608914657940147, -53.11297389509506 ], [ 73.608973506833038, -53.113226560436054 ], [ 73.609245002332244, -53.113118862688012 ], [ 73.609494875218573, -53.113162098298631 ], [ 73.609408549781193, -53.113241722673521 ], [ 73.609619732548452, -53.113445771671799 ], [ 73.6100744476758, -53.113370449318104 ], [ 73.609910247829788, -53.113267740850006 ], [ 73.610062902135567, -53.113209048855481 ], [ 73.609988926932573, -53.112905811929643 ], [ 73.608451659001688, -53.112787059427397 ], [ 73.60831639955039, -53.112825794526138 ] ], [ [ 73.614633625842345, -53.113282491066009 ], [ 73.615063167181475, -53.113468913235621 ], [ 73.61556422435531, -53.113515058280456 ], [ 73.616618194589861, -53.113557549217695 ], [ 73.616543849182108, -53.113264391413367 ], [ 73.61587631491976, -53.113186077509468 ], [ 73.615443535768165, -53.113100411578401 ], [ 73.614846871810272, -53.112901967021585 ], [ 73.614843633380843, -53.11300272031513 ], [ 73.614608881213286, -53.113010067433521 ], [ 73.614497821629627, -53.112817271924364 ], [ 73.613995153580703, -53.112821499076091 ], [ 73.613836996593136, -53.113051476687396 ], [ 73.61423466216435, -53.113187135189975 ], [ 73.614633625842345, -53.113282491066009 ] ], [ [ 73.605456634373098, -53.112681454691469 ], [ 73.605454026092261, -53.112762057008688 ], [ 73.605883196030391, -53.112958587313784 ], [ 73.606181343722966, -53.113062869939348 ], [ 73.606514937387828, -53.11310709212524 ], [ 73.606920722427063, -53.112990892558486 ], [ 73.607356738920316, -53.11297583638671 ], [ 73.607627585743558, -53.112888292935494 ], [ 73.60726473601828, -53.112712703166309 ], [ 73.606717698223449, -53.112534956477077 ], [ 73.606097494973028, -53.112547853548783 ], [ 73.605456634373098, -53.112681454691469 ] ], [ [ 73.598412676325808, -53.111913341460642 ], [ 73.598796813396589, -53.111948101393118 ], [ 73.599068653306034, -53.111830351686429 ], [ 73.599216732240876, -53.111912727347779 ], [ 73.599680335912495, -53.112079448103138 ], [ 73.599592030282892, -53.11221951686035 ], [ 73.598941983553516, -53.112635190221347 ], [ 73.599122244228866, -53.112758261232401 ], [ 73.59841077615846, -53.113001863854571 ], [ 73.597401827911398, -53.113121007912426 ], [ 73.597036394437325, -53.113025989267065 ], [ 73.596633535952023, -53.113051477696978 ], [ 73.596611213371546, -53.113222559544838 ], [ 73.597004560984658, -53.113489253518495 ], [ 73.597210747812611, -53.113330417691081 ], [ 73.59739526942532, -53.113322512995978 ], [ 73.597597847366629, -53.113274504278152 ], [ 73.598068014612664, -53.113239726220399 ], [ 73.598448231030901, -53.113395390436523 ], [ 73.598864560844945, -53.113470845586804 ], [ 73.599002451043702, -53.113351519216316 ], [ 73.598668535959192, -53.11331735127613 ], [ 73.598825136579762, -53.113137770678165 ], [ 73.599211904901466, -53.11309192725016 ], [ 73.599154137702598, -53.113323067097234 ], [ 73.599284821985052, -53.11342539614747 ], [ 73.599072746597372, -53.113765590304226 ], [ 73.599627953022932, -53.113691490417409 ], [ 73.600000271744236, -53.113574920615157 ], [ 73.600740650308325, -53.113472755957517 ], [ 73.600837848836377, -53.113574689642171 ], [ 73.601491230970737, -53.113572288832145 ], [ 73.601915412963521, -53.113405926829607 ], [ 73.60188944123243, -53.113173802187433 ], [ 73.601779745952072, -53.112940694097638 ], [ 73.601386700428662, -53.112663940445238 ], [ 73.600919158671275, -53.1126181295121 ], [ 73.600791478280172, -53.112939160388656 ], [ 73.599937168799002, -53.112939194166508 ], [ 73.599842919954213, -53.112746582370555 ], [ 73.59978019697121, -53.112614816043035 ], [ 73.600085527626433, -53.112497457978229 ], [ 73.599870139513271, -53.112424370825977 ], [ 73.599841560572244, -53.112272847908343 ], [ 73.5999643363091, -53.112102947058588 ], [ 73.600497540429984, -53.112189850282427 ], [ 73.60124679015739, -53.112329685648291 ], [ 73.602078133615777, -53.112520875981573 ], [ 73.60289012678335, -53.112792466245551 ], [ 73.603394100793281, -53.112747984872435 ], [ 73.602968210592962, -53.112450692881609 ], [ 73.601940506362141, -53.112116095028313 ], [ 73.600506701607472, -53.111907742735411 ], [ 73.599410743160163, -53.111612636804331 ], [ 73.598333837756229, -53.111247191212094 ], [ 73.598108299105746, -53.111486434011248 ], [ 73.598438267621873, -53.111641506573626 ], [ 73.598412676325808, -53.111913341460642 ] ] ] } },
{ "type": "Feature", "properties": { "RGIId": "RGI60-19.00010", "name_1": "Fifty-one", "grid_pixels": 1530.0, "observed_pixels": 1530.0, "retained_pixels": 1424.0, "coverage_percent": 93.071895424836597, "median_speed_m_yr": 150.6949462890625, "pixel_speed_p25_m_yr": 92.80999755859375, "pixel_speed_p75_m_yr": 215.4599609375, "median_retained_pairs": 60.0, "minimum_elevation_m": 13.352853775024414, "lower_third_limit_m": 780.99044418334961, "upper_third_limit_m": 1548.6280345916748, "maximum_elevation_m": 2316.265625, "lower_third_speed_m_yr": 117.63758087158203, "lower_third_coverage_percent": 89.527027027027032, "lower_third_retained_pixels": 795.0, "middle_third_speed_m_yr": 166.01205444335938, "middle_third_coverage_percent": 97.830018083182637, "middle_third_retained_pixels": 541.0, "upper_third_speed_m_yr": 167.47517395019531, "upper_third_coverage_percent": 98.876404494382029, "upper_third_retained_pixels": 88.0, "lower_upper_speed_ratio": 0.70241802469520487, "speed_rank": 15, "year_balanced_speed_m_yr": 152.68067932128906, "retained_pixels_with_all_6_years_percent": 94.733146067415731, "retained_pixels_with_at_least_5_years_percent": 99.157303370786522, "year_balanced_change_percent": 1.3177170708946973, "status": "analysed" }, "geometry": { "type": "Polygon", "coordinates": [ [ [ 73.54219206416964, -53.173015028447324 ], [ 73.541758472521053, -53.172944228825479 ], [ 73.541609169519333, -53.172755281392241 ], [ 73.54185437262133, -53.172412112753157 ], [ 73.541800677486236, -53.172158844214579 ], [ 73.541534814003825, -53.172193012785968 ], [ 73.541179053634622, -53.172123164044123 ], [ 73.541345483475055, -53.171807099454881 ], [ 73.541367392312338, -53.171620248370296 ], [ 73.541100897271804, -53.171673120165913 ], [ 73.540824866921653, -53.171548111102773 ], [ 73.540790551096066, -53.171182807802232 ], [ 73.541091661581291, -53.171027445045141 ], [ 73.541005258261194, -53.170820555261685 ], [ 73.540858504390258, -53.170556790215095 ], [ 73.540621543754568, -53.170198359940031 ], [ 73.540615611499064, -53.170096872023414 ], [ 73.540601841942944, -53.169861303482996 ], [ 73.540736188034415, -53.169572914434127 ], [ 73.540621201368779, -53.16929082628458 ], [ 73.539989136676368, -53.169105316115228 ], [ 73.539247499731971, -53.168937170654367 ], [ 73.538467760470496, -53.168515941563882 ], [ 73.538189532815835, -53.168456391064858 ], [ 73.537593387100443, -53.168130969200178 ], [ 73.537111597762419, -53.167647897315589 ], [ 73.536363027968335, -53.167227036973685 ], [ 73.535825979144036, -53.166995892122891 ], [ 73.53485478195924, -53.166712624702271 ], [ 73.534087182173593, -53.166394431521546 ], [ 73.532937489695925, -53.166324138842242 ], [ 73.532008942366545, -53.16570455773752 ], [ 73.531189354092319, -53.165086313049144 ], [ 73.530625389968549, -53.16473318450624 ], [ 73.531121765381926, -53.164786087699831 ], [ 73.531536821530253, -53.164940902061417 ], [ 73.531774716528915, -53.164812851259171 ], [ 73.531956109084575, -53.164515695657499 ], [ 73.531555339870906, -53.164398482864392 ], [ 73.53168900856852, -53.164587250792486 ], [ 73.531420949246368, -53.164686861485229 ], [ 73.530845808298594, -53.164661055876046 ], [ 73.530400592856168, -53.164477798931472 ], [ 73.530333649613695, -53.16415886904781 ], [ 73.530403563869569, -53.163935187943096 ], [ 73.530402380971353, -53.163514153585425 ], [ 73.530369436906241, -53.163111439251729 ], [ 73.530026873428852, -53.162658123586191 ], [ 73.529979011841135, -53.162236512940105 ], [ 73.529796118774144, -53.162121983246088 ], [ 73.529431614396728, -53.161855514826527 ], [ 73.529621754588433, -53.162213390523753 ], [ 73.529847174723599, -53.162450073445946 ], [ 73.529856242222422, -53.163095749156575 ], [ 73.529825338543176, -53.163544455463708 ], [ 73.529696543852467, -53.163915079012881 ], [ 73.529549523015646, -53.163517050667622 ], [ 73.528597867406376, -53.161268670863357 ], [ 73.528223554024493, -53.160645352486611 ], [ 73.527223171088792, -53.159824152841644 ], [ 73.526000074009119, -53.158571903345816 ], [ 73.525250242345734, -53.157372969882658 ], [ 73.524589177216669, -53.155889517877739 ], [ 73.523987505290947, -53.154977934461435 ], [ 73.523644282228105, -53.154312926389757 ], [ 73.523810469521266, -53.154184211231041 ], [ 73.524031165441698, -53.154102742752748 ], [ 73.524369505538289, -53.153994663713213 ], [ 73.524624361073052, -53.153824735289483 ], [ 73.524910650358876, -53.153645839697049 ], [ 73.525197984857883, -53.153663432701023 ], [ 73.525538809822805, -53.153709755393095 ], [ 73.526098723714227, -53.153721365000948 ], [ 73.526515644237023, -53.153590862461584 ], [ 73.526759028000455, -53.15352838172673 ], [ 73.526941876804401, -53.153642915935478 ], [ 73.527031220688869, -53.153760971283845 ], [ 73.526873243031645, -53.153829187164682 ], [ 73.526589682577395, -53.15392859508308 ], [ 73.526727620520418, -53.153991115832092 ], [ 73.526878555224414, -53.154128645304141 ], [ 73.52718337226429, -53.15409031368894 ], [ 73.527532523660923, -53.153893477300912 ], [ 73.527546543003311, -53.153711208406484 ], [ 73.527458477964061, -53.153555745212643 ], [ 73.527222297119053, -53.153407806154469 ], [ 73.527134714017592, -53.153238314643659 ], [ 73.527076325660147, -53.15312532026735 ], [ 73.527068771258257, -53.152891326463909 ], [ 73.526863549829343, -53.152748447603948 ], [ 73.526627055219379, -53.152609859444894 ], [ 73.526411495964211, -53.152541699999936 ], [ 73.526199300567455, -53.152375343622545 ], [ 73.526044279380059, -53.152130168429714 ], [ 73.526067043766858, -53.151919939822818 ], [ 73.526408884328319, -53.151708982211638 ], [ 73.526563399303157, -53.15151441788457 ], [ 73.526730908234939, -53.151394862263878 ], [ 73.526934266859996, -53.151364632063817 ], [ 73.527140505963374, -53.151250232994407 ], [ 73.527349561744529, -53.151280886665852 ], [ 73.527398249844808, -53.151449897088376 ], [ 73.527771453259774, -53.15145918983594 ], [ 73.527863414294359, -53.1512732064555 ], [ 73.527665496208172, -53.151144453229115 ], [ 73.52754680251941, -53.150974577271505 ], [ 73.527216655763169, -53.150844188118647 ], [ 73.527227314592707, -53.150760115793155 ], [ 73.527126357027697, -53.150754189067527 ], [ 73.526812890264125, -53.150591259026875 ], [ 73.526748394453989, -53.150202186305009 ], [ 73.526995279748576, -53.150036832274459 ], [ 73.527219018033335, -53.149183524021097 ], [ 73.527801847617994, -53.148750998447845 ], [ 73.528478111996932, -53.147861179786986 ], [ 73.530165596167521, -53.146979166194953 ], [ 73.530544644043388, -53.146132446787561 ], [ 73.532534501241116, -53.145506743730301 ], [ 73.532830649542277, -53.144579469273673 ], [ 73.533790088379504, -53.143365649019017 ], [ 73.533909123664046, -53.142289666176111 ], [ 73.534209383222532, -53.141849923771602 ], [ 73.534582293624922, -53.141303787924592 ], [ 73.53466944818345, -53.141066894262096 ], [ 73.535879771894969, -53.140367576006334 ], [ 73.536767302081799, -53.139854766039612 ], [ 73.537522324346071, -53.139326836150111 ], [ 73.53830652197513, -53.138778506137506 ], [ 73.538381021746218, -53.138514756117139 ], [ 73.539063838119503, -53.13861253277981 ], [ 73.539792120817566, -53.13789576814451 ], [ 73.539697385987921, -53.136735503929643 ], [ 73.54087042965898, -53.135752049963443 ], [ 73.541547350721615, -53.135064882658284 ], [ 73.54157604712718, -53.134712463862577 ], [ 73.540546594785525, -53.134427711690805 ], [ 73.54101527652432, -53.133455778121601 ], [ 73.542442589914316, -53.132878590716878 ], [ 73.543622335310474, -53.132187487443062 ], [ 73.543938456315971, -53.131264071918309 ], [ 73.544504808495219, -53.130373952477441 ], [ 73.545242653192304, -53.128871097487533 ], [ 73.546163502071863, -53.126412952743884 ], [ 73.546447885275143, -53.1244409098015 ], [ 73.547295659706577, -53.123151046243208 ], [ 73.54726018479154, -53.122385594184287 ], [ 73.547499072975739, -53.121897674425242 ], [ 73.547650536324142, -53.12146411078789 ], [ 73.548111711681273, -53.12014399692935 ], [ 73.548237168257543, -53.119091092276172 ], [ 73.548332570137362, -53.118290424139396 ], [ 73.548130790549152, -53.117240891409921 ], [ 73.549985255652913, -53.116168416991947 ], [ 73.550407521061615, -53.115815185130351 ], [ 73.55151729733025, -53.114886839286036 ], [ 73.553238875802435, -53.113446710977804 ], [ 73.553403915583218, -53.113049222299942 ], [ 73.553927115156029, -53.111789126670338 ], [ 73.55449132309883, -53.11146262846863 ], [ 73.554664509959707, -53.110586913433124 ], [ 73.554843067645791, -53.1096840409541 ], [ 73.554954717021445, -53.109119488675304 ], [ 73.555158046168216, -53.108091359924231 ], [ 73.558340890064073, -53.116691644117417 ], [ 73.559799422770411, -53.119437117446992 ], [ 73.561389835768921, -53.120194487132061 ], [ 73.560544159461728, -53.120288237449195 ], [ 73.560551538117807, -53.120457191834497 ], [ 73.56057998359357, -53.120608723066916 ], [ 73.560600925657525, -53.120615342072988 ], [ 73.56083582646103, -53.120974665826459 ], [ 73.56096240335367, -53.121197937329242 ], [ 73.561188122155954, -53.12146272361241 ], [ 73.561083597325009, -53.121582410003413 ], [ 73.561344833446057, -53.121787150377443 ], [ 73.561431863403726, -53.122191368045051 ], [ 73.561691759301439, -53.122436408001619 ], [ 73.561717855315024, -53.122658464525969 ], [ 73.561910089569096, -53.122922844748928 ], [ 73.562035332338851, -53.123186415446874 ], [ 73.562192728615145, -53.123490690925088 ], [ 73.562363508254592, -53.123782318542268 ], [ 73.562489107945865, -53.123758808365885 ], [ 73.562176812671566, -53.126728423082426 ], [ 73.562547631705073, -53.126914325632633 ], [ 73.562991475914473, -53.127171662462736 ], [ 73.563684561293186, -53.127492479750778 ], [ 73.5653811197934, -53.128626680704485 ], [ 73.565860668813244, -53.129070900767672 ], [ 73.566248600579058, -53.129498896799582 ], [ 73.566508902739599, -53.129733851340461 ], [ 73.566735202531817, -53.129983514633174 ], [ 73.56690572532338, -53.130146833480673 ], [ 73.56700254491416, -53.13025886931532 ], [ 73.567082948939102, -53.130360628362517 ], [ 73.567229520660518, -53.130488381499596 ], [ 73.56729267151222, -53.130605051448434 ], [ 73.567424336540739, -53.130677189745562 ], [ 73.567581129164083, -53.130749630225552 ], [ 73.567721505926912, -53.130811793878344 ], [ 73.567936594734334, -53.130895014330321 ], [ 73.568076637494173, -53.130967252665492 ], [ 73.568283519465112, -53.131045334209851 ], [ 73.56844852322179, -53.131122911835959 ], [ 73.568581028974322, -53.131169861127113 ], [ 73.568696448539995, -53.131226683978781 ], [ 73.568878707616477, -53.131289349760408 ], [ 73.56905996292069, -53.13138224056577 ], [ 73.569274722468521, -53.131475533729294 ], [ 73.569539403596593, -53.131579505449785 ], [ 73.569638241054889, -53.131631088572583 ], [ 73.570061945459159, -53.13185284217905 ], [ 73.567723766482075, -53.130853481348424 ], [ 73.568247504190296, -53.131120494529377 ], [ 73.569231420540078, -53.131517849617047 ], [ 73.569991295372773, -53.131849511109166 ], [ 73.570388658074648, -53.131995391008779 ], [ 73.570652007488363, -53.132139660706301 ], [ 73.570951537481363, -53.132203731139256 ], [ 73.571281229879517, -53.132368953973625 ], [ 73.571509743441553, -53.132553120161433 ], [ 73.571773100033354, -53.132697387414311 ], [ 73.572002953828388, -53.132841252232836 ], [ 73.572098790452543, -53.132983509334771 ], [ 73.572163127301366, -53.133064913879515 ], [ 73.572392984352319, -53.133208777958409 ], [ 73.572590673837198, -53.133311939454153 ], [ 73.572653676288184, -53.133433644187242 ], [ 73.572984720145044, -53.133558561928723 ], [ 73.573213914923571, -53.133722574674437 ], [ 73.573310425083406, -53.133844680592546 ], [ 73.573475281775089, -53.133927288906811 ], [ 73.573569790648179, -53.134109845307762 ], [ 73.573735316268781, -53.134172303038163 ], [ 73.573965184471263, -53.134316164130901 ], [ 73.57412670801736, -53.134499522722123 ], [ 73.574455763082568, -53.134684887138107 ], [ 73.575354426189051, -53.134877067874235 ], [ 73.576111742379155, -53.135289291813308 ], [ 73.57650960761039, -53.135884673438674 ], [ 73.576696629304038, -53.136345352463081 ], [ 73.576486418315795, -53.136586094844574 ], [ 73.576463445683103, -53.136810363732756 ], [ 73.576699290891952, -53.137206134543092 ], [ 73.576977990501121, -53.137246889806221 ], [ 73.577127638413174, -53.137426441918564 ], [ 73.577342687366126, -53.137981014473162 ], [ 73.577883417194627, -53.138567544943747 ], [ 73.57867948882533, -53.138960645747666 ], [ 73.579066144368028, -53.139030752639208 ], [ 73.579466502423443, -53.139157157597793 ], [ 73.579608453505173, -53.139570513964301 ], [ 73.579411326793334, -53.139886265262035 ], [ 73.579060328708763, -53.140621198797888 ], [ 73.578954660945342, -53.140994176606441 ], [ 73.57918499537989, -53.141558283703311 ], [ 73.579929845008536, -53.142091103917146 ], [ 73.580818090446627, -53.14252271291307 ], [ 73.580900623433308, -53.142851155466538 ], [ 73.581261591818929, -53.14322969572931 ], [ 73.581994488085414, -53.143182290330543 ], [ 73.582782050829692, -53.142892276018877 ], [ 73.582924955672823, -53.14233261893839 ], [ 73.582766486636459, -53.141947138212458 ], [ 73.583114209925725, -53.141782869183615 ], [ 73.583508899210244, -53.141609801926286 ], [ 73.584017382208728, -53.141288391242362 ], [ 73.584355692728394, -53.140936887359288 ], [ 73.58473389358339, -53.140791687940066 ], [ 73.584964610329678, -53.141346432062626 ], [ 73.585263387554392, -53.141724221044015 ], [ 73.585718630008529, -53.142075799926033 ], [ 73.586283371787076, -53.142409965239331 ], [ 73.587103126623091, -53.142560034917587 ], [ 73.587167928996337, -53.142653864443311 ], [ 73.587166940421497, -53.144345303147446 ], [ 73.586737288042897, -53.14469820796338 ], [ 73.586445324278401, -53.145059624629255 ], [ 73.586304912743131, -53.14554446744755 ], [ 73.586683616981603, -53.145907110437051 ], [ 73.586908386752256, -53.146122344049182 ], [ 73.586982171877523, -53.146244847090344 ], [ 73.586761326502682, -53.146335785706995 ], [ 73.586827127951281, -53.146701448917213 ], [ 73.586687329210491, -53.147167587429571 ], [ 73.586241390896589, -53.147112851327762 ], [ 73.585927867259144, -53.147074367207146 ], [ 73.585061854749043, -53.147382182158665 ], [ 73.584876289388674, -53.147819706895469 ], [ 73.585219933217004, -53.148254164294201 ], [ 73.585289043650633, -53.148328305373596 ], [ 73.585881352806965, -53.148963717525909 ], [ 73.585671129954932, -53.149204475557042 ], [ 73.585738582355319, -53.149498947261051 ], [ 73.585834451185519, -53.149917467626167 ], [ 73.585828304836753, -53.15010451365449 ], [ 73.585984679029963, -53.150555456282795 ], [ 73.58613224398735, -53.150669838567794 ], [ 73.586303385865037, -53.150802495088051 ], [ 73.586464989735461, -53.151094447954982 ], [ 73.586206786862974, -53.151157962960994 ], [ 73.585884460740004, -53.151237250512374 ], [ 73.586031735263106, -53.151491609991169 ], [ 73.585735415433703, -53.151983956349461 ], [ 73.585235733963472, -53.152034156475928 ], [ 73.584395808673477, -53.152491972004277 ], [ 73.583996235732613, -53.15233752609884 ], [ 73.583425697858388, -53.152648842674729 ], [ 73.583215135045165, -53.152898948298862 ], [ 73.58282573381257, -53.153380824091549 ], [ 73.5826257929685, -53.153780750279324 ], [ 73.582825125570409, -53.154183556349963 ], [ 73.583063585350118, -53.154665419412083 ], [ 73.583362744018871, -53.155033860563407 ], [ 73.583662215615462, -53.155392948691052 ], [ 73.583756308600798, -53.155529891920708 ], [ 73.58401869497645, -53.155911764943994 ], [ 73.583995441601388, -53.15614538705325 ], [ 73.583809210325214, -53.156601613740357 ], [ 73.584199856683838, -53.15697341175045 ], [ 73.58427707780325, -53.157046906112072 ], [ 73.584472753014367, -53.157722859986819 ], [ 73.584486633661129, -53.158152366342165 ], [ 73.584488179427581, -53.158200196334931 ], [ 73.58456861452207, -53.158594101869134 ], [ 73.584629313277645, -53.158648478309729 ], [ 73.584629679653972, -53.158649752224051 ], [ 73.584674456338377, -53.158688919210938 ], [ 73.584625040170835, -53.158790776263757 ], [ 73.584507473195515, -53.159033104311689 ], [ 73.584320618764053, -53.159508036097151 ], [ 73.584326023081999, -53.159816846311728 ], [ 73.58411481401356, -53.160085657591821 ], [ 73.583486097999455, -53.160742452609689 ], [ 73.584105952328855, -53.160852018845375 ], [ 73.584167068762468, -53.160862821659073 ], [ 73.584094144834168, -53.161061453036702 ], [ 73.583944770766237, -53.161468314505932 ], [ 73.584125652049622, -53.161648227916061 ], [ 73.584132377896054, -53.161730527512177 ], [ 73.584147847212392, -53.161919813921962 ], [ 73.584210261929869, -53.162388352683244 ], [ 73.58482457816757, -53.163116061040753 ], [ 73.585287296853664, -53.163720338212443 ], [ 73.585833679773074, -53.16414784427063 ], [ 73.586412426847119, -53.164538308167053 ], [ 73.586339421135818, -53.164864899118605 ], [ 73.586960567596677, -53.165386846480814 ], [ 73.587272937643561, -53.165830280774934 ], [ 73.587014970507283, -53.166623135483384 ], [ 73.586850951261425, -53.167222162468256 ], [ 73.586818535148694, -53.167340549707063 ], [ 73.58642658123425, -53.167897253744954 ], [ 73.586393211988835, -53.167971223194215 ], [ 73.586107514428889, -53.168604516567669 ], [ 73.586297426488713, -53.169458159879802 ], [ 73.586616887933062, -53.1696864934828 ], [ 73.586697736246464, -53.169768787870758 ], [ 73.586711049846073, -53.169782339565785 ], [ 73.586823410316697, -53.17003511316959 ], [ 73.586985594207619, -53.170785510973829 ], [ 73.587877164426871, -53.171610049848717 ], [ 73.589012196003111, -53.173083024242203 ], [ 73.590862643206819, -53.175060316289276 ], [ 73.590907611487367, -53.176539081609398 ], [ 73.59247544038432, -53.18049645336874 ], [ 73.593721402739817, -53.181446759377287 ], [ 73.595704929425594, -53.182705137985685 ], [ 73.596509605174205, -53.183341466302437 ], [ 73.596795032308663, -53.183662929164981 ], [ 73.597159224639526, -53.183957251263699 ], [ 73.59720837624576, -53.184360133265145 ], [ 73.596749542014877, -53.184579270328122 ], [ 73.595894149241886, -53.184541122979169 ], [ 73.595112324656128, -53.184634819604298 ], [ 73.594249270468396, -53.185069042522414 ], [ 73.594078127469544, -53.185539495150024 ], [ 73.593667619905418, -53.186184883750208 ], [ 73.593548684727125, -53.18648754594323 ], [ 73.593163832588488, -53.186824491397743 ], [ 73.592633660891522, -53.187080193803816 ], [ 73.592035255164035, -53.187278952077222 ], [ 73.5920002221891, -53.187278538004669 ], [ 73.59190050247814, -53.187291393143902 ], [ 73.591818184293544, -53.187307962366134 ], [ 73.591741934717277, -53.187317586357089 ], [ 73.591723498859395, -53.187345436077479 ], [ 73.591658199014788, -53.187377409698762 ], [ 73.59114070208372, -53.187483561134613 ], [ 73.590581976569382, -53.187659391717759 ], [ 73.590153293920466, -53.187906928014449 ], [ 73.589865508123239, -53.188132741005155 ], [ 73.589883033503199, -53.188310710366551 ], [ 73.589549605889587, -53.188503236703085 ], [ 73.589099241483112, -53.188699055137363 ], [ 73.587502677899622, -53.189171319288725 ], [ 73.586616311157158, -53.189361957846984 ], [ 73.58408844039981, -53.189968139617037 ], [ 73.583519169390314, -53.18998943971787 ], [ 73.583149701742954, -53.190092638763211 ], [ 73.582726041560221, -53.190185836049082 ], [ 73.582047305789487, -53.190219860604081 ], [ 73.581592190858444, -53.19032203536409 ], [ 73.581004254709498, -53.190436660199154 ], [ 73.5804186325812, -53.190481140492608 ], [ 73.580087618207045, -53.190598822160396 ], [ 73.579042847447141, -53.19086704160749 ], [ 73.578803244693006, -53.191046623396112 ], [ 73.578275720983541, -53.191218090936111 ], [ 73.577728704969687, -53.191272374702386 ], [ 73.577503026107649, -53.191031104667815 ], [ 73.57729044409453, -53.190864837798244 ], [ 73.576925135402448, -53.190841762648844 ], [ 73.576806956087097, -53.190882452395499 ], [ 73.576476198240172, -53.1907568737224 ], [ 73.576180267119867, -53.190595851151933 ], [ 73.576063053998269, -53.190532072404238 ], [ 73.575742912851027, -53.190556313004755 ], [ 73.575497062614602, -53.190689034008173 ], [ 73.575126949914932, -53.190810912378346 ], [ 73.574512346011204, -53.190789525709853 ], [ 73.574101411684325, -53.190733150254772 ], [ 73.573893836725887, -53.190651140310166 ], [ 73.573572271910365, -53.190483561993531 ], [ 73.573360949830175, -53.190279879466019 ], [ 73.573260179929648, -53.19003074111648 ], [ 73.573382085850881, -53.189877828634465 ], [ 73.573163470449188, -53.189893922176857 ], [ 73.57304247347389, -53.189784879945911 ], [ 73.572779785557103, -53.189720919640038 ], [ 73.57246634691775, -53.189777977390769 ], [ 73.572266720545684, -53.18969138185421 ], [ 73.572273245461119, -53.189494985991402 ], [ 73.572341898195418, -53.189304012663236 ], [ 73.572524535039122, -53.189198608390832 ], [ 73.572610154701053, -53.188965736633385 ], [ 73.572568257515897, -53.188820218019963 ], [ 73.572427637126609, -53.188598669071141 ], [ 73.572024806097417, -53.188299129759521 ], [ 73.571716816183411, -53.188192522384199 ], [ 73.571473143411183, -53.188259769857936 ], [ 73.571327413354396, -53.188426428579255 ], [ 73.571078752011204, -53.188409412227223 ], [ 73.570784623539126, -53.188354426217892 ], [ 73.570631718443352, -53.188268388407344 ], [ 73.570403450798068, -53.188106598703662 ], [ 73.570061213976146, -53.18809313514177 ], [ 73.569769112048505, -53.18797735749493 ], [ 73.56973002658853, -53.187747668342219 ], [ 73.569612004791523, -53.187783674894909 ], [ 73.569224773865386, -53.187952108954377 ], [ 73.568970199391018, -53.188112779522598 ], [ 73.568615038303562, -53.188253529126357 ], [ 73.568323091388493, -53.188366969684942 ], [ 73.567978360216969, -53.18842831748394 ], [ 73.56766352949883, -53.18829354960036 ], [ 73.567383426695983, -53.188051605494067 ], [ 73.567249841256697, -53.187853524645362 ], [ 73.566959619715917, -53.187681627170761 ], [ 73.566489252279595, -53.187540306967577 ], [ 73.566020900162258, -53.187572093632447 ], [ 73.565500236984889, -53.187537757101992 ], [ 73.564898757373655, -53.187591325937767 ], [ 73.564613677145033, -53.187499009936793 ], [ 73.564398013738625, -53.18766013967646 ], [ 73.564162430375433, -53.187718113810888 ], [ 73.563874850808105, -53.187700613276327 ], [ 73.563669156679083, -53.187796370455807 ], [ 73.563554226088215, -53.187972747109846 ], [ 73.563547349104937, -53.18817849442587 ], [ 73.563472124511179, -53.188331959985611 ], [ 73.56334193381926, -53.188498796488211 ], [ 73.562998601967493, -53.188518045150637 ], [ 73.562754288494531, -53.188603978975223 ], [ 73.562333728804106, -53.188603582098665 ], [ 73.562173211172777, -53.188512763513302 ], [ 73.56193077380199, -53.188542582774346 ], [ 73.562013594994696, -53.188627785854777 ], [ 73.561955186458547, -53.188744029785383 ], [ 73.561674134274327, -53.188764026453264 ], [ 73.561436662906104, -53.18887810796938 ], [ 73.561214959853359, -53.188753803466128 ], [ 73.560980975724789, -53.188531113002171 ], [ 73.560722542220617, -53.188340872388508 ], [ 73.560455229416448, -53.188183269627274 ], [ 73.560072864983638, -53.187972818015695 ], [ 73.559612915895784, -53.187985969251727 ], [ 73.559414055701083, -53.188109869542338 ], [ 73.559301928512454, -53.18820207276039 ], [ 73.559497916530489, -53.188396239356912 ], [ 73.559291112106408, -53.188524721342702 ], [ 73.559090680636046, -53.188695381719413 ], [ 73.558168883667349, -53.18877778748201 ], [ 73.55767652895652, -53.18882796276133 ], [ 73.557471663340849, -53.188666431386778 ], [ 73.557169765932429, -53.188611317594486 ], [ 73.5569321266088, -53.188730066119597 ], [ 73.55662865895701, -53.188721711568768 ], [ 73.556348075924859, -53.188727667473508 ], [ 73.556118218980075, -53.188846508701218 ], [ 73.555943416519739, -53.188856821747216 ], [ 73.555657788139698, -53.188873672769475 ], [ 73.555141048703518, -53.188722389461468 ], [ 73.554628087380181, -53.188458878572611 ], [ 73.554191882595305, -53.18822904281064 ], [ 73.553656207184019, -53.187946540104313 ], [ 73.553590002159382, -53.187599566765783 ], [ 73.55349689653319, -53.187589080290898 ], [ 73.553378232282256, -53.187643774890347 ], [ 73.553199491194334, -53.187632248198639 ], [ 73.552715421220569, -53.187205350948396 ], [ 73.552568924368686, -53.187161469279111 ], [ 73.552305338665363, -53.187125520434577 ], [ 73.552085246653007, -53.18695443861683 ], [ 73.551853432501119, -53.186900163067442 ], [ 73.551705030754945, -53.1868550876735 ], [ 73.551524197682127, -53.186732431272695 ], [ 73.551462739584508, -53.186245175254086 ], [ 73.551471468577645, -53.186177025335027 ], [ 73.551526153040513, -53.185750081694053 ], [ 73.551648690270014, -53.185349266336971 ], [ 73.551925655761778, -53.184987752000438 ], [ 73.551939341235055, -53.18492827426131 ], [ 73.552001033517655, -53.184830786849759 ], [ 73.552026513753873, -53.184767943998459 ], [ 73.552122054451758, -53.184705952738661 ], [ 73.55212299956527, -53.184677896411458 ], [ 73.552147770707876, -53.184636095776547 ], [ 73.552214119132827, -53.184573749617776 ], [ 73.552208753298785, -53.184559650493 ], [ 73.552198021641061, -53.184531452242794 ], [ 73.552140346916488, -53.184509700373191 ], [ 73.55210697076167, -53.184460176011768 ], [ 73.552050950193589, -53.184389325525473 ], [ 73.552049538989706, -53.184315630352813 ], [ 73.552048528114327, -53.184114465374257 ], [ 73.552119151625803, -53.183867391429665 ], [ 73.552116971644338, -53.183469737488913 ], [ 73.552057624389604, -53.183150914128717 ], [ 73.552052137061139, -53.182851457317938 ], [ 73.552120329455278, -53.182445302776493 ], [ 73.552167597479411, -53.182197944861578 ], [ 73.552363548436674, -53.181929004132058 ], [ 73.552575694634228, -53.181641547993983 ], [ 73.552602756305291, -53.181300384927539 ], [ 73.552635485393424, -53.180790883723319 ], [ 73.55281696129552, -53.180489020546041 ], [ 73.55289434264914, -53.18004087536093 ], [ 73.552816208093518, -53.179586162760565 ], [ 73.552692388325468, -53.179332047797878 ], [ 73.552474853257408, -53.179086149784474 ], [ 73.552135147837632, -53.178768596768023 ], [ 73.551729965321314, -53.178314585376683 ], [ 73.551561124924149, -53.177779243248374 ], [ 73.551497629207773, -53.177352775387888 ], [ 73.551722803943576, -53.177140326691244 ], [ 73.552051203958655, -53.176868318797304 ], [ 73.552087781327756, -53.176475813533756 ], [ 73.551666582046394, -53.176035640866687 ], [ 73.551254181891949, -53.175796726641664 ], [ 73.550634861166998, -53.175690954541878 ], [ 73.550145171342024, -53.175666282832275 ], [ 73.550026007201396, -53.175505781010564 ], [ 73.549996712573645, -53.175220067769644 ], [ 73.549951537444969, -53.174943517128206 ], [ 73.54996115701482, -53.174658277598233 ], [ 73.550056069946621, -53.174383432363541 ], [ 73.549840995102358, -53.174296610341756 ], [ 73.54980949444527, -53.174076361827204 ], [ 73.549823743043007, -53.173884738197138 ], [ 73.550115008147856, -53.173790046607714 ], [ 73.550568128351742, -53.173744103869517 ], [ 73.550642584264551, -53.17361402653497 ], [ 73.550727028679034, -53.173418578998266 ], [ 73.550788913037735, -53.173199467009681 ], [ 73.551027270302981, -53.173057349660887 ], [ 73.551356493843485, -53.172991184715386 ], [ 73.55179977467175, -53.173005931376018 ], [ 73.552086396264741, -53.172817618986805 ], [ 73.552262803401746, -53.172665390109465 ], [ 73.552725580520431, -53.172563420877076 ], [ 73.552765554376066, -53.172532330256232 ], [ 73.552837483564346, -53.172477068513558 ], [ 73.552945849076266, -53.172380147616934 ], [ 73.552993958917313, -53.1723386303184 ], [ 73.552988948324384, -53.172314010060539 ], [ 73.553025856712466, -53.172258322726954 ], [ 73.553026682797181, -53.17223377337929 ], [ 73.553027508880703, -53.172209224031477 ], [ 73.553033935621372, -53.172191759691771 ], [ 73.553040303351366, -53.172176048876516 ], [ 73.553052271734899, -53.172167423068238 ], [ 73.553053097801822, -53.172142873719878 ], [ 73.553065597211273, -53.172118466186085 ], [ 73.553072731968314, -53.172079959544874 ], [ 73.553097140685608, -53.172048679720241 ], [ 73.553133694693173, -53.17200351349814 ], [ 73.553147256024658, -53.171947542504533 ], [ 73.553183809891891, -53.171902376265372 ], [ 73.553208336421193, -53.171867589365782 ], [ 73.553284196888114, -53.171695425659635 ], [ 73.553400068481338, -53.171491002030564 ], [ 73.553433241860034, -53.171430591227058 ], [ 73.553275323757859, -53.171264943879102 ], [ 73.553302445513921, -53.171153001838093 ], [ 73.553109467485385, -53.171103877854549 ], [ 73.552916804611726, -53.171045401427051 ], [ 73.552728619420336, -53.171085216652322 ], [ 73.552700752763798, -53.171103589942788 ], [ 73.552672886083386, -53.171121963226717 ], [ 73.552478649713251, -53.171110246756768 ], [ 73.552143706950815, -53.171115531484432 ], [ 73.551839104941095, -53.171144574083186 ], [ 73.551591024397425, -53.171113489545 ], [ 73.551162697045712, -53.171117635822327 ], [ 73.551045966426898, -53.171116215777857 ], [ 73.550906519991059, -53.171095807322658 ], [ 73.5507502976414, -53.170995668912255 ], [ 73.550661168608769, -53.170868278880235 ], [ 73.550603158260685, -53.170857047488674 ], [ 73.550532883910932, -53.170863209242945 ], [ 73.550498574214686, -53.1708417407784 ], [ 73.550437608516916, -53.170918185470036 ], [ 73.550470617878645, -53.170978231463323 ], [ 73.550559697303754, -53.171222570535683 ], [ 73.550584570371541, -53.171293042930742 ], [ 73.550605710084255, -53.171358791907224 ], [ 73.55058809699382, -53.171419391305555 ], [ 73.55058494478871, -53.171512912541658 ], [ 73.550565597856647, -53.171624948612973 ], [ 73.550528479860773, -53.171802260124004 ], [ 73.550481737371157, -53.171918640753972 ], [ 73.550070126410006, -53.172119461734084 ], [ 73.549682592632294, -53.172067963583849 ], [ 73.549355634712086, -53.171605539713319 ], [ 73.549132583762571, -53.171294076070019 ], [ 73.548671656905142, -53.171110697030535 ], [ 73.547780715650987, -53.17121210862522 ], [ 73.547589437842689, -53.170882317480448 ], [ 73.547387422112479, -53.170870497824666 ], [ 73.546876971472599, -53.170770711424332 ], [ 73.546500592338745, -53.170850322431512 ], [ 73.546337681636913, -53.171063521386451 ], [ 73.546327565075188, -53.171362788791207 ], [ 73.546616962082453, -53.171553439883134 ], [ 73.546954318549226, -53.171707251509439 ], [ 73.547304714252505, -53.17193606890585 ], [ 73.547657640603077, -53.172090068404813 ], [ 73.547665940161579, -53.17230535673459 ], [ 73.547124658966439, -53.172195839602324 ], [ 73.547274300390683, -53.172375428182825 ], [ 73.547466845848902, -53.172667811347075 ], [ 73.547597134991904, -53.172959435012359 ], [ 73.547802407408582, -53.173336176419127 ], [ 73.547807865175201, -53.173635633680384 ], [ 73.547750430929753, -53.173953036022411 ], [ 73.547338471778531, -53.174163199381411 ], [ 73.546698087728615, -53.174220879007457 ], [ 73.546157101274957, -53.174102005261332 ], [ 73.545560184365442, -53.173795326827495 ], [ 73.545116709947081, -53.173556011501447 ], [ 73.544587502635849, -53.173549545990696 ], [ 73.544251152583357, -53.173681040528571 ], [ 73.544192996949334, -53.173703776032539 ], [ 73.543917577939396, -53.173560069840718 ], [ 73.543770480381923, -53.173305660406427 ], [ 73.543683482683917, -53.173205008867413 ], [ 73.543500767374013, -53.172993615604945 ], [ 73.542980123430212, -53.172734636536376 ], [ 73.542895437822381, -53.172736276871987 ], [ 73.542684078882743, -53.172740370569834 ], [ 73.5425989654604, -53.172954516359418 ], [ 73.54219206416964, -53.173015028447324 ] ], [ [ 73.549242833303239, -53.133989722686714 ], [ 73.549387618847348, -53.134666789470018 ], [ 73.549888295296071, -53.135227241518571 ], [ 73.549171428208723, -53.135611594541345 ], [ 73.550127508105959, -53.13608688177257 ], [ 73.551419164192225, -53.137050043112701 ], [ 73.552477882410201, -53.136468250595726 ], [ 73.552760162232801, -53.136048358496147 ], [ 73.551344599256424, -53.135779164556133 ], [ 73.551648721898459, -53.135208353701749 ], [ 73.550691763556088, -53.135257183222656 ], [ 73.549593958415215, -53.134014159071683 ], [ 73.549242833303239, -53.133989722686714 ] ], [ [ 73.544877030656266, -53.134732696094979 ], [ 73.54532323026568, -53.134919573381708 ], [ 73.545121927801944, -53.135421071004025 ], [ 73.545584810808037, -53.135114272944918 ], [ 73.545664073014052, -53.134752391901053 ], [ 73.545318049790779, -53.134576819066275 ], [ 73.544877030656266, -53.134732696094979 ] ], [ [ 73.561156985171934, -53.134043593287672 ], [ 73.560539581081315, -53.133461619729282 ], [ 73.559912085759194, -53.133181894730789 ], [ 73.560200735835082, -53.134072349381412 ], [ 73.560930280874871, -53.135310823446936 ], [ 73.561511853417386, -53.135962915604452 ], [ 73.562447354213361, -53.136054847740297 ], [ 73.562548275275489, -53.135542030890036 ], [ 73.561385386560829, -53.134731734093471 ], [ 73.561156985171934, -53.134043593287672 ] ], [ [ 73.555128403614248, -53.133900029235285 ], [ 73.554838384222009, -53.134551653085182 ], [ 73.555552479840983, -53.134247865691464 ], [ 73.555789863656472, -53.133666155609738 ], [ 73.555876132724109, -53.133092691273355 ], [ 73.555004339275939, -53.133102271659261 ], [ 73.555128403614248, -53.133900029235285 ] ], [ [ 73.543493541254009, -53.133022481573207 ], [ 73.544133869605503, -53.132919442878787 ], [ 73.544249027635757, -53.132487447489332 ], [ 73.543795021885657, -53.132532290988706 ], [ 73.543493541254009, -53.133022481573207 ] ], [ [ 73.547864103483093, -53.129648959287486 ], [ 73.547785209673222, -53.130000767281608 ], [ 73.548134711416736, -53.130569462526829 ], [ 73.548951108537125, -53.130710444786708 ], [ 73.549023781413496, -53.131537820723217 ], [ 73.549340704421027, -53.131581999420973 ], [ 73.549509454245865, -53.131049860668824 ], [ 73.54912710694316, -53.130460611041975 ], [ 73.547864103483093, -53.129648959287486 ] ], [ [ 73.558692538704847, -53.13306634563331 ], [ 73.559810993246671, -53.132696873523898 ], [ 73.559316720596399, -53.131441080700405 ], [ 73.559430711311208, -53.131039294633446 ], [ 73.5589409777171, -53.130650360545573 ], [ 73.557820781199382, -53.130072364211323 ], [ 73.556819091684645, -53.129959434264734 ], [ 73.555547170764456, -53.129409814298924 ], [ 73.555012985212727, -53.12884897885489 ], [ 73.555120398019056, -53.12814474236324 ], [ 73.555836749323973, -53.127770426886897 ], [ 73.555618464317348, -53.127283979688372 ], [ 73.554383856469002, -53.126623928622642 ], [ 73.553658715688016, -53.127260186487199 ], [ 73.554337867092528, -53.127994134319572 ], [ 73.553845179563382, -53.128693690711707 ], [ 73.554623508778633, -53.129469157894384 ], [ 73.556375459214934, -53.130195954989425 ], [ 73.557357578310643, -53.130893241572267 ], [ 73.558252036336953, -53.131206451057579 ], [ 73.558757739793108, -53.132119696321396 ], [ 73.558472172063375, -53.132640353996216 ], [ 73.558191994642442, -53.132999810109865 ], [ 73.558692538704847, -53.13306634563331 ] ], [ [ 73.561216185703259, -53.128258886038637 ], [ 73.561578112486956, -53.127456928498255 ], [ 73.561881772458435, -53.126392208324091 ], [ 73.562111154072866, -53.124540417025109 ], [ 73.561862679719908, -53.123952825228244 ], [ 73.560856246172577, -53.124988893651292 ], [ 73.560791104933571, -53.125935545604783 ], [ 73.560728653740583, -53.126801596789242 ], [ 73.559955281274796, -53.127880791592773 ], [ 73.558921949456334, -53.128714935571359 ], [ 73.559782198900024, -53.1290478780314 ], [ 73.559719721736627, -53.129913928076334 ], [ 73.560883706799515, -53.129182148071543 ], [ 73.560138096486767, -53.128427276365137 ], [ 73.561216185703259, -53.128258886038637 ] ], [ [ 73.562091096297181, -53.126719724780962 ], [ 73.562094384300039, -53.126680573974511 ], [ 73.56208510902583, -53.126714716556592 ], [ 73.562091096297181, -53.126719724780962 ] ], [ [ 73.56214618752459, -53.125888964777069 ], [ 73.562075826145104, -53.1259889063383 ], [ 73.562139642081988, -53.126141673824918 ], [ 73.562162852476334, -53.12586529374321 ], [ 73.56214618752459, -53.125888964777069 ] ], [ [ 73.56314539134209, -53.138240364231891 ], [ 73.563856268971293, -53.140043023978428 ], [ 73.564340280121201, -53.138597468281283 ], [ 73.563959680137515, -53.137947814786749 ], [ 73.56311805039168, -53.137050698009894 ], [ 73.562543710401243, -53.137184872931307 ], [ 73.56314539134209, -53.138240364231891 ] ], [ [ 73.567311824209042, -53.130643460050351 ], [ 73.565672783091287, -53.128962999115885 ], [ 73.567118709539145, -53.130545002847292 ], [ 73.567311824209042, -53.130643460050351 ] ], [ [ 73.565359221436239, -53.128641496143622 ], [ 73.564819267638939, -53.128332294981803 ], [ 73.564943859153203, -53.12842234780944 ], [ 73.565367058562103, -53.128649531821907 ], [ 73.565359221436239, -53.128641496143622 ] ], [ [ 73.563726496466501, -53.127742444306961 ], [ 73.563866501400369, -53.127786682641975 ], [ 73.563609107742423, -53.127639279597176 ], [ 73.563726496466501, -53.127742444306961 ] ], [ [ 73.563057621208443, -53.127323451520155 ], [ 73.562915214967788, -53.12724189643771 ], [ 73.562970776233072, -53.127289842467995 ], [ 73.563057621208443, -53.127323451520155 ] ], [ [ 73.562378535323433, -53.126960159663533 ], [ 73.562478338141517, -53.126991697084854 ], [ 73.562281400562313, -53.126878909468367 ], [ 73.562378535323433, -53.126960159663533 ] ], [ [ 73.562224403067006, -53.125132354770322 ], [ 73.562102059801319, -53.12520305017334 ], [ 73.562197847052161, -53.125345315084438 ], [ 73.562204950827564, -53.125363993323369 ], [ 73.562224403067006, -53.125132354770322 ] ], [ [ 73.5622290844899, -53.125076607661548 ], [ 73.562239852667631, -53.12494837792191 ], [ 73.562209953735817, -53.124982612194316 ], [ 73.5622290844899, -53.125076607661548 ] ], [ [ 73.562228113271331, -53.124438557813839 ], [ 73.562258248402571, -53.124539713197237 ], [ 73.562268480053689, -53.124607472801372 ], [ 73.562290052606073, -53.124350575173047 ], [ 73.562228113271331, -53.124438557813839 ] ], [ [ 73.56229268730587, -53.12431919950739 ], [ 73.562301143015617, -53.124218503241821 ], [ 73.562268336604987, -53.124237460741341 ], [ 73.56229268730587, -53.12431919950739 ] ] ] } },
{ "type": "Feature", "properties": { "RGIId": "RGI60-19.00011", "name_1": "AU1191", "grid_pixels": 70.0, "observed_pixels": 70.0, "retained_pixels": 60.0, "coverage_percent": 85.714285714285708, "median_speed_m_yr": 104.16841125488281, "pixel_speed_p25_m_yr": 88.812774658203125, "pixel_speed_p75_m_yr": 118.349365234375, "median_retained_pairs": 65.5, "minimum_elevation_m": 510.47756958007812, "lower_third_limit_m": 712.42584228515625, "upper_third_limit_m": 914.37411499023438, "maximum_elevation_m": 1116.3223876953125, "lower_third_speed_m_yr": 94.2275390625, "lower_third_coverage_percent": 80.0, "lower_third_retained_pixels": 20.0, "middle_third_speed_m_yr": 99.531089782714844, "middle_third_coverage_percent": 85.714285714285708, "middle_third_retained_pixels": 18.0, "upper_third_speed_m_yr": 118.59284973144531, "upper_third_coverage_percent": 91.666666666666671, "upper_third_retained_pixels": 22.0, "lower_upper_speed_ratio": 0.79454654539358149, "speed_rank": 21, "year_balanced_speed_m_yr": 108.34676361083984, "retained_pixels_with_all_6_years_percent": 100.0, "retained_pixels_with_at_least_5_years_percent": 100.0, "year_balanced_change_percent": 4.0111510827723906, "status": "analysed" }, "geometry": { "type": "MultiPolygon", "coordinates": [ [ [ [ 73.506706900494152, -53.157722726270229 ], [ 73.507140928016625, -53.157774948257135 ], [ 73.507489064688201, -53.157610903491396 ], [ 73.507249532330178, -53.157336576221866 ], [ 73.506724406994479, -53.157666809607413 ], [ 73.506964606017988, -53.157473344719861 ], [ 73.507127658025325, -53.157260200174392 ], [ 73.507442077671485, -53.157170581114684 ], [ 73.507936065318788, -53.157289043955743 ], [ 73.508366199241948, -53.157453485071279 ], [ 73.508639452328381, -53.157204294693251 ], [ 73.508770081111692, -53.157028165999023 ], [ 73.509251104473734, -53.157071612792706 ], [ 73.50947508224165, -53.156896651893831 ], [ 73.509961934786105, -53.156771760260213 ], [ 73.510684105368654, -53.156593673723947 ], [ 73.511455561887317, -53.156790440027144 ], [ 73.511600765905854, -53.156642558558076 ], [ 73.511921657386381, -53.156590432733331 ], [ 73.512126020773664, -53.156532172138178 ], [ 73.512423088027262, -53.15649378133606 ], [ 73.512791784380582, -53.156409504250945 ], [ 73.512969392298842, -53.156224601714499 ], [ 73.513175368431149, -53.156119579339773 ], [ 73.51353060189625, -53.155974317723953 ], [ 73.513242426029009, -53.155755531548536 ], [ 73.513225390240351, -53.155572876328684 ], [ 73.513379332466116, -53.15539703373566 ], [ 73.513862765269337, -53.1553703218623 ], [ 73.514187386843631, -53.155435186865375 ], [ 73.514463206313096, -53.155335711733223 ], [ 73.514531734766763, -53.15515412409701 ], [ 73.514425543325018, -53.154848728515702 ], [ 73.514452834616648, -53.154687904981678 ], [ 73.515144825750312, -53.154441873114884 ], [ 73.515453265126851, -53.154345512012753 ], [ 73.515632986945761, -53.154363238286457 ], [ 73.515940916972696, -53.154460636568963 ], [ 73.516069572327822, -53.154340611556854 ], [ 73.516384758491085, -53.154227588545261 ], [ 73.516586364206333, -53.154248812221027 ], [ 73.51669772787541, -53.154404573862998 ], [ 73.516825294924374, -53.154541825161701 ], [ 73.517113320017344, -53.154765278785405 ], [ 73.517315895408117, -53.154758445213396 ], [ 73.517515202791856, -53.154620586287116 ], [ 73.517809144498656, -53.154446480885106 ], [ 73.518079634912795, -53.15450130548691 ], [ 73.518213858407208, -53.154671384185619 ], [ 73.518301248025722, -53.15484555799955 ], [ 73.518396578369519, -53.155015152528215 ], [ 73.518634186143188, -53.15512102483023 ], [ 73.518755109260809, -53.15522544527682 ], [ 73.51895398466263, -53.155326157121294 ], [ 73.519237304547516, -53.155460664780335 ], [ 73.51936826195444, -53.155499717221012 ], [ 73.519616549855911, -53.155521516144816 ], [ 73.519819990535353, -53.155715843463746 ], [ 73.520024017630888, -53.155666921222632 ], [ 73.520038450035969, -53.15569984665612 ], [ 73.520115276504967, -53.155728869491981 ], [ 73.520129226510733, -53.155775822946559 ], [ 73.520135397378169, -53.155822679726036 ], [ 73.520142050744923, -53.155855508473323 ], [ 73.520210294273525, -53.155907814628883 ], [ 73.520271884481929, -53.155927292006091 ], [ 73.520309705017041, -53.155845896802191 ], [ 73.520243230455378, -53.155742154583805 ], [ 73.520144996362873, -53.155656729685006 ], [ 73.520068813343258, -53.155609002826438 ], [ 73.519984529684024, -53.155570531257986 ], [ 73.519931523483862, -53.155527770370561 ], [ 73.519887261620738, -53.155457050087811 ], [ 73.519811883550091, -53.155385943016213 ], [ 73.519783501904811, -53.155306064062209 ], [ 73.519750989531289, -53.155233150767636 ], [ 73.519874270454125, -53.155042884747509 ], [ 73.520270940681172, -53.154823270041845 ], [ 73.520479947383464, -53.154629390610573 ], [ 73.520841958666779, -53.154512259615458 ], [ 73.520993036939188, -53.154645120403863 ], [ 73.521089502544513, -53.154781980760454 ], [ 73.52122952424584, -53.154783719657608 ], [ 73.521734515689417, -53.154808701697398 ], [ 73.522193315583053, -53.154819074333794 ], [ 73.522490523047736, -53.154775982244907 ], [ 73.522705372026607, -53.154638307552588 ], [ 73.522904661752477, -53.154500439478802 ], [ 73.523232821574297, -53.154462407492417 ], [ 73.523353915622295, -53.154427869797452 ], [ 73.522993943217955, -53.154702584121907 ], [ 73.522897413583294, -53.154748671984699 ], [ 73.521905071480603, -53.155222463549556 ], [ 73.520599937901224, -53.155695338034853 ], [ 73.520236365136157, -53.155976283743065 ], [ 73.519986306433537, -53.155858250918286 ], [ 73.519802398606814, -53.156000983369751 ], [ 73.519883144056251, -53.156142327285224 ], [ 73.519741187529675, -53.156196698888216 ], [ 73.519428248212719, -53.156244266586363 ], [ 73.519312901979077, -53.15642995278953 ], [ 73.51914052450735, -53.156689777830096 ], [ 73.519128429631451, -53.156711048613332 ], [ 73.519128429631436, -53.156711048613332 ], [ 73.519129861694637, -53.15670853010122 ], [ 73.518375342509415, -53.157144866054573 ], [ 73.518218521180628, -53.157263235999878 ], [ 73.517741983718665, -53.157617340570802 ], [ 73.51770829379349, -53.157643450420345 ], [ 73.517555660400873, -53.157512100487985 ], [ 73.517355489185874, -53.15744879432367 ], [ 73.517118721144982, -53.157544084440147 ], [ 73.51703496293193, -53.157716127783019 ], [ 73.516873408739443, -53.157887202190807 ], [ 73.516671343265102, -53.158104551873997 ], [ 73.516465567147748, -53.158429449210587 ], [ 73.516441751159306, -53.158679999041681 ], [ 73.515549638398355, -53.159289184123011 ], [ 73.515033037736018, -53.159679274079615 ], [ 73.51502927519789, -53.159679288274084 ], [ 73.515024511710209, -53.159685712081817 ], [ 73.514622804407196, -53.159989038361253 ], [ 73.514366168894469, -53.160169985121129 ], [ 73.513757469320836, -53.160579688991028 ], [ 73.513745541805733, -53.160566129556592 ], [ 73.513601462579686, -53.160681281554787 ], [ 73.513348138783485, -53.160804425682251 ], [ 73.513030148542995, -53.160996931995612 ], [ 73.512734525801562, -53.161217784870843 ], [ 73.512408911306267, -53.16140551631716 ], [ 73.512190743676001, -53.161412146910735 ], [ 73.511824429599415, -53.161426281928712 ], [ 73.51143170048978, -53.161528967839587 ], [ 73.511237855936713, -53.161732377147224 ], [ 73.51120541310695, -53.161762177363578 ], [ 73.511036876712495, -53.161916984898497 ], [ 73.510224014571293, -53.162238957740378 ], [ 73.509232676702155, -53.162320112511743 ], [ 73.509042446515267, -53.1622082136887 ], [ 73.508858898118689, -53.16210024444991 ], [ 73.508646561428634, -53.162163077717281 ], [ 73.508457080802515, -53.162015686353961 ], [ 73.508259169376387, -53.162111445682747 ], [ 73.508096914966615, -53.162301211619081 ], [ 73.507881494402397, -53.162452887119478 ], [ 73.507486475304333, -53.162621023575348 ], [ 73.507131977870813, -53.162742886584375 ], [ 73.506869869298185, -53.162893975004657 ], [ 73.506686861811446, -53.163008630656911 ], [ 73.506341763095264, -53.163083829067851 ], [ 73.506172379886067, -53.163030246377851 ], [ 73.506030058639865, -53.163093953241855 ], [ 73.505861796864707, -53.163232182681377 ], [ 73.505672141904185, -53.163314007303811 ], [ 73.505366266386858, -53.163380339039193 ], [ 73.505004951379149, -53.163474042129408 ], [ 73.50482079870423, -53.163621426655922 ], [ 73.504651067951144, -53.163801738075861 ], [ 73.504498847858457, -53.163926132998455 ], [ 73.504253747499973, -53.164035327188309 ], [ 73.503852383009971, -53.164161269892347 ], [ 73.503539206145021, -53.164213471208164 ], [ 73.50331757708058, -53.164542825021641 ], [ 73.502891041150463, -53.16494445093317 ], [ 73.502905762636232, -53.165009743015638 ], [ 73.502944986881033, -53.165183707713759 ], [ 73.502863598134283, -53.165285600869495 ], [ 73.502567275914728, -53.165300587450162 ], [ 73.502473785808732, -53.165309367489279 ], [ 73.502215836426146, -53.165333592173361 ], [ 73.501916744970472, -53.165428068531796 ], [ 73.501654764649899, -53.16557446919829 ], [ 73.50142162521378, -53.165786724390756 ], [ 73.501189624101741, -53.165966247367095 ], [ 73.50100039557438, -53.166258580579786 ], [ 73.500717954975457, -53.166545062071435 ], [ 73.500220901287236, -53.166735280186636 ], [ 73.499907864489742, -53.166782795807741 ], [ 73.499483771021389, -53.166889725598011 ], [ 73.49909988648713, -53.166959736519559 ], [ 73.498893497627307, -53.16707408566252 ], [ 73.498572784703128, -53.167341367683193 ], [ 73.498525499283957, -53.167134938949026 ], [ 73.498453891495615, -53.166956271617984 ], [ 73.498374339958048, -53.166782182090067 ], [ 73.498516086297329, -53.166512644413736 ], [ 73.498468965229534, -53.166301539681342 ], [ 73.498553794248721, -53.166101454546244 ], [ 73.498419614143373, -53.165931354305478 ], [ 73.498243372629616, -53.166074150515591 ], [ 73.498096784247451, -53.166259422560763 ], [ 73.497863623609675, -53.166471670613333 ], [ 73.497577300054047, -53.166645823440902 ], [ 73.497256970212163, -53.166679206056529 ], [ 73.496974401289762, -53.166745810481935 ], [ 73.496881091692529, -53.166520088114908 ], [ 73.496905151399403, -53.166277134980383 ], [ 73.496624872850418, -53.166278275258492 ], [ 73.496666620423113, -53.16597473123155 ], [ 73.496711898971483, -53.165792860162547 ], [ 73.496681002934011, -53.165563247384682 ], [ 73.496667303168252, -53.16528707149903 ], [ 73.496937406060823, -53.165131428198421 ], [ 73.497009129245015, -53.164861008446728 ], [ 73.496785839684364, -53.164568153215065 ], [ 73.496748307325362, -53.164305710523614 ], [ 73.496579748748104, -53.164228734481064 ], [ 73.496143054063509, -53.164251288931332 ], [ 73.495741733167847, -53.164152660139216 ], [ 73.496045897320442, -53.16391324476416 ], [ 73.496413609729728, -53.163637206827147 ], [ 73.496886975679146, -53.163456061679462 ], [ 73.497409960440706, -53.163191336415508 ], [ 73.497002110947676, -53.163279750147495 ], [ 73.497220411822042, -53.162824059318808 ], [ 73.496955226304152, -53.162839424760108 ], [ 73.496691674791663, -53.162808030057882 ], [ 73.496714425765589, -53.162602484450645 ], [ 73.496875914268884, -53.162436114176842 ], [ 73.49713566553315, -53.162130643219569 ], [ 73.496808242440551, -53.162145222879339 ], [ 73.496460028617136, -53.16230923574777 ], [ 73.496327371766426, -53.16254146176923 ], [ 73.495906119076807, -53.163013300017987 ], [ 73.49541228636852, -53.163334523254058 ], [ 73.495212469269674, -53.163706240077332 ], [ 73.49494745901535, -53.164161337010519 ], [ 73.495509296890063, -53.164121655881253 ], [ 73.495392190390277, -53.164354077300658 ], [ 73.494872124383178, -53.164534626366695 ], [ 73.494169573918413, -53.16459123747142 ], [ 73.493539260133858, -53.164807810852636 ], [ 73.492871263238072, -53.165211024793606 ], [ 73.492837358997235, -53.164845710266434 ], [ 73.493017708901093, -53.164586023473959 ], [ 73.493464562696545, -53.164273571808813 ], [ 73.493578731598205, -53.164125319409393 ], [ 73.492858658997591, -53.164237837343315 ], [ 73.492498457431822, -53.16429877061173 ], [ 73.492448668081792, -53.163942610858818 ], [ 73.492944168053086, -53.163574640686136 ], [ 73.493397235314688, -53.163084503157485 ], [ 73.493564452692766, -53.162922573235875 ], [ 73.493864542979949, -53.162631968183511 ], [ 73.494340854403887, -53.162366666028056 ], [ 73.494745902834083, -53.161913340472395 ], [ 73.495350608341056, -53.161537384651595 ], [ 73.495946474835861, -53.161413927220948 ], [ 73.49628890535196, -53.161281599506623 ], [ 73.496767042848219, -53.161096826604584 ], [ 73.497148979369882, -53.160858390135424 ], [ 73.497668664668055, -53.160687182553112 ], [ 73.497947551235967, -53.160279034807054 ], [ 73.498423811460881, -53.160013715856053 ], [ 73.498912362246529, -53.159842110323559 ], [ 73.499374683233725, -53.159529831716021 ], [ 73.499741358069599, -53.159281838673856 ], [ 73.499932310554968, -53.159162615676934 ], [ 73.500437382984586, -53.158963143952853 ], [ 73.500805918547258, -53.159108124651404 ], [ 73.501094459247994, -53.158868499852368 ], [ 73.50124374651584, -53.158624952987203 ], [ 73.501259500368263, -53.158599252017581 ], [ 73.501748675266882, -53.15840893074045 ], [ 73.502454045285035, -53.158268106603899 ], [ 73.502784271772143, -53.158229897499027 ], [ 73.502891652619198, -53.158217472704649 ], [ 73.503025176228405, -53.158406271964509 ], [ 73.502716207940423, -53.158785985068867 ], [ 73.503199521950819, -53.15876399278833 ], [ 73.503380108723007, -53.158494937479091 ], [ 73.503904944459805, -53.158174071087316 ], [ 73.50424046377762, -53.157925672921849 ], [ 73.504465675549014, -53.157808867859899 ], [ 73.504716009284849, -53.157679032149623 ], [ 73.505204833703814, -53.157498048418532 ], [ 73.505738381526029, -53.157373760095354 ], [ 73.505967402666798, -53.157410303599853 ], [ 73.506311134921503, -53.157465149915367 ], [ 73.506706900494152, -53.157722726270229 ] ] ], [ [ [ 73.516441751159306, -53.158679999041681 ], [ 73.51644175115932, -53.158679999041674 ], [ 73.516441423630454, -53.158683444700166 ], [ 73.516441751159306, -53.158679999041681 ] ] ] ] } },
{ "type": "Feature", "properties": { "RGIId": "RGI60-19.00012", "name_1": "Deacock", "grid_pixels": 151.0, "observed_pixels": 151.0, "retained_pixels": 135.0, "coverage_percent": 89.403973509933778, "median_speed_m_yr": 111.63755798339844, "pixel_speed_p25_m_yr": 85.111839294433594, "pixel_speed_p75_m_yr": 146.5416259765625, "median_retained_pairs": 29.0, "minimum_elevation_m": 347.33554077148438, "lower_third_limit_m": 613.45513916015625, "upper_third_limit_m": 879.57473754882812, "maximum_elevation_m": 1145.6943359375, "lower_third_speed_m_yr": 69.2603759765625, "lower_third_coverage_percent": 90.0, "lower_third_retained_pixels": 27.0, "middle_third_speed_m_yr": 125.50341796875, "middle_third_coverage_percent": 85.294117647058826, "middle_third_retained_pixels": 58.0, "upper_third_speed_m_yr": 117.04432678222656, "upper_third_coverage_percent": 94.339622641509436, "upper_third_retained_pixels": 50.0, "lower_upper_speed_ratio": 0.59174483617158824, "speed_rank": 20, "year_balanced_speed_m_yr": 111.33662414550781, "retained_pixels_with_all_6_years_percent": 70.370370370370367, "retained_pixels_with_at_least_5_years_percent": 91.851851851851848, "year_balanced_change_percent": -0.26956325749742938, "status": "analysed" }, "geometry": { "type": "Polygon", "coordinates": [ [ [ 73.511841820542003, -53.16298074631613 ], [ 73.512227161539002, -53.16283471670112 ], [ 73.512403828676014, -53.162677871336946 ], [ 73.512522294097451, -53.16240334854794 ], [ 73.512635260803307, -53.162287809266495 ], [ 73.513053759501659, -53.162115271003927 ], [ 73.51319313557606, -53.161911178775107 ], [ 73.513378060371878, -53.161740401050785 ], [ 73.51369670088431, -53.161529189889713 ], [ 73.513866061731463, -53.161358217168299 ], [ 73.514198803673224, -53.161189282732558 ], [ 73.514517113123389, -53.160987421288752 ], [ 73.5147882859265, -53.161023549588357 ], [ 73.515136291745961, -53.161088703339701 ], [ 73.515486073660796, -53.161102420118809 ], [ 73.515754469358669, -53.160993493343781 ], [ 73.515679214390417, -53.160693162866338 ], [ 73.51568889483714, -53.160412603021221 ], [ 73.515783025075194, -53.160165841772766 ], [ 73.515993728627308, -53.160149755602546 ], [ 73.516212979899791, -53.159885841113635 ], [ 73.516269174338646, -53.159610538755956 ], [ 73.516362009331431, -53.159401184979103 ], [ 73.516540743287379, -53.15918354518503 ], [ 73.516679931906239, -53.158984124596017 ], [ 73.51694214354707, -53.158828338078905 ], [ 73.517242607011269, -53.158691739312481 ], [ 73.517521018651379, -53.158517441207152 ], [ 73.517938655700931, -53.158368265294875 ], [ 73.518116249896877, -53.158183355043043 ], [ 73.518388002374451, -53.157976226006582 ], [ 73.518905102530482, -53.15765051985651 ], [ 73.518989014121289, -53.157473799136397 ], [ 73.519202545960127, -53.157148993959865 ], [ 73.519427127681482, -53.156955310033673 ], [ 73.519750103834838, -53.156842374955843 ], [ 73.519932567774575, -53.15674172671585 ], [ 73.520023346223454, -53.156817703088144 ], [ 73.520185747546677, -53.15684778936032 ], [ 73.520302277033181, -53.15685391538689 ], [ 73.520435169282109, -53.156836854559444 ], [ 73.520574332134899, -53.156637429163027 ], [ 73.52074531634274, -53.15664423126178 ], [ 73.52077114615652, -53.156572042988977 ], [ 73.520738166824401, -53.156286274807826 ], [ 73.520388361420189, -53.156048028529142 ], [ 73.520236365136157, -53.155976283743065 ], [ 73.520599937901224, -53.155695338034853 ], [ 73.521905071480603, -53.155222463549556 ], [ 73.522907565389417, -53.154768504043687 ], [ 73.522993943217955, -53.154702584121907 ], [ 73.523397619194185, -53.154415404891019 ], [ 73.523578624498938, -53.15436377924636 ], [ 73.523644282228105, -53.154312926389757 ], [ 73.523987505290947, -53.154977934461435 ], [ 73.524589177216669, -53.155889517877739 ], [ 73.525250242345734, -53.157372969882658 ], [ 73.526000074009119, -53.158571903345816 ], [ 73.527223171088792, -53.159824152841644 ], [ 73.528223554024493, -53.160645352486611 ], [ 73.528597867406376, -53.161268670863357 ], [ 73.529549523015646, -53.163517050667622 ], [ 73.529696543852467, -53.163915079012881 ], [ 73.529669943273703, -53.163991624814606 ], [ 73.529401137635588, -53.164568377503734 ], [ 73.529223456727024, -53.165211746927739 ], [ 73.528839305506793, -53.165974193648104 ], [ 73.528601600413069, -53.166551328652012 ], [ 73.528477305857066, -53.166998880597127 ], [ 73.528641134023886, -53.167216092511389 ], [ 73.529040641785357, -53.167370723346146 ], [ 73.529441111751993, -53.167497296731355 ], [ 73.529684998227822, -53.167650003724248 ], [ 73.529803745153231, -53.167819877465732 ], [ 73.529749064192274, -53.168053102175804 ], [ 73.529722311231041, -53.168380231519578 ], [ 73.529653025247157, -53.16858520790521 ], [ 73.529733934203563, -53.168951090284253 ], [ 73.529895218454186, -53.169243116824546 ], [ 73.530203606999734, -53.16933112690932 ], [ 73.530290594569223, -53.169519320113011 ], [ 73.530173020852217, -53.169770480802264 ], [ 73.530149146628958, -53.170013441797643 ], [ 73.530408613340185, -53.170166339436001 ], [ 73.530584831175617, -53.170477261171293 ], [ 73.530601409820008, -53.170561669570162 ], [ 73.530622838124074, -53.170618069844188 ], [ 73.53065807276873, -53.17072609835482 ], [ 73.530693307585409, -53.170834126854324 ], [ 73.530722677835413, -53.170885947091215 ], [ 73.53072854257411, -53.170942155342736 ], [ 73.530742828335534, -53.170979755509947 ], [ 73.531048879964132, -53.170908682761699 ], [ 73.53110730204186, -53.171021675101507 ], [ 73.530976982918418, -53.17107620368752 ], [ 73.53079384399588, -53.171195572455034 ], [ 73.530830197816357, -53.171270868765276 ], [ 73.53088163653176, -53.171360385109942 ], [ 73.530973697430113, -53.171628166145602 ], [ 73.53094838876595, -53.171913211437406 ], [ 73.53085703421138, -53.172080492278546 ], [ 73.53071674903245, -53.172312661310485 ], [ 73.530714145782511, -53.172616698591952 ], [ 73.530815881823301, -53.172874807589565 ], [ 73.5308216129893, -53.172889347727612 ], [ 73.530765173042298, -53.173174008917009 ], [ 73.530722219941964, -53.173519650315292 ], [ 73.530631932117473, -53.173883419694384 ], [ 73.530637589869997, -53.174173524847383 ], [ 73.530768887357553, -53.174432433960597 ], [ 73.531052529221427, -53.174562238198746 ], [ 73.531094751865169, -53.174693742617443 ], [ 73.531141722270348, -53.174914187353004 ], [ 73.531301324675951, -53.175028427240974 ], [ 73.531272159142873, -53.175055822115986 ], [ 73.531212839922787, -53.175111539896903 ], [ 73.530974725939998, -53.17524426497279 ], [ 73.53085985613852, -53.175415933722483 ], [ 73.530729579642298, -53.175582734321715 ], [ 73.53056912975967, -53.175721094602764 ], [ 73.530348813757271, -53.175788546177934 ], [ 73.530068203469881, -53.175569895947994 ], [ 73.529928804390735, -53.175320242089327 ], [ 73.529726665747447, -53.175083847563492 ], [ 73.529343769231829, -53.174896678799428 ], [ 73.529149682882633, -53.174880248201724 ], [ 73.529074680031798, -53.175024339647116 ], [ 73.529122760152518, -53.175212052999022 ], [ 73.529271856354342, -53.175405691700718 ], [ 73.529427936990274, -53.175622806382734 ], [ 73.529343231580469, -53.175822914056745 ], [ 73.529164811197163, -53.176031220415702 ], [ 73.529008457874141, -53.176277222953239 ], [ 73.529008561524464, -53.176501767696237 ], [ 73.528788879143832, -53.176550512281814 ], [ 73.528558111336267, -53.17646813582639 ], [ 73.528374682128444, -53.176367631857474 ], [ 73.528057183628022, -53.176316928720929 ], [ 73.527939159292657, -53.176352894025626 ], [ 73.527592195086427, -53.176025824074785 ], [ 73.52753377573265, -53.175912830120048 ], [ 73.527432343351009, -53.175691710579315 ], [ 73.52729215842588, -53.175465433794862 ], [ 73.52697338629622, -53.175452135896123 ], [ 73.526691673880535, -53.17526620989949 ], [ 73.52626129174439, -53.175101833730906 ], [ 73.525918445760709, -53.17488240348181 ], [ 73.525805116581267, -53.174895034816849 ], [ 73.525712686945099, -53.174865822812833 ], [ 73.52561247480962, -53.174836514398606 ], [ 73.525587363106709, -53.174887661454953 ], [ 73.525516677970217, -53.174905498390821 ], [ 73.525444389137562, -53.174970095350773 ], [ 73.525349393603065, -53.17501569917048 ], [ 73.525248860602957, -53.174995742462954 ], [ 73.525148327697622, -53.17497578567118 ], [ 73.525079406680319, -53.174942186279594 ], [ 73.525009844127197, -53.174927290871679 ], [ 73.524901047591612, -53.174921265510598 ], [ 73.524909953183197, -53.174888629857577 ], [ 73.524903614351246, -53.174846449421764 ], [ 73.524881710295929, -53.174804076212041 ], [ 73.524879102383153, -53.17476661997383 ], [ 73.525017983541034, -53.174576542240736 ], [ 73.525070453482741, -53.174408784276189 ], [ 73.525469929143568, -53.174338882594128 ], [ 73.525691848484087, -53.174224679952282 ], [ 73.52576164388303, -53.174005678230444 ], [ 73.525783621689015, -53.173818830560279 ], [ 73.525640886038715, -53.173667367998448 ], [ 73.525460682638851, -53.17347333946541 ], [ 73.525244540200333, -53.173419205448475 ], [ 73.52514064282073, -53.173497444824562 ], [ 73.524902198532473, -53.173639509740525 ], [ 73.524903564327772, -53.173826646383453 ], [ 73.525314911144505, -53.173864486101735 ], [ 73.525324863065563, -53.174028339067718 ], [ 73.525179806446147, -53.174171560763796 ], [ 73.524922502588922, -53.174182408396518 ], [ 73.524857354929054, -53.174265805417804 ], [ 73.524625162941959, -53.174225505501667 ], [ 73.524405086654994, -53.174059049415945 ], [ 73.524134786362168, -53.173994886435317 ], [ 73.523864005296574, -53.173944750858553 ], [ 73.523668480543904, -53.173970395406485 ], [ 73.523595066637569, -53.174067723270362 ], [ 73.523489398404024, -53.174197397201993 ], [ 73.523427855409437, -53.174402465976101 ], [ 73.52327725702412, -53.174480124774746 ], [ 73.523125533799188, -53.174590515392588 ], [ 73.523126891811657, -53.174777651973173 ], [ 73.522878562778558, -53.174980404230382 ], [ 73.522620841993373, -53.175229819416757 ], [ 73.522449371013167, -53.175461592062334 ], [ 73.522375148244166, -53.175582299112506 ], [ 73.522416541741094, -53.17573718640535 ], [ 73.522406991276327, -53.175788525851374 ], [ 73.522402813085279, -53.175910101839179 ], [ 73.522213936313165, -53.175968572468165 ], [ 73.522040235905877, -53.175812043428401 ], [ 73.521929763347416, -53.175628230813544 ], [ 73.521699978502184, -53.175517785192675 ], [ 73.52141635905717, -53.175387958855353 ], [ 73.521168438148464, -53.175352134956064 ], [ 73.521001462694471, -53.175452977536764 ], [ 73.521067325272099, -53.175575423211107 ], [ 73.521171619551069, -53.175712380000022 ], [ 73.52132207787426, -53.175826323210643 ], [ 73.521353742429838, -53.175850302914341 ], [ 73.521384615860057, -53.176084585867684 ], [ 73.521231336822126, -53.176466278407183 ], [ 73.521025120813505, -53.176575989820428 ], [ 73.520767754208038, -53.176588231126573 ], [ 73.520557179988828, -53.176598246394789 ], [ 73.520315645627477, -53.176829145730302 ], [ 73.51983149184953, -53.176869910029495 ], [ 73.519662952054418, -53.177242054958803 ], [ 73.519243634248454, -53.177208774783793 ], [ 73.519175467429235, -53.176927247668289 ], [ 73.5190382730609, -53.176841338009702 ], [ 73.518800817164987, -53.17650156969075 ], [ 73.51865385910466, -53.176247130333152 ], [ 73.518356176873141, -53.176299563611707 ], [ 73.518208577493823, -53.17606382768237 ], [ 73.518184859545045, -53.175848344814838 ], [ 73.51816049717354, -53.175651565899614 ], [ 73.517898140431555, -53.175582809613459 ], [ 73.517563761395436, -53.175344748487518 ], [ 73.517618195947193, -53.175120882158396 ], [ 73.517722549626924, -53.174804077124016 ], [ 73.517570444609134, -53.174699268140323 ], [ 73.517418985269401, -53.174575755005748 ], [ 73.517228333959693, -53.17468565362266 ], [ 73.516955662355201, -53.174916158613271 ], [ 73.516451121743799, -53.175096995149516 ], [ 73.516218933480616, -53.175056678874697 ], [ 73.516070704476064, -53.174839644308733 ], [ 73.516454272100091, -53.174554386692037 ], [ 73.516650409552454, -53.174285505710905 ], [ 73.517058647316489, -53.174187673317 ], [ 73.517094615246108, -53.174047781212359 ], [ 73.516973321591493, -53.173952711037366 ], [ 73.516552424833463, -53.173966181501378 ], [ 73.516197088548466, -53.174335995099369 ], [ 73.515940230383578, -53.174108250987366 ], [ 73.515904510546122, -53.173789702019448 ], [ 73.515962824875487, -53.173453612732011 ], [ 73.516022752018344, -53.173070763508903 ], [ 73.515712037663519, -53.172599091806191 ], [ 73.515654622607769, -53.172458036285327 ], [ 73.515536242249311, -53.172278796892321 ], [ 73.515378596603213, -53.171883879926149 ], [ 73.514829593690379, -53.171549575220034 ], [ 73.51467777153249, -53.170986321804563 ], [ 73.514389490665479, -53.170767538195186 ], [ 73.514324272915815, -53.170401840538943 ], [ 73.514428638680926, -53.170085038236401 ], [ 73.514433821804502, -53.170047678870255 ], [ 73.514466402444143, -53.170005983235107 ], [ 73.514538214587873, -53.169955420905893 ], [ 73.514580514938146, -53.16985771044223 ], [ 73.514521168838783, -53.169772766216823 ], [ 73.514441884245414, -53.169701607269786 ], [ 73.51396685428125, -53.169480493012983 ], [ 73.513460056386009, -53.169277692329686 ], [ 73.512938629382063, -53.168597550401067 ], [ 73.512437022410239, -53.16824511391939 ], [ 73.51241634629713, -53.168330118108493 ], [ 73.512400721089136, -53.168394356646196 ], [ 73.512090435234768, -53.1683624125574 ], [ 73.511637171787683, -53.168412885039544 ], [ 73.511280545390946, -53.168820092186017 ], [ 73.510953743176898, -53.16926509519827 ], [ 73.510390231175293, -53.169351608577749 ], [ 73.509828661306742, -53.169382007537727 ], [ 73.509310862677026, -53.169497155821524 ], [ 73.509195760496496, -53.16967347931157 ], [ 73.508991168323547, -53.169736410261415 ], [ 73.508633212720156, -53.169731928453523 ], [ 73.508172802685849, -53.169539042028973 ], [ 73.508327793327652, -53.169110606757279 ], [ 73.508384537918772, -53.168821281049837 ], [ 73.508614418936347, -53.168477987432823 ], [ 73.508921461303174, -53.16815437147492 ], [ 73.508961989449446, -53.167883554476134 ], [ 73.509304039700638, -53.167448103649164 ], [ 73.509519639912327, -53.167067205482347 ], [ 73.509828609395981, -53.166687475235868 ], [ 73.509884692368274, -53.166416852527469 ], [ 73.509878850624517, -53.166136098979088 ], [ 73.510079368903803, -53.165965521426713 ], [ 73.510245036697327, -53.165902101776851 ], [ 73.510170622192888, -53.165578388360245 ], [ 73.510170615820712, -53.165353843895062 ], [ 73.510402075343791, -53.164739242082533 ], [ 73.510793855210352, -53.164440071225712 ], [ 73.511038444921908, -53.164120346894087 ], [ 73.511313505937906, -53.163819715003171 ], [ 73.511675752398716, -53.163248847596982 ], [ 73.511832802706692, -53.162984163706504 ], [ 73.511841820542003, -53.16298074631613 ] ] ] } },
{ "type": "Feature", "properties": { "RGIId": "RGI60-19.00013", "name_1": "Downes", "grid_pixels": 1079.0, "observed_pixels": 1079.0, "retained_pixels": 1049.0, "coverage_percent": 97.219647822057468, "median_speed_m_yr": 180.41342163085938, "pixel_speed_p25_m_yr": 89.16357421875, "pixel_speed_p75_m_yr": 267.02499389648438, "median_retained_pairs": 78.0, "minimum_elevation_m": 0.99260395765304565, "lower_third_limit_m": 792.03649183114373, "upper_third_limit_m": 1583.0803797046344, "maximum_elevation_m": 2374.124267578125, "lower_third_speed_m_yr": 101.57038879394531, "lower_third_coverage_percent": 98.39228295819936, "lower_third_retained_pixels": 612.0, "middle_third_speed_m_yr": 249.12957763671875, "middle_third_coverage_percent": 100.0, "middle_third_retained_pixels": 333.0, "upper_third_speed_m_yr": 177.86557006835938, "upper_third_coverage_percent": 83.870967741935488, "upper_third_retained_pixels": 104.0, "lower_upper_speed_ratio": 0.57105143370304101, "speed_rank": 10, "year_balanced_speed_m_yr": 180.70846557617188, "retained_pixels_with_all_6_years_percent": 98.188751191611061, "retained_pixels_with_at_least_5_years_percent": 99.33269780743565, "year_balanced_change_percent": 0.16353769173347299, "status": "analysed" }, "geometry": { "type": "Polygon", "coordinates": [ [ [ 73.544615029655162, -53.041519360730668 ], [ 73.544217986125773, -53.041887435880057 ], [ 73.544161385444454, -53.042078249761708 ], [ 73.544878943742006, -53.042621232925121 ], [ 73.544725435677861, -53.042710068533367 ], [ 73.544645670511557, -53.04309210579958 ], [ 73.544790356849134, -53.043265224018022 ], [ 73.545070480042938, -53.043389602301097 ], [ 73.54529110572129, -53.043329891070123 ], [ 73.545325081573765, -53.043655962736516 ], [ 73.544376611363859, -53.045552903156313 ], [ 73.541953592691854, -53.049556151397042 ], [ 73.540478711761082, -53.052821959172327 ], [ 73.539109179468198, -53.056087766947655 ], [ 73.538055693089078, -53.05703590468886 ], [ 73.53615941760664, -53.058089391067988 ], [ 73.535105931227505, -53.059458923360864 ], [ 73.533631050296719, -53.061355198843323 ], [ 73.53152407753845, -53.063251474325732 ], [ 73.529627802055998, -53.06504240117026 ], [ 73.527204783384022, -53.067781465756021 ], [ 73.524992461987836, -53.069993787152178 ], [ 73.522780140591664, -53.073154246289583 ], [ 73.522607422388518, -53.073470912144892 ], [ 73.522561016173185, -53.073418067895297 ], [ 73.523258825681964, -53.072466679985375 ], [ 73.523212642056365, -53.071982301566784 ], [ 73.522413304381928, -53.072599812363165 ], [ 73.522367514292128, -53.073204000194316 ], [ 73.521614583076285, -53.073565060499675 ], [ 73.521015424592775, -53.074200168045564 ], [ 73.521188726803274, -53.075003624369231 ], [ 73.520816543109447, -53.075974167662658 ], [ 73.520939916698168, -53.076769443948777 ], [ 73.521045574340789, -53.076830845211752 ], [ 73.520567819195492, -53.078210980909418 ], [ 73.519889804954488, -53.079634838571209 ], [ 73.519874998492824, -53.07963635292905 ], [ 73.518685492850935, -53.079545956007784 ], [ 73.518603975944544, -53.079726368002284 ], [ 73.519364504418064, -53.079879463591688 ], [ 73.519438601126765, -53.080281036455489 ], [ 73.519446825992901, -53.080521970933432 ], [ 73.518144800523487, -53.082424926425929 ], [ 73.516564570954785, -53.084215853270479 ], [ 73.516117333522487, -53.08503578856299 ], [ 73.516071938597321, -53.085119012592443 ], [ 73.516043687375955, -53.085012458781108 ], [ 73.515354220719075, -53.0854907223559 ], [ 73.515234487389847, -53.085573777989538 ], [ 73.513540051099397, -53.086600154827373 ], [ 73.51184568652441, -53.087626418798557 ], [ 73.511337054531666, -53.08803120703277 ], [ 73.509552600006174, -53.089262807020269 ], [ 73.509178669689604, -53.089520887328085 ], [ 73.508222961384973, -53.089581006168132 ], [ 73.507513943994923, -53.089524647964907 ], [ 73.507119130773361, -53.089519785532609 ], [ 73.506991882687814, -53.089620728513303 ], [ 73.506916677709498, -53.089612004937266 ], [ 73.506653249675097, -53.089581447991037 ], [ 73.5061233738532, -53.089558943641613 ], [ 73.505352318228802, -53.089526196147808 ], [ 73.50441136557076, -53.089324232482923 ], [ 73.503509810537167, -53.089184637246603 ], [ 73.503075463767999, -53.089117383737239 ], [ 73.502110439743873, -53.08898963928057 ], [ 73.500383130402085, -53.088509400439747 ], [ 73.500352049608054, -53.088447238851693 ], [ 73.500237552183862, -53.088218244003308 ], [ 73.499139521278025, -53.086479695069038 ], [ 73.498682008400593, -53.084100628106398 ], [ 73.498315998098647, -53.082453581747664 ], [ 73.498865013551566, -53.081721561143752 ], [ 73.499597034155457, -53.080166017360497 ], [ 73.499688536730943, -53.078152960699782 ], [ 73.49950553157997, -53.076780422067486 ], [ 73.49950553157997, -53.073486329349961 ], [ 73.499139521278025, -53.07257130359509 ], [ 73.499139521278025, -53.07156477526474 ], [ 73.499360482487447, -53.070515227264586 ], [ 73.499621091002084, -53.071105061216734 ], [ 73.500061914790621, -53.071783413076091 ], [ 73.500038016608457, -53.072471024324614 ], [ 73.500339274339552, -53.073192972197219 ], [ 73.499905017504261, -53.073769577641542 ], [ 73.500881658710526, -53.073116653068467 ], [ 73.500420967429406, -53.072286864579212 ], [ 73.500477509069938, -53.071743294778209 ], [ 73.50069052893231, -53.071753538813105 ], [ 73.501509337002744, -53.072391290778782 ], [ 73.501857963632858, -53.072834130659892 ], [ 73.501824828570278, -53.072342347488679 ], [ 73.500275574867018, -53.071052836986681 ], [ 73.500119949166134, -53.070113499679934 ], [ 73.500284993406126, -53.069336953653981 ], [ 73.500428616483944, -53.068454304592095 ], [ 73.501011251017133, -53.067940042488814 ], [ 73.501828026108583, -53.067549677919317 ], [ 73.501576742786284, -53.066473066797819 ], [ 73.501674130617559, -53.065113586150858 ], [ 73.501388427299148, -53.063582971404649 ], [ 73.501997726874919, -53.062297972638035 ], [ 73.502783603742159, -53.061347810595606 ], [ 73.504069061056001, -53.060464402352629 ], [ 73.5023355396726, -53.060518186413354 ], [ 73.50181774918974, -53.061698506667852 ], [ 73.500872927818989, -53.062888563292667 ], [ 73.500264054795494, -53.064521298203438 ], [ 73.499947797467655, -53.066399623151355 ], [ 73.499508255873707, -53.066540093886012 ], [ 73.499871541881916, -53.065159594980642 ], [ 73.49978003930643, -53.063695553772881 ], [ 73.499322526428998, -53.060858973932802 ], [ 73.498875372333714, -53.05977302827278 ], [ 73.498682008400593, -53.059303430149541 ], [ 73.499048018702538, -53.058662912121129 ], [ 73.499871541881916, -53.057198870913339 ], [ 73.500695065061294, -53.05536881940359 ], [ 73.50179309596713, -53.054453793648726 ], [ 73.502891126872981, -53.053538767893848 ], [ 73.503989157778818, -53.052166229261559 ], [ 73.505178691260141, -53.050153172600851 ], [ 73.506185219590492, -53.048689131393068 ], [ 73.507740763373761, -53.047225090185307 ], [ 73.509113302006071, -53.045761048977511 ], [ 73.509662317458989, -53.043473484590329 ], [ 73.509783687695005, -53.041769384621105 ], [ 73.509892583973624, -53.04098281109497 ], [ 73.509982005343034, -53.041043892851761 ], [ 73.510518285282714, -53.040797992385059 ], [ 73.511083014421516, -53.040627295249458 ], [ 73.511582450632559, -53.04054934038836 ], [ 73.511936436992258, -53.040637975386034 ], [ 73.512281992383407, -53.040520667516631 ], [ 73.512603658651926, -53.040646321047824 ], [ 73.512734295999877, -53.040909928147066 ], [ 73.512846520829157, -53.041257510635695 ], [ 73.51300883938525, -53.041502801108422 ], [ 73.513486008282655, -53.041621039939081 ], [ 73.514006115453043, -53.041393634098789 ], [ 73.51417415071171, -53.041021485522492 ], [ 73.514024049596472, -53.040420813846957 ], [ 73.514417755469665, -53.040257320380356 ], [ 73.514787175988346, -53.03989704226359 ], [ 73.515010192975311, -53.039731415344818 ], [ 73.514947396298041, -53.039300246275005 ], [ 73.514459233911865, -53.039050889078126 ], [ 73.514737561624571, -53.039082433620194 ], [ 73.514882029324099, -53.038943894620125 ], [ 73.514626612803553, -53.038697443992902 ], [ 73.51481987780322, -53.038494021076161 ], [ 73.515531914670873, -53.03810059359413 ], [ 73.515927520799906, -53.037880981746078 ], [ 73.516170314462229, -53.038043066347299 ], [ 73.516602832782283, -53.038104598666074 ], [ 73.516341849683187, -53.037568040174705 ], [ 73.516229926799227, -53.037211108451395 ], [ 73.515945729872342, -53.036898808138282 ], [ 73.516201363190604, -53.036686804990893 ], [ 73.516639219357003, -53.03614025093335 ], [ 73.516926195945231, -53.035919280952491 ], [ 73.516862742999081, -53.03550681692456 ], [ 73.516702029309755, -53.035214770489581 ], [ 73.516642110461234, -53.034699432142169 ], [ 73.516910243930468, -53.034122691523784 ], [ 73.51693238830012, -53.033477389695783 ], [ 73.516905422383445, -53.032906325032592 ], [ 73.517145400897462, -53.032245026860707 ], [ 73.516912263116822, -53.031802378202435 ], [ 73.51687663342399, -53.03148382289821 ], [ 73.516859217374218, -53.031388886833973 ], [ 73.516769568749027, -53.03090019981147 ], [ 73.516745889774555, -53.030771120691647 ], [ 73.516452958271302, -53.030262231761228 ], [ 73.51600907863083, -53.029629827870522 ], [ 73.515520649019621, -53.029165277913272 ], [ 73.515059513093561, -53.028894637882992 ], [ 73.514714383979324, -53.028692078719196 ], [ 73.513376103548225, -53.027669564255412 ], [ 73.513261941268311, -53.027153545238292 ], [ 73.512785414566991, -53.027021278076425 ], [ 73.51242914644989, -53.026566333315174 ], [ 73.511960399112866, -53.025967739585298 ], [ 73.511415993091632, -53.025553930830071 ], [ 73.510781292328303, -53.025284010254964 ], [ 73.51074185738679, -53.025271498250618 ], [ 73.510305438433775, -53.025133028941156 ], [ 73.509902630740129, -53.02511394812079 ], [ 73.509567832965004, -53.024922628163822 ], [ 73.509022026298467, -53.024775443045698 ], [ 73.50917065599873, -53.024515332086899 ], [ 73.508717921339354, -53.024369312263161 ], [ 73.508905328482413, -53.024109687882401 ], [ 73.509110179122032, -53.023794144537099 ], [ 73.509195738783163, -53.023367946877997 ], [ 73.50920385692217, -53.023327507593947 ], [ 73.509265705688293, -53.022883862130037 ], [ 73.509202103144105, -53.022703347276277 ], [ 73.509146834028144, -53.022506173612143 ], [ 73.509180111861895, -53.022441097203242 ], [ 73.509198201857501, -53.022366474159128 ], [ 73.509200136674451, -53.022310361044397 ], [ 73.509202716420347, -53.02223554355723 ], [ 73.509175565786535, -53.022122928444389 ], [ 73.509178951733446, -53.02202473049023 ], [ 73.509149866431542, -53.021968228486763 ], [ 73.509107367312623, -53.021850742816746 ], [ 73.509154058602121, -53.021846650065292 ], [ 73.509195252126446, -53.021776994769908 ], [ 73.509151301937692, -53.021701593952763 ], [ 73.509155977768614, -53.021565987245495 ], [ 73.509068561824634, -53.021401157284828 ], [ 73.508852457235079, -53.02091855103027 ], [ 73.508266938996613, -53.020349833658592 ], [ 73.508143164752099, -53.019889825518305 ], [ 73.508036031593562, -53.019397279169226 ], [ 73.508114857412465, -53.019136293567378 ], [ 73.50828867167084, -53.018820362105785 ], [ 73.50851321588955, -53.018607985261482 ], [ 73.508977514055545, -53.018641876510685 ], [ 73.509764759937809, -53.018759341526241 ], [ 73.51028803568822, -53.018882850937018 ], [ 73.511318738069107, -53.018914471074623 ], [ 73.512310669635809, -53.018945597232097 ], [ 73.513231365207929, -53.019017927509587 ], [ 73.514041530943558, -53.018920457422411 ], [ 73.514689330796259, -53.018806919571539 ], [ 73.51557788608892, -53.018911577011131 ], [ 73.516509870757801, -53.018881104321295 ], [ 73.517612453266082, -53.018852751110799 ], [ 73.519018100662507, -53.018809450018921 ], [ 73.520875265834832, -53.018720290156828 ], [ 73.521503539446527, -53.01872342514865 ], [ 73.522718991716033, -53.018570118949945 ], [ 73.523888068552139, -53.018411546602017 ], [ 73.525379692642744, -53.018121297900741 ], [ 73.525821374518415, -53.018136130437028 ], [ 73.526531008619997, -53.018027972922994 ], [ 73.527554635363785, -53.017811425017015 ], [ 73.528546916519304, -53.017603836689183 ], [ 73.529258602847449, -53.017434872982925 ], [ 73.529860293309653, -53.017306648159682 ], [ 73.530182475931198, -53.017413549208634 ], [ 73.530498050148879, -53.017258393805392 ], [ 73.53096002892616, -53.016903887785141 ], [ 73.531452063881403, -53.016577819813506 ], [ 73.5319846079272, -53.016200790772729 ], [ 73.532321343717598, -53.016335934353286 ], [ 73.532471823915316, -53.016473456601346 ], [ 73.532421807977471, -53.016575757643984 ], [ 73.532115904456873, -53.01667490022399 ], [ 73.532213216852654, -53.016779019732347 ], [ 73.532449470548272, -53.016903566376499 ], [ 73.532298649165341, -53.017004623249285 ], [ 73.531908874445548, -53.017060627148361 ], [ 73.531450263388706, -53.017087711055467 ], [ 73.531374123017656, -53.017273894923335 ], [ 73.531560675437632, -53.017491391581736 ], [ 73.531962763935127, -53.017758330029757 ], [ 73.532839462660377, -53.017984342685338 ], [ 73.533159913004653, -53.018142673351896 ], [ 73.533683250120887, -53.018266080237559 ], [ 73.534117645123004, -53.018495984794981 ], [ 73.534430507930523, -53.018649540344192 ], [ 73.535088525876844, -53.018919621921988 ], [ 73.535807168028612, -53.019003322226332 ], [ 73.536566801682625, -53.019022029226143 ], [ 73.536836628876273, -53.01884290360114 ], [ 73.537336875504508, -53.018732105156751 ], [ 73.537751984246825, -53.018844806564502 ], [ 73.538095082438034, -53.018792887765755 ], [ 73.53846776544907, -53.018554207598839 ], [ 73.538733145792676, -53.018276782959319 ], [ 73.539053132934015, -53.018219899323675 ], [ 73.539906439817855, -53.018221023449513 ], [ 73.540459216598919, -53.018162316003092 ], [ 73.540970829585419, -53.017944045578439 ], [ 73.541327665266522, -53.017714518294767 ], [ 73.541567551241371, -53.017502268071077 ], [ 73.541982945976613, -53.017376375202851 ], [ 73.542221280684501, -53.017440112482284 ], [ 73.542362938670777, -53.017610260535903 ], [ 73.542541793704927, -53.017827645296528 ], [ 73.542910853863674, -53.017925729994239 ], [ 73.54437632466005, -53.018177582488541 ], [ 73.545623428022239, -53.018464171087267 ], [ 73.546935413212509, -53.018667333616349 ], [ 73.548123651239223, -53.018859614616041 ], [ 73.549299679970133, -53.019219548666875 ], [ 73.549429072281441, -53.019259149262162 ], [ 73.549580770689673, -53.019345195260023 ], [ 73.550373095696671, -53.019794607235148 ], [ 73.551267950720856, -53.019945855053564 ], [ 73.552083384667213, -53.020152266208065 ], [ 73.552645360417586, -53.020289023842572 ], [ 73.552567327353415, -53.020576825003587 ], [ 73.552338074002819, -53.021094888139565 ], [ 73.552106163602716, -53.021837503250225 ], [ 73.551961713293608, -53.022270854177513 ], [ 73.551532633991101, -53.023558092085082 ], [ 73.551532479000073, -53.02355809782339 ], [ 73.551253455977175, -53.024468231777625 ], [ 73.550908226914487, -53.025642010590715 ], [ 73.550381483724919, -53.028591772452309 ], [ 73.55006543781117, -53.03038269929683 ], [ 73.549967311536236, -53.030873337438315 ], [ 73.549877859126255, -53.030708075868382 ], [ 73.549596980748831, -53.030109971574255 ], [ 73.549337293528751, -53.030264248882304 ], [ 73.549169279860507, -53.03048797593064 ], [ 73.549107863766793, -53.030723754486608 ], [ 73.549157015025614, -53.030853369246415 ], [ 73.549226518394647, -53.030907973411637 ], [ 73.549147275114166, -53.031143534509063 ], [ 73.549177878563867, -53.031294425504612 ], [ 73.549244136183432, -53.031445751410466 ], [ 73.549274740165643, -53.031596642377437 ], [ 73.549306876222488, -53.03177959844124 ], [ 73.549554334663782, -53.032377295658307 ], [ 73.549504637201039, -53.032717577446753 ], [ 73.54865266998037, -53.033126483031118 ], [ 73.548492875121184, -53.033614179828895 ], [ 73.547336368555094, -53.034194738927802 ], [ 73.546185021422488, -53.035118046349474 ], [ 73.54525260980779, -53.035993624274738 ], [ 73.544857410598865, -53.036805213549698 ], [ 73.544382353769663, -53.037504951845136 ], [ 73.543707036489195, -53.038192157130361 ], [ 73.543637195539603, -53.038775901565586 ], [ 73.543440061179638, -53.039001943675459 ], [ 73.5433588777164, -53.039095031073792 ], [ 73.542740462718569, -53.039581341717899 ], [ 73.542555693439354, -53.039704435351055 ], [ 73.542175921207885, -53.039957437172369 ], [ 73.542078063074527, -53.040379568424633 ], [ 73.542637578463314, -53.04064848713849 ], [ 73.543376492708148, -53.040556745500098 ], [ 73.543853205585847, -53.040392194981074 ], [ 73.543968692360806, -53.04035233107529 ], [ 73.544126737870911, -53.040395465430677 ], [ 73.544193460436588, -53.040413675507352 ], [ 73.544432673211702, -53.040478961577925 ], [ 73.54460671034802, -53.040773390902032 ], [ 73.544729242985397, -53.04110750698915 ], [ 73.544620679779044, -53.041498986554934 ], [ 73.544615029655162, -53.041519360730668 ] ], [ [ 73.515551118670871, -53.078698032612884 ], [ 73.515042172142742, -53.078895787405401 ], [ 73.514287720252341, -53.078931726274028 ], [ 73.513701914038975, -53.079173872402293 ], [ 73.514440180026057, -53.079243567532671 ], [ 73.514971758663165, -53.079847400020192 ], [ 73.515551118670871, -53.078698032612884 ] ], [ [ 73.518300625531481, -53.078324092198827 ], [ 73.518485803038175, -53.077683844420662 ], [ 73.517769968030265, -53.077327194406621 ], [ 73.517797740770618, -53.076518678612771 ], [ 73.517262092748538, -53.076398612973556 ], [ 73.517115594506961, -53.075912982024001 ], [ 73.516821730756078, -53.07569765446145 ], [ 73.516768263952798, -53.075061993452181 ], [ 73.517004415795853, -53.074399704657438 ], [ 73.516693081190155, -53.074327788647601 ], [ 73.516309035040834, -53.075275492195665 ], [ 73.516715798417337, -53.076588349935584 ], [ 73.515835320518363, -53.076274992211623 ], [ 73.514829446310941, -53.076322916801715 ], [ 73.514867673110714, -53.076671129056315 ], [ 73.516131856594484, -53.07677761491319 ], [ 73.517184898276128, -53.077183834455802 ], [ 73.517249622822959, -53.077857432581695 ], [ 73.518300625531481, -53.078324092198827 ] ], [ [ 73.518312737335449, -53.073584463878319 ], [ 73.518244016340262, -53.072661353974084 ], [ 73.517274744229184, -53.072377138324455 ], [ 73.51472894645778, -53.074136978196414 ], [ 73.516452274822399, -53.074029967418916 ], [ 73.517321722617083, -53.07429782670647 ], [ 73.518312737335449, -53.073584463878319 ] ], [ [ 73.517869959357313, -53.059430144719236 ], [ 73.518448580100795, -53.059145052367882 ], [ 73.518337048722842, -53.058982394498273 ], [ 73.517543101708014, -53.059204327426478 ], [ 73.517045669081966, -53.059560982606335 ], [ 73.516594937508401, -53.060019011093999 ], [ 73.51634418929541, -53.060499690715318 ], [ 73.51578894042774, -53.061077364293972 ], [ 73.514993992785364, -53.061813312342487 ], [ 73.513893120400837, -53.062686544258483 ], [ 73.511963069303604, -53.06479923128277 ], [ 73.511516599190131, -53.067071567913985 ], [ 73.510376194089517, -53.068599427397253 ], [ 73.510124765846683, -53.07103546859851 ], [ 73.507657446144719, -53.073665480347493 ], [ 73.507584621515704, -53.07528733277961 ], [ 73.505961139985672, -53.076254728805083 ], [ 73.506198101564578, -53.078112293093689 ], [ 73.507304060317693, -53.078075776119157 ], [ 73.50828068949312, -53.077422791168601 ], [ 73.50844796487965, -53.076457276706051 ], [ 73.510250970777207, -53.076590737013689 ], [ 73.510964713243951, -53.075793328537472 ], [ 73.511452510694141, -53.074267380746441 ], [ 73.513524969944044, -53.072892269919436 ], [ 73.513032981014007, -53.071142405437669 ], [ 73.512842185023288, -53.069880109416957 ], [ 73.513886763123821, -53.06870380519706 ], [ 73.514662273056615, -53.067564450179574 ], [ 73.515131036124401, -53.066098724664819 ], [ 73.516539158164917, -53.064564079463501 ], [ 73.516220026193977, -53.063138918851941 ], [ 73.516332734540839, -53.062293663404446 ], [ 73.516493986957926, -53.061983216016749 ], [ 73.516539205808783, -53.061641083683554 ], [ 73.516682691684224, -53.061360652388672 ], [ 73.5171484304459, -53.060953207155016 ], [ 73.517367800700058, -53.06041165905112 ], [ 73.517431464120293, -53.06001935970059 ], [ 73.517675279672986, -53.059740177487164 ], [ 73.517869959357313, -53.059430144719236 ] ], [ [ 73.526355349495503, -53.067062264130925 ], [ 73.52656347565248, -53.066112349925987 ], [ 73.525625169935083, -53.067128812288765 ], [ 73.524765487204689, -53.068781236809492 ], [ 73.523670330068455, -53.069977165917599 ], [ 73.523812888797679, -53.070946545357437 ], [ 73.524980758297602, -53.06982711105578 ], [ 73.525035286677166, -53.068966008863619 ], [ 73.526355349495503, -53.067062264130925 ] ], [ [ 73.503430572865767, -53.058611856369744 ], [ 73.503075199332784, -53.058728337057588 ], [ 73.503193518579579, -53.059296787643106 ], [ 73.503436276922116, -53.059171330451264 ], [ 73.503553320570603, -53.059414706492447 ], [ 73.503951537464374, -53.059510428869288 ], [ 73.504012988963837, -53.058823288056239 ], [ 73.503612159570906, -53.058803127887948 ], [ 73.503430572865767, -53.058611856369744 ] ], [ [ 73.507205994657497, -53.05284604312655 ], [ 73.507218531258317, -53.052483344704576 ], [ 73.507435891509715, -53.052002264493638 ], [ 73.507467235089507, -53.051579326019414 ], [ 73.507346356067558, -53.051204874139472 ], [ 73.507608994299986, -53.050865472308672 ], [ 73.507586694407735, -53.050542654008211 ], [ 73.507745875434125, -53.050292667791439 ], [ 73.507667487167438, -53.049656686605978 ], [ 73.50649537881732, -53.049692372635555 ], [ 73.506167951239689, -53.04997048246738 ], [ 73.50620277873935, -53.050414410417574 ], [ 73.506521500300011, -53.050388174460117 ], [ 73.506750701111628, -53.050532162522806 ], [ 73.506477609228909, -53.050690003308134 ], [ 73.506520801475148, -53.05089213220333 ], [ 73.506220881342401, -53.051341936137838 ], [ 73.506286711793948, -53.051856808576396 ], [ 73.506730498340247, -53.052084125578972 ], [ 73.506439282284049, -53.052282056085303 ], [ 73.506594642767027, -53.052626703763778 ], [ 73.50662041981434, -53.052848772564772 ], [ 73.505982582865542, -53.053395126412902 ], [ 73.505730711068011, -53.053906008458704 ], [ 73.505124546067663, -53.05450315222739 ], [ 73.505303599411917, -53.054646512708892 ], [ 73.50511303723421, -53.054835625351103 ], [ 73.504438916730237, -53.05546214965667 ], [ 73.504002374732238, -53.055990864876009 ], [ 73.504390818028256, -53.05588487659962 ], [ 73.504586970293673, -53.055534566177101 ], [ 73.504912009198719, -53.055326985910924 ], [ 73.505291045747782, -53.055009210681845 ], [ 73.505732791000312, -53.054329366269769 ], [ 73.506270666892988, -53.053771679268699 ], [ 73.506677200206923, -53.053141785840097 ], [ 73.507205994657497, -53.05284604312655 ] ], [ [ 73.540325284220813, -53.040781401770786 ], [ 73.539563854319127, -53.041044196217889 ], [ 73.539524631934725, -53.041215062790357 ], [ 73.54022332123364, -53.041324432808494 ], [ 73.540325284220813, -53.040781401770786 ] ] ] } },
{ "type": "Feature", "properties": { "RGIId": "RGI60-19.00014", "name_1": "Ealey", "grid_pixels": 1364.0, "observed_pixels": 1364.0, "retained_pixels": 1324.0, "coverage_percent": 97.067448680351902, "median_speed_m_yr": 186.0103759765625, "pixel_speed_p25_m_yr": 117.58280944824219, "pixel_speed_p75_m_yr": 329.279052734375, "median_retained_pairs": 66.0, "minimum_elevation_m": 0.46056067943572998, "lower_third_limit_m": 787.33536076545715, "upper_third_limit_m": 1574.2101608514786, "maximum_elevation_m": 2361.0849609375, "lower_third_speed_m_yr": 171.18408203125, "lower_third_coverage_percent": 96.778350515463913, "lower_third_retained_pixels": 751.0, "middle_third_speed_m_yr": 228.85258483886719, "middle_third_coverage_percent": 97.402597402597408, "middle_third_retained_pixels": 450.0, "upper_third_speed_m_yr": 142.59382629394531, "upper_third_coverage_percent": 97.61904761904762, "upper_third_retained_pixels": 123.0, "lower_upper_speed_ratio": 1.2005013574596719, "speed_rank": 9, "year_balanced_speed_m_yr": 186.84088134765625, "retained_pixels_with_all_6_years_percent": 97.885196374622353, "retained_pixels_with_at_least_5_years_percent": 100.0, "year_balanced_change_percent": 0.446483357035099, "status": "analysed" }, "geometry": { "type": "Polygon", "coordinates": [ [ [ 73.5844008364204, -53.057657079301769 ], [ 73.584254993296085, -53.057842465576726 ], [ 73.58460590169922, -53.05803376283972 ], [ 73.585044851021394, -53.057907999210443 ], [ 73.584879501725837, -53.058214783381189 ], [ 73.585270655803029, -53.058125874724119 ], [ 73.585498600020799, -53.058288646228313 ], [ 73.585341469077918, -53.059420590536625 ], [ 73.585170993165463, -53.059713887993134 ], [ 73.585097158640409, -53.059786854864598 ], [ 73.58508173733685, -53.059809974111758 ], [ 73.584546926950267, -53.060611619814338 ], [ 73.584489009676403, -53.060652076503281 ], [ 73.584497462364894, -53.060685762329463 ], [ 73.584427601398431, -53.060790476522669 ], [ 73.583521142928817, -53.061489992792225 ], [ 73.583212859365887, -53.061727920842209 ], [ 73.582289334782587, -53.062294708718881 ], [ 73.582092911192348, -53.062204721744955 ], [ 73.582009945201463, -53.062466172021672 ], [ 73.581674468277015, -53.062672053818964 ], [ 73.581358597253143, -53.062896113402594 ], [ 73.581353148360591, -53.062898955128205 ], [ 73.581030962911626, -53.063066982417169 ], [ 73.580452074157833, -53.063368886516891 ], [ 73.579436844156291, -53.063898352839416 ], [ 73.578948521200203, -53.064153024745657 ], [ 73.577654321583822, -53.065089790634026 ], [ 73.57745557706383, -53.065209754760446 ], [ 73.577313519550486, -53.065295502057964 ], [ 73.575720693507265, -53.066256947358646 ], [ 73.574709077599223, -53.066888314274443 ], [ 73.574394281873367, -53.066765651154292 ], [ 73.573975782847043, -53.066770715033201 ], [ 73.574457195766755, -53.066887355636645 ], [ 73.574163856446404, -53.067155979483481 ], [ 73.574137855321553, -53.067188211701207 ], [ 73.573146126206296, -53.067702183351443 ], [ 73.573046263973751, -53.067853495212795 ], [ 73.572963849982614, -53.067978369392804 ], [ 73.572896767463121, -53.068080013233811 ], [ 73.57276753878601, -53.06832769862627 ], [ 73.572752617041729, -53.068338485739027 ], [ 73.572758807992983, -53.068344432339977 ], [ 73.572533193419957, -53.068776847531538 ], [ 73.572466928155933, -53.068903855427877 ], [ 73.572414472809001, -53.068949261295273 ], [ 73.572164560467115, -53.068916024740986 ], [ 73.571608609745283, -53.069534263191613 ], [ 73.5718314629367, -53.069879631871963 ], [ 73.571425326293266, -53.070015865170568 ], [ 73.571307950432484, -53.070528495932891 ], [ 73.57136524481885, -53.071325442074439 ], [ 73.571208352030951, -53.071515063235822 ], [ 73.571248864998779, -53.071807847005616 ], [ 73.571331460893987, -53.071826527473682 ], [ 73.571264167327584, -53.072231050790776 ], [ 73.571158441567661, -53.072866604722762 ], [ 73.571216212996248, -53.073249424008715 ], [ 73.571352720186795, -53.074153981615851 ], [ 73.571426659980446, -53.074345434821069 ], [ 73.570852017543558, -53.074957166861346 ], [ 73.570356189602833, -53.075526235461581 ], [ 73.569456291851836, -53.076559060583982 ], [ 73.568892610722656, -53.07717951173759 ], [ 73.568472402046481, -53.077642040895299 ], [ 73.567537546618766, -53.077991098894486 ], [ 73.567433711929979, -53.078029869126425 ], [ 73.567444874343693, -53.078011220936659 ], [ 73.568615667980907, -53.077027469030028 ], [ 73.568903071894127, -53.076436252607166 ], [ 73.569859339264909, -53.075863155889067 ], [ 73.570028273290703, -53.075310829614679 ], [ 73.569901445583156, -53.075097641870052 ], [ 73.570243386345453, -53.074880008534009 ], [ 73.570402965998483, -53.07460978724238 ], [ 73.570775022732363, -53.074493306358519 ], [ 73.571085496836034, -53.074214817376841 ], [ 73.571193546177639, -53.073984293033305 ], [ 73.5708468994886, -53.073839020875042 ], [ 73.570556493321405, -53.074016958203494 ], [ 73.570157323727884, -53.073941607516247 ], [ 73.569918771818763, -53.07406977035857 ], [ 73.569680185453464, -53.073693971582784 ], [ 73.569674809589316, -53.073351213638752 ], [ 73.569736349899458, -53.073009260077434 ], [ 73.570002642072154, -53.072548816873748 ], [ 73.570379354425185, -53.072291284202272 ], [ 73.570827647838613, -53.071893501153411 ], [ 73.57095075301639, -53.071713553897929 ], [ 73.570698156594347, -53.071760915852522 ], [ 73.570306390945575, -53.071967872555597 ], [ 73.569877491660264, -53.072285253041009 ], [ 73.569800894133664, -53.072576629629594 ], [ 73.569542614384844, -53.072795267526381 ], [ 73.568951087714581, -53.072969580386157 ], [ 73.568457944433618, -53.073709510211998 ], [ 73.568868849932741, -53.074440156787176 ], [ 73.568770165423373, -53.07489253443655 ], [ 73.567999259432142, -53.074923575839016 ], [ 73.567629875807938, -53.075463407302102 ], [ 73.567570998460496, -53.076228718787007 ], [ 73.568014704475246, -53.07697992126127 ], [ 73.567441188817284, -53.077618087329974 ], [ 73.566949303365092, -53.077813748501271 ], [ 73.566567170844479, -53.077728511937273 ], [ 73.566508615300435, -53.077475826198615 ], [ 73.567403038490426, -53.077254776388351 ], [ 73.567444862031351, -53.077003299624224 ], [ 73.56647348535958, -53.077021838374918 ], [ 73.565907994650445, -53.076914232024549 ], [ 73.566053222332485, -53.076573288992613 ], [ 73.566915841382695, -53.076301463542684 ], [ 73.56712731051681, -53.075981475448685 ], [ 73.566453088432354, -53.075620581786922 ], [ 73.566435349012039, -53.076154566479936 ], [ 73.565824019775661, -53.076419338357098 ], [ 73.565640335696813, -53.075903084212058 ], [ 73.565625964513501, -53.075328395606242 ], [ 73.564997242105974, -53.075613111993313 ], [ 73.565132360447251, -53.077086307064562 ], [ 73.564582905375659, -53.077503006984955 ], [ 73.564195049288614, -53.078093001131023 ], [ 73.563390873969752, -53.07912145378036 ], [ 73.563772975147828, -53.079710660769386 ], [ 73.563896284718211, -53.079705088021065 ], [ 73.563501463676161, -53.079867954063261 ], [ 73.563473696351522, -53.079924499431087 ], [ 73.563243938871906, -53.079512769031325 ], [ 73.563088792913732, -53.078140122391616 ], [ 73.564060730013068, -53.07508777352205 ], [ 73.563684700626681, -53.074317214145644 ], [ 73.563779784412517, -53.07347170727045 ], [ 73.564718628783552, -53.073422560824234 ], [ 73.565401861879749, -53.073007473350508 ], [ 73.565591922979294, -53.072324377732443 ], [ 73.565114809034156, -53.072580684624342 ], [ 73.564028138208627, -53.072043455112691 ], [ 73.564116505566986, -53.071399451177157 ], [ 73.56446112642908, -53.071101232876032 ], [ 73.564882705330334, -53.070501565096009 ], [ 73.564835894099147, -53.069896246864857 ], [ 73.565642176608833, -53.069805177529133 ], [ 73.566202231999924, -53.069066065273496 ], [ 73.566588304418687, -53.068526438953093 ], [ 73.567167065316283, -53.068231033531376 ], [ 73.56690545179076, -53.068046456554143 ], [ 73.566603025878265, -53.068083130308509 ], [ 73.566125295839583, -53.068359592182425 ], [ 73.564248440038909, -53.06944567330428 ], [ 73.564150146179159, -53.068376088801017 ], [ 73.563936077337388, -53.06776875130091 ], [ 73.56432350642244, -53.067188831580559 ], [ 73.56544823129299, -53.066577485977618 ], [ 73.566129339896733, -53.066222844250206 ], [ 73.566576269888188, -53.06586537745909 ], [ 73.566948260908845, -53.065748907931123 ], [ 73.567933087280309, -53.06531728005173 ], [ 73.56756912618664, -53.065191947770685 ], [ 73.568113715200113, -53.064916284883545 ], [ 73.567890916762224, -53.064570909336233 ], [ 73.568367925009724, -53.064314590260643 ], [ 73.568344497340831, -53.064011931389217 ], [ 73.568928528927984, -53.063555313277242 ], [ 73.569822946980736, -53.062820205470572 ], [ 73.569266314060243, -53.062450660331535 ], [ 73.569120435349959, -53.061803834915892 ], [ 73.569174586322958, -53.061179573616165 ], [ 73.569797358711639, -53.060562149435782 ], [ 73.569927737475084, -53.059656585470151 ], [ 73.569529035109994, -53.059571158183303 ], [ 73.568781164187754, -53.059925015900475 ], [ 73.568634012427736, -53.060326415034318 ], [ 73.568155713763261, -53.060623036521179 ], [ 73.567384411860544, -53.061682150174008 ], [ 73.566639162660152, -53.061955392257829 ], [ 73.56659500912275, -53.062277395873629 ], [ 73.565980867100194, -53.062632847352091 ], [ 73.565316524045301, -53.063491652172971 ], [ 73.56491775509204, -53.064414132460506 ], [ 73.564537729957479, -53.064772400353561 ], [ 73.564478815962048, -53.065537711373516 ], [ 73.564166352330005, -53.065876634785837 ], [ 73.561673851441483, -53.068366336816204 ], [ 73.561380062229475, -53.074168420723936 ], [ 73.561624528431267, -53.077880529659815 ], [ 73.561033620371745, -53.082550140920645 ], [ 73.560628075822038, -53.08457944320633 ], [ 73.55983489562071, -53.085583496294461 ], [ 73.559524576475269, -53.085834453931206 ], [ 73.55861685387508, -53.086568536639064 ], [ 73.558210467379567, -53.087156733891888 ], [ 73.558133218995224, -53.087191785769662 ], [ 73.558087222822692, -53.087335113759998 ], [ 73.558021327853439, -53.087430488638446 ], [ 73.557623855577376, -53.087805896593871 ], [ 73.557090673265904, -53.088309481103991 ], [ 73.556814346082575, -53.088498438430207 ], [ 73.554398120788562, -53.089230181683085 ], [ 73.553941092124845, -53.089368590813201 ], [ 73.553546927740911, -53.089539412295849 ], [ 73.553384623392859, -53.089609751145609 ], [ 73.552658359150954, -53.0899244968194 ], [ 73.552547203342868, -53.089970343311492 ], [ 73.551536872297248, -53.090387056887515 ], [ 73.551289764217458, -53.09051704914922 ], [ 73.550652110176486, -53.090852489783316 ], [ 73.548862908696378, -53.091796435345472 ], [ 73.547917289607042, -53.09229532434864 ], [ 73.546950276588788, -53.092854841539996 ], [ 73.546821920258736, -53.092856960195014 ], [ 73.54623356596781, -53.092448972813699 ], [ 73.545355334416428, -53.091839973446568 ], [ 73.54448031237358, -53.091248745833667 ], [ 73.544351231300695, -53.091161529408403 ], [ 73.543967578244164, -53.091053229669093 ], [ 73.543646806241838, -53.090962680346891 ], [ 73.542649131312885, -53.090531467579702 ], [ 73.542401173788576, -53.090424295947848 ], [ 73.541751691602443, -53.090165335691381 ], [ 73.541322957905081, -53.089994391837038 ], [ 73.540062805431006, -53.089491946327641 ], [ 73.539604706911106, -53.089264855576296 ], [ 73.53858667700537, -53.088760193006692 ], [ 73.536200658495858, -53.087702797238514 ], [ 73.536211150623103, -53.087667488757432 ], [ 73.535490569613671, -53.087194978026659 ], [ 73.53514393498547, -53.087234477180928 ], [ 73.533839665064477, -53.086656460642871 ], [ 73.533039335190153, -53.086685611867644 ], [ 73.529852429307823, -53.086801691765096 ], [ 73.529457901659498, -53.086816062044818 ], [ 73.528935844514166, -53.086835077460449 ], [ 73.526839325076907, -53.087449445032945 ], [ 73.525504552848943, -53.087840588925481 ], [ 73.525412233443717, -53.087799521687764 ], [ 73.524644786645524, -53.087458131705525 ], [ 73.523825858692703, -53.087093840916978 ], [ 73.522314600243035, -53.086421574778797 ], [ 73.522201685653854, -53.086398791948355 ], [ 73.519804285642891, -53.085915067406361 ], [ 73.518231542556009, -53.085705532166585 ], [ 73.517734826356758, -53.085548181359734 ], [ 73.516725135413722, -53.085228329329958 ], [ 73.516478950972257, -53.085150342502594 ], [ 73.516306067131552, -53.08509557599433 ], [ 73.516071938597321, -53.085119012592443 ], [ 73.516117333522487, -53.08503578856299 ], [ 73.516564570954785, -53.084215853270479 ], [ 73.518144800523487, -53.082424926425929 ], [ 73.519446825992901, -53.080521970933432 ], [ 73.519463643753426, -53.081014614670771 ], [ 73.520135470393228, -53.080826426273603 ], [ 73.520239338559705, -53.081092298718147 ], [ 73.520636756277241, -53.081218191474306 ], [ 73.5211500822179, -53.081625223019827 ], [ 73.521322260399657, -53.082096048439425 ], [ 73.520855578786609, -53.08289154951261 ], [ 73.521876738920326, -53.082768168658149 ], [ 73.522968659785548, -53.082411314657421 ], [ 73.523250299694908, -53.081885649162565 ], [ 73.524016688505739, -53.081502066866271 ], [ 73.52495372965295, -53.081634637424301 ], [ 73.525672381731766, -53.081545271059156 ], [ 73.525169754443482, -53.081191307957759 ], [ 73.524318755079761, -53.081112722244342 ], [ 73.523390790793826, -53.081448944848979 ], [ 73.522573555253587, -53.0814841573347 ], [ 73.522201619557805, -53.080980615248436 ], [ 73.521137818562153, -53.080884244761982 ], [ 73.520773012970494, -53.080539535080881 ], [ 73.521652077720972, -53.080164928077927 ], [ 73.522792832155361, -53.07911321338689 ], [ 73.521588317298736, -53.079461107165734 ], [ 73.519889804954488, -53.079634838571209 ], [ 73.520567819195492, -53.078210980909418 ], [ 73.521045574340789, -53.076830845211752 ], [ 73.521604542725711, -53.077155676376734 ], [ 73.523533409396052, -53.077648312659726 ], [ 73.524038026042248, -53.077208565701248 ], [ 73.522889710382287, -53.076650035446825 ], [ 73.522289238316574, -53.076589663390543 ], [ 73.521934688172649, -53.075579852393702 ], [ 73.522923449391357, -53.073830778368396 ], [ 73.522607422388518, -53.073470912144892 ], [ 73.522780140591664, -53.073154246289583 ], [ 73.524992461987836, -53.069993787152178 ], [ 73.527204783384022, -53.067781465756021 ], [ 73.529627802055998, -53.06504240117026 ], [ 73.53152407753845, -53.063251474325732 ], [ 73.533631050296719, -53.061355198843323 ], [ 73.535105931227505, -53.059458923360864 ], [ 73.53615941760664, -53.058089391067988 ], [ 73.538055693089078, -53.05703590468886 ], [ 73.539109179468198, -53.056087766947655 ], [ 73.540478711761082, -53.052821959172327 ], [ 73.541953592691854, -53.049556151397042 ], [ 73.544376611363859, -53.045552903156313 ], [ 73.545325081573765, -53.043655962736516 ], [ 73.545625367180008, -53.043292883969826 ], [ 73.54564353235584, -53.043234507374933 ], [ 73.545711845430674, -53.043216018381891 ], [ 73.546225231002154, -53.042869518923879 ], [ 73.546165820955608, -53.042647048335795 ], [ 73.545967250160771, -53.04258414533075 ], [ 73.546008821901239, -53.042342750459134 ], [ 73.546397719296323, -53.042216472919733 ], [ 73.546607134569115, -53.041956970325515 ], [ 73.546961915496979, -53.041850432670351 ], [ 73.547177201249241, -53.041913538194798 ], [ 73.547499224282191, -53.041786440238759 ], [ 73.547945034649956, -53.041459266804694 ], [ 73.548548733114714, -53.040912274063345 ], [ 73.550133115327057, -53.040044619868439 ], [ 73.550898857088256, -53.039650779868275 ], [ 73.551301729691701, -53.039605291039919 ], [ 73.551409456444048, -53.039384858668846 ], [ 73.551991639464333, -53.038978696703666 ], [ 73.552473180552056, -53.038581386423793 ], [ 73.552700944257197, -53.038271700075299 ], [ 73.553004000498632, -53.037710946992362 ], [ 73.553371210614188, -53.037231607783227 ], [ 73.553720348833224, -53.036792364869228 ], [ 73.553781620551106, -53.036460493220943 ], [ 73.553394968686874, -53.036022381447708 ], [ 73.55287730824368, -53.035502040044207 ], [ 73.552389376219182, -53.035092930393851 ], [ 73.55204698058877, -53.034332815079964 ], [ 73.551696831268686, -53.033804428127446 ], [ 73.551334704831689, -53.033134783938891 ], [ 73.551005340292761, -53.032485696276787 ], [ 73.550514756547344, -53.03215718059792 ], [ 73.55028197122671, -53.031620140116971 ], [ 73.550114014414149, -53.03114436528503 ], [ 73.549967311536236, -53.030873337438315 ], [ 73.55006543781117, -53.03038269929683 ], [ 73.550381483724919, -53.028591772452309 ], [ 73.550908226914487, -53.025642010590715 ], [ 73.551253455977175, -53.024468231777625 ], [ 73.551532479000073, -53.02355809782339 ], [ 73.551532633991101, -53.023558092085082 ], [ 73.551643688193295, -53.023553980485154 ], [ 73.551830602384385, -53.02304401239801 ], [ 73.552274363072613, -53.021573886634449 ], [ 73.552620089208787, -53.020673686281896 ], [ 73.552759449373767, -53.020316787131144 ], [ 73.553176125050683, -53.020418182982624 ], [ 73.553678563988228, -53.020704980239238 ], [ 73.554622480791537, -53.020781949892282 ], [ 73.555611056553118, -53.020915591529132 ], [ 73.556788256604506, -53.020976664810853 ], [ 73.558340820073909, -53.020948715800536 ], [ 73.558757978134395, -53.020889579077121 ], [ 73.558948828528699, -53.020862523400339 ], [ 73.559251223937238, -53.020876148255297 ], [ 73.559800944727797, -53.020900914716989 ], [ 73.561483496271947, -53.020696731631297 ], [ 73.562417738572591, -53.020584000484916 ], [ 73.562963471147128, -53.020518145520029 ], [ 73.564616526280346, -53.020266780956497 ], [ 73.565495014512294, -53.020112650225009 ], [ 73.565894527008993, -53.020017701873392 ], [ 73.566334392402197, -53.019931969373715 ], [ 73.567075592360482, -53.019736998919385 ], [ 73.567479808215694, -53.019630668433813 ], [ 73.569089175311916, -53.019207299517198 ], [ 73.570039584017877, -53.019087745501203 ], [ 73.570689435280727, -53.01914233887512 ], [ 73.570901622452723, -53.019294587629005 ], [ 73.571190431942256, -53.019475825125447 ], [ 73.571601776425311, -53.01970531461015 ], [ 73.571982535777039, -53.019686497125832 ], [ 73.572336170491596, -53.01978430478146 ], [ 73.572929744979277, -53.019899025228916 ], [ 73.573154676074452, -53.020135628239309 ], [ 73.573506507379932, -53.020523451618459 ], [ 73.573516926454005, -53.020677953192838 ], [ 73.573616241127269, -53.020959829168589 ], [ 73.573459638049826, -53.021238635385501 ], [ 73.573091135094458, -53.021355844371108 ], [ 73.573041209077289, -53.021458163026686 ], [ 73.573362914196679, -53.021583652845237 ], [ 73.573489352539966, -53.021748902324788 ], [ 73.573114015981943, -53.021837960954343 ], [ 73.573150979684911, -53.022128445282718 ], [ 73.573406636074594, -53.022374772466307 ], [ 73.573740466088182, -53.022603324348736 ], [ 73.574130085052289, -53.022551859585647 ], [ 73.574576195921765, -53.022669481442961 ], [ 73.574793654901157, -53.022662731600164 ], [ 73.575205973348417, -53.02286415145926 ], [ 73.575801345854032, -53.023161323740489 ], [ 73.576174224624467, -53.023147076392384 ], [ 73.576584398812997, -53.023413958773091 ], [ 73.576807520784513, -53.023706669782086 ], [ 73.577206501841914, -53.023842429919718 ], [ 73.577659530674879, -53.024222094962731 ], [ 73.578355080875113, -53.02430526093567 ], [ 73.578490993175365, -53.024419159335743 ], [ 73.579001640421922, -53.024462686619309 ], [ 73.57973067807859, -53.024471395481768 ], [ 73.580522990194595, -53.024443430556552 ], [ 73.58117416384718, -53.024460557303335 ], [ 73.581828884846871, -53.024842612314671 ], [ 73.582441375493303, -53.02509317430497 ], [ 73.583043572551915, -53.025184556076475 ], [ 73.583616587143538, -53.025219450394701 ], [ 73.585040300648728, -53.025339315592767 ], [ 73.585626995036989, -53.025430499780676 ], [ 73.586024796582947, -53.025603640580051 ], [ 73.586331058724753, -53.025728911262426 ], [ 73.586748658190743, -53.025771299053503 ], [ 73.587159839882958, -53.026010087945401 ], [ 73.58822766365212, -53.026574780644658 ], [ 73.588903792158959, -53.026779283724274 ], [ 73.590527060085833, -53.027444105882132 ], [ 73.59096869428295, -53.027701954505901 ], [ 73.591886355400291, -53.028115136551953 ], [ 73.592446626407096, -53.028542794410363 ], [ 73.593172378582395, -53.029131461223301 ], [ 73.593924918106183, -53.029851425840157 ], [ 73.592690219706682, -53.030117505762824 ], [ 73.591684554335686, -53.030498558681529 ], [ 73.58920561551966, -53.031320586173898 ], [ 73.587495265566204, -53.032366883761377 ], [ 73.586030926051862, -53.033481574829054 ], [ 73.585083408600951, -53.034452699511263 ], [ 73.584620607557554, -53.034840150149478 ], [ 73.58473462210975, -53.035150258962098 ], [ 73.584849250768883, -53.03544166270364 ], [ 73.584873510269418, -53.035874340006387 ], [ 73.584628879860048, -53.036069068131958 ], [ 73.584438083232669, -53.036147835121362 ], [ 73.583842358468516, -53.036327865987893 ], [ 73.584179721146256, -53.036453511936976 ], [ 73.584391427406288, -53.03662444203141 ], [ 73.584463185901981, -53.036803062374609 ], [ 73.584469817577315, -53.0370744687987 ], [ 73.584636511413748, -53.037198082107025 ], [ 73.584645594762492, -53.037394668715088 ], [ 73.584281064188801, -53.037624233343998 ], [ 73.583944803990718, -53.037938338523254 ], [ 73.583314953497251, -53.038211521745431 ], [ 73.583073314100119, -53.038479970860948 ], [ 73.583342186080642, -53.038801281637319 ], [ 73.583859138409522, -53.038657739782721 ], [ 73.584470411907816, -53.038477893781156 ], [ 73.584774720898679, -53.038191475327459 ], [ 73.585198256929274, -53.03805617226196 ], [ 73.585488169372866, -53.038209318298541 ], [ 73.586009912820089, -53.03839328822724 ], [ 73.586388733464702, -53.03820131264488 ], [ 73.58650958539387, -53.03782850423341 ], [ 73.586888398850306, -53.037636526993495 ], [ 73.5873904209665, -53.037474080275416 ], [ 73.58784008407244, -53.037488776021121 ], [ 73.588023833387865, -53.037565806431999 ], [ 73.588186939825363, -53.037324483593885 ], [ 73.588391093375634, -53.037252057783689 ], [ 73.588511250807372, -53.037375113282202 ], [ 73.588761341532418, -53.037321944206681 ], [ 73.588729625259262, -53.036975825886572 ], [ 73.588727010621795, -53.036947292237208 ], [ 73.58919310078177, -53.036934109460603 ], [ 73.589840499367369, -53.037072772437909 ], [ 73.589703246500591, -53.037473457995425 ], [ 73.589889745812471, -53.03746631308973 ], [ 73.590193096537575, -53.037207937925821 ], [ 73.590261218736444, -53.03749878488545 ], [ 73.589701008827191, -53.038493247808873 ], [ 73.589774928863221, -53.038606397608859 ], [ 73.59009986168796, -53.03863831804447 ], [ 73.590197798194055, -53.038966942815954 ], [ 73.590365169343301, -53.03859468206668 ], [ 73.590899747808464, -53.038385825847918 ], [ 73.591264554990744, -53.03814688826948 ], [ 73.591956725136171, -53.037865044856588 ], [ 73.59227525593063, -53.038093361901701 ], [ 73.5918699739223, -53.038621862797477 ], [ 73.592085048905133, -53.03916706317186 ], [ 73.59161070480971, -53.039432774611896 ], [ 73.591205706778425, -53.039951920491063 ], [ 73.590815644836638, -53.040012792628758 ], [ 73.589547464975993, -53.040343937167918 ], [ 73.589277565479208, -53.040527858558391 ], [ 73.589162531650715, -53.040722972466035 ], [ 73.589074561366672, -53.041040036717305 ], [ 73.58934532588907, -53.041305219275309 ], [ 73.58947796151071, -53.041521982716134 ], [ 73.589299577828243, -53.042230931407644 ], [ 73.589262683599074, -53.042885421323135 ], [ 73.58959675474587, -53.043113929554536 ], [ 73.590266173701153, -53.043056372494178 ], [ 73.59027375757239, -53.043299721103701 ], [ 73.589683706202678, -53.04377924400621 ], [ 73.589103357083005, -53.044436645079209 ], [ 73.588711966767107, -53.045012080476127 ], [ 73.588145646126634, -53.045239262569218 ], [ 73.587116501551847, -53.045376740537137 ], [ 73.586020070497199, -53.045672463605044 ], [ 73.585718987916081, -53.046333167717343 ], [ 73.585223186546898, -53.046776364862353 ], [ 73.584746464305354, -53.047584675046906 ], [ 73.584344371019455, -53.048010271219795 ], [ 73.584088388266395, -53.048241127112398 ], [ 73.583175344326094, -53.048623211968945 ], [ 73.582604957792242, -53.048971948876627 ], [ 73.581492776215555, -53.048984889619895 ], [ 73.581362416231599, -53.048985205221648 ], [ 73.580603614593201, -53.049397178189558 ], [ 73.579964043265605, -53.049960267449073 ], [ 73.579479970714118, -53.050515854200654 ], [ 73.579189659458265, -53.05131701216937 ], [ 73.57897588503134, -53.051679346773696 ], [ 73.57852774792444, -53.052085661253798 ], [ 73.578621623502315, -53.052535875980972 ], [ 73.578797243848854, -53.053333243032384 ], [ 73.579185118955408, -53.053815037526334 ], [ 73.579795541256331, -53.054140434049529 ], [ 73.580140250189331, -53.054518792835765 ], [ 73.579928620109229, -53.054815661909252 ], [ 73.580086758268422, -53.055201149589479 ], [ 73.579740342476171, -53.055346711878997 ], [ 73.579070583595097, -53.054936401592862 ], [ 73.578777812961945, -53.054867411537408 ], [ 73.579016630829599, -53.055160303538834 ], [ 73.578353911945626, -53.055479849083312 ], [ 73.578471449152886, -53.056154892795966 ], [ 73.578781114821908, -53.056654465900174 ], [ 73.579155068437643, -53.056144347453838 ], [ 73.5792589746261, -53.055818124988662 ], [ 73.579649195310722, -53.055757291984953 ], [ 73.580332808137769, -53.055746739829566 ], [ 73.580512317032429, -53.055954716044297 ], [ 73.580904381282821, -53.05583776434522 ], [ 73.581333940835947, -53.055524780489108 ], [ 73.581688503467191, -53.055603857020884 ], [ 73.581870168230751, -53.055746364194427 ], [ 73.581814078885031, -53.056035734507944 ], [ 73.582143911651286, -53.056395197671598 ], [ 73.582641566140566, -53.056373059622246 ], [ 73.582682916627263, -53.056532605867893 ], [ 73.582551672128602, -53.056746232311284 ], [ 73.582450244514362, -53.05699763827792 ], [ 73.58293483795137, -53.056900494593712 ], [ 73.583303222116498, -53.05655870669743 ], [ 73.583513917547819, -53.056289888927196 ], [ 73.583937438137028, -53.056063045871156 ], [ 73.584146179029787, -53.055951240128962 ], [ 73.583995551288695, -53.055809105916168 ], [ 73.584321028937183, -53.05535453105535 ], [ 73.586050559327248, -53.054701461740265 ], [ 73.586736296972504, -53.054625405483804 ], [ 73.586876495913259, -53.054902497535124 ], [ 73.586504102252249, -53.055315427196319 ], [ 73.586133189348587, -53.055497711638424 ], [ 73.585977600919662, -53.055899223851263 ], [ 73.585929118997853, -53.055952980784873 ], [ 73.585506383804329, -53.056804807213723 ], [ 73.585493139790984, -53.057208021796043 ], [ 73.585406895366447, -53.057285446815072 ], [ 73.585231105304658, -53.05736679962633 ], [ 73.585091526997346, -53.057431393813793 ], [ 73.5844008364204, -53.057657079301769 ] ], [ [ 73.554060987444117, -53.086565339653013 ], [ 73.555048697646995, -53.08756509982949 ], [ 73.555675840054008, -53.087834772674007 ], [ 73.555739272310504, -53.088440295085064 ], [ 73.557373120167981, -53.087643697330115 ], [ 73.556965659106822, -53.086812261888298 ], [ 73.555796546714021, -53.085729682522143 ], [ 73.555877441796838, -53.084813455846259 ], [ 73.555794374430462, -53.083794447003271 ], [ 73.555251429521292, -53.083011756509691 ], [ 73.553968744981375, -53.082824829391576 ], [ 73.553593688275299, -53.082527973676314 ], [ 73.551666395679874, -53.082595244235613 ], [ 73.550172594969979, -53.083212044186553 ], [ 73.548176759572144, -53.083822701438329 ], [ 73.546840150981154, -53.0837459110232 ], [ 73.546410085849573, -53.083095587720777 ], [ 73.545466508793169, -53.082781680687994 ], [ 73.544745725442311, -53.083307067165215 ], [ 73.544623575261269, -53.083950643973765 ], [ 73.54358823092322, -53.084371383551911 ], [ 73.542334599671406, -53.084315716580605 ], [ 73.542095810035875, -53.083456056449023 ], [ 73.541685957890678, -53.082705170939427 ], [ 73.540342920066905, -53.082819733971483 ], [ 73.538779950725527, -53.08250825334018 ], [ 73.538022211682929, -53.083133938089546 ], [ 73.536626219208955, -53.083328442581525 ], [ 73.53614201282565, -53.082798366339205 ], [ 73.536113030006021, -53.081679213839088 ], [ 73.536523145663764, -53.081432277446382 ], [ 73.537545850545243, -53.081384375804213 ], [ 73.537883562933644, -53.080803929875565 ], [ 73.536909710545189, -53.080398869043172 ], [ 73.537429765020931, -53.079377179435248 ], [ 73.538328468279047, -53.079035448969329 ], [ 73.53734884519578, -53.078801667736293 ], [ 73.536507837050138, -53.07941624012696 ], [ 73.535100640250874, -53.080437086720451 ], [ 73.533521652782696, -53.081092946889342 ], [ 73.530026915731867, -53.081967037448941 ], [ 73.528776604244229, -53.082798242284596 ], [ 73.527404418826322, -53.083275152146747 ], [ 73.526199743343753, -53.084237925230987 ], [ 73.525938971869721, -53.085010797570078 ], [ 73.527607494869088, -53.085172564173504 ], [ 73.530613669713986, -53.08341561707406 ], [ 73.531589930133762, -53.08375020419966 ], [ 73.533445622536476, -53.083329602500257 ], [ 73.534511728572852, -53.083483846451053 ], [ 73.536126512196716, -53.086215037725857 ], [ 73.537979539311209, -53.086862731147505 ], [ 73.539378693617536, -53.086083653651741 ], [ 73.541021000250737, -53.086033245977845 ], [ 73.543104168793306, -53.085816867089115 ], [ 73.544372463941954, -53.0854392983126 ], [ 73.545090312798379, -53.085498473341282 ], [ 73.547181454669612, -53.086038062537739 ], [ 73.547833738559305, -53.086056103559699 ], [ 73.548305120970923, -53.086475103111511 ], [ 73.547535574104572, -53.087453476370456 ], [ 73.548576501974679, -53.087365384798005 ], [ 73.550909212024465, -53.086698347757292 ], [ 73.551503549450331, -53.085949642443993 ], [ 73.552639596689716, -53.085519979964346 ], [ 73.55371765144487, -53.085321423876145 ], [ 73.554060987444117, -53.086565339653013 ] ], [ [ 73.554873945870654, -53.081787587234928 ], [ 73.55472692418428, -53.082178891203526 ], [ 73.554909490207621, -53.082725386310479 ], [ 73.555282269500779, -53.081590961077261 ], [ 73.554992899608706, -53.08123467469612 ], [ 73.55462344298644, -53.081270504436525 ], [ 73.554873945870654, -53.081787587234928 ] ], [ [ 73.554089853907584, -53.080709664601109 ], [ 73.554013960704737, -53.080476920237686 ], [ 73.553593976588687, -53.080522211957067 ], [ 73.553446947852734, -53.080913514375013 ], [ 73.552909159109831, -53.08097752996914 ], [ 73.552797945920886, -53.080300869375336 ], [ 73.552107037653499, -53.080937534786692 ], [ 73.552065796823442, -53.081168855133058 ], [ 73.552970854640762, -53.081633429765795 ], [ 73.5538372172838, -53.081754833583751 ], [ 73.553898711383027, -53.080919005488681 ], [ 73.554089853907584, -53.080709664601109 ] ], [ [ 73.532102341722833, -53.071149897598453 ], [ 73.537337904615768, -53.066779500273221 ], [ 73.542082336446924, -53.063047930579209 ], [ 73.544377335767308, -53.060485661419271 ], [ 73.544836354075329, -53.060269533003485 ], [ 73.544825742230955, -53.060087976393717 ], [ 73.545217858998868, -53.059871028177767 ], [ 73.545343750635553, -53.059610506637128 ], [ 73.545110298312167, -53.059587493327605 ], [ 73.545117087975328, -53.059385991004184 ], [ 73.54486589480841, -53.059392998049724 ], [ 73.54415916653069, -53.060009266210635 ], [ 73.543338068974847, -53.060543495759326 ], [ 73.540576408593438, -53.063049625147023 ], [ 73.535801128771396, -53.06670012168356 ], [ 73.532595390206012, -53.070430272415877 ], [ 73.532102341722833, -53.071149897598453 ] ], [ [ 73.546734436774585, -53.057561253363168 ], [ 73.546857260844263, -53.057391406157791 ], [ 73.546290381088511, -53.057334083977281 ], [ 73.546102698913657, -53.05744266235083 ], [ 73.546120879494865, -53.057896451670544 ], [ 73.545870471584394, -53.058377196036396 ], [ 73.54626290666738, -53.058150169048822 ], [ 73.546418162904715, -53.058010956416673 ], [ 73.546447434620575, -53.057638381126793 ], [ 73.546734436774585, -53.057561253363168 ] ], [ [ 73.54705669421692, -53.056436311475125 ], [ 73.546628121175161, -53.056743533707063 ], [ 73.54675545942915, -53.056936595472337 ], [ 73.546942120686495, -53.056858241419945 ], [ 73.547254990994716, -53.056509288101431 ], [ 73.547949082406191, -53.056265780477545 ], [ 73.548132904480838, -53.055774139860389 ], [ 73.54809086769869, -53.055531724325498 ], [ 73.548508114469556, -53.055063090356001 ], [ 73.54916284141396, -53.054496558782184 ], [ 73.549831227775073, -53.054020903597376 ], [ 73.550172423213709, -53.053823477036111 ], [ 73.550956822844427, -53.053379467278035 ], [ 73.551345982408264, -53.052749212995991 ], [ 73.55129396833776, -53.052305091622848 ], [ 73.550960902881414, -53.052260717864065 ], [ 73.550253553947641, -53.052403288491973 ], [ 73.549691275787708, -53.052708892073888 ], [ 73.549001448288891, -53.053325394766169 ], [ 73.548906670726012, -53.053656854675069 ], [ 73.548622537459323, -53.054147272740749 ], [ 73.548218635721398, -53.054716862706691 ], [ 73.548133457607605, -53.05526010381692 ], [ 73.547617566039506, -53.055677135832248 ], [ 73.547282559548847, -53.05618708811474 ], [ 73.54705669421692, -53.056436311475125 ] ], [ [ 73.573472064545527, -53.067329112837825 ], [ 73.573722967492259, -53.067332120910585 ], [ 73.573793203822291, -53.067232170675773 ], [ 73.573681442629791, -53.067069563372414 ], [ 73.573754341750728, -53.066889011313556 ], [ 73.573637920739486, -53.06686745719135 ], [ 73.573412149588719, -53.067116730802638 ], [ 73.573472064545527, -53.067329112837825 ] ], [ [ 73.570819968948797, -53.061511807374622 ], [ 73.570937708042521, -53.061493063256947 ], [ 73.57102766672655, -53.06130263838542 ], [ 73.57094671200835, -53.061221032116741 ], [ 73.570819968948797, -53.061511807374622 ] ], [ [ 73.572136482796395, -53.061164763099704 ], [ 73.572150143798268, -53.060751678531709 ], [ 73.572014683256754, -53.060800448825894 ], [ 73.571906339349951, -53.061041049899302 ], [ 73.571999354775215, -53.06126390952744 ], [ 73.572136482796395, -53.061164763099704 ] ], [ [ 73.572993943415298, -53.060026018837696 ], [ 73.57272502677786, -53.060063109822174 ], [ 73.572703639981142, -53.060203962500388 ], [ 73.572921386252773, -53.06019649545275 ], [ 73.573214685151655, -53.059927874094441 ], [ 73.573118003703101, -53.059815842981237 ], [ 73.572993943415298, -53.060026018837696 ] ], [ [ 73.574742460430912, -53.059260799328356 ], [ 73.575001727678767, -53.059515885943007 ], [ 73.574927849194623, -53.059726664847247 ], [ 73.575054658088362, -53.059939847632833 ], [ 73.575097515251102, -53.060162104018048 ], [ 73.575308944479957, -53.060346062305207 ], [ 73.575285469761212, -53.060043404289068 ], [ 73.575494136053734, -53.059804001509065 ], [ 73.575415834926517, -53.059641796222557 ], [ 73.575639892882208, -53.059442894416833 ], [ 73.575266880666661, -53.059085654743299 ], [ 73.574829404640241, -53.059161048599428 ], [ 73.574742460430912, -53.059260799328356 ] ], [ [ 73.575276521454242, -53.058793472478385 ], [ 73.575454165177533, -53.058987105193346 ], [ 73.57562472522676, -53.058888355110945 ], [ 73.575479863416618, -53.058715273655714 ], [ 73.575276521454242, -53.058793472478385 ] ], [ [ 73.571948472345312, -53.05824960764101 ], [ 73.571775179607116, -53.057924991717016 ], [ 73.571487161030873, -53.057528443276013 ], [ 73.571404602455459, -53.058001176093086 ], [ 73.571202256769979, -53.058049142229272 ], [ 73.57083739646113, -53.058458008369392 ], [ 73.570763166114276, -53.058678859829051 ], [ 73.571368878765512, -53.05857526363954 ], [ 73.571474219335713, -53.058425340050171 ], [ 73.571561835929955, -53.058305441265496 ], [ 73.571948472345312, -53.05824960764101 ] ], [ [ 73.574954920042131, -53.057892568822297 ], [ 73.575131793577214, -53.057602389628379 ], [ 73.575193598377282, -53.057250356664348 ], [ 73.575167697822167, -53.05651426228448 ], [ 73.574942224933054, -53.056249501413753 ], [ 73.574863267077831, -53.056107446234435 ], [ 73.57473879773201, -53.055823736419732 ], [ 73.574456512267261, -53.055759878652097 ], [ 73.574558270766872, -53.056224742918737 ], [ 73.574943985646811, -53.056703088131812 ], [ 73.574983514497021, -53.057026097175175 ], [ 73.574211268137688, -53.057107557365995 ], [ 73.574331745848326, -53.057512170661816 ], [ 73.574423436068741, -53.05777532955112 ], [ 73.574954920042131, -53.057892568822297 ] ], [ [ 73.57593937957003, -53.055434944836882 ], [ 73.575777249267119, -53.055785777183139 ], [ 73.575882676984861, -53.056139812578429 ], [ 73.576184015032339, -53.056133340321736 ], [ 73.57593937957003, -53.055434944836882 ] ], [ [ 73.575911695601619, -53.054245263400361 ], [ 73.576306261611222, -53.053947608997149 ], [ 73.576149009884489, -53.053643349759405 ], [ 73.575677482866652, -53.053738497417363 ], [ 73.575517351019457, -53.0540288779736 ], [ 73.575026104709252, -53.0542145001004 ], [ 73.574765302740161, -53.05451375296937 ], [ 73.574785778986936, -53.054907088615316 ], [ 73.575166397421995, -53.05503259887076 ], [ 73.575599178488645, -53.055098257057416 ], [ 73.575812470358599, -53.054717799720109 ], [ 73.575911695601619, -53.054245263400361 ] ], [ [ 73.577117551132119, -53.063341078779757 ], [ 73.577573782865372, -53.063205425271242 ], [ 73.577508873512599, -53.063144173859612 ], [ 73.577121867938942, -53.063210100514006 ], [ 73.577175032251048, -53.063120023335053 ], [ 73.576825130391242, -53.063075521303212 ], [ 73.576468252828036, -53.06324259846776 ], [ 73.576255919999511, -53.063592830462341 ], [ 73.575871342578225, -53.064092188728793 ], [ 73.575443228101932, -53.064389440007766 ], [ 73.574699312483759, -53.064622431528598 ], [ 73.573904545516669, -53.064874967348302 ], [ 73.574098600764714, -53.065078877744973 ], [ 73.574118408568168, -53.065492363286104 ], [ 73.574089701736099, -53.065854871244888 ], [ 73.574189148563462, -53.066390261822974 ], [ 73.574354417134401, -53.066452717633808 ], [ 73.574731382552201, -53.066185095154289 ], [ 73.57469184848469, -53.06586208646786 ], [ 73.574826656793107, -53.06583346372669 ], [ 73.574805606270161, -53.065964241440156 ], [ 73.57513936948142, -53.065484436507298 ], [ 73.575387500391997, -53.065064080622015 ], [ 73.576168527186042, -53.064720657498249 ], [ 73.576071827526263, -53.064608628748935 ], [ 73.576457071806175, -53.064089119398339 ], [ 73.576954403166056, -53.063722137890089 ], [ 73.577117551132119, -53.063341078779757 ] ], [ [ 73.57815870204891, -53.062718535288816 ], [ 73.5781721090584, -53.06281948773956 ], [ 73.578274782463652, -53.06275016019859 ], [ 73.57815870204891, -53.062718535288816 ] ], [ [ 73.57900679369294, -53.060843853325892 ], [ 73.579083452567318, -53.061056432640939 ], [ 73.579144050753683, -53.061248661635474 ], [ 73.579033755720289, -53.061549721020036 ], [ 73.579333473592683, -53.061593617358291 ], [ 73.579258286279639, -53.061844700051743 ], [ 73.57935531972376, -53.061946651012597 ], [ 73.579591304611753, -53.061385032284527 ], [ 73.579393261452182, -53.061302033836142 ], [ 73.579422914525367, -53.060909298210234 ], [ 73.579499756528406, -53.060607839026233 ], [ 73.579335828645583, -53.060505089341866 ], [ 73.579181994827522, -53.060604044469869 ], [ 73.579142246621458, -53.060795075018063 ], [ 73.57900679369294, -53.060843853325892 ] ], [ [ 73.576147811263937, -53.060275471326833 ], [ 73.575991645011158, -53.060444949050265 ], [ 73.576201750464151, -53.060669206781718 ], [ 73.576437219467877, -53.060631707708659 ], [ 73.576361238778503, -53.06039897626156 ], [ 73.576383278158829, -53.060237972343891 ], [ 73.576147811263937, -53.060275471326833 ] ], [ [ 73.57598777413439, -53.056503923129306 ], [ 73.57570990955243, -53.056813052989078 ], [ 73.575617322477783, -53.057084083786606 ], [ 73.575735154804548, -53.057569297788511 ], [ 73.576094868553525, -53.058329546241126 ], [ 73.576231645605063, -53.058240470174006 ], [ 73.575952555095398, -53.057571900351114 ], [ 73.575955213214058, -53.057491298303937 ], [ 73.576192990497105, -53.057383272783376 ], [ 73.576340508211175, -53.05747575133622 ], [ 73.576381261951582, -53.057254495908936 ], [ 73.576427993914479, -53.056851885795517 ], [ 73.57598777413439, -53.056503923129306 ] ], [ [ 73.576674827708359, -53.055453825664074 ], [ 73.576809934161034, -53.055415125134843 ], [ 73.57678047417285, -53.055293821860062 ], [ 73.576613916104549, -53.055271670621472 ], [ 73.576674827708359, -53.055453825664074 ] ], [ [ 73.578127209500153, -53.055037786834539 ], [ 73.578266196548242, -53.055135200708392 ], [ 73.578213473839227, -53.054958183992738 ], [ 73.578127209500153, -53.055037786834539 ] ], [ [ 73.577696756326304, -53.052361643233638 ], [ 73.577721772163741, -53.052109961339923 ], [ 73.577520124688277, -53.05213778795806 ], [ 73.577479382093003, -53.052359044033317 ], [ 73.577696756326304, -53.052361643233638 ] ] ] } },
{ "type": "Feature", "properties": { "RGIId": "RGI60-19.00015", "name_1": "Mary Powell", "grid_pixels": 141.0, "observed_pixels": 141.0, "retained_pixels": 120.0, "coverage_percent": 85.106382978723403, "median_speed_m_yr": 126.03472137451172, "pixel_speed_p25_m_yr": 67.212432861328125, "pixel_speed_p75_m_yr": 188.0230712890625, "median_retained_pairs": 43.0, "minimum_elevation_m": 139.21661376953125, "lower_third_limit_m": 450.37483723958331, "upper_third_limit_m": 761.53306070963538, "maximum_elevation_m": 1072.6912841796875, "lower_third_speed_m_yr": 47.634021759033203, "lower_third_coverage_percent": 56.81818181818182, "lower_third_retained_pixels": 25.0, "middle_third_speed_m_yr": 116.77949523925781, "middle_third_coverage_percent": 96.825396825396822, "middle_third_retained_pixels": 61.0, "upper_third_speed_m_yr": 195.4022216796875, "upper_third_coverage_percent": 100.0, "upper_third_retained_pixels": 34.0, "lower_upper_speed_ratio": 0.24377420762962015, "speed_rank": 19, "year_balanced_speed_m_yr": 129.17893981933594, "retained_pixels_with_all_6_years_percent": 95.833333333333329, "retained_pixels_with_at_least_5_years_percent": 100.0, "year_balanced_change_percent": 2.4947240018734052, "status": "analysed" }, "geometry": { "type": "Polygon", "coordinates": [ [ [ 73.509634630853128, -53.038513366124043 ], [ 73.509801148553876, -53.03908618096402 ], [ 73.509496693862886, -53.039812149861326 ], [ 73.509305363016452, -53.040408548969459 ], [ 73.509391687654798, -53.04060611107608 ], [ 73.509633181286119, -53.040805617515353 ], [ 73.509647548338606, -53.040815431457908 ], [ 73.509748004034378, -53.041519338986539 ], [ 73.509662317458989, -53.043473484590329 ], [ 73.509113302006071, -53.045761048977511 ], [ 73.507740763373761, -53.047225090185307 ], [ 73.506185219590492, -53.048689131393068 ], [ 73.505178691260141, -53.050153172600851 ], [ 73.503989157778818, -53.052166229261559 ], [ 73.502891126872981, -53.053538767893848 ], [ 73.50179309596713, -53.054453793648726 ], [ 73.500695065061294, -53.05536881940359 ], [ 73.499871541881916, -53.057198870913339 ], [ 73.499048018702538, -53.058662912121129 ], [ 73.498682008400593, -53.059303430149541 ], [ 73.498875372333714, -53.05977302827278 ], [ 73.498315998098647, -53.059120424998532 ], [ 73.498041490372188, -53.057381876064291 ], [ 73.497949987796702, -53.055460321979076 ], [ 73.497217967192796, -53.053904778195815 ], [ 73.497106712049415, -53.053608100808454 ], [ 73.497273337181866, -53.053698677900954 ], [ 73.497859624098695, -53.053675844739956 ], [ 73.498118848196341, -53.053437213765648 ], [ 73.498075693022869, -53.053235082167454 ], [ 73.498026679414409, -53.05272041710905 ], [ 73.497868934302858, -53.052446283128852 ], [ 73.497897919105867, -53.05209387228097 ], [ 73.498223218549825, -53.052360042351246 ], [ 73.498380008388253, -53.052180593590514 ], [ 73.498005249065741, -53.051893640760539 ], [ 73.497219394216501, -53.051883715473167 ], [ 73.497113813585983, -53.05203357170533 ], [ 73.496506691477947, -53.052244639384448 ], [ 73.496211438862446, -53.051617213808647 ], [ 73.496208329551635, -53.051610550999762 ], [ 73.495570920834041, -53.050244675176337 ], [ 73.495570920834041, -53.049604157147932 ], [ 73.4958454285605, -53.047957110789191 ], [ 73.496485946588905, -53.046493069581416 ], [ 73.496943459466337, -53.045120530949099 ], [ 73.49685195689085, -53.043290479439356 ], [ 73.496211438862446, -53.041643433080587 ], [ 73.495996638699225, -53.041091103857433 ], [ 73.496209462136903, -53.041132536587291 ], [ 73.496157160090945, -53.040851188829386 ], [ 73.496004596991924, -53.040774410053963 ], [ 73.49594394215265, -53.040287119774625 ], [ 73.495945679574319, -53.039791262198861 ], [ 73.495469345982684, -53.039205152176699 ], [ 73.495351194352381, -53.038586147013142 ], [ 73.495685280397211, -53.037907368832379 ], [ 73.496356139606959, -53.037363834887493 ], [ 73.496652133621055, -53.03777925029015 ], [ 73.496807840435864, -53.038211604406392 ], [ 73.496492865095092, -53.038787708796477 ], [ 73.496686764301046, -53.039014708970797 ], [ 73.496997411406397, -53.03900927872904 ], [ 73.496973210732335, -53.038812492324318 ], [ 73.497182400004334, -53.038599942639223 ], [ 73.497363807649293, -53.038293479420531 ], [ 73.497890784975965, -53.03786974991128 ], [ 73.498105165892682, -53.037507564685427 ], [ 73.49798177953987, -53.037038195568329 ], [ 73.497352152875209, -53.036843118102617 ], [ 73.497269793247185, -53.036533322238164 ], [ 73.497838093417613, -53.036259814597997 ], [ 73.498209566354319, -53.035843475786521 ], [ 73.498680294027167, -53.035250620556589 ], [ 73.498504189974781, -53.034958354565418 ], [ 73.498123474189171, -53.034747710667226 ], [ 73.498532701582903, -53.034584465607352 ], [ 73.498620995864002, -53.034276824880003 ], [ 73.498729676192255, -53.033829098056252 ], [ 73.498540337616689, -53.033471171393835 ], [ 73.498506466860064, -53.033105851021901 ], [ 73.498759238519298, -53.03297805480149 ], [ 73.498995845195068, -53.032868766486075 ], [ 73.498887325494621, -53.032418298025298 ], [ 73.498807561301376, -53.032033685973225 ], [ 73.499005741617509, -53.031690006951081 ], [ 73.4994198069422, -53.031386476598186 ], [ 73.500188075379214, -53.031162261987049 ], [ 73.500738768420234, -53.031393754860012 ], [ 73.501065522478982, -53.031369804883383 ], [ 73.501646325872755, -53.03118064292287 ], [ 73.501796643414565, -53.030873781226767 ], [ 73.501949506484635, -53.030941200379281 ], [ 73.502036472077492, -53.030670965273792 ], [ 73.502185812773689, -53.03039215945612 ], [ 73.502075969082, -53.029979102104335 ], [ 73.501924126995505, -53.02943452841788 ], [ 73.501900278030519, -53.028779292115672 ], [ 73.501945239795674, -53.028377540693121 ], [ 73.502352448113612, -53.028270394662819 ], [ 73.502688534988991, -53.028424326191811 ], [ 73.503062416927833, -53.028831350595439 ], [ 73.503178776616409, -53.028608265738583 ], [ 73.503400483382421, -53.028480068789015 ], [ 73.503892670871778, -53.028607892506066 ], [ 73.504086888213791, -53.028825528791252 ], [ 73.504577122658333, -53.029458561145589 ], [ 73.504603312399468, -53.029150135084045 ], [ 73.50465632084088, -53.028963677127074 ], [ 73.505078057828072, -53.029333871838944 ], [ 73.505421914590769, -53.02971244251443 ], [ 73.506041778021924, -53.030188041810668 ], [ 73.506833915235504, -53.030619019706918 ], [ 73.50772429971056, -53.0304524270827 ], [ 73.508215554346251, -53.030608289620154 ], [ 73.508344521919014, -53.030918662408148 ], [ 73.508665484535626, -53.031512129195924 ], [ 73.508871057929014, -53.031851530556281 ], [ 73.509458349675853, -53.032373484194515 ], [ 73.509898576715941, -53.032659687024321 ], [ 73.50984078531144, -53.033435528517117 ], [ 73.509669196104682, -53.033910545242172 ], [ 73.509735480713317, -53.03423884318741 ], [ 73.510303391053696, -53.034423725846686 ], [ 73.510871950792946, -53.034589901476068 ], [ 73.510922024440347, -53.034742470726066 ], [ 73.510998371003581, -53.034975088789366 ], [ 73.510559668661912, -53.035355320846001 ], [ 73.51026341555378, -53.035583394971724 ], [ 73.510309302848526, -53.035778827443266 ], [ 73.510560262638407, -53.036878269250224 ], [ 73.510210218077773, -53.037126502696324 ], [ 73.510123612145193, -53.037387391598187 ], [ 73.509869866524696, -53.037780446082046 ], [ 73.509812045069651, -53.037870010992513 ], [ 73.509634630853128, -53.038513366124043 ] ], [ [ 73.497051077069813, -53.042779938031458 ], [ 73.497406231992841, -53.04314728192228 ], [ 73.497410188818222, -53.042552650003479 ], [ 73.497277156064882, -53.042530810639533 ], [ 73.497302633274828, -53.0422791486356 ], [ 73.497245578955628, -53.041996205852669 ], [ 73.496724673460164, -53.04158644916955 ], [ 73.49640285593253, -53.041703333663818 ], [ 73.496631275988662, -53.041867490707325 ], [ 73.496753439567215, -53.042201653489549 ], [ 73.496627659269635, -53.042452047665535 ], [ 73.497051077069813, -53.042779938031458 ] ] ] } },
{ "type": "Feature", "properties": { "RGIId": "RGI60-19.00016", "name_1": "Vahsel-Allison", "grid_pixels": 1212.0, "observed_pixels": 1212.0, "retained_pixels": 1112.0, "coverage_percent": 91.749174917491743, "median_speed_m_yr": 154.791015625, "pixel_speed_p25_m_yr": 98.478591918945312, "pixel_speed_p75_m_yr": 205.7303466796875, "median_retained_pairs": 59.0, "minimum_elevation_m": 33.115211486816406, "lower_third_limit_m": 808.68789164225257, "upper_third_limit_m": 1584.2605717976887, "maximum_elevation_m": 2359.833251953125, "lower_third_speed_m_yr": 130.38211059570312, "lower_third_coverage_percent": 89.293849658314357, "lower_third_retained_pixels": 784.0, "middle_third_speed_m_yr": 190.86813354492188, "middle_third_coverage_percent": 97.752808988764045, "middle_third_retained_pixels": 261.0, "upper_third_speed_m_yr": 292.31832885742188, "upper_third_coverage_percent": 100.0, "upper_third_retained_pixels": 67.0, "lower_upper_speed_ratio": 0.44602783241586241, "speed_rank": 14, "year_balanced_speed_m_yr": 154.12530517578125, "retained_pixels_with_all_6_years_percent": 89.928057553956833, "retained_pixels_with_at_least_5_years_percent": 94.244604316546756, "year_balanced_change_percent": -0.43007047051846214, "status": "analysed" }, "geometry": { "type": "Polygon", "coordinates": [ [ [ 73.378175658999396, -53.075619886965434 ], [ 73.377904615685651, -53.075597479389799 ], [ 73.377933296081821, -53.075041169844397 ], [ 73.377922979932592, -53.074489006752742 ], [ 73.377896784616496, -53.073945983433255 ], [ 73.377678282468253, -53.073559395330967 ], [ 73.377678047824332, -53.073152392427119 ], [ 73.377683086381012, -53.072605116661144 ], [ 73.377700136345084, -53.072151567801882 ], [ 73.377465267331289, -53.071993985738686 ], [ 73.377654755970568, -53.071912362917651 ], [ 73.377489056615644, -53.071774436707258 ], [ 73.377145501968997, -53.071615371733934 ], [ 73.377004854092974, -53.0714310049432 ], [ 73.376801396823183, -53.071264493697669 ], [ 73.376891190477608, -53.071148764760864 ], [ 73.377176825709967, -53.070988925647356 ], [ 73.377261843212864, -53.070793602573495 ], [ 73.377428535869811, -53.070491795691908 ], [ 73.377780137088578, -53.070229935277247 ], [ 73.37801423219581, -53.069994540853848 ], [ 73.378410647754819, -53.069780071158718 ], [ 73.37846390211223, -53.069603026937315 ], [ 73.37873487330404, -53.069419593473739 ], [ 73.379108166490141, -53.069200128227692 ], [ 73.379529613817468, -53.068939214293508 ], [ 73.379158044037595, -53.068906083699815 ], [ 73.378827397244137, -53.068817371671237 ], [ 73.378803019316393, -53.068639269392619 ], [ 73.378971836003728, -53.068487190433153 ], [ 73.379114202188731, -53.068418957754496 ], [ 73.379323800293491, -53.068421813197794 ], [ 73.379536031650474, -53.068354531739246 ], [ 73.379664626105011, -53.068239329226223 ], [ 73.379835760107582, -53.068232303576892 ], [ 73.380166187282867, -53.068119848968657 ], [ 73.380416879119593, -53.068062445923609 ], [ 73.380579438139307, -53.067973434681782 ], [ 73.38058160911929, -53.067812067725761 ], [ 73.380534045684627, -53.067734230644625 ], [ 73.380363067801113, -53.067633661734007 ], [ 73.38009214028871, -53.06750600179781 ], [ 73.380161282045592, -53.067422736342131 ], [ 73.3803228741412, -53.067359442169042 ], [ 73.380476966228244, -53.067289028441017 ], [ 73.380645004397508, -53.067260907785389 ], [ 73.380819840330901, -53.067258609291905 ], [ 73.380972615874086, -53.067223263208284 ], [ 73.381022874940996, -53.06712570580784 ], [ 73.381106224325762, -53.067077719354231 ], [ 73.38113929166478, -53.067024370482521 ], [ 73.381012061867779, -53.066896328818224 ], [ 73.381150538271683, -53.066828040800772 ], [ 73.381264498981693, -53.066792166175048 ], [ 73.381420452482118, -53.06677557540587 ], [ 73.381534325173476, -53.066742038405856 ], [ 73.381529455372899, -53.066664782517805 ], [ 73.381596313922984, -53.066642301258923 ], [ 73.381757925792087, -53.066681924942678 ], [ 73.382103010574582, -53.06669597471128 ], [ 73.382424720198131, -53.066712044734182 ], [ 73.382890213399065, -53.066725390232044 ], [ 73.383281611906085, -53.066747083337873 ], [ 73.383612923533036, -53.06671415996297 ], [ 73.383813233415907, -53.066653726206503 ], [ 73.383664489207789, -53.066581533040136 ], [ 73.38356170804424, -53.066526337755882 ], [ 73.383362595649885, -53.066451120754074 ], [ 73.383173551495858, -53.0664181436779 ], [ 73.382978233972679, -53.066345316677968 ], [ 73.382898619622054, -53.066328250814507 ], [ 73.382842745456358, -53.066299422360856 ], [ 73.382703954361716, -53.066272585475424 ], [ 73.382907298028684, -53.0662348055913 ], [ 73.383025972936238, -53.066245774963775 ], [ 73.383103598102366, -53.066246829996921 ], [ 73.383258182248639, -53.066232167454437 ], [ 73.383665334817493, -53.066144136683043 ], [ 73.383659673357386, -53.066087921856827 ], [ 73.383439814456906, -53.065944589787456 ], [ 73.383112158618317, -53.065776401478089 ], [ 73.382806566310521, -53.065641259291361 ], [ 73.382547199806709, -53.065516101112912 ], [ 73.382192934087811, -53.065436433481104 ], [ 73.381976288870064, -53.065414774521095 ], [ 73.381729821481954, -53.065359962380917 ], [ 73.381757841303639, -53.065234033182769 ], [ 73.38207749887755, -53.065200955614074 ], [ 73.382500168618535, -53.065113139890663 ], [ 73.382706718662718, -53.06498963769539 ], [ 73.382478633767107, -53.065066065490093 ], [ 73.382600148946125, -53.064932050952791 ], [ 73.382678122104892, -53.064923754688095 ], [ 73.383112634575497, -53.064934339171067 ], [ 73.382936554329049, -53.064866451661551 ], [ 73.382753413089887, -53.064779755256978 ], [ 73.382408141719438, -53.064667463368792 ], [ 73.382556500087347, -53.064646089719368 ], [ 73.382688808317909, -53.064638532170868 ], [ 73.382636399803573, -53.064586359910024 ], [ 73.382801858737764, -53.064523114995346 ], [ 73.38305923754659, -53.064493866357012 ], [ 73.382947008208475, -53.06438006506454 ], [ 73.382622573353856, -53.064333551250826 ], [ 73.3826805873572, -53.064236098578867 ], [ 73.382905689836662, -53.064239158609219 ], [ 73.383170303651212, -53.064224042566842 ], [ 73.383426572068615, -53.064017007951243 ], [ 73.383814558683355, -53.063610601403795 ], [ 73.383687855937666, -53.0634685351991 ], [ 73.383400953712197, -53.063249441436199 ], [ 73.383083356894531, -53.063020573446636 ], [ 73.383227624717904, -53.062900902000017 ], [ 73.383325845674264, -53.062766570143459 ], [ 73.383191385100233, -53.062624397940375 ], [ 73.383448227053989, -53.062609175708531 ], [ 73.383693571503031, -53.062486198996069 ], [ 73.383556659528836, -53.062409488159943 ], [ 73.383769379842903, -53.062328171456329 ], [ 73.383934828425382, -53.062264924863349 ], [ 73.383969026156336, -53.062181182512646 ], [ 73.383981688689815, -53.062050365997329 ], [ 73.383838941259768, -53.06192211642464 ], [ 73.383926945891488, -53.061853139548212 ], [ 73.384284860490652, -53.061834610377218 ], [ 73.384385350418114, -53.061639492370993 ], [ 73.384283511338438, -53.061455660945946 ], [ 73.384608912558363, -53.061268275398611 ], [ 73.384831136159391, -53.061140304253634 ], [ 73.3850258102335, -53.060918395463297 ], [ 73.385412596998336, -53.060750553723963 ], [ 73.385699005647396, -53.060567314165205 ], [ 73.386059634886649, -53.060268126858801 ], [ 73.386350056986743, -53.059977342485311 ], [ 73.386070925302306, -53.059758360391882 ], [ 73.386299674783587, -53.059663222214411 ], [ 73.386727146953504, -53.059860824769295 ], [ 73.386595130137437, -53.059653195239036 ], [ 73.386299602857846, -53.059457382108391 ], [ 73.386004273750302, -53.059360202167973 ], [ 73.386171630142641, -53.059245518618724 ], [ 73.386612027209651, -53.059097112976154 ], [ 73.386837378725289, -53.058884973792281 ], [ 73.386971851617886, -53.058818963758654 ], [ 73.387309139476812, -53.058624325018862 ], [ 73.3875969227702, -53.05840367429812 ], [ 73.387863165666815, -53.058135949353364 ], [ 73.388172212413167, -53.058177562493547 ], [ 73.388404488043392, -53.058369005501227 ], [ 73.388601855771896, -53.058524888974716 ], [ 73.388625981953268, -53.05853730103258 ], [ 73.38874277789391, -53.058494050676543 ], [ 73.388926867207758, -53.058346842809648 ], [ 73.389093079866797, -53.058054369580276 ], [ 73.389620570242343, -53.057860350658771 ], [ 73.390103672166831, -53.057815429853157 ], [ 73.39047933889141, -53.057736306395107 ], [ 73.390870003509477, -53.05767141911533 ], [ 73.390581010985045, -53.057508452118931 ], [ 73.390495548122516, -53.057301456747211 ], [ 73.390494235933744, -53.057128347032709 ], [ 73.390545507037118, -53.057002730376148 ], [ 73.390712493703603, -53.056897391839122 ], [ 73.390860647150291, -53.056880683374473 ], [ 73.391120588499888, -53.056781279803801 ], [ 73.39144706663447, -53.05677166046901 ], [ 73.391705438598663, -53.056714337854778 ], [ 73.392358915790311, -53.05668106764486 ], [ 73.39248622240126, -53.056598581181881 ], [ 73.392737701398772, -53.056517772388453 ], [ 73.392804241965763, -53.056607556466041 ], [ 73.393075000708137, -53.056634605124117 ], [ 73.393334693363471, -53.056750388735431 ], [ 73.393208674704212, -53.056589629188487 ], [ 73.393327000779095, -53.056539767649788 ], [ 73.393664716382915, -53.056436730825062 ], [ 73.393744411524565, -53.05638166905311 ], [ 73.393886366579508, -53.056322769702113 ], [ 73.394108885070779, -53.056185429095038 ], [ 73.394345706538402, -53.056081028254475 ], [ 73.394627178970154, -53.056028689298067 ], [ 73.394997260657291, -53.056099177403588 ], [ 73.395706037216598, -53.056249083160552 ], [ 73.39608370971952, -53.056324348392181 ], [ 73.396813917930288, -53.056315479101933 ], [ 73.39725333230416, -53.056400929003892 ], [ 73.397645663005605, -53.056499777529943 ], [ 73.398224082241342, -53.056605808773945 ], [ 73.399036717176529, -53.056677564328744 ], [ 73.399472846798872, -53.056851846728378 ], [ 73.399809994042883, -53.056973336342772 ], [ 73.40020406832771, -53.057025418258746 ], [ 73.4009615223558, -53.057119809250445 ], [ 73.400303608817453, -53.056853665149788 ], [ 73.400622844661797, -53.056829888775994 ], [ 73.401163337023007, -53.056912004944522 ], [ 73.402056854215331, -53.057106458862698 ], [ 73.402602000226764, -53.057272837726266 ], [ 73.403254421341686, -53.057478079264456 ], [ 73.403703159759743, -53.057732043816536 ], [ 73.404270566592771, -53.057926782558212 ], [ 73.404878857139863, -53.058065928958918 ], [ 73.405415056402759, -53.058264921857457 ], [ 73.406313793704612, -53.058529585700896 ], [ 73.406974013011094, -53.058734911050934 ], [ 73.407348450518398, -53.058898981752229 ], [ 73.407908817722245, -53.059074896072339 ], [ 73.408476439137658, -53.059475455883842 ], [ 73.409410410545462, -53.05983880848877 ], [ 73.410290941928807, -53.060388565381061 ], [ 73.410799779739449, -53.060699443476132 ], [ 73.411310345479151, -53.060963560960325 ], [ 73.411972712157592, -53.06132326557659 ], [ 73.41269804392806, -53.061660415846966 ], [ 73.412931784334148, -53.061850660110608 ], [ 73.413439598144279, -53.061979065389643 ], [ 73.413714386536839, -53.062109039648519 ], [ 73.413926050574275, -53.062266240534747 ], [ 73.414151865951894, -53.062461054814918 ], [ 73.414501016576594, -53.062680903171696 ], [ 73.4149860738695, -53.062794964033678 ], [ 73.415044393329495, -53.062898660145208 ], [ 73.41517827376866, -53.063059500548384 ], [ 73.415893969287183, -53.063237445769744 ], [ 73.416754579061291, -53.06348748741496 ], [ 73.417518061263948, -53.063633311751637 ], [ 73.418055416667144, -53.063804193293798 ], [ 73.418252950992979, -53.063923773299322 ], [ 73.418463216498182, -53.063907856199585 ], [ 73.418492670004667, -53.063739834760462 ], [ 73.418737121148766, -53.063850681372301 ], [ 73.419005887750529, -53.063933781784229 ], [ 73.419265180966534, -53.064063537086774 ], [ 73.419633661283299, -53.064180707903688 ], [ 73.419981937249545, -53.064213402756742 ], [ 73.420153734395313, -53.064187615478239 ], [ 73.420272735346302, -53.064119023661654 ], [ 73.420545612556353, -53.06408989985708 ], [ 73.420462964993817, -53.064013952365706 ], [ 73.420196994889466, -53.064066558387928 ], [ 73.419957391547314, -53.064035307533779 ], [ 73.419844269895094, -53.064155436641435 ], [ 73.419582235430823, -53.06410049640445 ], [ 73.419564597747538, -53.063945883546744 ], [ 73.419649751876491, -53.063741176699025 ], [ 73.419937638055728, -53.063726288091239 ], [ 73.420313817006061, -53.063633042873512 ], [ 73.420387954036599, -53.06351707383638 ], [ 73.42135432814635, -53.063211787964917 ], [ 73.421560246312623, -53.063102244982261 ], [ 73.42195696792372, -53.063084117361768 ], [ 73.422453498139163, -53.062884864645014 ], [ 73.422700443083883, -53.06271504796176 ], [ 73.422689189987267, -53.0625979453404 ], [ 73.422794195966603, -53.06248706224499 ], [ 73.423053586855374, -53.062401616306957 ], [ 73.423471026140064, -53.062453930346003 ], [ 73.423915337258393, -53.062408358062775 ], [ 73.424256953166363, -53.062197689156172 ], [ 73.424307279359965, -53.062095436744457 ], [ 73.424489045836566, -53.062008959532285 ], [ 73.424013008961921, -53.062072826195354 ], [ 73.423823570168167, -53.06194400675156 ], [ 73.423496033805264, -53.061981769943031 ], [ 73.423264030601786, -53.06195530454093 ], [ 73.422990656214182, -53.06199846232505 ], [ 73.422718647943228, -53.062004212497861 ], [ 73.422332846766963, -53.062148797139749 ], [ 73.421970087136586, -53.062087848127391 ], [ 73.421346672462946, -53.061934554769039 ], [ 73.420834217035363, -53.061932431511877 ], [ 73.420841400455103, -53.061736045045173 ], [ 73.420812761496123, -53.061711012931227 ], [ 73.425331135597503, -53.06133734290237 ], [ 73.426832105249929, -53.061309202837471 ], [ 73.427305650313727, -53.061315374153715 ], [ 73.42817712038358, -53.06123143449652 ], [ 73.428248363431564, -53.061204429301142 ], [ 73.428744707633371, -53.061226213739545 ], [ 73.430958695225527, -53.061725190383385 ], [ 73.433808393699493, -53.062890976122716 ], [ 73.436139965178199, -53.064574888857358 ], [ 73.438763001375904, -53.064995236553777 ], [ 73.44222795737258, -53.065222547601437 ], [ 73.445595782841821, -53.065352079350262 ], [ 73.449999862301581, -53.066388333340797 ], [ 73.453885814766082, -53.06768365082894 ], [ 73.456865044988874, -53.068978968317097 ], [ 73.459973806960463, -53.070403817554094 ], [ 73.461787251443909, -53.071958198539896 ], [ 73.4641188229226, -53.073123984279242 ], [ 73.465414140410772, -53.074289770018602 ], [ 73.467616180140652, -53.075585087506774 ], [ 73.470465878614618, -53.076621341497287 ], [ 73.47176119610279, -53.076750873246112 ], [ 73.474222299330307, -53.07778712723664 ], [ 73.476553870808999, -53.078564317729558 ], [ 73.478885442287705, -53.079859635217709 ], [ 73.480828418519962, -53.080507293961801 ], [ 73.483030458249843, -53.081284484454692 ], [ 73.483937180491566, -53.081543547952329 ], [ 73.486268751970258, -53.083227460686956 ], [ 73.490931894927655, -53.085688563914459 ], [ 73.498574268107859, -53.088020135393158 ], [ 73.500383130402085, -53.088509400439747 ], [ 73.502110439743873, -53.08898963928057 ], [ 73.503075463767999, -53.089117383737239 ], [ 73.503509810537167, -53.089184637246603 ], [ 73.50441136557076, -53.089324232482923 ], [ 73.505352318228802, -53.089526196147808 ], [ 73.5061233738532, -53.089558943641613 ], [ 73.506653249675097, -53.089581447991037 ], [ 73.506916677709498, -53.089612004937266 ], [ 73.506597604082472, -53.09006496681021 ], [ 73.50713167661543, -53.090471774121369 ], [ 73.506548268366174, -53.090036388321003 ], [ 73.501894233285896, -53.089836204954082 ], [ 73.496386433887892, -53.089196943553091 ], [ 73.493930313046818, -53.089404572763662 ], [ 73.489883122205939, -53.089925326485684 ], [ 73.485827183504256, -53.090683891290965 ], [ 73.482480412150196, -53.091498921948173 ], [ 73.479939957948503, -53.091847861899438 ], [ 73.477960775148034, -53.091965778098924 ], [ 73.476223371694999, -53.091943993585566 ], [ 73.474734793780257, -53.09159219723206 ], [ 73.472928549131069, -53.091283954055797 ], [ 73.470959643352444, -53.091116357469829 ], [ 73.4684292589195, -53.091179653166513 ], [ 73.465981219920792, -53.091148660622757 ], [ 73.463538415360176, -53.090975010945812 ], [ 73.461248319406408, -53.090945960079679 ], [ 73.458166890489466, -53.090954442673102 ], [ 73.455566206763677, -53.090778583382772 ], [ 73.453119906934205, -53.0906998803029 ], [ 73.449964664858726, -53.09056442634904 ], [ 73.446323675317757, -53.090755814730599 ], [ 73.441264762296058, -53.0908336806812 ], [ 73.438988468784501, -53.090423736060558 ], [ 73.433478429778589, -53.089876734577757 ], [ 73.427778623319597, -53.088357552800822 ], [ 73.424596673852406, -53.087704762124609 ], [ 73.421392918096387, -53.086879253411176 ], [ 73.418180345409766, -53.086965241722496 ], [ 73.416742801274793, -53.086551123344442 ], [ 73.416724634072921, -53.086533903967748 ], [ 73.417223049605553, -53.086503109629199 ], [ 73.417705588844015, -53.08648145834065 ], [ 73.417522628864575, -53.086385462871981 ], [ 73.417109427592521, -53.086211554621208 ], [ 73.416690737390056, -53.086187271826802 ], [ 73.416362839018205, -53.08622968963622 ], [ 73.416099130361914, -53.086216823496677 ], [ 73.415627241896274, -53.085948566374149 ], [ 73.41505288800758, -53.085931561302822 ], [ 73.414716675263662, -53.085777382584986 ], [ 73.414112290991284, -53.085731904119882 ], [ 73.413462343168888, -53.085657746327492 ], [ 73.413177681079148, -53.085695436846159 ], [ 73.411134015859204, -53.085254915646523 ], [ 73.407840892232812, -53.084592907026639 ], [ 73.405840117540691, -53.083403317402407 ], [ 73.404980488149718, -53.083154004744813 ], [ 73.404909255672138, -53.08314154902974 ], [ 73.404786698588524, -53.083105484706927 ], [ 73.403923545741122, -53.082951353101166 ], [ 73.402288081023229, -53.082843911941886 ], [ 73.402228635964264, -53.082677164530779 ], [ 73.401543535647278, -53.082714744414936 ], [ 73.40115647131897, -53.082676797124051 ], [ 73.400990308900958, -53.082548254618622 ], [ 73.400478478347225, -53.082522662794986 ], [ 73.399844481629756, -53.082439288293166 ], [ 73.399194088946317, -53.082379080500687 ], [ 73.398877960341053, -53.082314011253196 ], [ 73.398616885158305, -53.082230969551489 ], [ 73.397924718345067, -53.082249720916437 ], [ 73.397516746411554, -53.082356502518927 ], [ 73.397033897471673, -53.082387423820919 ], [ 73.396751440589597, -53.082252630430894 ], [ 73.396417178761666, -53.082257482371844 ], [ 73.395967246392829, -53.082447899686009 ], [ 73.395687400796874, -53.082242966862466 ], [ 73.395487646581941, -53.081973619437974 ], [ 73.395115777509332, -53.081945213599781 ], [ 73.394609461492365, -53.081980486662914 ], [ 73.393829615033255, -53.082058847001242 ], [ 73.393214929365868, -53.082083294964789 ], [ 73.392791939451769, -53.082175823199009 ], [ 73.392350280425305, -53.082352304249135 ], [ 73.392041579596167, -53.082296673411811 ], [ 73.39221938970968, -53.082111950474555 ], [ 73.391745700074168, -53.082105548942778 ], [ 73.391401232825871, -53.082175742839311 ], [ 73.390884529886478, -53.082281031796668 ], [ 73.390407698458162, -53.082358789030131 ], [ 73.389985398039514, -53.082432604086478 ], [ 73.389614487194336, -53.082586641605459 ], [ 73.389108774985885, -53.082397348604069 ], [ 73.38875697833754, -53.082247562888938 ], [ 73.388300057847886, -53.081792272852717 ], [ 73.387918003880756, -53.081412845645026 ], [ 73.387347769342938, -53.080871809870011 ], [ 73.38665131307512, -53.080174680981678 ], [ 73.386267014160552, -53.079856033680741 ], [ 73.385423300193622, -53.079358060370247 ], [ 73.384548484878948, -53.078653820093812 ], [ 73.383405145909634, -53.078067556950678 ], [ 73.382695478156691, -53.07772576394337 ], [ 73.382260196417803, -53.07753837431359 ], [ 73.380455402966021, -53.076827806295647 ], [ 73.380384100468603, -53.076800795955045 ], [ 73.379725316462313, -53.076553240617322 ], [ 73.378975511565301, -53.076454142452569 ], [ 73.378392483557064, -53.076464910264207 ], [ 73.378253168797869, -53.076423861044141 ], [ 73.378092838069207, -53.076376619152292 ], [ 73.377750504895744, -53.076390664668594 ], [ 73.377684493591744, -53.076286845190914 ], [ 73.377854399354547, -53.076106713715525 ], [ 73.377967274776921, -53.076011262864647 ], [ 73.37800684183668, -53.075977803642253 ], [ 73.378208153359239, -53.075788743494876 ], [ 73.378175658999396, -53.075619886965434 ] ], [ [ 73.469697376202902, -53.089310227640617 ], [ 73.468857785184639, -53.089380062254683 ], [ 73.468884816646707, -53.089561837771434 ], [ 73.469651752860074, -53.089652337677116 ], [ 73.469697376202902, -53.089310227640617 ] ], [ [ 73.448195556919529, -53.068500115750396 ], [ 73.448987561812132, -53.068812824790591 ], [ 73.449952633381685, -53.068966513407638 ], [ 73.450786068662708, -53.069058003886447 ], [ 73.449599124699319, -53.068558732179739 ], [ 73.448407138131316, -53.068200493960781 ], [ 73.447173745619367, -53.068063449595975 ], [ 73.445530226463717, -53.068162939620265 ], [ 73.443467077123586, -53.067833583484308 ], [ 73.444318677533872, -53.068348691255522 ], [ 73.445954951599873, -53.06845071089927 ], [ 73.447666110739434, -53.068331938769866 ], [ 73.448195556919529, -53.068500115750396 ] ], [ [ 73.435474232542447, -53.067668266505166 ], [ 73.435811672110958, -53.067592068338662 ], [ 73.435355032847355, -53.067263523066451 ], [ 73.433756669995944, -53.067040903494068 ], [ 73.433579907493339, -53.067300640668762 ], [ 73.435474232542447, -53.067668266505166 ] ], [ [ 73.431772505320325, -53.06546253742691 ], [ 73.433806936586109, -53.066577912869178 ], [ 73.436906209941952, -53.066941213810757 ], [ 73.436688834808564, -53.066474705429165 ], [ 73.435531926465018, -53.066076480466798 ], [ 73.434186762735067, -53.065333066893217 ], [ 73.432358928062101, -53.06405914948509 ], [ 73.430419135927792, -53.063106267165772 ], [ 73.428336103865661, -53.06241352504999 ], [ 73.42670377643465, -53.062210519403095 ], [ 73.426520382684487, -53.062651588198889 ], [ 73.427477893791874, -53.063006948853804 ], [ 73.428620709479404, -53.063788084736281 ], [ 73.430571479833162, -53.064438758947816 ], [ 73.431772505320325, -53.06546253742691 ] ] ] } },
{ "type": "Feature", "properties": { "RGIId": "RGI60-19.00017", "name_1": "Nares", "grid_pixels": 113.0, "observed_pixels": 113.0, "retained_pixels": 108.0, "coverage_percent": 95.575221238938056, "median_speed_m_yr": 177.20790100097656, "pixel_speed_p25_m_yr": 77.229957580566406, "pixel_speed_p75_m_yr": 285.50253295898438, "median_retained_pairs": 32.0, "minimum_elevation_m": 168.99983215332031, "lower_third_limit_m": 403.19223022460938, "upper_third_limit_m": 637.38462829589844, "maximum_elevation_m": 871.5770263671875, "lower_third_speed_m_yr": 50.219516754150391, "lower_third_coverage_percent": 82.142857142857139, "lower_third_retained_pixels": 23.0, "middle_third_speed_m_yr": 172.68658447265625, "middle_third_coverage_percent": 100.0, "middle_third_retained_pixels": 57.0, "upper_third_speed_m_yr": 304.29522705078125, "upper_third_coverage_percent": 100.0, "upper_third_retained_pixels": 28.0, "lower_upper_speed_ratio": 0.16503550594886485, "speed_rank": 12, "year_balanced_speed_m_yr": 190.06619262695312, "retained_pixels_with_all_6_years_percent": 73.148148148148152, "retained_pixels_with_at_least_5_years_percent": 91.666666666666671, "year_balanced_change_percent": 7.2560487164202048, "status": "analysed" }, "geometry": { "type": "Polygon", "coordinates": [ [ [ 73.470605766666878, -53.034204707626536 ], [ 73.471118720454584, -53.034746177084081 ], [ 73.47173611539084, -53.035134772123371 ], [ 73.47251935119759, -53.035429015641256 ], [ 73.472442500104819, -53.037184263015838 ], [ 73.472190544611678, -53.038693272131546 ], [ 73.472121427091253, -53.039098443802942 ], [ 73.472446905069944, -53.040855109846781 ], [ 73.472659040316742, -53.042753022054953 ], [ 73.472328825870036, -53.044460411541472 ], [ 73.472228815988061, -53.046481390455334 ], [ 73.472228815988061, -53.04885824868952 ], [ 73.473073379958976, -53.050976639826104 ], [ 73.474382600232218, -53.053262579985713 ], [ 73.475015973869745, -53.05517346795164 ], [ 73.474908448359102, -53.056110933076909 ], [ 73.473457469275047, -53.055570372241654 ], [ 73.471657802824666, -53.054483781177275 ], [ 73.470265608023425, -53.053702793849766 ], [ 73.46839802963153, -53.05268411472688 ], [ 73.466530451239635, -53.05061280051045 ], [ 73.465172212409158, -53.04915269376766 ], [ 73.464425181052405, -53.047590719112634 ], [ 73.462863206397358, -53.046096656399087 ], [ 73.462082219069842, -53.044976109363972 ], [ 73.461538923537645, -53.044059298153378 ], [ 73.460554200385559, -53.042735015293701 ], [ 73.459433653350416, -53.041648424229322 ], [ 73.458688393751643, -53.040820362158989 ], [ 73.458699941769964, -53.040816115765402 ], [ 73.458954381980234, -53.041081388002738 ], [ 73.45942072305661, -53.04149910466203 ], [ 73.459992174779913, -53.041581355091665 ], [ 73.459964808128376, -53.041478081906533 ], [ 73.459726209391164, -53.041203660783928 ], [ 73.459676478993927, -53.040856835149526 ], [ 73.459499950983471, -53.040583217346018 ], [ 73.459259359124758, -53.040364906957464 ], [ 73.458659561297523, -53.040207435458115 ], [ 73.458619017793339, -53.040038497319252 ], [ 73.458740641262182, -53.039675179181877 ], [ 73.458740803944423, -53.039235436912399 ], [ 73.458722782120859, -53.038870309080053 ], [ 73.458408295326009, -53.038548120310772 ], [ 73.458065616287612, -53.038581103273948 ], [ 73.457874927024776, -53.038269874194341 ], [ 73.45785390890282, -53.037988913681509 ], [ 73.457930321706314, -53.037587584965124 ], [ 73.45777567458768, -53.037136478933007 ], [ 73.458078137335221, -53.036925206401371 ], [ 73.457637052656665, -53.036236479551398 ], [ 73.457403838426941, -53.035812422801541 ], [ 73.457157785249819, -53.035313348819329 ], [ 73.45745422938532, -53.035270412674436 ], [ 73.457819153017624, -53.035265788856194 ], [ 73.458042695589469, -53.035090918139197 ], [ 73.458303770765852, -53.034734086261459 ], [ 73.458272825431365, -53.03451381275044 ], [ 73.458418958359957, -53.034333259707161 ], [ 73.458725819854493, -53.034215605290051 ], [ 73.459115839600486, -53.034159843279248 ], [ 73.459186241266792, -53.034361915199696 ], [ 73.459275992046102, -53.034456640626097 ], [ 73.459579352009371, -53.034437179488037 ], [ 73.459941177165689, -53.034301521294019 ], [ 73.459869272295052, -53.034141533586045 ], [ 73.459837986051966, -53.03393061235974 ], [ 73.4600872097338, -53.033905770734435 ], [ 73.460375218099387, -53.033881430680999 ], [ 73.460686164021098, -53.03386674308085 ], [ 73.461100448184865, -53.033783219831186 ], [ 73.461599225125056, -53.033724178778435 ], [ 73.462179563630983, -53.033553915073334 ], [ 73.462355373708476, -53.033411166078615 ], [ 73.462154026712625, -53.033399206447427 ], [ 73.461877939852513, -53.033306751612045 ], [ 73.461957838524782, -53.033242291028373 ], [ 73.462271774130002, -53.033143431557548 ], [ 73.462752926525255, -53.032925101273747 ], [ 73.463000313612071, -53.032951689313755 ], [ 73.463412755918924, -53.032919593736189 ], [ 73.463821097321556, -53.032784524825253 ], [ 73.463911686099578, -53.032855866894522 ], [ 73.464166996546538, -53.032877876709108 ], [ 73.464483416540503, -53.032708871521812 ], [ 73.464784154429836, -53.032544341202396 ], [ 73.465317260166415, -53.032392165122893 ], [ 73.465770471150066, -53.032304449887818 ], [ 73.466163120137168, -53.032173848688217 ], [ 73.466656895159034, -53.032255066002627 ], [ 73.466940781400879, -53.032127738069796 ], [ 73.467513155350389, -53.031962023990289 ], [ 73.467761273093075, -53.031858314372272 ], [ 73.46791487875285, -53.031794108921225 ], [ 73.468297771550837, -53.031719512619716 ], [ 73.468584767002199, -53.031723208521839 ], [ 73.468674367486585, -53.031822603004521 ], [ 73.468515228904764, -53.031989011424621 ], [ 73.468400367699388, -53.0321091188273 ], [ 73.468553648535192, -53.032382424310548 ], [ 73.468997577158163, -53.032556552598699 ], [ 73.469316591656096, -53.032715399916654 ], [ 73.469323575164822, -53.032737341961116 ], [ 73.469302522183227, -53.032930050089348 ], [ 73.469334516482391, -53.033122265197619 ], [ 73.469317650929455, -53.033379345274156 ], [ 73.469380176641948, -53.033585987687424 ], [ 73.46998815330339, -53.033949348459643 ], [ 73.470520203137141, -53.034484820390155 ], [ 73.470605766666878, -53.034204707626536 ] ] ] } },
{ "type": "Feature", "properties": { "RGIId": "RGI60-19.00018", "name_1": "Challenger", "grid_pixels": 527.0, "observed_pixels": 527.0, "retained_pixels": 512.0, "coverage_percent": 97.153700189753323, "median_speed_m_yr": 243.5408935546875, "pixel_speed_p25_m_yr": 167.99534606933594, "pixel_speed_p75_m_yr": 322.416259765625, "median_retained_pairs": 82.5, "minimum_elevation_m": 1.00252366065979, "lower_third_limit_m": 770.73923126856482, "upper_third_limit_m": 1540.4759388764699, "maximum_elevation_m": 2310.212646484375, "lower_third_speed_m_yr": 251.876953125, "lower_third_coverage_percent": 95.366795366795373, "lower_third_retained_pixels": 247.0, "middle_third_speed_m_yr": 261.142578125, "middle_third_coverage_percent": 99.122807017543863, "middle_third_retained_pixels": 226.0, "upper_third_speed_m_yr": 182.70195007324219, "upper_third_coverage_percent": 97.5, "upper_third_retained_pixels": 39.0, "lower_upper_speed_ratio": 1.3786221385378026, "speed_rank": 3, "year_balanced_speed_m_yr": 241.56863403320312, "retained_pixels_with_all_6_years_percent": 99.21875, "retained_pixels_with_at_least_5_years_percent": 100.0, "year_balanced_change_percent": -0.80982683963155555, "status": "analysed" }, "geometry": { "type": "Polygon", "coordinates": [ [ [ 73.489107627846337, -53.037795924439699 ], [ 73.489267509615516, -53.03810671090671 ], [ 73.489227322868373, -53.038368174849928 ], [ 73.489261772318798, -53.038714792864539 ], [ 73.489328889195505, -53.039015044632919 ], [ 73.489761377045781, -53.03907667434526 ], [ 73.490164141126613, -53.039100500256652 ], [ 73.490358008250155, -53.039327510507299 ], [ 73.49049079259926, -53.039525676536321 ], [ 73.490311945155952, -53.039757312202489 ], [ 73.490394913981646, -53.040048408251842 ], [ 73.490863346297033, -53.039970146729644 ], [ 73.49122481627154, -53.039878132525374 ], [ 73.491270299786166, -53.039996386721846 ], [ 73.491453304937139, -53.04109441762769 ], [ 73.491910817814556, -53.042832966561932 ], [ 73.492093822965543, -53.044205505194221 ], [ 73.493191853871394, -53.045852551553004 ], [ 73.493649366748826, -53.046950582458827 ], [ 73.493466361597854, -53.048506126242096 ], [ 73.493466361619241, -53.048609665454322 ], [ 73.493117462338901, -53.048152861866861 ], [ 73.492887462660988, -53.048512804610169 ], [ 73.492841720871894, -53.048865002329322 ], [ 73.493047821475415, -53.049190152738042 ], [ 73.492904224686612, -53.049470555266097 ], [ 73.493268736912512, -53.050049695888603 ], [ 73.494017257890647, -53.05024718969976 ], [ 73.494289884777231, -53.050610685478311 ], [ 73.495113407956609, -53.051159700931208 ], [ 73.496208329551635, -53.051610550999762 ], [ 73.496211438862446, -53.051617213808647 ], [ 73.496506691477947, -53.052244639384448 ], [ 73.496470372803557, -53.052257265507244 ], [ 73.496034237815238, -53.052292069551648 ], [ 73.495747182759644, -53.052369074657499 ], [ 73.496190918264304, -53.052596430601014 ], [ 73.49650229604832, -53.052781794682339 ], [ 73.496472597791666, -53.053154354877478 ], [ 73.496665882559341, -53.053368463826907 ], [ 73.497106712049415, -53.053608100808454 ], [ 73.497217967192796, -53.053904778195815 ], [ 73.497949987796702, -53.055460321979076 ], [ 73.498041490372188, -53.057381876064291 ], [ 73.498315998098647, -53.059120424998532 ], [ 73.498875372333714, -53.05977302827278 ], [ 73.499322526428998, -53.060858973932802 ], [ 73.49978003930643, -53.063695553772881 ], [ 73.499871541881916, -53.065159594980642 ], [ 73.499508255873707, -53.066540093886012 ], [ 73.499287867271406, -53.06661052573287 ], [ 73.498515363791597, -53.066449589182618 ], [ 73.499183635140781, -53.067803609543859 ], [ 73.499141401028254, -53.068657298442211 ], [ 73.499295293436589, -53.070367682651884 ], [ 73.499360482487447, -53.070515227264586 ], [ 73.499139521278025, -53.07156477526474 ], [ 73.499139521278025, -53.07257130359509 ], [ 73.49950553157997, -53.073486329349961 ], [ 73.49950553157997, -53.076780422067486 ], [ 73.499688536730943, -53.078152960699782 ], [ 73.499597034155457, -53.080166017360497 ], [ 73.498865013551566, -53.081721561143752 ], [ 73.498315998098647, -53.082453581747664 ], [ 73.498682008400593, -53.084100628106398 ], [ 73.499139521278025, -53.086479695069038 ], [ 73.500237552183862, -53.088218244003308 ], [ 73.500352049608054, -53.088447238851693 ], [ 73.500383130402085, -53.088509400439747 ], [ 73.498898316324514, -53.087515588706708 ], [ 73.498041448529548, -53.086765829386124 ], [ 73.496756146837129, -53.085373419219309 ], [ 73.496220604465279, -53.084195226001292 ], [ 73.495363736670328, -53.083873900578162 ], [ 73.494292651926628, -53.082588598885742 ], [ 73.493328675657324, -53.08087486329584 ], [ 73.492578916336726, -53.078839802282801 ], [ 73.491186506169925, -53.077554500590374 ], [ 73.488723011259438, -53.075626548051737 ], [ 73.48668795024642, -53.073484378564366 ], [ 73.486045299400203, -53.072199076871918 ], [ 73.484974214656503, -53.070485341282016 ], [ 73.482832045169118, -53.067057870102204 ], [ 73.481118309579216, -53.064380158242962 ], [ 73.480154333309898, -53.062237988755577 ], [ 73.479190357040565, -53.061166904011891 ], [ 73.477797946873778, -53.05902473452452 ], [ 73.476512645181344, -53.057632324357698 ], [ 73.474906018065809, -53.05613280571653 ], [ 73.474908448359102, -53.056110933076909 ], [ 73.475015973869745, -53.05517346795164 ], [ 73.474382600232218, -53.053262579985713 ], [ 73.473073379958976, -53.050976639826104 ], [ 73.472228815988061, -53.04885824868952 ], [ 73.472228815988061, -53.046481390455334 ], [ 73.472328825870036, -53.044460411541472 ], [ 73.472659040316742, -53.042753022054953 ], [ 73.472446905069944, -53.040855109846781 ], [ 73.472121427091253, -53.039098443802942 ], [ 73.472190544611678, -53.038693272131546 ], [ 73.472442500104819, -53.037184263015838 ], [ 73.47251935119759, -53.035429015641256 ], [ 73.47173611539084, -53.035134772123371 ], [ 73.471118720454584, -53.034746177084081 ], [ 73.470605766666878, -53.034204707626536 ], [ 73.470730863467352, -53.033795166315358 ], [ 73.470625780726763, -53.03325583025768 ], [ 73.470383848292741, -53.033074950009571 ], [ 73.47012888701687, -53.032823729711644 ], [ 73.469985006819186, -53.032503765980508 ], [ 73.469795912812586, -53.03214579527166 ], [ 73.469760133777413, -53.031841256434582 ], [ 73.469827839829208, -53.031463198988575 ], [ 73.469583156549348, -53.030922065485854 ], [ 73.469261219628081, -53.030590453013993 ], [ 73.468557899966157, -53.030291354185074 ], [ 73.468375920670383, -53.029952185122113 ], [ 73.468476120861183, -53.029752315815216 ], [ 73.468260500113544, -53.02926769116015 ], [ 73.468200139804409, -53.029000260107324 ], [ 73.467751312419608, -53.028746537127994 ], [ 73.467509914332567, -53.028551623177719 ], [ 73.46714773836068, -53.028261589350535 ], [ 73.467148770648208, -53.028013661506094 ], [ 73.467615578146876, -53.027827344249104 ], [ 73.467963511790884, -53.02779493153789 ], [ 73.468679210766894, -53.027743333590259 ], [ 73.46931008980448, -53.027676605243322 ], [ 73.470061442942722, -53.027494470158061 ], [ 73.470207787690697, -53.02744119310568 ], [ 73.470533082871327, -53.027322767722872 ], [ 73.471243330572534, -53.027205590424714 ], [ 73.471954400953777, -53.027065028809403 ], [ 73.472105893219052, -53.026950021913109 ], [ 73.47272157457823, -53.026873724027674 ], [ 73.47350260178483, -53.026729373474041 ], [ 73.474012503353407, -53.026572182853862 ], [ 73.474450124664784, -53.026484234846649 ], [ 73.474925367978727, -53.026429514630401 ], [ 73.475521233036076, -53.02625470742651 ], [ 73.475774367627594, -53.026337480333787 ], [ 73.476189045712772, -53.026239875629777 ], [ 73.476578147975658, -53.026207435689436 ], [ 73.476806522509136, -53.026112120247156 ], [ 73.477435883781709, -53.026087432698432 ], [ 73.477673345138584, -53.026174679014879 ], [ 73.477884065451789, -53.026139951213175 ], [ 73.478540807926763, -53.02599865503138 ], [ 73.479296395374945, -53.025914756800532 ], [ 73.479674256977461, -53.025760531659657 ], [ 73.480349129153112, -53.02554460725532 ], [ 73.481000563743166, -53.025333057810563 ], [ 73.481534181365731, -53.02516210367839 ], [ 73.481900167952304, -53.025124673104521 ], [ 73.482364308582618, -53.024943472084843 ], [ 73.483163897961333, -53.024710410845152 ], [ 73.483938900799274, -53.024514455848426 ], [ 73.484722799310262, -53.024285862290164 ], [ 73.485176706283056, -53.024174691890337 ], [ 73.485632740260755, -53.024002731205378 ], [ 73.486123126091329, -53.023957515516592 ], [ 73.486413182853852, -53.023872323231807 ], [ 73.486832623259701, -53.023858948515553 ], [ 73.487163809986143, -53.023928655909423 ], [ 73.487554192563465, -53.023858771475751 ], [ 73.487918037168058, -53.023882110849144 ], [ 73.488199423712317, -53.024044744630885 ], [ 73.489068734442441, -53.024701373917949 ], [ 73.489575030157098, -53.025311283442761 ], [ 73.490012603157112, -53.025667699469729 ], [ 73.49039099479846, -53.026163706268164 ], [ 73.49043181405375, -53.026327958702616 ], [ 73.490525944362147, -53.026520956528486 ], [ 73.490596154961139, -53.026732363166033 ], [ 73.490598346186886, -53.02712357520695 ], [ 73.490565703742107, -53.027382235583779 ], [ 73.490594360266371, -53.027672642820953 ], [ 73.490620546749511, -53.028066143062574 ], [ 73.490624895217678, -53.028131486229512 ], [ 73.490442992974394, -53.028896389223043 ], [ 73.490447236268139, -53.029663654783036 ], [ 73.490029362399014, -53.030519123989372 ], [ 73.49000305519651, -53.031716388448991 ], [ 73.489853786875486, -53.032434923401041 ], [ 73.48949825620663, -53.033281825935113 ], [ 73.489535798147045, -53.033984020351113 ], [ 73.489148891900115, -53.034839879496047 ], [ 73.488784862900886, -53.035041091710511 ], [ 73.488854260421874, -53.03527587931584 ], [ 73.489083711063799, -53.035372356762281 ], [ 73.489829570813541, -53.034904661818665 ], [ 73.490057387919805, -53.035047897809889 ], [ 73.489300412497528, -53.035833564875901 ], [ 73.488589813159507, -53.036180073621281 ], [ 73.487930241253181, -53.036771485444739 ], [ 73.487460751447117, -53.036951643900458 ], [ 73.487155483985177, -53.037247160793875 ], [ 73.487105135101274, -53.037798538049174 ], [ 73.486837563879462, -53.038347151873296 ], [ 73.487547885705979, -53.0380100061466 ], [ 73.487815252068302, -53.037910487238555 ], [ 73.488225529451597, -53.037719222014871 ], [ 73.488506605517401, -53.037517584970558 ], [ 73.48875095312394, -53.037342293925249 ], [ 73.488852487969496, -53.037441395922016 ], [ 73.488916063298447, -53.037503447666587 ], [ 73.489107627846337, -53.037795924439699 ] ], [ [ 73.497308189961814, -53.078053270004361 ], [ 73.496600245746023, -53.078195516682605 ], [ 73.49676222690961, -53.078590655860829 ], [ 73.496397190652047, -53.078979136211274 ], [ 73.497552668869361, -53.078963494079659 ], [ 73.49828782275506, -53.078761109331921 ], [ 73.497756229090697, -53.078164760122945 ], [ 73.497308189961814, -53.078053270004361 ] ], [ [ 73.492467573902374, -53.075036281971983 ], [ 73.492490696392693, -53.075452346440343 ], [ 73.492794343790806, -53.075743453535345 ], [ 73.492935121193355, -53.075306786824811 ], [ 73.492419886111833, -53.074604787248042 ], [ 73.49177259954017, -53.074090098534846 ], [ 73.491671300171674, -53.073756197096806 ], [ 73.491209585402004, -53.07403760343356 ], [ 73.490665461962678, -53.073803917652484 ], [ 73.490323797112069, -53.073882737309731 ], [ 73.491442952758973, -53.074184192715194 ], [ 73.492044802203338, -53.074562236681196 ], [ 73.492467573902374, -53.075036281971983 ] ], [ [ 73.48864780176892, -53.074428421356671 ], [ 73.488071871704506, -53.074028010925666 ], [ 73.487829514455044, -53.074138323290789 ], [ 73.488614239770897, -53.074669898600789 ], [ 73.489360435314438, -53.074868362056129 ], [ 73.489741072478125, -53.074752242388101 ], [ 73.490283880912202, -53.075023713060531 ], [ 73.490623579770769, -53.074642489172795 ], [ 73.4896763697962, -53.074449041673866 ], [ 73.489044158378704, -53.074221789758823 ], [ 73.48864780176892, -53.074428421356671 ] ], [ [ 73.491855584068247, -53.04596980816013 ], [ 73.492055848169983, -53.045982426517369 ], [ 73.492132215215634, -53.045711252009731 ], [ 73.491763366573224, -53.045736813683398 ], [ 73.491694384394393, -53.045796415117415 ], [ 73.491855584068247, -53.04596980816013 ] ], [ [ 73.491742242312867, -53.045383768323781 ], [ 73.492106516249962, -53.045489180378013 ], [ 73.492166867657872, -53.045197644086294 ], [ 73.491742242312867, -53.045383768323781 ] ], [ [ 73.490889635318794, -53.042500336230404 ], [ 73.491274117900602, -53.042505213799913 ], [ 73.491479290671123, -53.042376784412255 ], [ 73.491467147216369, -53.042245598683458 ], [ 73.490865000085435, -53.042248039577977 ], [ 73.490889635318794, -53.042500336230404 ] ] ] } },
{ "type": "Feature", "properties": { "RGIId": "RGI60-19.00019", "name_1": "AU1091", "grid_pixels": 24.0, "observed_pixels": 24.0, "retained_pixels": 21.0, "coverage_percent": 87.5, "median_speed_m_yr": 62.096698760986328, "pixel_speed_p25_m_yr": 50.635955810546875, "pixel_speed_p75_m_yr": 74.525161743164062, "median_retained_pairs": 52.0, "minimum_elevation_m": 181.12043762207031, "lower_third_limit_m": 246.45974731445312, "upper_third_limit_m": 311.79905700683594, "maximum_elevation_m": 377.13836669921875, "lower_third_speed_m_yr": 47.340690612792969, "lower_third_coverage_percent": 88.888888888888886, "lower_third_retained_pixels": 8.0, "middle_third_speed_m_yr": 87.88897705078125, "middle_third_coverage_percent": 66.666666666666671, "middle_third_retained_pixels": 4.0, "upper_third_speed_m_yr": 73.463958740234375, "upper_third_coverage_percent": 100.0, "upper_third_retained_pixels": 9.0, "lower_upper_speed_ratio": 0.64440701841548942, "speed_rank": 22, "year_balanced_speed_m_yr": 68.318321228027344, "retained_pixels_with_all_6_years_percent": 100.0, "retained_pixels_with_at_least_5_years_percent": 100.0, "year_balanced_change_percent": 10.019248351652932, "status": "analysed" }, "geometry": { "type": "Polygon", "coordinates": [ [ [ 73.59432758502048, -53.063169693310925 ], [ 73.594103979786496, -53.063226735873151 ], [ 73.593836696240473, -53.063326493849608 ], [ 73.593769206361983, -53.063403966937038 ], [ 73.593340090754239, -53.063512896089868 ], [ 73.59162639447888, -53.063239055591097 ], [ 73.59164258668784, -53.063216336122622 ], [ 73.591737480766213, -53.063164051831173 ], [ 73.591747073889167, -53.0631080289427 ], [ 73.591826988769711, -53.063038804307524 ], [ 73.591932415570994, -53.062901660193937 ], [ 73.592023462442612, -53.062491070478124 ], [ 73.591741296668403, -53.062094775669259 ], [ 73.590888335730554, -53.062056607831231 ], [ 73.590951698315948, -53.061542774090562 ], [ 73.59101414366836, -53.061056997651413 ], [ 73.591230592589042, -53.060849049182352 ], [ 73.591471088931286, -53.06061799484123 ], [ 73.591805644290105, -53.06035998517364 ], [ 73.591624384920493, -53.060203464230923 ], [ 73.592087247181595, -53.059820665588539 ], [ 73.591925157863599, -53.059790679008955 ], [ 73.592070517525102, -53.059619311917864 ], [ 73.592478273293693, -53.059259249788937 ], [ 73.592905193661238, -53.059025720010126 ], [ 73.592833192275876, -53.05932894092529 ], [ 73.59329755026377, -53.0591379549126 ], [ 73.593332856386041, -53.059245967272069 ], [ 73.59348597059909, -53.059074690164167 ], [ 73.593452187491039, -53.058919915465523 ], [ 73.593590842381801, -53.058715720994215 ], [ 73.593730866591528, -53.058469440195466 ], [ 73.593715043439204, -53.058240029229076 ], [ 73.593808951474699, -53.057979169066584 ], [ 73.59403115372902, -53.057832098066164 ], [ 73.594281358786986, -53.057540338321623 ], [ 73.594691359372433, -53.057348704629995 ], [ 73.595095724628848, -53.05709151043613 ], [ 73.595294633110427, -53.056944162010851 ], [ 73.595760468894952, -53.05646782354215 ], [ 73.595971998960366, -53.056170925713417 ], [ 73.596192047565197, -53.055850737833005 ], [ 73.596342402296756, -53.055763629227719 ], [ 73.596536274528589, -53.055532014608602 ], [ 73.596675055686447, -53.0553231400119 ], [ 73.596848071295696, -53.055016430212774 ], [ 73.597078920578255, -53.054841387331379 ], [ 73.597374439522866, -53.054587579837381 ], [ 73.597952866487532, -53.054468091355162 ], [ 73.598471932751721, -53.054263696023497 ], [ 73.598965562728836, -53.053885911411946 ], [ 73.599458577461519, -53.053526829688273 ], [ 73.599848114516888, -53.053246054733449 ], [ 73.600086399923342, -53.053080449677722 ], [ 73.599863607108517, -53.053007657052824 ], [ 73.600093069223988, -53.052874694413795 ], [ 73.600393590041804, -53.052705143075706 ], [ 73.600771868296292, -53.052531827575415 ], [ 73.601221202310143, -53.052321922097377 ], [ 73.601323795891901, -53.052510249979989 ], [ 73.601349841805515, -53.052664931512965 ], [ 73.601380771523253, -53.052908553197895 ], [ 73.601303351262857, -53.053141544885563 ], [ 73.601000558731585, -53.053381242376283 ], [ 73.600620758671411, -53.053601321102008 ], [ 73.600644681380473, -53.053821470339351 ], [ 73.600666937610214, -53.054093058384737 ], [ 73.600683099632491, -53.054313116305785 ], [ 73.600744010775884, -53.054589837033774 ], [ 73.600639815095164, -53.054930108192586 ], [ 73.600687173932783, -53.055145855011276 ], [ 73.600644700255401, -53.055299701191508 ], [ 73.600634393488988, -53.055337033707985 ], [ 73.600609172772849, -53.05563613143633 ], [ 73.600500697487774, -53.055868757234819 ], [ 73.60072596422124, -53.056105308950045 ], [ 73.600851628365533, -53.055821426712001 ], [ 73.600789419637366, -53.056063952976992 ], [ 73.60085870128124, -53.056322059856633 ], [ 73.60080822700057, -53.056681675039925 ], [ 73.600659156866215, -53.05720853978282 ], [ 73.600449656059908, -53.057683235004554 ], [ 73.600247729866467, -53.057924117174572 ], [ 73.599851546284313, -53.057690231228833 ], [ 73.599544591475791, -53.057817603182521 ], [ 73.599571998787553, -53.057930198689931 ], [ 73.599489527483627, -53.058078924994902 ], [ 73.599365064866078, -53.058189496599127 ], [ 73.599281652510967, -53.058263599080426 ], [ 73.598954312898002, -53.058540426674661 ], [ 73.598662136545002, -53.058929940446596 ], [ 73.598544665978324, -53.059199882764986 ], [ 73.598716666845135, -53.059403064383673 ], [ 73.599143580036156, -53.059408092112143 ], [ 73.598913776464698, -53.059550405022826 ], [ 73.598532979060479, -53.059559953848527 ], [ 73.598220673952781, -53.059612410834653 ], [ 73.597888136537776, -53.059809647668061 ], [ 73.597647982636133, -53.060031362780045 ], [ 73.597503076290167, -53.060162284154913 ], [ 73.596942118877294, -53.060724745611346 ], [ 73.596862694476641, -53.060789857850068 ], [ 73.596503336580554, -53.061084456819522 ], [ 73.596314464549792, -53.061400334945269 ], [ 73.596161201025183, -53.061576291889409 ], [ 73.596138238826427, -53.061756367938806 ], [ 73.596119507590799, -53.061903262379673 ], [ 73.595940216526088, -53.062163116537917 ], [ 73.595694745185099, -53.062518534360599 ], [ 73.594856909342965, -53.062957705465315 ], [ 73.594472025121846, -53.063132845775954 ], [ 73.59432758502048, -53.063169693310925 ] ] ] } },
{ "type": "Feature", "properties": { "RGIId": "RGI60-19.00020", "name_1": "Compton", "grid_pixels": 865.0, "observed_pixels": 865.0, "retained_pixels": 836.0, "coverage_percent": 96.647398843930631, "median_speed_m_yr": 179.23577880859375, "pixel_speed_p25_m_yr": 111.02363586425781, "pixel_speed_p75_m_yr": 254.34423828125, "median_retained_pairs": 72.0, "minimum_elevation_m": 0.0, "lower_third_limit_m": 788.35701497395837, "upper_third_limit_m": 1576.7140299479167, "maximum_elevation_m": 2365.071044921875, "lower_third_speed_m_yr": 123.23960113525391, "lower_third_coverage_percent": 94.946808510638292, "lower_third_retained_pixels": 357.0, "middle_third_speed_m_yr": 223.02096557617188, "middle_third_coverage_percent": 98.13333333333334, "middle_third_retained_pixels": 368.0, "upper_third_speed_m_yr": 148.35430908203125, "upper_third_coverage_percent": 97.368421052631575, "upper_third_retained_pixels": 111.0, "lower_upper_speed_ratio": 0.83071130119388459, "speed_rank": 11, "year_balanced_speed_m_yr": 170.84468078613281, "retained_pixels_with_all_6_years_percent": 96.172248803827756, "retained_pixels_with_at_least_5_years_percent": 99.401913875598083, "year_balanced_change_percent": -4.6815976576985774, "status": "analysed" }, "geometry": { "type": "Polygon", "coordinates": [ [ [ 73.620960393312842, -53.076150658022584 ], [ 73.619938937822667, -53.076999569343734 ], [ 73.618764528210562, -53.077771848419218 ], [ 73.618612234062823, -53.078110784858012 ], [ 73.617154030050244, -53.079109861610021 ], [ 73.616085988629024, -53.079846905211397 ], [ 73.616587513160937, -53.079531834304056 ], [ 73.617070175559675, -53.079251872184528 ], [ 73.614696599789056, -53.08079547621761 ], [ 73.611039017383689, -53.082502348006756 ], [ 73.606893757324286, -53.084453058622962 ], [ 73.602016980783787, -53.087013366306714 ], [ 73.601163544889204, -53.087501043960771 ], [ 73.599456673100036, -53.088720238095902 ], [ 73.598359398378435, -53.089817512817497 ], [ 73.597384043070335, -53.090183271058045 ], [ 73.596530607175751, -53.092377820501255 ], [ 73.595921010108185, -53.093718934049903 ], [ 73.593970299491986, -53.09518196701206 ], [ 73.593054287576024, -53.095905158525177 ], [ 73.592824585279772, -53.096060959923655 ], [ 73.592834962599284, -53.096078310919943 ], [ 73.591653830635266, -53.097010758214722 ], [ 73.589812130164916, -53.097294108404228 ], [ 73.588604110205637, -53.097109610756668 ], [ 73.58583069200867, -53.097429458441056 ], [ 73.584317931663421, -53.097602977519855 ], [ 73.58382404408998, -53.097345122626741 ], [ 73.583803141543115, -53.096961865805561 ], [ 73.583349549018962, -53.097006863191574 ], [ 73.582702228774096, -53.097341847630354 ], [ 73.582091357709089, -53.097586550383362 ], [ 73.580770488363868, -53.098034447866539 ], [ 73.57896814591281, -53.098355633000715 ], [ 73.577697981673182, -53.098279985412255 ], [ 73.577458318684876, -53.098438387681888 ], [ 73.578367666826196, -53.098791944985955 ], [ 73.579276558204072, -53.098651610801937 ], [ 73.580340075626282, -53.098392164308834 ], [ 73.580329460064846, -53.098714570874364 ], [ 73.580187300895901, -53.098785256238259 ], [ 73.579218050457015, -53.098961468830908 ], [ 73.576048145705712, -53.09981490472552 ], [ 73.573731676848979, -53.100668340620082 ], [ 73.571415207992246, -53.100912179447128 ], [ 73.56934257796253, -53.101399857101143 ], [ 73.566989296181433, -53.101473412554263 ], [ 73.567099941211481, -53.101247166205333 ], [ 73.567776903586619, -53.101033572714115 ], [ 73.569456242618699, -53.100892502910888 ], [ 73.569334694184334, -53.100518112501497 ], [ 73.568023643827843, -53.100663612251864 ], [ 73.567580711348768, -53.100890103181861 ], [ 73.567195025552707, -53.10090561900433 ], [ 73.566178237990115, -53.101266303364561 ], [ 73.565865840675812, -53.101508511381617 ], [ 73.565441156730145, -53.101521776514659 ], [ 73.56377914867879, -53.101165647219808 ], [ 73.564084439367548, -53.100777418347832 ], [ 73.563832377189627, -53.100300655562457 ], [ 73.563340261765205, -53.09999234075844 ], [ 73.562489237235312, -53.099901431368941 ], [ 73.562141405641256, -53.099786358615283 ], [ 73.562072157544151, -53.099352117119466 ], [ 73.5623172568652, -53.099032544277776 ], [ 73.56227779036179, -53.098709533635976 ], [ 73.561680229779924, -53.098551125653465 ], [ 73.561139278236467, -53.098201894517061 ], [ 73.560618695601704, -53.098245995506794 ], [ 73.560045203848588, -53.098370087582211 ], [ 73.559650787617855, -53.098647532100415 ], [ 73.55957743684047, -53.09883814891861 ], [ 73.559019326414742, -53.099002739004341 ], [ 73.560039735172367, -53.099035247749072 ], [ 73.560777262881189, -53.099013931302274 ], [ 73.560951042579262, -53.098824528147873 ], [ 73.561663760912197, -53.099044806671571 ], [ 73.561853539814791, -53.099379713142568 ], [ 73.561886954565992, -53.099884076069664 ], [ 73.562246150016009, -53.100160553756488 ], [ 73.562188875573128, -53.100371524661945 ], [ 73.562115196893856, -53.100572218168935 ], [ 73.561299323981402, -53.100431329088259 ], [ 73.560694343724904, -53.100494568646916 ], [ 73.560243046698503, -53.100468951715833 ], [ 73.561337439675142, -53.100794640396067 ], [ 73.561382610441413, -53.10082420162081 ], [ 73.559710944295077, -53.100912179447121 ], [ 73.556906797784293, -53.101034098860623 ], [ 73.554468409514058, -53.101277937687648 ], [ 73.553932425856502, -53.101362333214098 ], [ 73.553776699751836, -53.100952028221265 ], [ 73.553279174572708, -53.099641155741004 ], [ 73.552906762808476, -53.098970463470479 ], [ 73.552550909055483, -53.098256836552139 ], [ 73.552166622029304, -53.097486189723362 ], [ 73.551421749866307, -53.096822556245044 ], [ 73.550658471008163, -53.09614252357806 ], [ 73.550325664030055, -53.095846013836571 ], [ 73.550043814642748, -53.095379546465153 ], [ 73.549427716215277, -53.094359889063256 ], [ 73.548650714627939, -53.093887859673693 ], [ 73.546950276588788, -53.092854841539996 ], [ 73.547917289607042, -53.09229532434864 ], [ 73.548862908696378, -53.091796435345472 ], [ 73.550652110176486, -53.090852489783316 ], [ 73.551289764217458, -53.09051704914922 ], [ 73.551536872297248, -53.090387056887515 ], [ 73.552547203342868, -53.089970343311492 ], [ 73.552658359150954, -53.0899244968194 ], [ 73.553384623392859, -53.089609751145609 ], [ 73.553546927740911, -53.089539412295849 ], [ 73.553941092124845, -53.089368590813201 ], [ 73.554398120788562, -53.089230181683085 ], [ 73.556814346082575, -53.088498438430207 ], [ 73.557090673265904, -53.088309481103991 ], [ 73.557623855577376, -53.087805896593871 ], [ 73.558021327853439, -53.087430488638446 ], [ 73.558087222822692, -53.087335113759998 ], [ 73.557946338425324, -53.087774115299602 ], [ 73.558283725987224, -53.087697569651652 ], [ 73.558271602667958, -53.088060274201794 ], [ 73.558916276619641, -53.08780602352541 ], [ 73.559340791875016, -53.08712577762099 ], [ 73.564345226339128, -53.084646299200358 ], [ 73.564496528242813, -53.084124005887539 ], [ 73.563534719432923, -53.083850339912779 ], [ 73.563744909870806, -53.083570659279296 ], [ 73.56229590271991, -53.082847616559555 ], [ 73.563844188243536, -53.080588411723987 ], [ 73.563473696351522, -53.079924499431087 ], [ 73.563501463676161, -53.079867954063261 ], [ 73.563896284718211, -53.079705088021065 ], [ 73.564477042928672, -53.079678839987281 ], [ 73.5656616515422, -53.079289956965383 ], [ 73.567019574891077, -53.078721723787865 ], [ 73.567433711929979, -53.078029869126425 ], [ 73.567537546618766, -53.077991098894486 ], [ 73.568472402046481, -53.077642040895299 ], [ 73.568892610722656, -53.07717951173759 ], [ 73.569456291851836, -53.076559060583982 ], [ 73.570356189602833, -53.075526235461581 ], [ 73.570852017543558, -53.074957166861346 ], [ 73.571425206425062, -53.074345262098824 ], [ 73.571352720186795, -53.074153981615851 ], [ 73.571216212996248, -53.073249424008715 ], [ 73.571158441567661, -53.072866604722762 ], [ 73.571264167327584, -53.072231050790776 ], [ 73.571331460893987, -53.071826527473682 ], [ 73.571813636018476, -53.071935578125363 ], [ 73.571975861554549, -53.071584752741046 ], [ 73.572433130671456, -53.070914932610613 ], [ 73.57235515497409, -53.070742650328341 ], [ 73.572327364214573, -53.070570970180384 ], [ 73.572038319677745, -53.070708610543285 ], [ 73.571871371458116, -53.070696527548868 ], [ 73.571894100285178, -53.070515374452405 ], [ 73.572572220505279, -53.070251373090109 ], [ 73.572505241668509, -53.069746608635313 ], [ 73.572929432629138, -53.069570271354934 ], [ 73.573224794525032, -53.06924119947783 ], [ 73.573228791025713, -53.069120296788483 ], [ 73.573499428707436, -53.06903282897288 ], [ 73.573917283938641, -53.069047917375421 ], [ 73.574098291256846, -53.069140799760582 ], [ 73.574299354879358, -53.069133130032377 ], [ 73.574427428938364, -53.068802050503798 ], [ 73.574049021939473, -53.068606010757172 ], [ 73.574054014560474, -53.068454882324673 ], [ 73.574065996667898, -53.068092174069541 ], [ 73.574327885554439, -53.067762698295269 ], [ 73.574785836142325, -53.067576679791358 ], [ 73.575031654715843, -53.067226851540326 ], [ 73.574741216994767, -53.066900837606944 ], [ 73.574709077599223, -53.066888314274443 ], [ 73.575720693507265, -53.066256947358646 ], [ 73.577313519550486, -53.065295502057964 ], [ 73.57745557706383, -53.065209754760446 ], [ 73.577654321583822, -53.065089790634026 ], [ 73.578948521200203, -53.064153024745657 ], [ 73.579436844156291, -53.063898352839416 ], [ 73.580452074157833, -53.063368886516891 ], [ 73.581030962911626, -53.063066982417169 ], [ 73.581353148360591, -53.062898955128205 ], [ 73.582331277040595, -53.062789755075038 ], [ 73.582429105178576, -53.062844941862735 ], [ 73.582708559569085, -53.062848271310088 ], [ 73.582797105981953, -53.062989667382325 ], [ 73.582648781249887, -53.063249870767024 ], [ 73.582234985869391, -53.063553691112162 ], [ 73.581625189938421, -53.063677407898361 ], [ 73.580944988022253, -53.064052896098566 ], [ 73.580114437957619, -53.064276888849541 ], [ 73.57943790653556, -53.064540139295822 ], [ 73.578766732150186, -53.065112200738163 ], [ 73.578044340225134, -53.065823987578057 ], [ 73.577524077498424, -53.066528830831864 ], [ 73.577336024818095, -53.067050523031725 ], [ 73.577419938661407, -53.067332208916916 ], [ 73.577573049592928, -53.067399532124583 ], [ 73.578173543810365, -53.067088603038137 ], [ 73.578107616630433, -53.066732283991534 ], [ 73.578040766264138, -53.066404022101167 ], [ 73.578489982979917, -53.065969654232518 ], [ 73.579049105295951, -53.065499173041154 ], [ 73.579518136711428, -53.064934052799465 ], [ 73.580061093251189, -53.064482086057311 ], [ 73.580814326303724, -53.064247815315284 ], [ 73.58147009504502, -53.064143362962 ], [ 73.581668856566523, -53.064239293498098 ], [ 73.581965381628393, -53.064196047736694 ], [ 73.58159583706491, -53.064098081723031 ], [ 73.582143843613196, -53.06396427262024 ], [ 73.582614832921806, -53.063810831314711 ], [ 73.582871531344836, -53.063561275006499 ], [ 73.583233221713883, -53.063425241480978 ], [ 73.583438121374982, -53.063334120515243 ], [ 73.583413208035097, -53.063146702221559 ], [ 73.583735066945266, -53.062804359085696 ], [ 73.584070487629845, -53.06299547321025 ], [ 73.584139832857929, -53.06324891271565 ], [ 73.584262502600723, -53.063297152934034 ], [ 73.584714272741252, -53.063255747645265 ], [ 73.584788220841261, -53.063368900282576 ], [ 73.585076460994699, -53.063578162428975 ], [ 73.585902377386745, -53.063494421326553 ], [ 73.586229331710101, -53.063470238815 ], [ 73.586577322616364, -53.063277895907454 ], [ 73.587059529155809, -53.063255555471578 ], [ 73.587365753341288, -53.063390176978587 ], [ 73.587451868122244, -53.063606389238423 ], [ 73.587456989546155, -53.063924556677421 ], [ 73.58721851215688, -53.064567294340556 ], [ 73.586945607801439, -53.065312539445664 ], [ 73.586685247860089, -53.06567433381985 ], [ 73.58642886479133, -53.0659145458973 ], [ 73.585829364909401, -53.066197459918158 ], [ 73.584968862557631, -53.066860866116684 ], [ 73.584964570446658, -53.066991800125962 ], [ 73.585544576515318, -53.066830287636954 ], [ 73.585846630683449, -53.066618688531342 ], [ 73.586184540664746, -53.066734977370245 ], [ 73.586552280959197, -53.06688904392437 ], [ 73.586931045450669, -53.066706421615841 ], [ 73.587254962799975, -53.066775760837494 ], [ 73.587549969905297, -53.066779263450265 ], [ 73.588000549947139, -53.066775255692029 ], [ 73.588511707667095, -53.066818745274063 ], [ 73.588847246504869, -53.066532687296359 ], [ 73.588812590577447, -53.066167389431165 ], [ 73.588803790363571, -53.065961451454498 ], [ 73.589588361171636, -53.065718140947624 ], [ 73.58998410316633, -53.065966089561542 ], [ 73.59036279618492, -53.066260615180589 ], [ 73.590686975708351, -53.066797751639804 ], [ 73.590944781487906, -53.067465086028164 ], [ 73.5909544651375, -53.068120125440551 ], [ 73.591613931188647, -53.067903388038744 ], [ 73.592136697572769, -53.067591468845912 ], [ 73.59253463127682, -53.067296782836429 ], [ 73.592518214901233, -53.06684749742336 ], [ 73.592866815358718, -53.066636431299145 ], [ 73.592922540953225, -53.066356408336866 ], [ 73.592729842215959, -53.066073447169749 ], [ 73.592196785899574, -53.065749034497308 ], [ 73.592019315792484, -53.065475608379998 ], [ 73.592266848691324, -53.065029446151179 ], [ 73.592338101899017, -53.064749607108567 ], [ 73.591937476576334, -53.064651305635863 ], [ 73.591466546985686, -53.064327624759215 ], [ 73.591400513743864, -53.0639713122129 ], [ 73.591430991579074, -53.063513225478545 ], [ 73.59162639447888, -53.063239055591097 ], [ 73.593340090754239, -53.063512896089868 ], [ 73.593769206361983, -53.063403966937038 ], [ 73.593626943595552, -53.063567272383828 ], [ 73.593934713769784, -53.063655114778996 ], [ 73.594428337988958, -53.063520606567771 ], [ 73.59471312572434, -53.063360239570535 ], [ 73.594961837067515, -53.063115241217147 ], [ 73.595310395235884, -53.062904167522497 ], [ 73.595620745255445, -53.062673929659987 ], [ 73.595921352342089, -53.062504390466415 ], [ 73.596156359258345, -53.062441671265582 ], [ 73.596401569747172, -53.062542803198724 ], [ 73.596393645902168, -53.062308807977288 ], [ 73.596563224079972, -53.06201495673988 ], [ 73.596632288522045, -53.061895278121312 ], [ 73.596903963884884, -53.061659902699901 ], [ 73.597241078051852, -53.061322381493113 ], [ 73.597600258820151, -53.061022543742276 ], [ 73.598068562176351, -53.060709956765578 ], [ 73.598382524856774, -53.060367481501096 ], [ 73.598679440519504, -53.060071584972057 ], [ 73.599069497588332, -53.059776784552007 ], [ 73.599583287501872, -53.059497473548831 ], [ 73.600019753729612, -53.059207894373394 ], [ 73.600268713990161, -53.058953531896428 ], [ 73.600496204239732, -53.0586427799118 ], [ 73.600773932956272, -53.058458925340155 ], [ 73.600888205662216, -53.058287182003632 ], [ 73.601112355055093, -53.05807930633641 ], [ 73.601457207487357, -53.057980444092685 ], [ 73.601631753209858, -53.057865545018863 ], [ 73.60210756208663, -53.057319128764235 ], [ 73.602886923233328, -53.056509627897206 ], [ 73.603165384289156, -53.056302386223585 ], [ 73.603463848992959, -53.056436875318823 ], [ 73.603743365210306, -53.056196898445712 ], [ 73.603904793524251, -53.056006993547882 ], [ 73.604328144341835, -53.055880976046382 ], [ 73.604810713574523, -53.055844534237004 ], [ 73.605096318343783, -53.055656084010096 ], [ 73.605313729528405, -53.055415375255954 ], [ 73.605703699063099, -53.055120552279277 ], [ 73.60606563698785, -53.054731838878851 ], [ 73.608925899166408, -53.053432079869864 ], [ 73.609985075382468, -53.053088930137356 ], [ 73.610396168315887, -53.052859831232027 ], [ 73.610774257957601, -53.052691159949902 ], [ 73.61115920327201, -53.052550635719662 ], [ 73.611335956550093, -53.052365577810903 ], [ 73.61148412720496, -53.05186207969863 ], [ 73.611802222337758, -53.051627212419611 ], [ 73.612284137230603, -53.051609445035524 ], [ 73.612835147121686, -53.051615871601747 ], [ 73.613429568870089, -53.051721040328587 ], [ 73.613921303012305, -53.051881146015255 ], [ 73.61431571055941, -53.052171100895563 ], [ 73.614670419117488, -53.052488660316421 ], [ 73.615147958181012, -53.052849750896407 ], [ 73.6151422602709, -53.053027449761423 ], [ 73.614928477642721, -53.053399203359795 ], [ 73.614784991127806, -53.053757741045686 ], [ 73.61491944175927, -53.053923037633346 ], [ 73.615115046436415, -53.054360371769434 ], [ 73.615152316626379, -53.054650843521422 ], [ 73.615427973811535, -53.054771002901155 ], [ 73.615564494706732, -53.055114087928466 ], [ 73.615531766020311, -53.055408422902872 ], [ 73.615347256490651, -53.055593396652284 ], [ 73.615105715788047, -53.055861910740596 ], [ 73.614926264237312, -53.056131147250518 ], [ 73.614904141691738, -53.056336722962904 ], [ 73.614961734661932, -53.056477734372358 ], [ 73.614955885249969, -53.056660109397001 ], [ 73.61490867766156, -53.056921529382919 ], [ 73.614909839662658, -53.057127376168914 ], [ 73.614950410308751, -53.057314969655181 ], [ 73.615202498596446, -53.057444211077609 ], [ 73.61529369031409, -53.057506086908887 ], [ 73.61550457286782, -53.057709696497454 ], [ 73.615868178741962, -53.057751351719944 ], [ 73.616284649898446, -53.057597143577695 ], [ 73.616606450379962, -53.057731870833315 ], [ 73.616560899493521, -53.057941852354176 ], [ 73.616297565678465, -53.058163335091031 ], [ 73.61579540816264, -53.058325902395346 ], [ 73.615420736848307, -53.058387034795643 ], [ 73.615145806651938, -53.058243493909757 ], [ 73.614942797231365, -53.058278554782717 ], [ 73.614547990234684, -53.058241211424381 ], [ 73.614731108136411, -53.058436978247897 ], [ 73.614795732296542, -53.058506065853372 ], [ 73.614960195365668, -53.058704457835518 ], [ 73.615366332280885, -53.058872916422594 ], [ 73.615246902711519, -53.058965086886936 ], [ 73.614760256062155, -53.059127830408876 ], [ 73.614415124061992, -53.059236083895712 ], [ 73.614149519987805, -53.059527705892577 ], [ 73.613800179712626, -53.059766893351089 ], [ 73.613444725190462, -53.059954550234941 ], [ 73.612872826340791, -53.060111614444402 ], [ 73.612440493730034, -53.060274981822701 ], [ 73.612012517286431, -53.060302735662248 ], [ 73.611966478321222, -53.060355621237974 ], [ 73.611851258369384, -53.060487975283827 ], [ 73.611840828988335, -53.061053894914103 ], [ 73.611792244090609, -53.061357399772639 ], [ 73.61153346929845, -53.061677163833878 ], [ 73.611206181347967, -53.061954025331531 ], [ 73.610593779652689, -53.06216206419429 ], [ 73.609956277513461, -53.06242594298687 ], [ 73.610198896627153, -53.062849799892909 ], [ 73.610086539766414, -53.063204017345704 ], [ 73.609710710946885, -53.064022958734697 ], [ 73.609433516633402, -53.064431385499951 ], [ 73.608346771911528, -53.065139094713089 ], [ 73.607858593989377, -53.065587152006053 ], [ 73.607189587339477, -53.066103260937886 ], [ 73.606654504320105, -53.06656012027895 ], [ 73.605648407402498, -53.066931931662488 ], [ 73.604978239391329, -53.067242181517422 ], [ 73.604333771523258, -53.067477880684073 ], [ 73.603542696577676, -53.067683787565663 ], [ 73.603629862342373, -53.067390094914863 ], [ 73.603736233293034, -53.067222934311687 ], [ 73.603522789206252, -53.067098800520085 ], [ 73.603246528936282, -53.06723589844669 ], [ 73.602716536873316, -53.06753374710938 ], [ 73.602327603272769, -53.067552568928811 ], [ 73.601969420597058, -53.067581106873433 ], [ 73.601701218869351, -53.067708939876262 ], [ 73.60151311236605, -53.068001444735998 ], [ 73.600881228499745, -53.06808757634056 ], [ 73.600439460026593, -53.06805899040868 ], [ 73.599877054124846, -53.068158018862732 ], [ 73.599701799804464, -53.068220169232184 ], [ 73.599672772378412, -53.068230463174181 ], [ 73.599594529060283, -53.068248254368193 ], [ 73.599547036854503, -53.068275763533848 ], [ 73.599406987610024, -53.068283471033865 ], [ 73.599282465631731, -53.068291361171291 ], [ 73.599234973181424, -53.068318870210547 ], [ 73.599157336569078, -53.068317956146117 ], [ 73.599109540478935, -53.068354817618342 ], [ 73.599046216959081, -53.068391496238988 ], [ 73.598873594645127, -53.06844559985398 ], [ 73.598787675480423, -53.068460571276724 ], [ 73.598342715887483, -53.068530178602202 ], [ 73.598098700038022, -53.068630220298509 ], [ 73.597836269389887, -53.068818927036425 ], [ 73.597524504034354, -53.068852676707834 ], [ 73.597146676635887, -53.069007275425442 ], [ 73.596891243299211, -53.069219452750616 ], [ 73.596742677049662, -53.069489026336157 ], [ 73.596886998195671, -53.069588967001415 ], [ 73.597262096145045, -53.069518541434917 ], [ 73.597575841707027, -53.069424001394957 ], [ 73.597980017889356, -53.069414730693943 ], [ 73.5984456973829, -53.06942489524706 ], [ 73.598650745944667, -53.069329071907191 ], [ 73.598906041967041, -53.069360146701932 ], [ 73.59891164038666, -53.069360350422954 ], [ 73.599091862417097, -53.069366908385128 ], [ 73.599286167046074, -53.069373978480378 ], [ 73.599666595813176, -53.069378456561601 ], [ 73.600007598707933, -53.069401181631058 ], [ 73.600404162078632, -53.069387135091937 ], [ 73.600672074910079, -53.069268657631767 ], [ 73.600936651684307, -53.069253056943232 ], [ 73.601151159639301, -53.069344461635737 ], [ 73.601369456676707, -53.069318959806608 ], [ 73.601426379457052, -53.069240102476897 ], [ 73.601556062300205, -53.069137480566184 ], [ 73.601577831400206, -53.069120253964165 ], [ 73.601660475323399, -53.069125381755462 ], [ 73.601856874289751, -53.069137567448621 ], [ 73.602113080285505, -53.069140577889108 ], [ 73.602266993815618, -53.069184488358012 ], [ 73.60256080810538, -53.069225363847885 ], [ 73.60289616667356, -53.069182521976238 ], [ 73.603110178837809, -53.069049372047196 ], [ 73.603318330908252, -53.068933265289587 ], [ 73.60332373574397, -53.06893025047107 ], [ 73.603326954030749, -53.068932265955496 ], [ 73.603384635577427, -53.068968389557455 ], [ 73.603682080084326, -53.068897032273405 ], [ 73.603615280138257, -53.069041267103543 ], [ 73.603407974252264, -53.069207242833365 ], [ 73.603247703922094, -53.069359736308307 ], [ 73.603008280068792, -53.069558080478146 ], [ 73.602816345829567, -53.06972891369729 ], [ 73.602681634122021, -53.069811536163456 ], [ 73.602413571910247, -53.069934694399677 ], [ 73.602180996356878, -53.07016118551919 ], [ 73.602016740626638, -53.070196679885811 ], [ 73.601853090545433, -53.070213469040169 ], [ 73.601662966809599, -53.070328185382799 ], [ 73.601393837788038, -53.070484074986211 ], [ 73.601236586524038, -53.070543040749953 ], [ 73.601035057932194, -53.070769894644698 ], [ 73.600600937592588, -53.071223236073664 ], [ 73.600461364630149, -53.071455495702125 ], [ 73.600349814232359, -53.071781645325757 ], [ 73.600045063573873, -53.072077453639615 ], [ 73.599520781339649, -53.072436169764579 ], [ 73.599001803437986, -53.072631215162495 ], [ 73.598674178787988, -53.072674137274433 ], [ 73.598320526397544, -53.072800956338924 ], [ 73.598302415546584, -53.072880269424537 ], [ 73.597955309552361, -53.073044588741382 ], [ 73.598042103528769, -53.073242088531629 ], [ 73.598300478433956, -53.073418219560594 ], [ 73.597977421465757, -53.07355943212994 ], [ 73.597484148555282, -53.073679925449561 ], [ 73.597285929267699, -53.073803895496681 ], [ 73.596943220869861, -53.07383260098608 ], [ 73.596696881036294, -53.073764203549445 ], [ 73.596517382044141, -53.073790154563035 ], [ 73.596379139509082, -53.073741743581031 ], [ 73.596617400631359, -53.07358082310833 ], [ 73.596646472754742, -53.073403400998956 ], [ 73.596681484493089, -53.073282185250036 ], [ 73.596693050403005, -53.073165370996207 ], [ 73.596600018907324, -53.072921016348111 ], [ 73.596481878874371, -53.072971081135073 ], [ 73.596201748872673, -53.072986488531122 ], [ 73.596407283868899, -53.073115220029337 ], [ 73.596405154678635, -53.073180687286985 ], [ 73.596139335433733, -53.073233687573577 ], [ 73.595685492704717, -53.07333592655938 ], [ 73.595687931515528, -53.073499686287015 ], [ 73.595992271542187, -53.073456497603097 ], [ 73.596136908265166, -53.073547086726869 ], [ 73.595852970728558, -53.073679399063735 ], [ 73.59548148980447, -53.073876169756403 ], [ 73.595741531686812, -53.074000867745802 ], [ 73.595748540001125, -53.074262919935656 ], [ 73.595864250040549, -53.074287675608517 ], [ 73.596008731236907, -53.074144361720272 ], [ 73.596122311412927, -53.074234584377507 ], [ 73.595923172813627, -53.074386609485984 ], [ 73.595694647601036, -53.074486829150523 ], [ 73.59561121722173, -53.074663609442247 ], [ 73.595588535077823, -53.07488320894489 ], [ 73.595753422500508, -53.074829018714311 ], [ 73.595805793474611, -53.07465187178942 ], [ 73.596151703618332, -53.074524968776466 ], [ 73.596351450457817, -53.074354238361401 ], [ 73.596362112841319, -53.074504060969716 ], [ 73.596257368189626, -53.074619775926131 ], [ 73.596143793311199, -53.074768132787788 ], [ 73.596106192620425, -53.074968844252396 ], [ 73.595776569320748, -53.075072549225922 ], [ 73.595625384571136, -53.0751830375306 ], [ 73.595551543703252, -53.075303794644647 ], [ 73.595620819126722, -53.075323324414292 ], [ 73.595825597819726, -53.075236858724416 ], [ 73.596155374389554, -53.075128477394891 ], [ 73.596127211719335, -53.075277841930216 ], [ 73.595905838529461, -53.075396858493036 ], [ 73.595667564628428, -53.075557777408207 ], [ 73.595889862373909, -53.075887862611445 ], [ 73.596236390720804, -53.075742254523114 ], [ 73.596365193622901, -53.075603433273606 ], [ 73.596827117499885, -53.075253351598256 ], [ 73.597072226470118, -53.074881999847676 ], [ 73.597142578097447, -53.075107374520279 ], [ 73.596947098847679, -53.075385751138576 ], [ 73.596829570900468, -53.075655690664085 ], [ 73.59686977468877, -53.075852641797802 ], [ 73.596975444046748, -53.07594744832133 ], [ 73.596906633795598, -53.076152470003905 ], [ 73.596631672107833, -53.076486045104268 ], [ 73.596930091793027, -53.076386647824116 ], [ 73.597186784149372, -53.0761370610917 ], [ 73.59760366594881, -53.076216823603509 ], [ 73.59733418131168, -53.076382055995282 ], [ 73.597124991374471, -53.076604134961265 ], [ 73.596917015669248, -53.076788803690526 ], [ 73.59640787599011, -53.077157040856541 ], [ 73.596214512305465, -53.077369948875415 ], [ 73.595957198264941, -53.077638238286312 ], [ 73.596089975518524, -53.077854994030425 ], [ 73.595947165984498, -53.078424027836 ], [ 73.595374047554699, -53.078847641954205 ], [ 73.594875528320955, -53.079365694738854 ], [ 73.594538099891082, -53.079707883401063 ], [ 73.593951552380972, -53.080065839800298 ], [ 73.593365604955324, -53.080405088338686 ], [ 73.59276686195075, -53.08065997828092 ], [ 73.592311559891954, -53.080804289667952 ], [ 73.591624498731747, -53.080908432315759 ], [ 73.591463379503779, -53.081084290136559 ], [ 73.590707463454791, -53.081393445506244 ], [ 73.590063317549777, -53.081610360028222 ], [ 73.58959913006457, -53.082025881223672 ], [ 73.589076780442866, -53.082319082388793 ], [ 73.588930871980509, -53.08250447322186 ], [ 73.588906774442975, -53.082766156802997 ], [ 73.588681977307957, -53.082988036002114 ], [ 73.588049044771324, -53.083336057399478 ], [ 73.587791644009897, -53.083604328309299 ], [ 73.587591249298228, -53.083555169684203 ], [ 73.5871977243836, -53.083709550965771 ], [ 73.586876959170084, -53.084014491793056 ], [ 73.586458394678573, -53.084458610786193 ], [ 73.585758690858597, -53.08494616766383 ], [ 73.585592319489194, -53.085281008012224 ], [ 73.584884615472433, -53.08601172194841 ], [ 73.584497692135955, -53.086437498279182 ], [ 73.583997418669966, -53.087002265347529 ], [ 73.583508188489162, -53.087230344097762 ], [ 73.583181841206496, -53.087703617459297 ], [ 73.583054668298956, -53.088263466063523 ], [ 73.583506087147299, -53.088240772078592 ], [ 73.58358007367643, -53.088353925270511 ], [ 73.584037633604851, -53.088144181461729 ], [ 73.584185731391031, -53.087893330319936 ], [ 73.584319828003942, -53.087595532203089 ], [ 73.584136794972579, -53.087490438130409 ], [ 73.584532820601908, -53.087261248210801 ], [ 73.584572481621365, -53.086999750670472 ], [ 73.584811627572506, -53.086815473987123 ], [ 73.585519546198256, -53.086552565358957 ], [ 73.585932009333476, -53.086295498075472 ], [ 73.586628362658658, -53.085910816886461 ], [ 73.586642057662445, -53.085967115815798 ], [ 73.587254606272822, -53.085768556517799 ], [ 73.587669807396935, -53.08542731137036 ], [ 73.587954306859601, -53.085280990885899 ], [ 73.588473946073989, -53.085071966815022 ], [ 73.589276542333039, -53.084763378808297 ], [ 73.589892424657492, -53.084461929080227 ], [ 73.590039558476732, -53.084239127455248 ], [ 73.590438578771384, -53.083916393116326 ], [ 73.591259726348369, -53.083514451165875 ], [ 73.591642587536683, -53.083210233619148 ], [ 73.592517020583784, -53.082603080754438 ], [ 73.593796485700267, -53.08196328446283 ], [ 73.594926378575181, -53.08162110186106 ], [ 73.595193773753167, -53.081521342476066 ], [ 73.595478222025548, -53.081375003567544 ], [ 73.595887228305926, -53.081220777779457 ], [ 73.596574893059483, -53.081097905581437 ], [ 73.596781978805609, -53.080941295092757 ], [ 73.59674542126605, -53.080632114607091 ], [ 73.596951287600362, -53.080512913614456 ], [ 73.597260984965686, -53.080067474849315 ], [ 73.597082817217753, -53.079812761236603 ], [ 73.597043825510866, -53.079578400440759 ], [ 73.596900677251, -53.079202470836712 ], [ 73.596486201799422, -53.079047886066697 ], [ 73.596202368011461, -53.078698364201202 ], [ 73.596489227812881, -53.078477203009179 ], [ 73.596713656980882, -53.078264660931396 ], [ 73.596953918841166, -53.078042949077926 ], [ 73.597502360937028, -53.07789971794066 ], [ 73.597622047617946, -53.07804146926798 ], [ 73.597948802443653, -53.078026607761203 ], [ 73.598219814284221, -53.077814611748686 ], [ 73.598376944381855, -53.077760326479584 ], [ 73.598435725643355, -53.077863935359318 ], [ 73.598699140992068, -53.077885749890839 ], [ 73.598851107990939, -53.077990455936899 ], [ 73.599009452588817, -53.077898759961698 ], [ 73.599810019530807, -53.077646213976607 ], [ 73.600298448406235, -53.077436771502292 ], [ 73.600803009620847, -53.077208804656649 ], [ 73.60112271605162, -53.076931882396188 ], [ 73.601316356807487, -53.076709613732532 ], [ 73.60166590446093, -53.076470464971621 ], [ 73.601932343173019, -53.076398747489065 ], [ 73.602307189649409, -53.076337658917588 ], [ 73.602579380960265, -53.076088242765501 ], [ 73.603019674790104, -53.075925004114822 ], [ 73.602946566119385, -53.075783805121581 ], [ 73.603517148402261, -53.075434973475993 ], [ 73.603788721795212, -53.075204259418108 ], [ 73.603964693363523, -53.075047271453307 ], [ 73.604018241135762, -53.074832710726767 ], [ 73.604229463460456, -53.074621402385013 ], [ 73.604323287018929, -53.074527539823698 ], [ 73.604654698357166, -53.074524546399751 ], [ 73.60477394757055, -53.074523469072894 ], [ 73.60541217213121, -53.074484170962968 ], [ 73.605985558326125, -53.074528314186892 ], [ 73.606313190181737, -53.074485372000794 ], [ 73.606614895776701, -53.074283072621157 ], [ 73.607009775220718, -53.074081863329113 ], [ 73.607188748928579, -53.073831345391675 ], [ 73.606959129370736, -53.073725740847848 ], [ 73.607059248246756, -53.073511724024286 ], [ 73.607001961325722, -53.073361356696871 ], [ 73.607193140953981, -53.073213898095517 ], [ 73.607948494780615, -53.07291398836837 ], [ 73.608420095577173, -53.0727417401461 ], [ 73.608967528557784, -53.072626512886359 ], [ 73.60956395584958, -53.072437007355404 ], [ 73.609913121967821, -53.072207186188301 ], [ 73.609997091439013, -53.072011690337234 ], [ 73.610344143844074, -53.07184733550605 ], [ 73.610978534498003, -53.071443077415587 ], [ 73.611608099602947, -53.071188456303361 ], [ 73.611879903737076, -53.070948370626041 ], [ 73.612025974902778, -53.07075359786603 ], [ 73.612129971116843, -53.070417993545092 ], [ 73.612955769585483, -53.069856904883835 ], [ 73.613623472305207, -53.069864686919878 ], [ 73.613678074389227, -53.070099224117584 ], [ 73.61332804395677, -53.070357114268994 ], [ 73.612790167507328, -53.070659593638901 ], [ 73.612371699408712, -53.071113159888029 ], [ 73.612286238938452, -53.071355420183593 ], [ 73.612789463674289, -53.071164811526288 ], [ 73.613170260112227, -53.070916637588809 ], [ 73.613549850452557, -53.070705872543513 ], [ 73.613933341552624, -53.070373523243454 ], [ 73.614520792759848, -53.069978055654069 ], [ 73.615062549810318, -53.069553985203939 ], [ 73.615789729086814, -53.069160137773963 ], [ 73.616193182350841, -53.068930929920867 ], [ 73.616682032997886, -53.068702713620738 ], [ 73.617105948715903, -53.068319365983712 ], [ 73.617229347423901, -53.067619097315706 ], [ 73.617304787544342, -53.067203630325814 ], [ 73.617436667073321, -53.066723326852831 ], [ 73.61742922791241, -53.066470627323099 ], [ 73.617399097873687, -53.06619895201635 ], [ 73.617507060071631, -53.06598033961847 ], [ 73.617442157239168, -53.065581953677558 ], [ 73.617386936533222, -53.065434907362224 ], [ 73.617313352957993, -53.06523896129972 ], [ 73.617503113381588, -53.065133571994529 ], [ 73.617791029849599, -53.065200452484291 ], [ 73.61784229646328, -53.065212361177942 ], [ 73.61838064879305, -53.065134409742626 ], [ 73.618351112193196, -53.064844029452715 ], [ 73.618345314082319, -53.064539890755668 ], [ 73.618259042397341, -53.064323699869689 ], [ 73.61827251250304, -53.063902834377849 ], [ 73.618420625634258, -53.06364258522391 ], [ 73.618617408740775, -53.063317408690999 ], [ 73.618820605197286, -53.063034408482672 ], [ 73.618981859675131, -53.062605902389919 ], [ 73.618845349780514, -53.062319093323232 ], [ 73.618836329539064, -53.062300141541002 ], [ 73.61915417837703, -53.061831350815396 ], [ 73.619291158877246, -53.06175195105844 ], [ 73.619312420438433, -53.061739626907489 ], [ 73.619644427570464, -53.06155635857283 ], [ 73.619761474291238, -53.061295747281271 ], [ 73.619591011050645, -53.061041156284979 ], [ 73.619327178977088, -53.06063022532998 ], [ 73.619258151941338, -53.060522711080075 ], [ 73.619335951492275, -53.060355885416229 ], [ 73.619416551346774, -53.060183053611787 ], [ 73.619416203374925, -53.060164054779143 ], [ 73.619414223151068, -53.059041588693979 ], [ 73.619475746395651, -53.058574500163928 ], [ 73.619593832170267, -53.058281154831093 ], [ 73.619906262023889, -53.057980708014057 ], [ 73.620152101599643, -53.058063086099146 ], [ 73.620395999856683, -53.058206255479007 ], [ 73.620625720281197, -53.058307157741275 ], [ 73.620900818676347, -53.058446009790636 ], [ 73.621158752305888, -53.058636120515175 ], [ 73.621659699431021, -53.05875419805723 ], [ 73.622094073927542, -53.05876858592088 ], [ 73.622602334526519, -53.05865752104522 ], [ 73.622878329622921, -53.058525053517606 ], [ 73.622968632617898, -53.058371724037237 ], [ 73.623191334984199, -53.058205892758203 ], [ 73.623062215523817, -53.058115515937999 ], [ 73.62313930854674, -53.058011152675647 ], [ 73.623393652125017, -53.057826975124307 ], [ 73.623776516685254, -53.05775187839604 ], [ 73.624053856947612, -53.057820578721667 ], [ 73.624334758454182, -53.057533789833911 ], [ 73.625323315833981, -53.057213077329124 ], [ 73.625860216002764, -53.057177177932282 ], [ 73.626301891790035, -53.057205668906654 ], [ 73.626435950997092, -53.057384981655616 ], [ 73.626297157605322, -53.057598568096076 ], [ 73.626120768913339, -53.058017553170849 ], [ 73.626079603668913, -53.058335183239471 ], [ 73.626200844916838, -53.058673400898705 ], [ 73.62688164031178, -53.059729137147521 ], [ 73.62706487125142, -53.060316004295352 ], [ 73.62762474974069, -53.061024166950411 ], [ 73.627695124940331, -53.061497458602823 ], [ 73.627379452323609, -53.061900804553503 ], [ 73.626989329148017, -53.062691565972408 ], [ 73.626799361842117, -53.06329283776045 ], [ 73.626656534309873, -53.063632684409484 ], [ 73.626629054213282, -53.063642113064887 ], [ 73.626616232156366, -53.063678999355858 ], [ 73.626667151194724, -53.063787181529769 ], [ 73.626504602540479, -53.064014527929679 ], [ 73.626157079075739, -53.064197636117143 ], [ 73.626327567689899, -53.064208960732479 ], [ 73.626520452793216, -53.064248611759488 ], [ 73.626909050002141, -53.064239063179961 ], [ 73.627276737087684, -53.064154423808681 ], [ 73.62800999125372, -53.063807352607043 ], [ 73.628250196804586, -53.063824156436063 ], [ 73.628493857297443, -53.063976662072243 ], [ 73.628598973819734, -53.064090146169114 ], [ 73.628447762747228, -53.064205353475337 ], [ 73.628134121479661, -53.064299975691355 ], [ 73.627656711552746, -53.064416098242582 ], [ 73.627130787421947, -53.06459247329532 ], [ 73.627282480432896, -53.0647064959999 ], [ 73.627698863766895, -53.064800181759836 ], [ 73.628016854580224, -53.064813205194298 ], [ 73.628291423788468, -53.064970745638384 ], [ 73.628692582655646, -53.065054896332455 ], [ 73.628749043591213, -53.065233311657117 ], [ 73.62868890790331, -53.065415061128178 ], [ 73.628296585675159, -53.065541522999268 ], [ 73.627477429567577, -53.065658382318567 ], [ 73.627363688215581, -53.065816122647306 ], [ 73.627682908769685, -53.066034993781876 ], [ 73.627936423791382, -53.066122121913622 ], [ 73.628268316595737, -53.066186763103488 ], [ 73.628317459539005, -53.06635106018684 ], [ 73.628140868867888, -53.066531466701193 ], [ 73.628409023134779, -53.066646830680178 ], [ 73.628726246109423, -53.066439976637959 ], [ 73.629020621432417, -53.066218824442423 ], [ 73.629386348554362, -53.065951713383512 ], [ 73.629656877741169, -53.065992253699271 ], [ 73.630108190465393, -53.065964704868549 ], [ 73.629858176337493, -53.066256540806442 ], [ 73.629549168899331, -53.066449458430853 ], [ 73.629023862089781, -53.066850393647371 ], [ 73.62960207221191, -53.066740104626113 ], [ 73.62991212045749, -53.06651445275623 ], [ 73.630321457518747, -53.06634140130209 ], [ 73.630552827020168, -53.066147588084114 ], [ 73.630639460593969, -53.066354417802735 ], [ 73.630650537252635, -53.066494885678672 ], [ 73.630442159982849, -53.066698319776926 ], [ 73.630045082035622, -53.066974429093186 ], [ 73.630246340045545, -53.066995458339548 ], [ 73.630923791971384, -53.066694506887877 ], [ 73.631318786010084, -53.066483862870783 ], [ 73.631434698739596, -53.066747164941397 ], [ 73.631100031477018, -53.067014639598796 ], [ 73.630680900606237, -53.067496329824664 ], [ 73.6296119848529, -53.067895687985789 ], [ 73.628643048521269, -53.068081000435797 ], [ 73.628561935255064, -53.06812964398128 ], [ 73.62818383618847, -53.068356387420273 ], [ 73.627568449671344, -53.06865803935591 ], [ 73.627120884969514, -53.069055184969237 ], [ 73.627443462216789, -53.069657692273822 ], [ 73.627487730226861, -53.070219564390449 ], [ 73.627416992280956, -53.070490073055794 ], [ 73.62695477104613, -53.070858980880899 ], [ 73.626187973189531, -53.07152376332575 ], [ 73.625407112108732, -53.072141598291545 ], [ 73.624797048571352, -53.07276140235696 ], [ 73.624584816229088, -53.073298146309988 ], [ 73.62450980398809, -53.073487851849933 ], [ 73.624155204670416, -53.073640221984682 ], [ 73.623958523580825, -53.073724734261177 ], [ 73.623368123005903, -53.074213774143075 ], [ 73.622786373929728, -53.074918099767778 ], [ 73.622261945400936, -53.075286269503081 ], [ 73.620960393312842, -53.076150658022584 ] ], [ [ 73.563363854383326, -53.098279164592768 ], [ 73.563182077890588, -53.098206415904258 ], [ 73.562743847622002, -53.098291837109137 ], [ 73.562719048454127, -53.098533438038032 ], [ 73.563363854383326, -53.098279164592768 ] ], [ [ 73.564372543124904, -53.098160307046399 ], [ 73.565021692822782, -53.09777504771268 ], [ 73.564403706330452, -53.097727278099676 ], [ 73.563886448287079, -53.098174600777291 ], [ 73.564372543124904, -53.098160307046399 ] ], [ [ 73.554608547010702, -53.095703752026346 ], [ 73.554707138154882, -53.09625930526623 ], [ 73.555558611530415, -53.096834077678594 ], [ 73.555913354484275, -53.097241550451628 ], [ 73.555576562856984, -53.097297938521628 ], [ 73.556485029919671, -53.097671811888667 ], [ 73.556550085802613, -53.097229116442001 ], [ 73.555792405272157, -53.096353113622847 ], [ 73.555044597966003, -53.096182769403441 ], [ 73.554825124477716, -53.095736619785768 ], [ 73.554608547010702, -53.095703752026346 ] ], [ [ 73.566707617963317, -53.096928553992456 ], [ 73.567629897632656, -53.096889261783488 ], [ 73.567954617174337, -53.096691585907472 ], [ 73.567472221721076, -53.096595067720756 ], [ 73.566707617963317, -53.096928553992456 ] ], [ [ 73.552682865724179, -53.09520662632535 ], [ 73.552757931094561, -53.094965638361558 ], [ 73.551844139951015, -53.094752938372771 ], [ 73.552682865724179, -53.09520662632535 ] ], [ [ 73.556817956982954, -53.09422876476652 ], [ 73.556694389873527, -53.094418770997102 ], [ 73.557297488671068, -53.094909885146407 ], [ 73.558424726189543, -53.094248238793654 ], [ 73.557160335938491, -53.09450505454393 ], [ 73.556817956982954, -53.09422876476652 ] ], [ [ 73.552985643399595, -53.091672507544004 ], [ 73.552927831043107, -53.092397507425588 ], [ 73.554208278505783, -53.093158931416752 ], [ 73.555171049002979, -53.092908564792054 ], [ 73.555391800853201, -53.09231657174454 ], [ 73.555652295052184, -53.092037515915699 ], [ 73.557580791041147, -53.091446074822031 ], [ 73.555056343365891, -53.091334816375664 ], [ 73.553745189735793, -53.091490235740878 ], [ 73.552985643399595, -53.091672507544004 ] ], [ [ 73.560609813804959, -53.08847914843227 ], [ 73.560300513373775, -53.088717307725808 ], [ 73.561046532551302, -53.088937994068871 ], [ 73.560704247003002, -53.088157756135139 ], [ 73.560389389985957, -53.087559274555552 ], [ 73.559851191523137, -53.087633396094375 ], [ 73.560609813804959, -53.08847914843227 ] ], [ [ 73.567728170421802, -53.085359851680728 ], [ 73.567256612164854, -53.08544488780575 ], [ 73.567112032122751, -53.085765681334493 ], [ 73.567445373030949, -53.085810011503277 ], [ 73.567741566870652, -53.085964764816111 ], [ 73.567580923575719, -53.086265207146795 ], [ 73.567741574583962, -53.086468724776992 ], [ 73.568752649493689, -53.086269226536217 ], [ 73.56920547469646, -53.086244434396875 ], [ 73.568477848563617, -53.08546966451388 ], [ 73.567728170421802, -53.085359851680728 ] ], [ [ 73.566371424760149, -53.083367990389299 ], [ 73.566333614091803, -53.082994604303281 ], [ 73.565132198125283, -53.082879331349901 ], [ 73.566371424760149, -53.083367990389299 ] ], [ [ 73.575480460523636, -53.098495363798023 ], [ 73.573249110058526, -53.098115864080633 ], [ 73.572986690859025, -53.098455409709175 ], [ 73.573604698112646, -53.098503134882456 ], [ 73.573935811638947, -53.098617973722952 ], [ 73.5720970259393, -53.100037248080362 ], [ 73.573811382740715, -53.099342182920147 ], [ 73.574359365975823, -53.098975819048476 ], [ 73.574415912749416, -53.098784992181621 ], [ 73.575517695798538, -53.098888897023173 ], [ 73.575173923980813, -53.099156919460306 ], [ 73.575538192418435, -53.099282229868827 ], [ 73.575932846045134, -53.098994656893119 ], [ 73.576523040949169, -53.098870688229354 ], [ 73.576920011989714, -53.098512585566759 ], [ 73.575480460523636, -53.098495363798023 ] ], [ [ 73.587420155852939, -53.0959364610679 ], [ 73.586894342605106, -53.096141881202861 ], [ 73.588297707543646, -53.096239169285795 ], [ 73.588370267387447, -53.096068684300384 ], [ 73.587923947259398, -53.095892043859585 ], [ 73.587420155852939, -53.0959364610679 ] ], [ [ 73.585527920904312, -53.092366121133686 ], [ 73.585906917554723, -53.09255205011879 ], [ 73.58624561561372, -53.092435124211207 ], [ 73.585988069214807, -53.092119610256944 ], [ 73.585507335251151, -53.091972788974743 ], [ 73.585527920904312, -53.092366121133686 ] ], [ [ 73.575326390931352, -53.087446741250524 ], [ 73.57473393009839, -53.087137271226361 ], [ 73.573910939522506, -53.087218124108801 ], [ 73.573182021408655, -53.087491603870404 ], [ 73.572095268497606, -53.087448331155372 ], [ 73.57104499114719, -53.087314773781841 ], [ 73.570768181316112, -53.087079628109308 ], [ 73.570512489374195, -53.087217665578414 ], [ 73.569222258651479, -53.087252555669387 ], [ 73.568696132563559, -53.087467970994382 ], [ 73.56822756289786, -53.087462334243682 ], [ 73.568800906008107, -53.087842161303968 ], [ 73.570070411805077, -53.087927976962746 ], [ 73.570742809487825, -53.087845341951549 ], [ 73.571404142652156, -53.087591224084882 ], [ 73.572290081651715, -53.087632094003055 ], [ 73.573323302744228, -53.087775515023239 ], [ 73.573551592338816, -53.087959677097203 ], [ 73.574115166883345, -53.087623738883565 ], [ 73.574719614920113, -53.087570504814934 ], [ 73.575126666997974, -53.087918071732688 ], [ 73.575985466851549, -53.087767084611883 ], [ 73.576820212678413, -53.087837545695372 ], [ 73.577638558707733, -53.087897725707101 ], [ 73.577252541349537, -53.087419389586479 ], [ 73.57694310968445, -53.086649671632685 ], [ 73.577459760659892, -53.086212364731296 ], [ 73.578454716034756, -53.085992433227474 ], [ 73.579188695083644, -53.086071753265507 ], [ 73.579758652090305, -53.086048319459678 ], [ 73.57961832895009, -53.085734189948212 ], [ 73.579243211519028, -53.085941374774251 ], [ 73.578409826186487, -53.085830630013071 ], [ 73.57806239613565, -53.085705528787919 ], [ 73.578160346034664, -53.085273294179821 ], [ 73.576735203363285, -53.086354888811684 ], [ 73.576365387097312, -53.086400861063751 ], [ 73.575577743774375, -53.087439670992659 ], [ 73.575326390931352, -53.087446741250524 ] ], [ [ 73.586103263121046, -53.072005452018708 ], [ 73.586817418040042, -53.07166116446551 ], [ 73.588034076162472, -53.071302678596979 ], [ 73.588217180487931, -53.070821049931617 ], [ 73.588920829302339, -53.070285120467489 ], [ 73.588100162968786, -53.070305622303188 ], [ 73.587246369498629, -53.070315645939473 ], [ 73.586811108598738, -53.070320556115028 ], [ 73.586633929622735, -53.070620827524998 ], [ 73.586105452894785, -53.070916924583258 ], [ 73.585484523116733, -53.070970019418425 ], [ 73.584705768020768, -53.071242976190263 ], [ 73.584676484543962, -53.071625637473282 ], [ 73.584264422153453, -53.071943269561714 ], [ 73.582974514559041, -53.072492349565792 ], [ 73.582031736238207, -53.072662543428692 ], [ 73.580811677675058, -53.073121719749182 ], [ 73.580059351569162, -53.073606624850875 ], [ 73.5793552070934, -53.074152575746602 ], [ 73.577237109546545, -53.074943682903928 ], [ 73.576388984723806, -53.075286310624961 ], [ 73.575002727106607, -53.075199162161148 ], [ 73.574397121611625, -53.075292699827905 ], [ 73.574040549379859, -53.075953654734526 ], [ 73.573597904180417, -53.076180170906795 ], [ 73.57244357924516, -53.076670287734345 ], [ 73.572066113251424, -53.076444015903498 ], [ 73.572002918875299, -53.076836346598213 ], [ 73.571510062121106, -53.077062252463023 ], [ 73.57183400373458, -53.077388675669191 ], [ 73.571748349079215, -53.077448122800327 ], [ 73.569443876452056, -53.077793369936273 ], [ 73.569400393485139, -53.078095223405413 ], [ 73.572266794443763, -53.078472344432328 ], [ 73.572570222833676, -53.077901470180322 ], [ 73.573094213296002, -53.077746487721285 ], [ 73.573187196087602, -53.077465385003947 ], [ 73.573799827807946, -53.077160274283727 ], [ 73.574325469302977, -53.076954910221858 ], [ 73.57526371375279, -53.076925831462646 ], [ 73.576494686411834, -53.076648267667061 ], [ 73.57737496947874, -53.07634634043005 ], [ 73.577844288544952, -53.07581775307461 ], [ 73.578403686777165, -53.075602695397059 ], [ 73.580230759609009, -53.075009679260369 ], [ 73.58089217105713, -53.074745431179558 ], [ 73.582249421945647, -53.07418709670943 ], [ 73.583852420663746, -53.073278900091999 ], [ 73.584947208433817, -53.072556143823412 ], [ 73.585379519755264, -53.072641918063653 ], [ 73.585839456484223, -53.072395405556115 ], [ 73.586103263121046, -53.072005452018708 ] ], [ [ 73.574332672921457, -53.072177451963711 ], [ 73.57407841295273, -53.072275197214466 ], [ 73.573604425406927, -53.072944823043706 ], [ 73.573621566673125, -53.073438909875854 ], [ 73.573971881793369, -53.073473346581686 ], [ 73.574204008050657, -53.073032643159969 ], [ 73.574302052653948, -53.073104372479499 ], [ 73.574470009316897, -53.073086226457576 ], [ 73.574595765009391, -53.072825673598182 ], [ 73.57481790001917, -53.072687225607439 ], [ 73.574978440794112, -53.072386772155731 ], [ 73.574332672921457, -53.072177451963711 ] ], [ [ 73.576935193478676, -53.067350427043081 ], [ 73.576687944403361, -53.067236598075141 ], [ 73.576515692156107, -53.067385725547801 ], [ 73.5766425307161, -53.067598906578823 ], [ 73.576826527609256, -53.067601107656159 ], [ 73.576935193478676, -53.067350427043081 ] ], [ [ 73.580588625984504, -53.066164405372973 ], [ 73.580154069426854, -53.066149140954209 ], [ 73.579892897697903, -53.066458479490727 ], [ 73.580228091906562, -53.066442321522658 ], [ 73.580588625984504, -53.066164405372973 ] ] ] } },
{ "type": "Feature", "properties": { "RGIId": "RGI60-19.00021", "name_1": "Jacka", "grid_pixels": null, "observed_pixels": null, "retained_pixels": null, "coverage_percent": null, "median_speed_m_yr": null, "pixel_speed_p25_m_yr": null, "pixel_speed_p75_m_yr": null, "median_retained_pairs": null, "minimum_elevation_m": null, "lower_third_limit_m": null, "upper_third_limit_m": null, "maximum_elevation_m": null, "lower_third_speed_m_yr": null, "lower_third_coverage_percent": null, "lower_third_retained_pixels": null, "middle_third_speed_m_yr": null, "middle_third_coverage_percent": null, "middle_third_retained_pixels": null, "upper_third_speed_m_yr": null, "upper_third_coverage_percent": null, "upper_third_retained_pixels": null, "lower_upper_speed_ratio": null, "speed_rank": null, "year_balanced_speed_m_yr": null, "retained_pixels_with_all_6_years_percent": null, "retained_pixels_with_at_least_5_years_percent": null, "year_balanced_change_percent": null, "status": "excluded_from_original_sampling" }, "geometry": { "type": "MultiPolygon", "coordinates": [ [ [ [ 73.334056657824718, -53.013317465440835 ], [ 73.334237296184455, -53.013346455247635 ], [ 73.334327611729464, -53.013279683061526 ], [ 73.334485521802279, -53.013247876374329 ], [ 73.334684370375257, -53.013292240009193 ], [ 73.334909584569687, -53.013302953819284 ], [ 73.335194966987174, -53.013378767232254 ], [ 73.335334811760873, -53.013327807191509 ], [ 73.335454834594813, -53.013140494646549 ], [ 73.335421176475094, -53.013037967310702 ], [ 73.335390281240876, -53.012863661357514 ], [ 73.335340158176365, -53.012700425766425 ], [ 73.335318883100101, -53.012601851615173 ], [ 73.335260304408024, -53.012332661586207 ], [ 73.335281568111171, -53.012268701721595 ], [ 73.335218045873049, -53.012127957601301 ], [ 73.335036238203728, -53.011966657855027 ], [ 73.334953634855239, -53.011833206099723 ], [ 73.334964552697599, -53.011712403533629 ], [ 73.335012180581941, -53.011614794180645 ], [ 73.335145319772565, -53.011575080055671 ], [ 73.335148082769166, -53.011503301440591 ], [ 73.335101171932422, -53.011419487699079 ], [ 73.335013915590707, -53.011406926278717 ], [ 73.334865185301567, -53.011363265027498 ], [ 73.334730010124574, -53.011455868338963 ], [ 73.334580116204904, -53.01144242930053 ], [ 73.334445368567515, -53.011361164790834 ], [ 73.334480615221523, -53.011259602343848 ], [ 73.334583453417636, -53.011193005384918 ], [ 73.334805447360338, -53.01112429732855 ], [ 73.334810402043942, -53.011158385445505 ], [ 73.334879739306714, -53.01114801692264 ], [ 73.335032686313383, -53.011082121316896 ], [ 73.335179514569461, -53.011012359983717 ], [ 73.335295169300053, -53.010938382156077 ], [ 73.335432825116953, -53.010944089255524 ], [ 73.3357128015125, -53.010997146709443 ], [ 73.336058772638708, -53.011126724242345 ], [ 73.336223678690672, -53.011238647788751 ], [ 73.336321703620087, -53.011134183412643 ], [ 73.336293000741819, -53.01106574434985 ], [ 73.336220597359016, -53.010992913918379 ], [ 73.336279731737591, -53.010921924085793 ], [ 73.336370039018362, -53.01085515025671 ], [ 73.336404263578245, -53.010780031964885 ], [ 73.336504482327825, -53.010781434153536 ], [ 73.336692247223851, -53.010787840855031 ], [ 73.336747458070548, -53.010818852063181 ], [ 73.336774982456177, -53.010754979513571 ], [ 73.336870099626765, -53.010726071169366 ], [ 73.336969010957532, -53.010761473397125 ], [ 73.33718255673601, -53.010749340630156 ], [ 73.337510881384233, -53.010685894417193 ], [ 73.338083052112665, -53.010637195506057 ], [ 73.338217637006736, -53.010559699606375 ], [ 73.338469779231417, -53.01052164497225 ], [ 73.33867662450082, -53.010520755465102 ], [ 73.338892345001966, -53.010451952171955 ], [ 73.339030580141653, -53.010442543778645 ], [ 73.339345212220337, -53.010409140096868 ], [ 73.339476168251764, -53.010426088514109 ], [ 73.339893946534147, -53.010481060560402 ], [ 73.340148001181433, -53.010556424760082 ], [ 73.340021278265255, -53.010592454171977 ], [ 73.340032790652373, -53.010619073891384 ], [ 73.340150930320021, -53.010643402338722 ], [ 73.34027080974839, -53.010622396682841 ], [ 73.340363749944004, -53.010650153006885 ], [ 73.340487718708914, -53.010685902049644 ], [ 73.340442423473448, -53.010723068396928 ], [ 73.340311031246898, -53.010717454531438 ], [ 73.340202954052174, -53.010757524264974 ], [ 73.340007040067292, -53.010800147466632 ], [ 73.339738019622928, -53.010951365361876 ], [ 73.339511247983609, -53.011144751105661 ], [ 73.339483555312739, -53.01104986795967 ], [ 73.339434605900976, -53.011018945485581 ], [ 73.339337577598343, -53.010934433496629 ], [ 73.339199631070812, -53.0109362865742 ], [ 73.339122725789622, -53.010980570599841 ], [ 73.339127393724837, -53.011022214224148 ], [ 73.339123041593766, -53.011135549117 ], [ 73.339264786483866, -53.011198006732215 ], [ 73.3391807466475, -53.011264870279987 ], [ 73.339220821244666, -53.011363706302923 ], [ 73.33911973057009, -53.011384973369992 ], [ 73.33892555378408, -53.011382260801334 ], [ 73.338858973884484, -53.011320852935555 ], [ 73.338755682307351, -53.01123625296858 ], [ 73.338689538200001, -53.011163511523336 ], [ 73.33866054132055, -53.011102628660304 ], [ 73.338705983584617, -53.011061685180472 ], [ 73.338581434789631, -53.011041045600273 ], [ 73.338468687901639, -53.011039470095717 ], [ 73.338259808104524, -53.011093248814923 ], [ 73.338027034213027, -53.011116454326405 ], [ 73.33788603831178, -53.011197640252519 ], [ 73.337851525603313, -53.011280314638022 ], [ 73.337936459743588, -53.011353319217953 ], [ 73.33810369415815, -53.011404794960178 ], [ 73.338138373583391, -53.011480876810907 ], [ 73.33798310702538, -53.011607221670033 ], [ 73.338022308152929, -53.011728725035411 ], [ 73.337945255078338, -53.011776786100121 ], [ 73.337885396299157, -53.011866665898133 ], [ 73.337920366053183, -53.011935192152926 ], [ 73.337822778668098, -53.012028324369773 ], [ 73.337702458591593, -53.012060660991402 ], [ 73.337490794302013, -53.012023682901123 ], [ 73.33730565687847, -53.012111810653074 ], [ 73.337254983530499, -53.012288755287834 ], [ 73.337264915564347, -53.012519465422415 ], [ 73.337396748480174, -53.012513749216289 ], [ 73.337496099971233, -53.01253781755446 ], [ 73.337623286199573, -53.012652991521797 ], [ 73.337520158666578, -53.012727146755118 ], [ 73.337477346870315, -53.012862622970509 ], [ 73.337241077164393, -53.012976494663782 ], [ 73.337154125642996, -53.013118913203769 ], [ 73.337189821458438, -53.013168550534985 ], [ 73.337289755296595, -53.013177507754961 ], [ 73.337403960013035, -53.013141306169537 ], [ 73.337529385573816, -53.013139280067442 ], [ 73.337664124539643, -53.013058007069944 ], [ 73.337781668198389, -53.012934915121832 ], [ 73.337866460217029, -53.013011697583131 ], [ 73.338028743503259, -53.013029085466229 ], [ 73.338076097236666, -53.013101564610352 ], [ 73.33790844170349, -53.013223956355901 ], [ 73.337904957168206, -53.013314624180602 ], [ 73.33801233828892, -53.013455979834134 ], [ 73.338074688581415, -53.013464411047877 ], [ 73.33817607496627, -53.013435589266308 ], [ 73.338332966824552, -53.013430222238064 ], [ 73.338513173250817, -53.01347053905517 ], [ 73.338615308560989, -53.013585361858347 ], [ 73.338756335072929, -53.013666709249016 ], [ 73.33886995946618, -53.013645617568869 ], [ 73.338973667324296, -53.0135563498633 ], [ 73.339037203825242, -53.013697092058116 ], [ 73.339235624062695, -53.013752781615636 ], [ 73.339387268296022, -53.013720880912096 ], [ 73.339565591337717, -53.013810307922171 ], [ 73.339598389601875, -53.013935501127719 ], [ 73.339573650257179, -53.014090129680646 ], [ 73.339407880838976, -53.014163411753351 ], [ 73.339396684502944, -53.014291770429423 ], [ 73.339326907997616, -53.014313475034022 ], [ 73.33920948423328, -53.014270256567102 ], [ 73.339174536214259, -53.014364264779452 ], [ 73.339213162702791, -53.014500879055092 ], [ 73.339375913672953, -53.014669465751595 ], [ 73.339339369883774, -53.014805030112981 ], [ 73.339142830864361, -53.014700228941678 ], [ 73.338966246322698, -53.014565467361706 ], [ 73.338693667995841, -53.014482282293898 ], [ 73.338379876674168, -53.014493017033239 ], [ 73.338342268926851, -53.014329957724442 ], [ 73.338237229328243, -53.014290691213098 ], [ 73.337977784353257, -53.014355102372633 ], [ 73.337875960078208, -53.014395257438402 ], [ 73.33763036911364, -53.014588376576995 ], [ 73.337789318454938, -53.014692654797429 ], [ 73.337788002424759, -53.014726893754627 ], [ 73.337783800576219, -53.014836212141503 ], [ 73.337628230286924, -53.014970112013756 ], [ 73.337568346787336, -53.014897457537963 ], [ 73.33743242092855, -53.01484641892327 ], [ 73.337279046725371, -53.015086184988434 ], [ 73.337213080928791, -53.015334732939813 ], [ 73.337007648067171, -53.01513530748251 ], [ 73.336814762301572, -53.015098590928488 ], [ 73.336568113914865, -53.014993084552984 ], [ 73.336462026385817, -53.014655193236372 ], [ 73.336264898151185, -53.014456290298362 ], [ 73.336256890854372, -53.014448210868437 ], [ 73.336334662348492, -53.014218727851429 ], [ 73.336600098335893, -53.01432449758574 ], [ 73.336825609032402, -53.014327652165314 ], [ 73.337097583859233, -53.014263418746332 ], [ 73.337171010897507, -53.014309803892758 ], [ 73.337364764926292, -53.014323852902123 ], [ 73.337464972763314, -53.014162720302238 ], [ 73.337407559654167, -53.014025842728145 ], [ 73.33716834203905, -53.013890202610433 ], [ 73.336919648548587, -53.013675052488487 ], [ 73.336708558269663, -53.013622961662833 ], [ 73.336515243549456, -53.013597578139738 ], [ 73.336412547814263, -53.013660398898892 ], [ 73.3363014077092, -53.013779799258138 ], [ 73.335961269901148, -53.013986711464661 ], [ 73.335674295309047, -53.01411498988638 ], [ 73.335512008974376, -53.014097598767883 ], [ 73.335291745823483, -53.014120974152405 ], [ 73.335123195482922, -53.014103494802306 ], [ 73.335027914225208, -53.013973645508649 ], [ 73.33511094771788, -53.013933229760411 ], [ 73.335316209641306, -53.013973902254435 ], [ 73.335312999312151, -53.013894480320651 ], [ 73.335506593566578, -53.013749776163905 ], [ 73.335591807085677, -53.013652692752991 ], [ 73.335529299684779, -53.013485504056533 ], [ 73.335374588526975, -53.013434200065042 ], [ 73.335220470236479, -53.013530318589254 ], [ 73.335059796302204, -53.01363390483413 ], [ 73.334732173072979, -53.01367845494309 ], [ 73.334399594574563, -53.01368891602408 ], [ 73.334100525792778, -53.013805681678633 ], [ 73.333908382046232, -53.013912605325856 ], [ 73.333778462070725, -53.013930987851971 ], [ 73.333436680770816, -53.013955132936289 ], [ 73.333343455457452, -53.013812418627111 ], [ 73.333294640778021, -53.013737690099077 ], [ 73.333103657443033, -53.01365185597291 ], [ 73.332812886757537, -53.013553282830522 ], [ 73.332729996096703, -53.013427385227409 ], [ 73.332862997313669, -53.013391451547115 ], [ 73.333120550954632, -53.013376163171344 ], [ 73.33334561954544, -53.013390657761043 ], [ 73.333544030848117, -53.013446356749839 ], [ 73.333696260270969, -53.013399352057235 ], [ 73.333869027977542, -53.013307276677139 ], [ 73.334056657824718, -53.013317465440835 ] ], [ [ 73.337820525747304, -53.013838253212882 ], [ 73.33788879495232, -53.01380140899969 ], [ 73.337861885551746, -53.013740555151017 ], [ 73.337806822243053, -53.013759944635908 ], [ 73.337820525747304, -53.013838253212882 ] ], [ [ 73.337604782334878, -53.013472370934437 ], [ 73.337529239273607, -53.013589750202783 ], [ 73.337578093362467, -53.01362319201084 ], [ 73.337677641107646, -53.013642223113742 ], [ 73.337754856588546, -53.013698740485538 ], [ 73.337819627157216, -53.01364420807635 ], [ 73.337824176695747, -53.013525836205517 ], [ 73.337704509931697, -53.013378008864059 ], [ 73.337604782334878, -53.013472370934437 ] ], [ [ 73.337331584166179, -53.013405553380636 ], [ 73.337407127428506, -53.013288174236067 ], [ 73.337297485665886, -53.013314360018015 ], [ 73.337331584166179, -53.013405553380636 ] ], [ [ 73.337822504530166, -53.011068906301425 ], [ 73.337806962771026, -53.011038450175391 ], [ 73.337643041430212, -53.011063877416099 ], [ 73.337583612039239, -53.011088245551726 ], [ 73.337658292683756, -53.011101889216498 ], [ 73.337754723603084, -53.011093157769558 ], [ 73.337822504530166, -53.011068906301425 ] ], [ [ 73.338760353252354, -53.01069142829386 ], [ 73.338824150678505, -53.01066208079429 ], [ 73.338813074314814, -53.010624127475523 ], [ 73.338706938779112, -53.010668002840745 ], [ 73.338760353252354, -53.01069142829386 ] ] ], [ [ [ 73.329409822139922, -53.011019038948596 ], [ 73.329550631729163, -53.011051256204823 ], [ 73.329730683551105, -53.010932830117831 ], [ 73.329885096256547, -53.010829163068337 ], [ 73.330171576876609, -53.010767669196319 ], [ 73.330594597342824, -53.01063249459898 ], [ 73.330883019523128, -53.010520628139815 ], [ 73.331170662822487, -53.010428909313333 ], [ 73.331131432065689, -53.010362841083975 ], [ 73.330982272035499, -53.010330508472492 ], [ 73.330930420676992, -53.010158426902628 ], [ 73.331026756667598, -53.010043863474586 ], [ 73.331159801548509, -53.009844138367292 ], [ 73.33129070755183, -53.009699821057559 ], [ 73.331423361499901, -53.009510169801608 ], [ 73.331536397260535, -53.009395840325965 ], [ 73.331749841729817, -53.009277879814945 ], [ 73.332039805789577, -53.009125713713935 ], [ 73.332104479769129, -53.008965346911395 ], [ 73.332237710443835, -53.008977295445412 ], [ 73.3323416151255, -53.009099708425232 ], [ 73.332568458923731, -53.009284323267153 ], [ 73.332689067828838, -53.009406970189104 ], [ 73.332709655915238, -53.00952317462113 ], [ 73.332465332010514, -53.009575186178566 ], [ 73.332535445021662, -53.009707204659939 ], [ 73.332725195861599, -53.009770343418609 ], [ 73.33304604154246, -53.009684125496825 ], [ 73.332831816215602, -53.009388812630931 ], [ 73.332837834803058, -53.009232662785898 ], [ 73.332875122649085, -53.009132389344174 ], [ 73.333001555855958, -53.00910392319237 ], [ 73.3330497219861, -53.009154996640468 ], [ 73.333140420897806, -53.009186507103358 ], [ 73.333346091051496, -53.009053315321282 ], [ 73.333256945037732, -53.008981508270651 ], [ 73.333485920758108, -53.008894001282329 ], [ 73.333712178964404, -53.008877013166334 ], [ 73.333952035126899, -53.008940852182562 ], [ 73.334252106332329, -53.009176887993341 ], [ 73.334440305743541, -53.009280320786544 ], [ 73.334649669178717, -53.009268134019194 ], [ 73.33474036951813, -53.009299643272158 ], [ 73.334934207271331, -53.009473711616394 ], [ 73.334839046363626, -53.009558055733429 ], [ 73.334894403041446, -53.009639467992329 ], [ 73.335077550769938, -53.009657152193213 ], [ 73.335170772659623, -53.009623178859805 ], [ 73.33529410403041, -53.009675303833177 ], [ 73.335341110354548, -53.009756598961303 ], [ 73.335626042587606, -53.00995210074246 ], [ 73.33585755617419, -53.010015819066886 ], [ 73.335947483806493, -53.010067475810459 ], [ 73.335877959239895, -53.010137060107631 ], [ 73.335742979568209, -53.010170449505225 ], [ 73.335835832286037, -53.010363261988665 ], [ 73.335848852957142, -53.010459200643737 ], [ 73.33572765069772, -53.010351668148409 ], [ 73.335513807662466, -53.010262997902693 ], [ 73.335231409110378, -53.010218725700135 ], [ 73.335020296108766, -53.010276247323809 ], [ 73.334961046810704, -53.010078864950785 ], [ 73.334787024472149, -53.010041149138679 ], [ 73.334466567422439, -53.010117297569636 ], [ 73.334209234884753, -53.010290085985829 ], [ 73.334245172450437, -53.010441783843142 ], [ 73.334209244552113, -53.010506798049754 ], [ 73.334110763446446, -53.010243348023998 ], [ 73.334062206847491, -53.010202349183473 ], [ 73.333742717609184, -53.010253310172736 ], [ 73.333464984924404, -53.010304855595656 ], [ 73.333390598166375, -53.010283653678229 ], [ 73.333222210339301, -53.010316571935647 ], [ 73.333269019316646, -53.010402904940953 ], [ 73.333150933944651, -53.010431488423102 ], [ 73.332897283160776, -53.010508569199636 ], [ 73.332653342236611, -53.010550506911308 ], [ 73.332625763376456, -53.010615637733878 ], [ 73.332836104509397, -53.010578268766558 ], [ 73.332791046214112, -53.010663313784498 ], [ 73.33280347771418, -53.01077436398657 ], [ 73.332863882962997, -53.010941524798952 ], [ 73.333001588717593, -53.011054331435432 ], [ 73.333028588569434, -53.011221023792331 ], [ 73.332898266072831, -53.011350231718893 ], [ 73.332844078740692, -53.011455308001004 ], [ 73.332977123146449, -53.011472292854457 ], [ 73.333051900003852, -53.01148342086023 ], [ 73.333258945088261, -53.011531681722154 ], [ 73.333568740437968, -53.01173257670871 ], [ 73.333482894025352, -53.011791851244226 ], [ 73.333274876873844, -53.011768776216535 ], [ 73.333180484113939, -53.011832970546052 ], [ 73.333194469882073, -53.011903723973269 ], [ 73.333399382022776, -53.012007392601355 ], [ 73.333628768344141, -53.012126523307636 ], [ 73.333598278698943, -53.012267210712274 ], [ 73.33347280705128, -53.012270491959114 ], [ 73.333275857082086, -53.012177014706197 ], [ 73.33308997769457, -53.012013134958899 ], [ 73.332800966120288, -53.011923406028316 ], [ 73.332680155850667, -53.01180579630072 ], [ 73.332651022689205, -53.01191122382307 ], [ 73.332647527301347, -53.012001891425889 ], [ 73.332677633279175, -53.012087990407963 ], [ 73.332564593319475, -53.012202320886686 ], [ 73.3322858755607, -53.012279048869601 ], [ 73.331822833328204, -53.012368309705927 ], [ 73.331845948413346, -53.012202320197062 ], [ 73.33213398948314, -53.012100524963635 ], [ 73.332029301327623, -53.011998260158833 ], [ 73.331894312940321, -53.01203164510698 ], [ 73.331641233448252, -53.012093611830977 ], [ 73.33140757753111, -53.012085293222384 ], [ 73.331251031346909, -53.012027658274214 ], [ 73.330985523822704, -53.011978573288573 ], [ 73.330862774423508, -53.011911332600846 ], [ 73.33070914580496, -53.011778140681713 ], [ 73.330343614266894, -53.011722610104655 ], [ 73.330374697409468, -53.011566812353102 ], [ 73.330501722661268, -53.01152323768973 ], [ 73.330775772923531, -53.011567403897438 ], [ 73.330950186514315, -53.011595051422432 ], [ 73.33100437861134, -53.011489976043954 ], [ 73.330790345468344, -53.011406334436579 ], [ 73.330598451745388, -53.011398600499192 ], [ 73.330186109089752, -53.011473447327212 ], [ 73.329826014784018, -53.011493588714472 ], [ 73.329330751705257, -53.011335436293827 ], [ 73.32894248943326, -53.011435816248337 ], [ 73.328785170401034, -53.011398326411985 ], [ 73.328649792172712, -53.011441781833589 ], [ 73.328562401136153, -53.011324637600801 ], [ 73.328648253272888, -53.01126536666002 ], [ 73.32895163632702, -53.01119907348378 ], [ 73.328881726603612, -53.011062015908912 ], [ 73.329150728643711, -53.011020438080855 ], [ 73.329409822139922, -53.011019038948596 ] ], [ [ 73.331010128781045, -53.010799602245974 ], [ 73.330531952231681, -53.010848327035099 ], [ 73.330136512332913, -53.010918371183699 ], [ 73.329780105833066, -53.011059519757502 ], [ 73.329816417440114, -53.011201144650805 ], [ 73.330188545272264, -53.011302127852588 ], [ 73.330488815354201, -53.011316424075098 ], [ 73.330806177737216, -53.011320879865394 ], [ 73.330979430699088, -53.011162037946406 ], [ 73.331126072761506, -53.011043140780522 ], [ 73.331329620315955, -53.010965360594867 ], [ 73.331503448914617, -53.011008118554315 ], [ 73.331650283316478, -53.010884183636151 ], [ 73.331614937435745, -53.01071737381271 ], [ 73.331669903948949, -53.0105921497439 ], [ 73.331676898446062, -53.010410814583629 ], [ 73.331572603986388, -53.010298475214221 ], [ 73.331291365533957, -53.010657395050927 ], [ 73.331010128781045, -53.010799602245974 ] ], [ [ 73.332088449539128, -53.010789534773551 ], [ 73.332135451738637, -53.010654119147553 ], [ 73.332049800981395, -53.010491643600702 ], [ 73.331863348487403, -53.010559585220399 ], [ 73.331866454706002, -53.010695703772072 ], [ 73.331846254739972, -53.010786137013206 ], [ 73.331816731736225, -53.010901638513566 ], [ 73.332088449539128, -53.010789534773551 ] ], [ [ 73.331294868535366, -53.01035001554451 ], [ 73.331363429135621, -53.010305619427193 ], [ 73.331263989101373, -53.010284064567436 ], [ 73.331294868535366, -53.01035001554451 ] ], [ [ 73.332096608716085, -53.01036126507082 ], [ 73.332120109196239, -53.01040191324374 ], [ 73.332295878535831, -53.010394299145112 ], [ 73.33234210278286, -53.010279031778623 ], [ 73.332242662303784, -53.010257477733902 ], [ 73.332428918700785, -53.010194572590862 ], [ 73.33241474047577, -53.010128856158438 ], [ 73.332220298735137, -53.010101854549262 ], [ 73.332205955006572, -53.010125927681919 ], [ 73.332254509745127, -53.010166927266319 ], [ 73.332124965149973, -53.010275986016858 ], [ 73.332115059794305, -53.010316165577031 ], [ 73.332096608716085, -53.01036126507082 ] ], [ [ 73.332223823191683, -53.010095939436354 ], [ 73.332213313052179, -53.01010088445944 ], [ 73.332220298735137, -53.010101854549262 ], [ 73.332223823191683, -53.010095939436354 ] ], [ [ 73.332132151894896, -53.0100896137156 ], [ 73.332005520990293, -53.010123115999733 ], [ 73.33213020953923, -53.010139984608493 ], [ 73.332213313052179, -53.01010088445944 ], [ 73.332132151894896, -53.0100896137156 ] ], [ [ 73.331590087514115, -53.010061849276845 ], [ 73.33157668780197, -53.009975984401521 ], [ 73.331494339792727, -53.009944589942023 ], [ 73.331411015999052, -53.010155092828896 ], [ 73.331474329739265, -53.010246698003812 ], [ 73.331534927172754, -53.010192110410749 ], [ 73.331590087514115, -53.010061849276845 ] ] ], [ [ [ 73.330261559692588, -53.009519058706694 ], [ 73.330264077517199, -53.009670288536967 ], [ 73.330451491658962, -53.009793875916685 ], [ 73.330539468098763, -53.009895907549961 ], [ 73.330526645049815, -53.010011643248909 ], [ 73.33029163949081, -53.01003858213118 ], [ 73.33013723061228, -53.010142249752235 ], [ 73.329833856757602, -53.010208546038776 ], [ 73.329686059907104, -53.01014095222974 ], [ 73.329485626078338, -53.010138136300263 ], [ 73.329386965617829, -53.010096431550906 ], [ 73.329274700623913, -53.010190610582463 ], [ 73.329192548493381, -53.010154177458034 ], [ 73.329095623654609, -53.010283850601148 ], [ 73.328889757000582, -53.01020536007907 ], [ 73.328582895668603, -53.010145608759423 ], [ 73.328409657504977, -53.010087735335546 ], [ 73.328379561352051, -53.010001635323981 ], [ 73.328290616426941, -53.009924787531283 ], [ 73.328432589598961, -53.009926783603895 ], [ 73.328677504074236, -53.009859669149307 ], [ 73.328756753397926, -53.009754946970645 ], [ 73.328834834636851, -53.009680447221641 ], [ 73.32911101190561, -53.009669209276936 ], [ 73.329036449992529, -53.009436329853713 ], [ 73.329150075546437, -53.009306891447906 ], [ 73.329278846370471, -53.00921798428935 ], [ 73.329402558456309, -53.009260041145914 ], [ 73.329389732593711, -53.009375776711387 ], [ 73.329312236541242, -53.00943516559262 ], [ 73.329500425077867, -53.009538606115491 ], [ 73.329712125121262, -53.009465983065212 ], [ 73.329911388922412, -53.009499021093227 ], [ 73.329970831804047, -53.009257944872537 ], [ 73.329975499332249, -53.00913705484367 ], [ 73.330078630961921, -53.009062906146227 ], [ 73.330256728503088, -53.008994849998544 ], [ 73.330274393202174, -53.009186611086101 ], [ 73.330262930827558, -53.009267087169334 ], [ 73.330387616196347, -53.009283957582824 ], [ 73.330248162765628, -53.009433193696495 ], [ 73.330261559692588, -53.009519058706694 ] ] ], [ [ [ 73.337559937802638, -53.008877957745362 ], [ 73.337688109504597, -53.008804152638753 ], [ 73.337901728036442, -53.008681143810925 ], [ 73.337849076682645, -53.008529213431139 ], [ 73.337910050790668, -53.008464548279953 ], [ 73.337999755306313, -53.008304528299476 ], [ 73.338274954327019, -53.00831845450724 ], [ 73.338520231767959, -53.008241245352743 ], [ 73.33869386335644, -53.00828902989528 ], [ 73.338859144232018, -53.008336697510707 ], [ 73.338994502669536, -53.008293230284181 ], [ 73.339152593232271, -53.008310558176134 ], [ 73.339155494307462, -53.008235001543945 ], [ 73.339306200576132, -53.008227027029939 ], [ 73.339459613958994, -53.008148532789143 ], [ 73.339671908122597, -53.008277492830764 ], [ 73.339743007891997, -53.008384321696646 ], [ 73.339598912070784, -53.008437747373669 ], [ 73.339508789998746, -53.008391130480177 ], [ 73.339331289376645, -53.008444089301527 ], [ 73.339275380867761, -53.008594502697598 ], [ 73.33905805750625, -53.008596506768825 ], [ 73.339179808741534, -53.008472212275962 ], [ 73.339037839567084, -53.008470229070248 ], [ 73.338622217950544, -53.008414024057203 ], [ 73.338586298353476, -53.008479039673425 ], [ 73.338599711599244, -53.008564903886196 ], [ 73.338611770598732, -53.008686027846387 ], [ 73.338498561804414, -53.008805401331664 ], [ 73.338383610886368, -53.008970108658339 ], [ 73.338230386152603, -53.009043564355771 ], [ 73.337804501077841, -53.009254323036799 ], [ 73.337885884660395, -53.009310898678748 ], [ 73.33771305156894, -53.009459676761239 ], [ 73.337581199597295, -53.009629186841906 ], [ 73.337386046399885, -53.009923806879044 ], [ 73.33720214665118, -53.01014298682383 ], [ 73.33686419230078, -53.010022344379649 ], [ 73.336808466769156, -53.010167719391433 ], [ 73.336922675519034, -53.010239874280259 ], [ 73.336903648428432, -53.010300085864806 ], [ 73.336914734647948, -53.010446395435302 ], [ 73.336861139277957, -53.010536362346734 ], [ 73.336619139024847, -53.01052793721626 ], [ 73.336576025406615, -53.010562612725508 ], [ 73.336631192900654, -53.010649061299013 ], [ 73.336537969904327, -53.0106830357634 ], [ 73.336446877872547, -53.010661602055102 ], [ 73.336309378187465, -53.010760474379168 ], [ 73.336151279913125, -53.01074314265135 ], [ 73.336008140772989, -53.010771378363842 ], [ 73.33590462745569, -53.010855606429146 ], [ 73.33579605699093, -53.010854086838563 ], [ 73.335764976507463, -53.010793174076518 ], [ 73.335847117636661, -53.01061289059178 ], [ 73.336001902271462, -53.01049914127011 ], [ 73.336023837476063, -53.01036337335745 ], [ 73.336328365767471, -53.010266838612104 ], [ 73.336202880387972, -53.010053410637383 ], [ 73.336396706732671, -53.01001076448896 ], [ 73.336342702959143, -53.009894093206476 ], [ 73.336360761931743, -53.009859067214251 ], [ 73.336503704094213, -53.00983586814791 ], [ 73.336654610069587, -53.009822859944492 ], [ 73.33666606073507, -53.009742383159043 ], [ 73.336732290548483, -53.009758429105325 ], [ 73.336819871642589, -53.009653818221729 ], [ 73.336919119429908, -53.009680405549297 ], [ 73.337062641689542, -53.009642094497053 ], [ 73.337051748774471, -53.009490747816564 ], [ 73.337130977248762, -53.009386019883536 ], [ 73.337212528991529, -53.009220846656646 ], [ 73.337088010403932, -53.00898223405374 ], [ 73.337181035643241, -53.008953296219381 ], [ 73.3373439938769, -53.009061411182259 ], [ 73.337547133883803, -53.008993694372023 ], [ 73.337559937802638, -53.008877957745362 ] ], [ [ 73.337515150098838, -53.009499748151271 ], [ 73.337389686690997, -53.009503033599223 ], [ 73.337442034140622, -53.009554163699939 ], [ 73.337515150098838, -53.009499748151271 ] ], [ [ 73.337372196758707, -53.00941459233691 ], [ 73.337344709812257, -53.009368849665293 ], [ 73.337208862269406, -53.009424907723229 ], [ 73.337240718398476, -53.009465671718068 ], [ 73.337372196758707, -53.00941459233691 ] ], [ [ 73.338294120859075, -53.008580792551761 ], [ 73.338183427248481, -53.008634683353897 ], [ 73.338324429380222, -53.008661853115662 ], [ 73.338294120859075, -53.008580792551761 ] ] ], [ [ [ 73.331687500179314, -53.009161089334185 ], [ 73.331254397293762, -53.009341484572261 ], [ 73.330902866824175, -53.009356709497752 ], [ 73.330716619607927, -53.009202900307102 ], [ 73.330787317187642, -53.009103096551698 ], [ 73.330967746163822, -53.008974594288283 ], [ 73.331034173053652, -53.008768894306499 ], [ 73.331173033227188, -53.008851480481241 ], [ 73.331309372428834, -53.00878283664197 ], [ 73.331256161197942, -53.008646014794202 ], [ 73.331023495751595, -53.008612510134832 ], [ 73.331002523870254, -53.008506379608811 ], [ 73.331156924773751, -53.00840271077336 ], [ 73.331358710927617, -53.008370264201425 ], [ 73.331527286798888, -53.008332311434501 ], [ 73.331885996050616, -53.008130712252445 ], [ 73.332117494837377, -53.007977725694978 ], [ 73.3322318841699, -53.008044847915627 ], [ 73.332287428243092, -53.008121224262453 ], [ 73.33228393257366, -53.00821189190664 ], [ 73.332437747847507, -53.008340044714018 ], [ 73.332568258287196, -53.008422512147547 ], [ 73.3325719492383, -53.008543519469093 ], [ 73.332416580215792, -53.008672375619128 ], [ 73.332152256707261, -53.008809782860965 ], [ 73.331911431066573, -53.008987837714507 ], [ 73.331687500179314, -53.009161089334185 ] ], [ [ 73.331719455943002, -53.00854920016814 ], [ 73.331744607649171, -53.008438677138891 ], [ 73.331715864513299, -53.008425674294386 ], [ 73.331709746241486, -53.008475986601496 ], [ 73.33159205373552, -53.008494494399109 ], [ 73.331594480705547, -53.008539886796022 ], [ 73.331719455943002, -53.00854920016814 ] ] ], [ [ [ 73.327262344766098, -53.006036555155042 ], [ 73.327514615722322, -53.005994745781734 ], [ 73.327803003548226, -53.005991242508713 ], [ 73.328128385034233, -53.006003378207971 ], [ 73.328418524649052, -53.005954539696603 ], [ 73.328546411025144, -53.00588830009103 ], [ 73.328758767155975, -53.005906404774279 ], [ 73.328923646734552, -53.005855804223287 ], [ 73.329200966823635, -53.005814343357535 ], [ 73.32933497929919, -53.005589434690172 ], [ 73.329291295742422, -53.005422506797615 ], [ 73.329530743744527, -53.005388072710808 ], [ 73.329695036998146, -53.005352582323319 ], [ 73.32991670817502, -53.005453972835234 ], [ 73.330301798933917, -53.005542538613604 ], [ 73.330524055694795, -53.005628816743254 ], [ 73.330508030805902, -53.005719308456598 ], [ 73.330280232656733, -53.005776587311551 ], [ 73.3301840938813, -53.005994469215935 ], [ 73.33030439537454, -53.006124674126795 ], [ 73.330310797114521, -53.006283518307654 ], [ 73.330357693275928, -53.006367333890417 ], [ 73.330520227456873, -53.006702244263437 ], [ 73.330667042089715, -53.00679502243171 ], [ 73.330895428202609, -53.006722631616768 ], [ 73.331069336567921, -53.006762871556269 ], [ 73.331193432109004, -53.006794852344981 ], [ 73.331098461544883, -53.006982512434732 ], [ 73.331154096806628, -53.007164726781376 ], [ 73.331061165801671, -53.007299497386953 ], [ 73.331145934956993, -53.007376284527595 ], [ 73.331323635231698, -53.007318300872946 ], [ 73.331456184357194, -53.007131167992725 ], [ 73.331720984106582, -53.00708952551097 ], [ 73.331856150482039, -53.00715945956258 ], [ 73.332003843582612, -53.007229569198167 ], [ 73.332163480836002, -53.007314965646799 ], [ 73.332082787643387, -53.007457468424832 ], [ 73.332265148222078, -53.007603661290901 ], [ 73.331893433066341, -53.007817678663194 ], [ 73.331696506632071, -53.007724198915561 ], [ 73.331552309505824, -53.007563421275492 ], [ 73.331426754253044, -53.007569219018151 ], [ 73.331287215216989, -53.007612618987821 ], [ 73.330998233625778, -53.007631241892987 ], [ 73.33066264520221, -53.007558493018998 ], [ 73.330632064187512, -53.007376630227299 ], [ 73.330434559272561, -53.007298259683573 ], [ 73.33020180953487, -53.007158916007526 ], [ 73.329904971684016, -53.007056470274208 ], [ 73.329910222438755, -53.006920468945445 ], [ 73.330069578714983, -53.006688355762655 ], [ 73.329925099346937, -53.006535131828301 ], [ 73.329684770042476, -53.006592233541852 ], [ 73.329354714783804, -53.006700992107703 ], [ 73.329022322988266, -53.006870194751357 ], [ 73.328991725176877, -53.00701339954626 ], [ 73.329152231131332, -53.007076133109393 ], [ 73.3294385835828, -53.007125515313199 ], [ 73.32982893917476, -53.007078081407734 ], [ 73.329899137462348, -53.007207582857625 ], [ 73.329903495792792, -53.007419316423771 ], [ 73.330007190173831, -53.00765512447493 ], [ 73.329587983687645, -53.0078004300983 ], [ 73.329456883400169, -53.007949782662557 ], [ 73.329160894470093, -53.008149736097089 ], [ 73.329051926068814, -53.008374996502575 ], [ 73.329054528996238, -53.008632063771685 ], [ 73.32906878304432, -53.008911973949125 ], [ 73.328967668646683, -53.009258300248895 ], [ 73.328858404405139, -53.009491116028627 ], [ 73.328562694008937, -53.009683512196155 ], [ 73.328277201796737, -53.009611460916645 ], [ 73.327837298031071, -53.009643073571034 ], [ 73.32772835292343, -53.009543264880456 ], [ 73.327614149879679, -53.009579457204417 ], [ 73.327660752096193, -53.009670829410169 ], [ 73.32745856766401, -53.009713343783616 ], [ 73.327315219304069, -53.009854961999068 ], [ 73.326894561554212, -53.00971296822155 ], [ 73.326899822277653, -53.009576967162587 ], [ 73.327241848168086, -53.00948350316083 ], [ 73.327231951077763, -53.009415326375922 ], [ 73.326928090963989, -53.009494207953402 ], [ 73.326867502274482, -53.00944043726517 ], [ 73.326336402728529, -53.009561477739609 ], [ 73.325676327440505, -53.009128839481576 ], [ 73.325608186223178, -53.00894644638317 ], [ 73.325469514540217, -53.008967172602532 ], [ 73.325485843808423, -53.008869126100116 ], [ 73.325315442749826, -53.008738210668334 ], [ 73.325280788055792, -53.008662125242331 ], [ 73.325532198733683, -53.008642987060611 ], [ 73.325600389092543, -53.008500312535659 ], [ 73.325554084936869, -53.00840138393918 ], [ 73.325644403248077, -53.00833461832022 ], [ 73.325883577737997, -53.008307747359126 ], [ 73.325985837075606, -53.008256269079574 ], [ 73.325930514750326, -53.008066496897193 ], [ 73.326066844202543, -53.008106215017818 ], [ 73.32622793457557, -53.008153841289577 ], [ 73.326209605965872, -53.007979709481475 ], [ 73.325932901339584, -53.007680984262677 ], [ 73.325977205721827, -53.007507734271712 ], [ 73.326210865728754, -53.007299351503676 ], [ 73.3265694933025, -53.007100286996724 ], [ 73.3267897453253, -53.006914393580956 ], [ 73.326823857271933, -53.006680521994319 ], [ 73.326689869703372, -53.006580359823303 ], [ 73.326413419353784, -53.006599147918777 ], [ 73.32666047509197, -53.006368273649649 ], [ 73.327043813831551, -53.006502183687807 ], [ 73.327382601383022, -53.006491830852191 ], [ 73.327472620722773, -53.006432619389784 ], [ 73.327585354976492, -53.006434205223691 ], [ 73.3277117836153, -53.006405744649506 ], [ 73.327526230254648, -53.006342656766464 ], [ 73.327241930416506, -53.006240380669141 ], [ 73.326877800638627, -53.006257936197287 ], [ 73.327046482305519, -53.006109115233777 ], [ 73.327262344766098, -53.006036555155042 ] ], [ [ 73.326791935968387, -53.009137654107938 ], [ 73.32683797857554, -53.009027426041158 ], [ 73.326748648672037, -53.008960651273945 ], [ 73.326637355328842, -53.009029642428736 ], [ 73.326661044823709, -53.009065254566458 ], [ 73.326791935968387, -53.009137654107938 ] ], [ [ 73.327258264938976, -53.008962782302874 ], [ 73.327342361021536, -53.008948845960013 ], [ 73.327234380206747, -53.008932207357788 ], [ 73.327258264938976, -53.008962782302874 ] ], [ [ 73.326561443671864, -53.008832021078213 ], [ 73.326470750401185, -53.008800505639059 ], [ 73.326328391263232, -53.008808581404729 ], [ 73.326213199336038, -53.008978313667903 ], [ 73.326378078896539, -53.009036072689824 ], [ 73.326422563306338, -53.008966141394168 ], [ 73.32650549035759, -53.008982428099628 ], [ 73.326616004308462, -53.008933585373079 ], [ 73.326515985224304, -53.008927137809792 ], [ 73.326561443671864, -53.008832021078213 ] ], [ [ 73.3261928238731, -53.008857071167455 ], [ 73.326156136111905, -53.00872551937475 ], [ 73.325987164272746, -53.00877353862289 ], [ 73.326089491224181, -53.008936253522059 ], [ 73.326164456766023, -53.008942348739957 ], [ 73.3261928238731, -53.008857071167455 ] ], [ [ 73.328486565820484, -53.00788137653484 ], [ 73.328534549092893, -53.007720776923421 ], [ 73.328378217143779, -53.007658101226809 ], [ 73.328062439554003, -53.007613342522149 ], [ 73.327793068336263, -53.007664992232407 ], [ 73.327613804053172, -53.007763267195386 ], [ 73.327559413869437, -53.007873378142797 ], [ 73.328039291834557, -53.007996043227472 ], [ 73.328272730215687, -53.008009405360447 ], [ 73.328486565820484, -53.00788137653484 ] ], [ [ 73.328139021775115, -53.006929004037438 ], [ 73.328082123766038, -53.006887885380358 ], [ 73.327808884796184, -53.006823564865456 ], [ 73.327580298369014, -53.006900986784807 ], [ 73.327432711048871, -53.006828353176672 ], [ 73.327430179172111, -53.006893835216708 ], [ 73.327494843085688, -53.006950182893753 ], [ 73.327691951530468, -53.007038632431176 ], [ 73.328048894529886, -53.007099090507033 ], [ 73.328151245781171, -53.007045091770713 ], [ 73.328104450549262, -53.006958756814356 ], [ 73.328139021775115, -53.006929004037438 ] ], [ [ 73.328528468050621, -53.006148267904457 ], [ 73.328326690281187, -53.006180709750431 ], [ 73.328280849301294, -53.006285901416398 ], [ 73.328362604079899, -53.006332409294451 ], [ 73.328454656085029, -53.006328663691306 ], [ 73.328557394242466, -53.006264590413537 ], [ 73.328528468050621, -53.006148267904457 ] ], [ [ 73.32915494516925, -53.006368746070123 ], [ 73.32929264138447, -53.006264844883646 ], [ 73.329247790108823, -53.006128139501484 ], [ 73.329062908789794, -53.006155780211976 ], [ 73.328971830072476, -53.006134340866708 ], [ 73.32886987118502, -53.006178266174288 ], [ 73.328846359235712, -53.006354329369145 ], [ 73.32915494516925, -53.006368746070123 ] ], [ [ 73.329627847665023, -53.006022603670388 ], [ 73.329716216011889, -53.005897849687109 ], [ 73.329607852827991, -53.005891287459008 ], [ 73.329518900651777, -53.006031152617702 ], [ 73.329627847665023, -53.006022603670388 ] ] ], [ [ [ 73.34008205487514, -53.007061065645956 ], [ 73.340306521211971, -53.006872686465186 ], [ 73.340464952239529, -53.00666322591379 ], [ 73.340399112207535, -53.006637107838607 ], [ 73.340281621515032, -53.006650587199452 ], [ 73.340200972662387, -53.006357152296744 ], [ 73.340142324315664, -53.006361373340489 ], [ 73.34024771076497, -53.006010057786952 ], [ 73.340099292052642, -53.005740875744863 ], [ 73.339978478677807, -53.005623273295029 ], [ 73.34013887919096, -53.005580154448722 ], [ 73.3402237377679, -53.005546060447024 ], [ 73.340383792393553, -53.005729727969957 ], [ 73.340571176920108, -53.005636587090827 ], [ 73.340599362370298, -53.005773055391622 ], [ 73.340505766553932, -53.005817107330977 ], [ 73.340492198663171, -53.005952992858816 ], [ 73.340589314891815, -53.006034985345821 ], [ 73.340758067005993, -53.005991982225439 ], [ 73.340736492721504, -53.005900964537162 ], [ 73.341202003930391, -53.00596289818909 ], [ 73.341417769041456, -53.006001187024715 ], [ 73.341642078311281, -53.006034554832418 ], [ 73.34135352041919, -53.006151485046317 ], [ 73.341531442198487, -53.006305161359812 ], [ 73.341693629218071, -53.006433418880817 ], [ 73.341724135805251, -53.006509441527996 ], [ 73.341638504066339, -53.006563685056115 ], [ 73.34160061237661, -53.006462360324676 ], [ 73.341552439003777, -53.006411290262328 ], [ 73.341435142387198, -53.006419733654923 ], [ 73.341320935962955, -53.006347583076362 ], [ 73.341220727238323, -53.0063461850268 ], [ 73.341387015313487, -53.006585376012801 ], [ 73.341431326107639, -53.006737188460257 ], [ 73.341357520846259, -53.006700880185164 ], [ 73.341116848422644, -53.006440492085865 ], [ 73.340966148669168, -53.006448468949337 ], [ 73.340911021313872, -53.006578734769455 ], [ 73.340978257825853, -53.006786305221453 ], [ 73.341038496347679, -53.006958499309263 ], [ 73.34100764840953, -53.00710926318061 ], [ 73.34092375329999, -53.007118172142242 ], [ 73.340807377580347, -53.006884716882588 ], [ 73.340741193348904, -53.007085385664517 ], [ 73.340767448081834, -53.007272225042726 ], [ 73.340837196553039, -53.007414313076183 ], [ 73.340916991583143, -53.00729447114017 ], [ 73.341085684207712, -53.007500162937781 ], [ 73.341360454001503, -53.007713922865221 ], [ 73.341354898528181, -53.008076711627815 ], [ 73.341217418284614, -53.008175589823374 ], [ 73.3406584432811, -53.008411592572337 ], [ 73.340639883413374, -53.008419521373796 ], [ 73.340285077475542, -53.008520405033003 ], [ 73.340098800112685, -53.008366610283126 ], [ 73.339907111190101, -53.008353854348584 ], [ 73.33995833900417, -53.008107618922395 ], [ 73.339889752265918, -53.007935307737561 ], [ 73.340024102839251, -53.007700312488154 ], [ 73.339855691695647, -53.00751652788891 ], [ 73.339648464780211, -53.007473315688088 ], [ 73.339844209420264, -53.007380292672934 ], [ 73.340022478226402, -53.007307184589727 ], [ 73.34008205487514, -53.007061065645956 ] ], [ [ 73.340143551673805, -53.008289117998295 ], [ 73.340247630397528, -53.0081897747583 ], [ 73.340278481833096, -53.008039011137704 ], [ 73.34010720842025, -53.008147495943881 ], [ 73.340060040705325, -53.008287952106734 ], [ 73.340143551673805, -53.008289117998295 ] ], [ [ 73.340771580505177, -53.006075327698497 ], [ 73.340628459772461, -53.006103569141182 ], [ 73.340660026944178, -53.006151887919572 ], [ 73.340764410534192, -53.006153344707847 ], [ 73.340761394408418, -53.006123063749691 ], [ 73.340771580505177, -53.006075327698497 ] ], [ [ 73.340505808254903, -53.006033819801353 ], [ 73.340471342803752, -53.006061057694566 ], [ 73.340537665082564, -53.006074582940066 ], [ 73.340505808254903, -53.006033819801353 ] ] ], [ [ [ 73.326833370750336, -53.005474288128731 ], [ 73.326490220967727, -53.005489617772184 ], [ 73.326353300106533, -53.005573367378616 ], [ 73.326365908764217, -53.005679381123016 ], [ 73.326565542211767, -53.005702350461952 ], [ 73.326587086533323, -53.005793370484582 ], [ 73.326786330976233, -53.00582641361531 ], [ 73.326826330396244, -53.005872334923779 ], [ 73.327064601159719, -53.005976484286663 ], [ 73.326977783500567, -53.006060939598974 ], [ 73.326688017528269, -53.00620805637309 ], [ 73.326373031850466, -53.006143144955907 ], [ 73.326234549511767, -53.006267191019717 ], [ 73.326321144747155, -53.006404485237482 ], [ 73.326310260539856, -53.006469849690525 ], [ 73.326072348096787, -53.006572336539008 ], [ 73.325837163746598, -53.006604303835402 ], [ 73.325575367115377, -53.006676214449897 ], [ 73.325171022041104, -53.006761235989508 ], [ 73.324658895944665, -53.006824578169955 ], [ 73.324648632193771, -53.00665811941915 ], [ 73.324599346300829, -53.006420553272264 ], [ 73.324750866058153, -53.006175737055123 ], [ 73.324195667278843, -53.006057036670306 ], [ 73.324283465916366, -53.005947398069658 ], [ 73.324412041369925, -53.005863533206821 ], [ 73.324739311130671, -53.005611114120953 ], [ 73.325135916013437, -53.005294153217783 ], [ 73.32555308204978, -53.005093396512422 ], [ 73.325946721301591, -53.005068700874908 ], [ 73.326003529036555, -53.00498342935812 ], [ 73.326026552893666, -53.004948869183863 ], [ 73.326137760738618, -53.004967363641214 ], [ 73.326416683035148, -53.005014839387599 ], [ 73.326067689606674, -53.005181280197498 ], [ 73.325963585982279, -53.005280610869271 ], [ 73.326010765010309, -53.005356872487738 ], [ 73.32626709614469, -53.005425999021824 ], [ 73.326527520067003, -53.005389346352516 ], [ 73.326780956859537, -53.005317316031764 ], [ 73.326734750655504, -53.0052158693099 ], [ 73.326967978791188, -53.005234270967222 ], [ 73.327054574370479, -53.005371564675819 ], [ 73.326833370750336, -53.005474288128731 ] ], [ [ 73.32600950282891, -53.00603723065263 ], [ 73.32589880074454, -53.006091109968835 ], [ 73.325718369095043, -53.006219604575399 ], [ 73.32563697451117, -53.006379732615798 ], [ 73.325795247301713, -53.006392041099389 ], [ 73.325879923627625, -53.006362994520053 ], [ 73.325976069305796, -53.006253472230092 ], [ 73.32600950282891, -53.00603723065263 ] ], [ [ 73.325159851679416, -53.006186538954935 ], [ 73.32519773953257, -53.006071156768719 ], [ 73.325004115324774, -53.006108747665742 ], [ 73.324946404939112, -53.006304487672374 ], [ 73.325159851679416, -53.006186538954935 ] ] ], [ [ [ 73.323925049813923, -53.004523635530944 ], [ 73.324145084559561, -53.004451139931575 ], [ 73.324237132851195, -53.004447397563581 ], [ 73.324065834138409, -53.004555859114596 ], [ 73.324422361232266, -53.004626402044948 ], [ 73.324617539831152, -53.004548515439545 ], [ 73.324716963309356, -53.004570075746052 ], [ 73.324715012711067, -53.004620446495522 ], [ 73.324662179841454, -53.004690259547694 ], [ 73.324828211352695, -53.00471779816246 ], [ 73.324955416830107, -53.004669192184693 ], [ 73.325059326228001, -53.004574899468516 ], [ 73.32515855498653, -53.004601496483787 ], [ 73.32517873079793, -53.004727776281825 ], [ 73.325279324948042, -53.004719113666262 ], [ 73.325307690842777, -53.004633836238419 ], [ 73.325366338129612, -53.004629622504304 ], [ 73.325429436190717, -53.004726267889438 ], [ 73.325535066224731, -53.004803352975586 ], [ 73.325644595706763, -53.004779696427249 ], [ 73.325651224076609, -53.004608435800293 ], [ 73.325793764418165, -53.00459532365258 ], [ 73.325874312306269, -53.004888767600946 ], [ 73.325787689509852, -53.004968184980392 ], [ 73.325798109621459, -53.005008016466682 ], [ 73.325701110997002, -53.005019626350254 ], [ 73.325618732041519, -53.005016203848342 ], [ 73.325675657746316, -53.004840611745301 ], [ 73.325607295123802, -53.004879967567632 ], [ 73.325412116762578, -53.00495785579605 ], [ 73.325424961623284, -53.0050526785366 ], [ 73.325332868434685, -53.005062575832206 ], [ 73.32517460064507, -53.005050266770439 ], [ 73.325085476434197, -53.004978453721186 ], [ 73.324961780797651, -53.004936392475095 ], [ 73.324693593163246, -53.004957812839073 ], [ 73.324518820271123, -53.004940230501063 ], [ 73.324247510542634, -53.005042243038261 ], [ 73.324130995168431, -53.005030521070147 ], [ 73.324057402684687, -53.004989165112484 ], [ 73.323972727873112, -53.005018210412011 ], [ 73.323888638426695, -53.005032144432825 ], [ 73.323773099047443, -53.004995236753103 ], [ 73.323654827262928, -53.005028847968838 ], [ 73.32369306597549, -53.005120103951235 ], [ 73.32379424682172, -53.005096331386554 ], [ 73.323833852052502, -53.005152327820653 ], [ 73.323916380495788, -53.005178690420173 ], [ 73.323866469651378, -53.005232787442807 ], [ 73.323829168040788, -53.005273217552151 ], [ 73.323728181977003, -53.005291953070909 ], [ 73.323808563741693, -53.005373723536572 ], [ 73.32393538197401, -53.005335192824241 ], [ 73.324019862289319, -53.005311184630536 ], [ 73.324197173087114, -53.005263285762211 ], [ 73.324090568674109, -53.005211384867359 ], [ 73.324095783675617, -53.005207440520259 ], [ 73.324254104894322, -53.005087694395684 ], [ 73.324329648819457, -53.005078679498531 ], [ 73.324483077660219, -53.005000204671724 ], [ 73.324607163152734, -53.005032192264586 ], [ 73.324654534586998, -53.005103417328712 ], [ 73.324610636671693, -53.005158236792944 ], [ 73.324494495952166, -53.005163368259133 ], [ 73.324351188145883, -53.005169699895333 ], [ 73.324339915452654, -53.005180455216944 ], [ 73.324299134453923, -53.005219364476183 ], [ 73.324339911101376, -53.005245138306634 ], [ 73.324355051134631, -53.00528567027564 ], [ 73.324446906092959, -53.005286964833353 ], [ 73.324537785630824, -53.005313444689584 ], [ 73.324577196940638, -53.005374477957254 ], [ 73.324704404641452, -53.005325872270966 ], [ 73.324667138965978, -53.005209431226888 ], [ 73.324735502959186, -53.005170075958283 ], [ 73.324836683369526, -53.005146302502965 ], [ 73.324876875137804, -53.005187187375945 ], [ 73.324951248896426, -53.005208394533824 ], [ 73.325033388089111, -53.005244830514215 ], [ 73.324963268919717, -53.005329519629711 ], [ 73.324655044522444, -53.005521729824295 ], [ 73.324204663204284, -53.005716975424015 ], [ 73.32391176767922, -53.005944678538619 ], [ 73.323859322195958, -53.006004417052416 ], [ 73.323728250211872, -53.005937051432227 ], [ 73.323080765253835, -53.006043836676675 ], [ 73.32303276377904, -53.006204433983036 ], [ 73.322995065314174, -53.006314778360547 ], [ 73.322890366052704, -53.006429217451142 ], [ 73.322713244349586, -53.00647207724333 ], [ 73.322549160792093, -53.006394164961407 ], [ 73.322667437167752, -53.006360554889888 ], [ 73.322956045973541, -53.006243670450722 ], [ 73.322969473743299, -53.006112824443875 ], [ 73.322584369420952, -53.006132590877776 ], [ 73.322529235705602, -53.006046135995319 ], [ 73.322158293206485, -53.006131618570926 ], [ 73.321997873250879, -53.006174712993982 ], [ 73.321832176985623, -53.006353807982116 ], [ 73.321488025886012, -53.006316879885766 ], [ 73.321399507149366, -53.006307381478649 ], [ 73.321486795308601, -53.006290325417289 ], [ 73.321567887929348, -53.006274479891189 ], [ 73.321722498508194, -53.006165786322661 ], [ 73.321912855420635, -53.005997119203997 ], [ 73.322092320432688, -53.00589381578699 ], [ 73.322367107512918, -53.005917852792187 ], [ 73.322728330122374, -53.005867511220501 ], [ 73.322840011946155, -53.005788449536126 ], [ 73.323043353890284, -53.005715720460998 ], [ 73.323306124916343, -53.005618630045845 ], [ 73.323553560197297, -53.005486044047764 ], [ 73.323542324897971, -53.005344770558636 ], [ 73.323486409397006, -53.005278464386919 ], [ 73.32348164604808, -53.005275322347693 ], [ 73.323299034675912, -53.005154866254287 ], [ 73.323420625717588, -53.00503562518778 ], [ 73.323405096214287, -53.005005167248321 ], [ 73.323401821425932, -53.004874085638534 ], [ 73.323490790817189, -53.004734225170054 ], [ 73.323434485745238, -53.004677993117696 ], [ 73.323335453124884, -53.004646357599498 ], [ 73.323412753361808, -53.004592009636625 ], [ 73.323451229990923, -53.004461516788112 ], [ 73.323840027137194, -53.00434604303419 ], [ 73.323844279051031, -53.004451939289346 ], [ 73.323925049813923, -53.004523635530944 ] ] ], [ [ [ 73.339638580746708, -53.005336297543792 ], [ 73.339504198977352, -53.005354580042138 ], [ 73.339394252418188, -53.005171611179883 ], [ 73.339197128047331, -53.005083180894943 ], [ 73.339107241492272, -53.005248239061878 ], [ 73.339160508695898, -53.005601770067322 ], [ 73.339054113068514, -53.005761557755662 ], [ 73.339079392840588, -53.005973583035207 ], [ 73.339024260459041, -53.006103847950193 ], [ 73.339010300993564, -53.006249807485325 ], [ 73.339134629297646, -53.006493455312608 ], [ 73.339148043103549, -53.006579319494953 ], [ 73.339158169271769, -53.006750814547708 ], [ 73.339293944708743, -53.006913985098471 ], [ 73.339314549523621, -53.007030188564954 ], [ 73.339174519009205, -53.006977834457778 ], [ 73.339120704722561, -53.006856127240354 ], [ 73.339011211155707, -53.00709650858672 ], [ 73.338891557616165, -53.006948682394956 ], [ 73.338779901760333, -53.007027759351296 ], [ 73.338758911501799, -53.006921630021438 ], [ 73.338738695113122, -53.00679535225084 ], [ 73.338686042962266, -53.006643422190137 ], [ 73.338824524340282, -53.006736073736604 ], [ 73.338839258344223, -53.00656996580323 ], [ 73.338689911912013, -53.006542680009048 ], [ 73.338692620163059, -53.006472160481152 ], [ 73.338770678382232, -53.006397653984656 ], [ 73.338685784457397, -53.006215034537526 ], [ 73.33854456471164, -53.005976189976714 ], [ 73.338460864805057, -53.005980060106396 ], [ 73.33833634824127, -53.005741448704995 ], [ 73.338196323073589, -53.005689093477294 ], [ 73.338207545882199, -53.005396941172179 ], [ 73.338116017435965, -53.004952158218536 ], [ 73.33814142579422, -53.004725721753012 ], [ 73.338209583434107, -53.004691395739499 ], [ 73.338345317969441, -53.004637854921683 ], [ 73.33838316929895, -53.004522468215171 ], [ 73.338469574804051, -53.004448078572857 ], [ 73.338541213830482, -53.004323084373858 ], [ 73.338675205903485, -53.00431487716066 ], [ 73.338618333566615, -53.004490475926559 ], [ 73.338504942567894, -53.004614886696906 ], [ 73.338481664239083, -53.004785915049361 ], [ 73.338474312761889, -53.004977325228509 ], [ 73.338503458494941, -53.005088608435713 ], [ 73.33851725758656, -53.005164398475706 ], [ 73.338567199118671, -53.005386848165877 ], [ 73.338646609655797, -53.005277081954432 ], [ 73.338733822869855, -53.005399256119446 ], [ 73.338820456296702, -53.005536541552857 ], [ 73.338902027750393, -53.005588079378008 ], [ 73.338897932328663, -53.005477146277649 ], [ 73.338907022780134, -53.005240402076915 ], [ 73.338998457284077, -53.005035047177842 ], [ 73.33896660265998, -53.004994283637451 ], [ 73.338741560174668, -53.005197771708062 ], [ 73.338677851240021, -53.00511624448535 ], [ 73.338805622929272, -53.005052512246273 ], [ 73.338801334352823, -53.004946616246038 ], [ 73.338900152063331, -53.004766563641766 ], [ 73.339037543114571, -53.004447647998809 ], [ 73.339046909351936, -53.004425906665467 ], [ 73.339167101613995, -53.004341908904713 ], [ 73.339427895365787, -53.004295153607572 ], [ 73.339518745310428, -53.00410490958086 ], [ 73.339714668135187, -53.004006849495831 ], [ 73.339715314685037, -53.004321538681602 ], [ 73.339715517230985, -53.004420126039726 ], [ 73.33974215278424, -53.004596891450262 ], [ 73.339742384104269, -53.004808566820138 ], [ 73.339938580876364, -53.005138894251743 ], [ 73.339638580746708, -53.005336297543792 ] ], [ [ 73.338968906444322, -53.004825482080292 ], [ 73.338912211078053, -53.004887687644292 ], [ 73.338944549089121, -53.004915858421079 ], [ 73.339013866789699, -53.00485130927742 ], [ 73.338968906444322, -53.004825482080292 ] ] ], [ [ [ 73.347513596776082, -53.015100346482761 ], [ 73.346934960605182, -53.015210235675106 ], [ 73.346920128510547, -53.015213052403837 ], [ 73.346509281753086, -53.015139302562837 ], [ 73.346631090637231, -53.015108661727908 ], [ 73.34696493498825, -53.015024682834579 ], [ 73.346966379057832, -53.014986904412375 ], [ 73.346444799250179, -53.014858696942646 ], [ 73.346598608830931, -53.014770119414194 ], [ 73.346625976923036, -53.014710022371872 ], [ 73.346704325621047, -53.014627955091989 ], [ 73.346733715420655, -53.014514968233065 ], [ 73.34615798290676, -53.014491842306406 ], [ 73.346039736153273, -53.014633831862433 ], [ 73.346019116312249, -53.014845216662437 ], [ 73.345644415101333, -53.014809765091201 ], [ 73.345614055585102, -53.014620350150018 ], [ 73.345502744293825, -53.01458100284254 ], [ 73.345004495852564, -53.014498471847688 ], [ 73.344596551483264, -53.014349158696589 ], [ 73.344504133445284, -53.01414376000978 ], [ 73.344523314130242, -53.013970153886852 ], [ 73.344479853306183, -53.013795675595844 ], [ 73.34467095855662, -53.013715179523317 ], [ 73.344896177835778, -53.013725874453343 ], [ 73.345036301693654, -53.013667347245082 ], [ 73.345259208044013, -53.013738486918719 ], [ 73.345456769513518, -53.01381683319795 ], [ 73.345839069725656, -53.013489525422735 ], [ 73.345669361156084, -53.013502283734198 ], [ 73.345416291175113, -53.013400486273639 ], [ 73.345382464652815, -53.013301739414395 ], [ 73.345292550912063, -53.01319465231154 ], [ 73.345292068601893, -53.01304345152807 ], [ 73.345344493433927, -53.012983703462325 ], [ 73.345427804581632, -53.012935724730703 ], [ 73.345533859232006, -53.012948540038259 ], [ 73.345694411503601, -53.013011251571903 ], [ 73.345886862376474, -53.013059287243522 ], [ 73.346110922822234, -53.013100202581455 ], [ 73.346171685143943, -53.01315018581824 ], [ 73.346224450005096, -53.013245416003308 ], [ 73.346290898898985, -53.013310597673339 ], [ 73.346360881786339, -53.013365315742789 ], [ 73.346367073638461, -53.013367291781663 ], [ 73.346382295970955, -53.013378961158772 ], [ 73.346397378377489, -53.013394290318594 ], [ 73.346425169520032, -53.01340507140376 ], [ 73.346465597178423, -53.013413193326471 ], [ 73.34650624151044, -53.013415648472062 ], [ 73.346636920742711, -53.013440144772865 ], [ 73.346875389374361, -53.013432120939413 ], [ 73.346922559251638, -53.013345840175162 ], [ 73.346973105056776, -53.013335203341683 ], [ 73.346980524306886, -53.013305067680612 ], [ 73.346892827320374, -53.013303848454477 ], [ 73.346862806632501, -53.013269412412832 ], [ 73.346729474176257, -53.013150383191139 ], [ 73.346805509215855, -53.013128761288627 ], [ 73.346969818354054, -53.013093247194348 ], [ 73.347146655297479, -53.0130579070238 ], [ 73.347318671583196, -53.012984701079027 ], [ 73.347639291619529, -53.012958918313885 ], [ 73.347442018711291, -53.012873019960956 ], [ 73.347488609430258, -53.012801850328849 ], [ 73.347628149475881, -53.012758431384988 ], [ 73.347713969100639, -53.01280876204617 ], [ 73.347830243047724, -53.012882194921943 ], [ 73.34806798693333, -53.012893057896761 ], [ 73.348225597306055, -53.012868788560176 ], [ 73.348343459325605, -53.012900664635154 ], [ 73.348440365446223, -53.012988947267445 ], [ 73.348482193957537, -53.013042446164881 ], [ 73.348605310908866, -53.013100853915326 ], [ 73.348584643446912, -53.013149704919989 ], [ 73.348459650921711, -53.013140409149301 ], [ 73.348335812672715, -53.013100890479329 ], [ 73.348153289609925, -53.013121034018603 ], [ 73.348008206377941, -53.013145477313344 ], [ 73.347929285628467, -53.013242656893631 ], [ 73.347838846617464, -53.013313217422855 ], [ 73.347897590811073, -53.013416089623362 ], [ 73.347788503408552, -53.013482611151169 ], [ 73.347733858501442, -53.013436493615515 ], [ 73.347521168089116, -53.013425978180976 ], [ 73.347494668204575, -53.013463408392866 ], [ 73.347354981373144, -53.013510605000015 ], [ 73.347396664662256, -53.013567882112085 ], [ 73.347620007510201, -53.013627683855347 ], [ 73.34779641315707, -53.013603676268026 ], [ 73.347871785207658, -53.013763477275859 ], [ 73.348063953295224, -53.013819065152973 ], [ 73.348440235081895, -53.01381295274939 ], [ 73.348681940395053, -53.013884347080349 ], [ 73.348802257605826, -53.01385199933285 ], [ 73.348699373199878, -53.013756074299039 ], [ 73.348633352740038, -53.013679560406985 ], [ 73.348522329570997, -53.013632660225412 ], [ 73.348399211235218, -53.013574252383037 ], [ 73.348593975818403, -53.013561838176187 ], [ 73.348639699900986, -53.013513335169755 ], [ 73.348504053545852, -53.01345475343944 ], [ 73.348277187633911, -53.013323087265888 ], [ 73.34836488472061, -53.013324305471556 ], [ 73.348282093257907, -53.013194640507415 ], [ 73.348412484330794, -53.013226690552194 ], [ 73.348571310791286, -53.013334732393318 ], [ 73.348794077158885, -53.013409643322561 ], [ 73.348980125024639, -53.013461364882154 ], [ 73.348882269281091, -53.013562062007345 ], [ 73.349154285115048, -53.013660335227755 ], [ 73.349298360090515, -53.013662335477797 ], [ 73.34941968553035, -53.013603542162421 ], [ 73.349556198652763, -53.013639455772079 ], [ 73.349762482402539, -53.013653658487513 ], [ 73.349939607735266, -53.013610758469255 ], [ 73.350146756220084, -53.01360229342454 ], [ 73.350309911662848, -53.013596997504159 ], [ 73.350393362673358, -53.013545237414377 ], [ 73.350538445966265, -53.013520791210738 ], [ 73.350602527914816, -53.013483881674546 ], [ 73.350687995388654, -53.013379231469436 ], [ 73.35058237030556, -53.013355087189339 ], [ 73.350717662022674, -53.013258687813376 ], [ 73.350621038776822, -53.013162851298929 ], [ 73.350479126725176, -53.013104184912585 ], [ 73.350348302134691, -53.013083470674069 ], [ 73.350308123948849, -53.013150950518444 ], [ 73.34979533613037, -53.01312115570984 ], [ 73.349405026376871, -53.013002342592927 ], [ 73.349351966391268, -53.012914669458901 ], [ 73.349608647140712, -53.01292201238752 ], [ 73.349765103587217, -53.012927963793892 ], [ 73.349728960985786, -53.012889663670656 ], [ 73.349891681355885, -53.012895701849601 ], [ 73.350160313686814, -53.012918328846787 ], [ 73.350323034237718, -53.012924366436685 ], [ 73.350614925482844, -53.012830139779091 ], [ 73.350869375517874, -53.012731613269352 ], [ 73.351094591467017, -53.012742296431774 ], [ 73.351280639308413, -53.012794014396285 ], [ 73.351639847752736, -53.012742296990872 ], [ 73.351833456008876, -53.012760100260536 ], [ 73.351774488390788, -53.012827320135706 ], [ 73.351528319804061, -53.012873045506886 ], [ 73.351431911371705, -53.012935966275862 ], [ 73.351392167040459, -53.012992112946655 ], [ 73.3514328471759, -53.013075833650078 ], [ 73.35136775845001, -53.013139188609124 ], [ 73.351303821681284, -53.013172320717366 ], [ 73.351339821903025, -53.013214398224669 ], [ 73.351456247164961, -53.013284049754965 ], [ 73.351498655716924, -53.013322436212853 ], [ 73.351396990209949, -53.013358825130474 ], [ 73.351239667784483, -53.01337554296623 ], [ 73.351134689142498, -53.013498822235704 ], [ 73.351107328096504, -53.013558920382977 ], [ 73.351166512520209, -53.01365045747518 ], [ 73.35116960793242, -53.013733657063511 ], [ 73.350998027183849, -53.013795535046583 ], [ 73.350957849321432, -53.013863015105464 ], [ 73.351074995895843, -53.013913777757757 ], [ 73.351256656890158, -53.013916296858092 ], [ 73.351445734165182, -53.013888679720495 ], [ 73.351537104673, -53.013957983773693 ], [ 73.351547473011465, -53.014014825238881 ], [ 73.35142686931367, -53.014054731478709 ], [ 73.351317497593044, -53.014128811969762 ], [ 73.351176804427396, -53.014202458034177 ], [ 73.351001044342411, -53.014373893668193 ], [ 73.3510777259675, -53.014499692075269 ], [ 73.351180834799621, -53.014425524954632 ], [ 73.351273214190584, -53.014468384255743 ], [ 73.351381866767127, -53.014413193071825 ], [ 73.351456317651454, -53.014433124560284 ], [ 73.351539048920898, -53.014400252931367 ], [ 73.351670886030561, -53.014394520930288 ], [ 73.351980713302709, -53.014323218624959 ], [ 73.352117230874455, -53.014359129324639 ], [ 73.352001163399066, -53.014444457184901 ], [ 73.351816044586997, -53.014532607647169 ], [ 73.351117468999107, -53.014772392257477 ], [ 73.350672484647035, -53.014936313838369 ], [ 73.350719429462032, -53.015020121655517 ], [ 73.35062373545199, -53.015064152454016 ], [ 73.350675791985083, -53.015178269975301 ], [ 73.350039200669826, -53.015271494018187 ], [ 73.349644754767269, -53.015424773526142 ], [ 73.349430035332759, -53.015467151285364 ], [ 73.348764711743911, -53.015491932418051 ], [ 73.348394102619764, -53.015513244123802 ], [ 73.347710706387574, -53.015518869086243 ], [ 73.347664862131211, -53.015515712043133 ], [ 73.347229358883808, -53.01548572041424 ], [ 73.347045470547357, -53.015377328448182 ], [ 73.347171335537183, -53.015363958696561 ], [ 73.347234412389298, -53.015353495928032 ], [ 73.34728300247609, -53.015355898287929 ], [ 73.34734076227609, -53.015358753984756 ], [ 73.34749780460379, -53.015349597068145 ], [ 73.347800370689782, -53.015304663617577 ], [ 73.348159171075551, -53.015264290478058 ], [ 73.348264222218987, -53.0153035483075 ], [ 73.348393898183289, -53.015354487634603 ], [ 73.348594069568435, -53.015364827576626 ], [ 73.348708270872891, -53.015328615117099 ], [ 73.348509542360887, -53.015280496918706 ], [ 73.348335583136361, -53.015240282147516 ], [ 73.347938705515446, -53.015128932811514 ], [ 73.347513596776082, -53.015100346482761 ] ], [ [ 73.34816790399843, -53.014992932010159 ], [ 73.348069021798722, -53.014956279693166 ], [ 73.348075642498799, -53.015001729864821 ], [ 73.34816790399843, -53.014992932010159 ] ], [ [ 73.348997320045981, -53.014500471607789 ], [ 73.348787934744664, -53.014512683461874 ], [ 73.348732050725644, -53.014663101353975 ], [ 73.348855028346023, -53.014725286715397 ], [ 73.349121727549957, -53.014744109295535 ], [ 73.349181540198131, -53.014709661137928 ], [ 73.349119720730243, -53.014577768082233 ], [ 73.348997320045981, -53.014500471607789 ] ], [ [ 73.347190640396761, -53.014324177751377 ], [ 73.346973480826705, -53.014321158940774 ], [ 73.346970977841934, -53.014386641546707 ], [ 73.34710461469794, -53.014388499327602 ], [ 73.347220006889131, -53.014430421755655 ], [ 73.347297680202402, -53.014365984002964 ], [ 73.347190640396761, -53.014324177751377 ] ], [ [ 73.347471847944618, -53.014181932126391 ], [ 73.347726341892255, -53.014301384228183 ], [ 73.347971059786701, -53.014239267163731 ], [ 73.347823412899515, -53.014166658487468 ], [ 73.347949274134933, -53.014153287880028 ], [ 73.347696320029328, -53.013993539249306 ], [ 73.347444598270698, -53.014020279801599 ], [ 73.347516881307058, -53.014096881395041 ], [ 73.347471847944618, -53.014181932126391 ] ], [ [ 73.348557754145773, -53.013975268011954 ], [ 73.348225011701018, -53.013935367495641 ], [ 73.34816250584025, -53.0140403349548 ], [ 73.348260039345263, -53.014112247072752 ], [ 73.348376009066769, -53.014139057002573 ], [ 73.34852711919568, -53.014120996702118 ], [ 73.348646935926112, -53.014047063812974 ], [ 73.348557754145773, -53.013975268011954 ] ], [ [ 73.351165101733358, -53.01287749824229 ], [ 73.350890061009864, -53.012858564485349 ], [ 73.350869323423481, -53.012964112634883 ], [ 73.351045676642954, -53.012941359472343 ], [ 73.351112877064409, -53.012932211804539 ], [ 73.351165101733358, -53.01287749824229 ] ] ], [ [ [ 73.341073305054323, -53.012069350466788 ], [ 73.34092239243256, -53.012082364222238 ], [ 73.34096928277414, -53.012003641548795 ], [ 73.340913922444059, -53.011976410103671 ], [ 73.340719742827062, -53.011973700443505 ], [ 73.340729775009052, -53.011875564217405 ], [ 73.340782639439681, -53.011804484693378 ], [ 73.340670615135792, -53.011784022098631 ], [ 73.340476581362964, -53.011777534216108 ], [ 73.340175627645593, -53.011780893046563 ], [ 73.339932643397631, -53.011743482082174 ], [ 73.339746178946442, -53.011703079987463 ], [ 73.339620902636156, -53.011701330632079 ], [ 73.339630067054429, -53.011625861495958 ], [ 73.33966472169088, -53.011539408743545 ], [ 73.339748906347864, -53.011468767024262 ], [ 73.339796841386828, -53.011526134187903 ], [ 73.339826275180286, -53.011575683292264 ], [ 73.339880184228036, -53.01164069354467 ], [ 73.339992352770309, -53.011657379047634 ], [ 73.340094893564157, -53.011598332928472 ], [ 73.340188850594515, -53.011599644581189 ], [ 73.340352434297458, -53.011583028777899 ], [ 73.340606320057319, -53.011499635667519 ], [ 73.340766103252918, -53.011418708719596 ], [ 73.340915999182471, -53.011432139973934 ], [ 73.3409426483597, -53.011390933418248 ], [ 73.34103439856932, -53.011286377670586 ], [ 73.341085812755139, -53.011253076328771 ], [ 73.341147146247238, -53.011287950747914 ], [ 73.341214308934028, -53.011334246023651 ], [ 73.341407181871062, -53.011370955359425 ], [ 73.34150841629463, -53.011345908504119 ], [ 73.341640679729622, -53.011328854055741 ], [ 73.341791155002426, -53.011327172868548 ], [ 73.341980371460934, -53.011295792894835 ], [ 73.342030336755087, -53.011300269490199 ], [ 73.342085841757026, -53.011323722581913 ], [ 73.342212130749374, -53.011299024483776 ], [ 73.342363764226775, -53.011267119885765 ], [ 73.342495737548319, -53.011257620153295 ], [ 73.342639224977631, -53.011274739752096 ], [ 73.34271308730662, -53.011309787996161 ], [ 73.342642882971347, -53.011342828117662 ], [ 73.342589153538754, -53.011436575519809 ], [ 73.342713415953156, -53.011464766597342 ], [ 73.342762802502875, -53.011484354232508 ], [ 73.34283025673912, -53.011523092937125 ], [ 73.342886920426167, -53.01151632296699 ], [ 73.342960783367559, -53.011551371060641 ], [ 73.34306129369628, -53.011545212064412 ], [ 73.343166910036715, -53.011569362964693 ], [ 73.343334585785215, -53.011609497891662 ], [ 73.343529487470363, -53.011593314080635 ], [ 73.343654185002364, -53.011610170668881 ], [ 73.343835112331377, -53.011631590220077 ], [ 73.343901699825693, -53.01169299535583 ], [ 73.343943232161706, -53.011754051483898 ], [ 73.344085709353934, -53.011797614223575 ], [ 73.344283115240785, -53.011879740229446 ], [ 73.344443372505651, -53.011950009095877 ], [ 73.344292171973194, -53.011970582818556 ], [ 73.344138078537654, -53.012066713122444 ], [ 73.344154700628678, -53.012123642402543 ], [ 73.344121356211545, -53.01217609597532 ], [ 73.344149782940661, -53.012252088916902 ], [ 73.34426065313842, -53.012302770965057 ], [ 73.344408817912793, -53.012361531913221 ], [ 73.344518919825802, -53.012268568617841 ], [ 73.34461697346849, -53.012326631587719 ], [ 73.344722448017563, -53.012354558964645 ], [ 73.34487350512795, -53.012337762544981 ], [ 73.344852400114846, -53.012397946396142 ], [ 73.344943467708418, -53.012474811104198 ], [ 73.344998831247636, -53.012502040696013 ], [ 73.345233536761185, -53.01259224396118 ], [ 73.345021863149512, -53.012555279209707 ], [ 73.344904004585587, -53.012523399867185 ], [ 73.344739985165248, -53.012551355434546 ], [ 73.344669635721601, -53.012588174581943 ], [ 73.344429869891627, -53.012630194576374 ], [ 73.344370312541585, -53.012712522046286 ], [ 73.344271824481154, -53.012665792388084 ], [ 73.344105156269976, -53.012599213882403 ], [ 73.343829252751419, -53.012602930858513 ], [ 73.343687641271075, -53.012536700773019 ], [ 73.343462862626581, -53.012514670091718 ], [ 73.343603460870227, -53.012607345303316 ], [ 73.34364600642499, -53.012641956668396 ], [ 73.343536769852037, -53.012712252104585 ], [ 73.343355548751177, -53.012698387742162 ], [ 73.34333444144464, -53.012758571302221 ], [ 73.343455090591647, -53.012881207551644 ], [ 73.343598294418626, -53.012905881708122 ], [ 73.343845049892394, -53.012845061472881 ], [ 73.344096188270171, -53.012833439852137 ], [ 73.344377344892592, -53.01285625436082 ], [ 73.344430394675953, -53.012943929635213 ], [ 73.344385534253874, -53.012969763963191 ], [ 73.344301932641017, -53.013025297631401 ], [ 73.344350598565853, -53.013063773814011 ], [ 73.344378447756, -53.01315487805153 ], [ 73.344117817054311, -53.013086991184501 ], [ 73.343952493061977, -53.013148946182902 ], [ 73.343767942427846, -53.013221972697316 ], [ 73.343670219881233, -53.013318887607831 ], [ 73.343542189397311, -53.013388921247461 ], [ 73.343463837039835, -53.013470986430406 ], [ 73.343523149785781, -53.01355874936278 ], [ 73.34360824267219, -53.013627972138615 ], [ 73.343724222366149, -53.013708964655684 ], [ 73.343781944493529, -53.013838283667546 ], [ 73.343567330010302, -53.013714338794927 ], [ 73.3434606952829, -53.013716633070068 ], [ 73.343361482384964, -53.013688791836671 ], [ 73.343188402860605, -53.01362590259653 ], [ 73.343142921490752, -53.013504313555984 ], [ 73.343248067497029, -53.013377263687332 ], [ 73.343167213518768, -53.013361017650197 ], [ 73.343071660398564, -53.013401264514677 ], [ 73.343025061781304, -53.013472432346333 ], [ 73.342872552466289, -53.013527004731131 ], [ 73.342691472964361, -53.013509361497768 ], [ 73.342503695166371, -53.013502964172694 ], [ 73.342544320165771, -53.013424153564259 ], [ 73.342592222538087, -53.013318985411793 ], [ 73.342571654536755, -53.013201523260022 ], [ 73.342486998514687, -53.013120966252693 ], [ 73.342527333601836, -53.013049711312505 ], [ 73.342448073216815, -53.012991908607752 ], [ 73.342338072232394, -53.012918557869604 ], [ 73.342181617055203, -53.01291259669852 ], [ 73.342001843889335, -53.012860951926768 ], [ 73.341602831786616, -53.012806249210314 ], [ 73.34164345773884, -53.012727438908591 ], [ 73.341819138605302, -53.012722329351476 ], [ 73.342036060365828, -53.012785831973389 ], [ 73.34239676495352, -53.012858898462632 ], [ 73.342605503563931, -53.012808890353057 ], [ 73.342434166146049, -53.012700666019654 ], [ 73.342162316720376, -53.01259859974428 ], [ 73.342153553990656, -53.012500201367324 ], [ 73.342341761767059, -53.012495265706534 ], [ 73.342337052971544, -53.012291087955589 ], [ 73.342200984682492, -53.012243832626112 ], [ 73.342188003906088, -53.012173724340066 ], [ 73.342123681193925, -53.012135028941614 ], [ 73.342040349723945, -53.012101738230292 ], [ 73.341980915271023, -53.012099019529209 ], [ 73.341908228900067, -53.012115015269224 ], [ 73.341864743817638, -53.012104959217787 ], [ 73.341823141685296, -53.012045791304907 ], [ 73.341790500931168, -53.011998087916645 ], [ 73.341732008152249, -53.011970813169796 ], [ 73.341635208025295, -53.011961903379238 ], [ 73.341565291536583, -53.011987387178273 ], [ 73.341570541363239, -53.012013919384025 ], [ 73.341527870537291, -53.012064352235782 ], [ 73.341361081047737, -53.012082814870979 ], [ 73.341322700928274, -53.012103068669177 ], [ 73.341391258448866, -53.012194741541109 ], [ 73.341361766999441, -53.01222834883486 ], [ 73.341245361015638, -53.012158687559882 ], [ 73.341115413336681, -53.01211529621871 ], [ 73.341073305054323, -53.012069350466788 ] ], [ [ 73.342817118948304, -53.013310780531853 ], [ 73.342766813462831, -53.013315119198587 ], [ 73.342773428370307, -53.013360569631438 ], [ 73.342840920609859, -53.013343870987853 ], [ 73.342817118948304, -53.013310780531853 ] ], [ [ 73.342572997905009, -53.013030188640016 ], [ 73.342618766751841, -53.013144222221037 ], [ 73.342710832273312, -53.013140465689126 ], [ 73.342705375612042, -53.013064792569374 ], [ 73.342607467695203, -53.013002950201844 ], [ 73.342572997905009, -53.013030188640016 ] ], [ [ 73.342947221901483, -53.011987125200676 ], [ 73.342948379836912, -53.011956902508665 ], [ 73.342878354380559, -53.011930727555715 ], [ 73.342718511875944, -53.011958738544365 ], [ 73.342507496519517, -53.012013754900508 ], [ 73.342514786625728, -53.012041575454056 ], [ 73.342668523429182, -53.012063877681641 ], [ 73.342801187784801, -53.012090925814952 ], [ 73.342671155170265, -53.012104232805115 ], [ 73.342715642685178, -53.012142651435624 ], [ 73.342864625026763, -53.012180006551219 ], [ 73.342975225575884, -53.012128630005044 ], [ 73.343308238415545, -53.012160989402062 ], [ 73.343325810390809, -53.012138555117943 ], [ 73.343055822511033, -53.012096994463256 ], [ 73.342888689134483, -53.01209718515392 ], [ 73.342877608855616, -53.01205923219149 ], [ 73.34276678917746, -53.012007289590748 ], [ 73.342822427075603, -53.01197278642308 ], [ 73.342947221901483, -53.011987125200676 ] ], [ [ 73.341345797918109, -53.011909358341178 ], [ 73.341487199067373, -53.011926450215157 ], [ 73.341492823656935, -53.011888730126216 ], [ 73.341464558172021, -53.011863136825205 ], [ 73.341369768179817, -53.011829055825224 ], [ 73.341326463835884, -53.011868770181003 ], [ 73.341345797918109, -53.011909358341178 ] ], [ [ 73.341165632438376, -53.011813608487863 ], [ 73.341045980679766, -53.011774140559567 ], [ 73.341016169833978, -53.011788844039231 ], [ 73.341137002910273, -53.011906445475972 ], [ 73.341195948490679, -53.01189466833786 ], [ 73.341165632438376, -53.011813608487863 ] ], [ [ 73.340726369900537, -53.011719282693463 ], [ 73.340703364758923, -53.011774399523283 ], [ 73.340807665298257, -53.011778374934849 ], [ 73.340817466340823, -53.01174071315382 ], [ 73.340726369900537, -53.011719282693463 ] ], [ [ 73.341770703108111, -53.011615416539811 ], [ 73.341700678928021, -53.01158924090182 ], [ 73.341679123606326, -53.011606579588786 ], [ 73.341616292386306, -53.011610743058931 ], [ 73.341583294939582, -53.011708559034396 ], [ 73.341631474113015, -53.011759629087436 ], [ 73.341701981356394, -53.011773211986494 ], [ 73.341637025349698, -53.011832783700235 ], [ 73.341589835067737, -53.011864884242293 ], [ 73.341597124559414, -53.011892704847924 ], [ 73.34168607383198, -53.011861186727181 ], [ 73.34178163664663, -53.011875119027614 ], [ 73.341801164282685, -53.011910670004688 ], [ 73.341901096259335, -53.011919623335189 ], [ 73.342000062782617, -53.011953762146746 ], [ 73.342005880027969, -53.011911004917181 ], [ 73.342156598673739, -53.01190302689217 ], [ 73.342134271039413, -53.011940514114279 ], [ 73.342222061588345, -53.011939218270768 ], [ 73.342315862132679, -53.011890128001333 ], [ 73.342409083311267, -53.011856148997978 ], [ 73.34248338077947, -53.011879863881092 ], [ 73.342534746319615, -53.011847821191246 ], [ 73.342500831011819, -53.011751592106343 ], [ 73.342469836951238, -53.011688162468886 ], [ 73.342441957103503, -53.011652495167141 ], [ 73.342292011630121, -53.011640325105837 ], [ 73.342327084749073, -53.011706331563879 ], [ 73.342226960097051, -53.011702415708051 ], [ 73.342170235445195, -53.01165626655569 ], [ 73.342159155902806, -53.011618313529482 ], [ 73.342293363071619, -53.01160506530811 ], [ 73.342323752539755, -53.011575250161115 ], [ 73.342122345367471, -53.011597641045654 ], [ 73.342021255516642, -53.011618910585888 ], [ 73.341929579399462, -53.011612592383877 ], [ 73.341888689664131, -53.011589343039105 ], [ 73.341813523992528, -53.011588294797313 ], [ 73.341770703108111, -53.011615416539811 ] ], [ [ 73.340561363962664, -53.011664061916782 ], [ 73.340496599838545, -53.011718595887956 ], [ 73.34058352027715, -53.011739968243248 ], [ 73.340723353498234, -53.011689001758818 ], [ 73.340741119852922, -53.011661530754161 ], [ 73.340561363962664, -53.011664061916782 ] ], [ [ 73.34299980321471, -53.01334104545235 ], [ 73.343092641056487, -53.013317140170386 ], [ 73.343060487141813, -53.013283933374609 ], [ 73.34295997276665, -53.013290092336419 ], [ 73.34299980321471, -53.01334104545235 ] ], [ [ 73.343233455939426, -53.012913398142992 ], [ 73.343228122158678, -53.012943562646171 ], [ 73.343256968269174, -53.01295404419146 ], [ 73.343283182043962, -53.012924170620643 ], [ 73.343233455939426, -53.012913398142992 ] ], [ [ 73.343160410597093, -53.012856942467103 ], [ 73.343184115796532, -53.01289255141446 ], [ 73.343284532740483, -53.012888910812904 ], [ 73.343252186028579, -53.01286074118341 ], [ 73.343160410597093, -53.012856942467103 ] ], [ [ 73.344676945455149, -53.01242448274008 ], [ 73.344680061063343, -53.012452245033451 ], [ 73.344755035562727, -53.012458328594853 ], [ 73.344793775875658, -53.012428629080325 ], [ 73.344676945455149, -53.01242448274008 ] ], [ [ 73.343700900766876, -53.012272295766415 ], [ 73.343776357040909, -53.012265787148905 ], [ 73.343794796834814, -53.012220685766735 ], [ 73.343858400297151, -53.012196372681331 ], [ 73.343684072079455, -53.012166225451729 ], [ 73.343469073891086, -53.012216148225654 ], [ 73.343407620276651, -53.012293409002886 ], [ 73.343542504420554, -53.012262529479223 ], [ 73.34358940433583, -53.01223798383127 ], [ 73.343700900766876, -53.012272295766415 ] ] ], [ [ [ 73.346299428069983, -53.011023315349114 ], [ 73.346069744048833, -53.011129736314885 ], [ 73.345916090987089, -53.011214535462656 ], [ 73.346060302048485, -53.011212761728814 ], [ 73.346273847861667, -53.011200612631569 ], [ 73.346343904795305, -53.011171348185051 ], [ 73.346434197232895, -53.011104566596032 ], [ 73.346457952356488, -53.011138915633254 ], [ 73.346583083050859, -53.011144435618185 ], [ 73.346765020814246, -53.011139405800002 ], [ 73.346914773413445, -53.011156607343587 ], [ 73.346956453915169, -53.011213884609354 ], [ 73.346973223807922, -53.011267035685407 ], [ 73.34704680093347, -53.011309636954167 ], [ 73.346868238334935, -53.011390311174345 ], [ 73.34679717057108, -53.011446020838072 ], [ 73.346619184622369, -53.01151158329828 ], [ 73.346387856996742, -53.011497026758242 ], [ 73.346181584753538, -53.011482818273123 ], [ 73.345675372718929, -53.01144553730645 ], [ 73.345146130099494, -53.01135501569955 ], [ 73.344706462094294, -53.011216600700905 ], [ 73.344442181652823, -53.011080626285327 ], [ 73.34443630609853, -53.010906671213753 ], [ 73.344593621956392, -53.010889962322999 ], [ 73.344610533412563, -53.010939335870809 ], [ 73.34464522396992, -53.011015415916852 ], [ 73.344757392831752, -53.011032096927835 ], [ 73.344740914913956, -53.010971389878392 ], [ 73.344768427636936, -53.01090751538743 ], [ 73.344871249335881, -53.010840909394709 ], [ 73.344913457635471, -53.010720541638072 ], [ 73.345132831348067, -53.010719815287203 ], [ 73.345212669413826, -53.010762504852586 ], [ 73.345153405281366, -53.010837277088839 ], [ 73.345317128864522, -53.010816876573379 ], [ 73.345340304834508, -53.01086633719423 ], [ 73.345483214110232, -53.010898564727938 ], [ 73.34560819945915, -53.010907863574722 ], [ 73.345651417280095, -53.010761050645179 ], [ 73.345764163851953, -53.010762619334884 ], [ 73.345941765849446, -53.010870926046138 ], [ 73.346010522247354, -53.010875662378751 ], [ 73.346114642113378, -53.01077505470618 ], [ 73.346189662082764, -53.01077987806206 ], [ 73.346296289474452, -53.010777581279967 ], [ 73.346408025091264, -53.010805594265648 ], [ 73.346564040095757, -53.010822883354109 ], [ 73.346536818917812, -53.010879202594786 ], [ 73.346630197033534, -53.010895620522994 ], [ 73.346691245738512, -53.010938047803933 ], [ 73.346470859880398, -53.01096522192875 ], [ 73.346299428069983, -53.011023315349114 ] ], [ [ 73.346244892655193, -53.011302265916122 ], [ 73.346241811037089, -53.011382859904067 ], [ 73.34640087889457, -53.01137499263983 ], [ 73.346353849994571, -53.011293701727823 ], [ 73.346244892655193, -53.011302265916122 ] ] ], [ [ [ 73.349530706391079, -53.011582272996101 ], [ 73.349198804185619, -53.011411351925268 ], [ 73.348687768685508, -53.011336218318888 ], [ 73.348581367298053, -53.011168427090794 ], [ 73.348932715126296, -53.011158187098673 ], [ 73.349055106364105, -53.011235483605979 ], [ 73.34951574270076, -53.011317475743901 ], [ 73.350027067736988, -53.011385050100657 ], [ 73.350729766271769, -53.011364560555563 ], [ 73.350820916724331, -53.011275108476177 ], [ 73.350837189582805, -53.011177058085075 ], [ 73.350902420107232, -53.011109925526931 ], [ 73.350869735064137, -53.010980957289703 ], [ 73.351134540705303, -53.010939271634292 ], [ 73.351973018631398, -53.010973575551525 ], [ 73.35217835225005, -53.010847906551852 ], [ 73.352920350072708, -53.010782590563544 ], [ 73.35321238716088, -53.010748515150361 ], [ 73.353789057986447, -53.010681225889805 ], [ 73.353557812014458, -53.010829217920794 ], [ 73.353183178310218, -53.010888909121164 ], [ 73.352990335845078, -53.010919634602885 ], [ 73.35253215136153, -53.011102279359868 ], [ 73.352225445526216, -53.01125678293711 ], [ 73.352161764100472, -53.011308447318811 ], [ 73.352085799339591, -53.011339648591068 ], [ 73.352069627980526, -53.011383196550923 ], [ 73.352005567188371, -53.011435168317028 ], [ 73.35164989825833, -53.011558752978324 ], [ 73.351196022007016, -53.011628056881307 ], [ 73.350824801263443, -53.0115019533498 ], [ 73.349735473356859, -53.011471719704517 ], [ 73.349530706391079, -53.011582272996101 ] ] ], [ [ [ 73.350197861947393, -53.010850681330894 ], [ 73.349860773877907, -53.010815764741984 ], [ 73.35023947907915, -53.010745422971503 ], [ 73.350270399461365, -53.010696219941501 ], [ 73.350279510960647, -53.010681720958537 ], [ 73.350517531632036, -53.010685023245834 ], [ 73.350588593380294, -53.010629311303887 ], [ 73.350479016579413, -53.010544634452451 ], [ 73.350477795584993, -53.010412322741722 ], [ 73.350522361587608, -53.010394041758737 ], [ 73.351119569770717, -53.010345627541994 ], [ 73.351384515276564, -53.010300163439695 ], [ 73.352004184908623, -53.010320093531689 ], [ 73.352347027487923, -53.010203889811038 ], [ 73.352583319081816, -53.010252522211552 ], [ 73.3526554612491, -53.010332898605839 ], [ 73.352508231349248, -53.010414015334646 ], [ 73.352423925520895, -53.01048844413554 ], [ 73.352521410338909, -53.010561612077154 ], [ 73.352394721641843, -53.010593209101692 ], [ 73.352148110418227, -53.010654715099335 ], [ 73.351730392621022, -53.010645958749365 ], [ 73.351615839737534, -53.010643557193887 ], [ 73.351373038522183, -53.010702372109989 ], [ 73.351305894370142, -53.010718636647219 ], [ 73.351159236721571, -53.010784640257874 ], [ 73.351100126798542, -53.010855637685879 ], [ 73.350918334630194, -53.010856896298932 ], [ 73.350698671969852, -53.010865189023797 ], [ 73.350572677041782, -53.010882340482539 ], [ 73.350430052059963, -53.010842563333718 ], [ 73.350197861947393, -53.010850681330894 ] ], [ [ 73.351043585716781, -53.010804455557796 ], [ 73.351053473643702, -53.010764274286764 ], [ 73.350952293953057, -53.010788070041606 ], [ 73.351043585716781, -53.010804455557796 ] ] ], [ [ [ 73.344763707393156, -53.01070333759084 ], [ 73.34460605679439, -53.010565068044762 ], [ 73.344590157616324, -53.010489249610551 ], [ 73.344480303828632, -53.010412123005644 ], [ 73.344351225702468, -53.010346068162384 ], [ 73.344324435808161, -53.010391053359953 ], [ 73.34438302317804, -53.010497705088142 ], [ 73.344354064044026, -53.010599357892445 ], [ 73.344272925566528, -53.010590668317761 ], [ 73.344214527808177, -53.010642773038121 ], [ 73.344050949037566, -53.010659394197496 ], [ 73.344098888946789, -53.010716759672249 ], [ 73.344059715805301, -53.010757792495141 ], [ 73.343757568840147, -53.010628848842096 ], [ 73.34359072204073, -53.010403513176968 ], [ 73.343381809783196, -53.010294766654575 ], [ 73.343178728048073, -53.010197440567843 ], [ 73.34319526612019, -53.009929301338936 ], [ 73.343103628055033, -53.009867546679793 ], [ 73.343134036734369, -53.009728115804648 ], [ 73.343268031031357, -53.009665725436406 ], [ 73.343116652478514, -53.009527541236359 ], [ 73.34329843902556, -53.009526294509335 ], [ 73.343479110253782, -53.009717804559514 ], [ 73.343744536676681, -53.009823558340926 ], [ 73.344015215511149, -53.009955843654808 ], [ 73.344167176931251, -53.010078915375651 ], [ 73.344543183367691, -53.010242905089044 ], [ 73.3447586511286, -53.010344181109943 ], [ 73.345076506530958, -53.010390184084599 ], [ 73.345306093414038, -53.010450077232164 ], [ 73.345421923412744, -53.010534845934686 ], [ 73.345386847530847, -53.010632634002476 ], [ 73.345256466551078, -53.010600580705727 ], [ 73.345027890813711, -53.010514242568306 ], [ 73.34479541253485, -53.010529905703955 ], [ 73.344846002743679, -53.010681804105445 ], [ 73.344763707393156, -53.01070333759084 ] ] ], [ [ [ 73.348987640160914, -53.010047673498661 ], [ 73.34878922390854, -53.009992000217203 ], [ 73.34875625750432, -53.009870587129903 ], [ 73.348936540797226, -53.009744575785277 ], [ 73.348906066347553, -53.009689111406132 ], [ 73.348877943130432, -53.00963792620739 ], [ 73.348855773222482, -53.00956202129457 ], [ 73.348622951337688, -53.009422713169556 ], [ 73.348309775689572, -53.009418363038037 ], [ 73.348451034915001, -53.009329608830079 ], [ 73.348440815889504, -53.009268989243992 ], [ 73.348903449061197, -53.009298093719998 ], [ 73.349443551496819, -53.009267794229316 ], [ 73.349099555243399, -53.009414212391164 ], [ 73.34949955526956, -53.009442444853079 ], [ 73.349825834834036, -53.00943185431094 ], [ 73.350203086976279, -53.009399291060646 ], [ 73.350507481525895, -53.0093052382488 ], [ 73.350462848226286, -53.009160984681046 ], [ 73.350715404204152, -53.009111570361512 ], [ 73.351039952801514, -53.009146310704907 ], [ 73.35103793651102, -53.009199200656631 ], [ 73.351225265177746, -53.009216917932804 ], [ 73.351278541115903, -53.009134499987866 ], [ 73.351554710187656, -53.00912320983479 ], [ 73.351741750836794, -53.009148482006125 ], [ 73.351852478257172, -53.009202934862891 ], [ 73.352281274044614, -53.009133281015089 ], [ 73.352550285931031, -53.009207223331622 ], [ 73.352055361738664, -53.009470336577202 ], [ 73.351800501828293, -53.009580199414224 ], [ 73.351772842939056, -53.009583138971571 ], [ 73.351360037718507, -53.009627010657546 ], [ 73.350819067690765, -53.009679985945503 ], [ 73.350263551982067, -53.009785674871239 ], [ 73.349916383594277, -53.010015208105855 ], [ 73.349683398413106, -53.010208526749857 ], [ 73.349404626969388, -53.010287813793873 ], [ 73.349451852797571, -53.010364066415804 ], [ 73.349173945073758, -53.010420685807603 ], [ 73.349053574697464, -53.010290499540297 ], [ 73.34949721943002, -53.010160584217324 ], [ 73.349499814314356, -53.010092582914488 ], [ 73.349109163233194, -53.010147637035828 ], [ 73.348987640160914, -53.010047673498661 ] ], [ [ 73.349133225830769, -53.00984558301144 ], [ 73.349067952443008, -53.009804358272469 ], [ 73.349049134686908, -53.009859534806857 ], [ 73.349133225830769, -53.00984558301144 ] ] ], [ [ [ 73.342990328852039, -53.009389706014758 ], [ 73.342810713984989, -53.009334284706682 ], [ 73.342606045686807, -53.009278513888617 ], [ 73.342613335629096, -53.009272100772932 ], [ 73.343258122764013, -53.009172600314237 ], [ 73.343305127375473, -53.009107572671176 ], [ 73.34338281956687, -53.009123025740074 ], [ 73.343583250106079, -53.009125818211885 ], [ 73.343751784772095, -53.009143285456688 ], [ 73.343920464221526, -53.009156974623437 ], [ 73.344007429497694, -53.0091770851771 ], [ 73.343974231890073, -53.009225760910027 ], [ 73.343816777225953, -53.009246246871662 ], [ 73.343704034716467, -53.009244676366741 ], [ 73.343594951608395, -53.009311194124209 ], [ 73.343511066808261, -53.009374282995921 ], [ 73.343352453851139, -53.009424991048917 ], [ 73.343128270378799, -53.009387848498307 ], [ 73.342990328852039, -53.009389706014758 ] ] ], [ [ [ 73.347937348478368, -53.010309013801383 ], [ 73.348178973727258, -53.010217874571204 ], [ 73.348288484991727, -53.010140019036669 ], [ 73.348435493974293, -53.010228997755497 ], [ 73.348623402886062, -53.010231607762179 ], [ 73.34871793426862, -53.010217801259749 ], [ 73.348802534321834, -53.010135819431987 ], [ 73.348921254640175, -53.010145027799496 ], [ 73.348886042768541, -53.010246594819627 ], [ 73.348927869255959, -53.010300093567494 ], [ 73.348701368558466, -53.010323407038037 ], [ 73.348474723375134, -53.010350497923113 ], [ 73.348478534763615, -53.010414808343171 ], [ 73.348559302254969, -53.010597363064889 ], [ 73.348473114042903, -53.010720901028961 ], [ 73.348544672291808, -53.010816391248532 ], [ 73.348687006934938, -53.010863726341121 ], [ 73.348709465630463, -53.010932075576051 ], [ 73.348573888385914, -53.011036028421046 ], [ 73.348328015330864, -53.011074191538128 ], [ 73.348075878095543, -53.011112267118122 ], [ 73.347849517020748, -53.011131801078939 ], [ 73.347797386554433, -53.011183994619678 ], [ 73.34770256413006, -53.011205356061119 ], [ 73.347586929636847, -53.011279346116197 ], [ 73.347513496362282, -53.011232967331992 ], [ 73.347524956311005, -53.011097051940268 ], [ 73.347409265011592, -53.011008507404249 ], [ 73.347354912284914, -53.01095483401258 ], [ 73.347344550110876, -53.010897992202928 ], [ 73.347183570078187, -53.010846616454998 ], [ 73.347092213084238, -53.010777309128379 ], [ 73.346913886603915, -53.010687893338691 ], [ 73.346814389531062, -53.010667610699791 ], [ 73.346708773274642, -53.010643463037376 ], [ 73.34695551153753, -53.010582636188019 ], [ 73.347203026994379, -53.010665454019644 ], [ 73.347357887034249, -53.010712964829587 ], [ 73.347449388667286, -53.010778494109232 ], [ 73.347592299280748, -53.010810719118496 ], [ 73.34783615112552, -53.010825447366472 ], [ 73.34801283378296, -53.010793883662572 ], [ 73.348119113082348, -53.010636606489079 ], [ 73.347814443000686, -53.01040936200733 ], [ 73.347702707462346, -53.010381350342449 ], [ 73.347556478561003, -53.010436015939014 ], [ 73.347353675318118, -53.010331141213889 ], [ 73.347168509023291, -53.010256750131006 ], [ 73.347105672623783, -53.010097122806059 ], [ 73.346855705948286, -53.010078528159362 ], [ 73.34680048868573, -53.010047521591709 ], [ 73.346704657462567, -53.010095327171925 ], [ 73.346718538577846, -53.010224035183839 ], [ 73.346659277790465, -53.010298808203643 ], [ 73.346937820520168, -53.010389617753866 ], [ 73.346889787686109, -53.010498565661045 ], [ 73.346776897338543, -53.010500775888509 ], [ 73.346636641731465, -53.010563083122214 ], [ 73.346603879215721, -53.010600426060272 ], [ 73.346329235706136, -53.01040761394006 ], [ 73.346102247829521, -53.010279721574079 ], [ 73.345797063814331, -53.010230117784509 ], [ 73.345642496244963, -53.010175049279574 ], [ 73.345498722167633, -53.010165489006638 ], [ 73.345315294132504, -53.010045760956992 ], [ 73.345060221392828, -53.009996852637649 ], [ 73.344822638865452, -53.009982205934136 ], [ 73.344627455721422, -53.01000594761237 ], [ 73.344349065022357, -53.009911354861373 ], [ 73.344071788240996, -53.009624004388179 ], [ 73.344412043253371, -53.009575824788456 ], [ 73.344604766623505, -53.009616306747965 ], [ 73.344757693617964, -53.009550398455822 ], [ 73.345017678032548, -53.009470860776254 ], [ 73.345010161489242, -53.009667308558939 ], [ 73.345234926219234, -53.009689336214421 ], [ 73.345493754561573, -53.009640020235587 ], [ 73.3457215536544, -53.009582712268724 ], [ 73.345755854739807, -53.009341278874892 ], [ 73.345721307986096, -53.009261421283888 ], [ 73.345961487265228, -53.009208064972647 ], [ 73.346019303127179, -53.009171070726786 ], [ 73.345788566145842, -53.00914140173979 ], [ 73.345380429445285, -53.009162181626515 ], [ 73.345029386319581, -53.009164855561828 ], [ 73.344697422715129, -53.009160234381099 ], [ 73.344425445309014, -53.00906195119687 ], [ 73.344308175091271, -53.00901495995997 ], [ 73.344026464906179, -53.009007256833279 ], [ 73.343941134927903, -53.009108124424529 ], [ 73.343777995840625, -53.009113411737289 ], [ 73.343617316081691, -53.009054475552432 ], [ 73.34342955744134, -53.009048079836973 ], [ 73.343369931290482, -53.009017920559373 ], [ 73.343652203052216, -53.008627410615908 ], [ 73.343755126772493, -53.008565014181926 ], [ 73.343922791498855, -53.008605148211039 ], [ 73.344117534800603, -53.008592741159923 ], [ 73.344412347456725, -53.008585507115434 ], [ 73.344616823803676, -53.00848251826028 ], [ 73.344780827813381, -53.008454562722882 ], [ 73.344871984206478, -53.008365115210928 ], [ 73.34484240215312, -53.008319345143974 ], [ 73.344564646407562, -53.008372175994673 ], [ 73.344388694262861, -53.00838484543759 ], [ 73.344130695273691, -53.008248957627892 ], [ 73.34398161035665, -53.008171680872096 ], [ 73.343694244396943, -53.008027426591234 ], [ 73.343630266631934, -53.007898020222981 ], [ 73.344056269722756, -53.007737640592694 ], [ 73.344449254221558, -53.007631987233957 ], [ 73.34453748213727, -53.007608267025425 ], [ 73.344960010036019, -53.007538552324611 ], [ 73.344966185979501, -53.007521930330419 ], [ 73.344980967840911, -53.007482146230238 ], [ 73.345209912329665, -53.007394616391508 ], [ 73.345373333809761, -53.007381771371705 ], [ 73.34560062332541, -53.007454319365898 ], [ 73.345682882274815, -53.007480575235945 ], [ 73.345878197914018, -53.007453053875693 ], [ 73.346101113955854, -53.0071953449958 ], [ 73.346179252782946, -53.006954521217381 ], [ 73.346175664500493, -53.006940218528968 ], [ 73.346141188207923, -53.006802797533773 ], [ 73.346158914096719, -53.006666969322687 ], [ 73.346350670873534, -53.006646143779896 ], [ 73.346556522285624, -53.006593122511269 ], [ 73.346773654632415, -53.006486526150738 ], [ 73.346936350434007, -53.006492568186893 ], [ 73.347108108055721, -53.006589452492392 ], [ 73.347233225699867, -53.006594971693822 ], [ 73.347337043565219, -53.006501918473525 ], [ 73.347540839204939, -53.006580348209205 ], [ 73.347595042477153, -53.006637799361108 ], [ 73.347593854709132, -53.006668893948941 ], [ 73.347591434762194, -53.006732245579421 ], [ 73.347643906630879, -53.006835030893853 ], [ 73.347528428199425, -53.006905243187369 ], [ 73.3474623330318, -53.006995041038614 ], [ 73.34751538216787, -53.007082715012459 ], [ 73.347459503896744, -53.007233132528569 ], [ 73.347512986265329, -53.007309472958028 ], [ 73.34741046575374, -53.007368525676036 ], [ 73.347346044760172, -53.007250454757319 ], [ 73.347249153494403, -53.007162171270231 ], [ 73.347196305467307, -53.00723325385156 ], [ 73.347188943772906, -53.007425924076976 ], [ 73.347282082648675, -53.007612431650223 ], [ 73.347398630738013, -53.007678309198653 ], [ 73.34755342275696, -53.007563285179508 ], [ 73.347522626312028, -53.007385204021816 ], [ 73.347574608115877, -53.007336788384102 ], [ 73.347796331989073, -53.007438145936568 ], [ 73.347772636219702, -53.007566331678973 ], [ 73.347813593036093, -53.00764249790172 ], [ 73.347787877030015, -53.007823573520319 ], [ 73.347701259408467, -53.00795844455137 ], [ 73.347585345081143, -53.008039990408413 ], [ 73.347453382587616, -53.008049495881636 ], [ 73.347308749074159, -53.008062604931759 ], [ 73.347389104835514, -53.007927647142758 ], [ 73.347274288208055, -53.007816435413837 ], [ 73.346980691512385, -53.00795598831796 ], [ 73.34685441493518, -53.00798069159319 ], [ 73.346608557866517, -53.008018851298651 ], [ 73.346378457441006, -53.008136606582084 ], [ 73.346417534859341, -53.008261885254427 ], [ 73.346485131864966, -53.00829684404637 ], [ 73.346282393967826, -53.008354502018115 ], [ 73.346022274118511, -53.008437820393674 ], [ 73.34580700821536, -53.008495303282082 ], [ 73.345706938772267, -53.008490131129662 ], [ 73.345552088497897, -53.008442618229559 ], [ 73.345473265843012, -53.008373484002 ], [ 73.345255060195925, -53.008343988329806 ], [ 73.345116399368962, -53.008364737555887 ], [ 73.345063690884032, -53.008432041293197 ], [ 73.345135093351601, -53.008531311353543 ], [ 73.345149981117302, -53.00863357464069 ], [ 73.345255880636003, -53.008650167963893 ], [ 73.345374307025992, -53.00866693552333 ], [ 73.345464740136975, -53.008596376770548 ], [ 73.345385339303988, -53.008542353859099 ], [ 73.345573674085671, -53.00853363509659 ], [ 73.345771357045081, -53.008608202891956 ], [ 73.345517498097479, -53.008691607283446 ], [ 73.345190356149487, -53.008724853096595 ], [ 73.344741559818928, -53.008661908056581 ], [ 73.344603186896435, -53.008675100989187 ], [ 73.344363587380272, -53.008713343206153 ], [ 73.344898770385583, -53.008811510940944 ], [ 73.345126325186257, -53.008924294175465 ], [ 73.345479389427013, -53.008868730132299 ], [ 73.345574930243814, -53.008828481206407 ], [ 73.345660306282284, -53.008890146832044 ], [ 73.345740430502602, -53.008925280345785 ], [ 73.345793044980169, -53.009024288583042 ], [ 73.346004557606207, -53.00906502969552 ], [ 73.346279427422431, -53.009087752402522 ], [ 73.346417223503678, -53.009089668906192 ], [ 73.346559116886823, -53.009148340031125 ], [ 73.346697490779249, -53.00913514483041 ], [ 73.346726497755427, -53.009196025831599 ], [ 73.346887904281829, -53.009236068622037 ], [ 73.347120663653598, -53.009212845638295 ], [ 73.347208641068661, -53.009206508938945 ], [ 73.347358098496059, -53.009231265571024 ], [ 73.347571634200207, -53.009219114058794 ], [ 73.347670707052302, -53.009228763834173 ], [ 73.348020873499465, -53.009270714944677 ], [ 73.348196684036765, -53.009261817996581 ], [ 73.348194519992248, -53.009318485719788 ], [ 73.348185515351034, -53.009390177817764 ], [ 73.347906820548047, -53.009371325234994 ], [ 73.347904234720417, -53.009371150311026 ], [ 73.347801854092651, -53.009426425464916 ], [ 73.347636982330656, -53.00947705223367 ], [ 73.347565428249226, -53.009381561480396 ], [ 73.347458371339826, -53.009395192969144 ], [ 73.347473120523944, -53.009501233843473 ], [ 73.34744783483093, -53.009670975774242 ], [ 73.347319243908245, -53.009756125041605 ], [ 73.347215706758249, -53.009841622443233 ], [ 73.347308216811072, -53.009880706902337 ], [ 73.347515925158675, -53.009857134913695 ], [ 73.347786846225873, -53.009819321577623 ], [ 73.347929922418118, -53.009762193322914 ], [ 73.348134805208673, -53.009733439869777 ], [ 73.34827087229003, -53.009780688416498 ], [ 73.348584194792977, -53.009781260822258 ], [ 73.348622590475344, -53.009805510752344 ], [ 73.34848016179545, -53.009883138171574 ], [ 73.348380010051088, -53.009876700808633 ], [ 73.348202754321903, -53.009923376485872 ], [ 73.347940887751307, -53.009947717350009 ], [ 73.347919738656643, -53.009949683161516 ], [ 73.347834560095279, -53.010046775741479 ], [ 73.347838081904229, -53.010118641871465 ], [ 73.347695173376763, -53.010086417170655 ], [ 73.347696963142695, -53.010203617462878 ], [ 73.347937348478368, -53.010309013801383 ] ], [ [ 73.347011311689442, -53.009614509730881 ], [ 73.346867990590297, -53.009647795735681 ], [ 73.346915981296192, -53.009703900822807 ], [ 73.347017738081718, -53.009664997113241 ], [ 73.347011311689442, -53.009614509730881 ] ], [ [ 73.346616606874562, -53.009447747913335 ], [ 73.34680252715907, -53.009611606898332 ], [ 73.346892971441747, -53.009431431487513 ], [ 73.346616606874562, -53.009447747913335 ] ], [ [ 73.344300597990298, -53.00883090151325 ], [ 73.344202311574676, -53.008779134717166 ], [ 73.34406811373097, -53.00879238517345 ], [ 73.344056869950663, -53.008867825674223 ], [ 73.344231667241658, -53.008885379467145 ], [ 73.344300597990298, -53.00883090151325 ] ], [ [ 73.343780064525106, -53.00867749727071 ], [ 73.343744731041085, -53.008727403141634 ], [ 73.343896016875945, -53.008704311456349 ], [ 73.343780064525106, -53.00867749727071 ] ], [ [ 73.345799761882631, -53.008302429895693 ], [ 73.345731026499848, -53.008351871619546 ], [ 73.345812996787785, -53.008393330535419 ], [ 73.345972824152597, -53.008365315250408 ], [ 73.345924065657186, -53.008329358295889 ], [ 73.345799761882631, -53.008302429895693 ] ] ] ] } },
{ "type": "Feature", "properties": { "RGIId": "RGI60-19.00022", "name_1": "Baudissin-Schmidt", "grid_pixels": 1077.0, "observed_pixels": 1077.0, "retained_pixels": 1020.0, "coverage_percent": 94.707520891364908, "median_speed_m_yr": 175.27536010742188, "pixel_speed_p25_m_yr": 96.433975219726562, "pixel_speed_p75_m_yr": 271.97894287109375, "median_retained_pairs": 52.0, "minimum_elevation_m": 13.824294090270996, "lower_third_limit_m": 772.76697731018066, "upper_third_limit_m": 1531.7096605300903, "maximum_elevation_m": 2290.65234375, "lower_third_speed_m_yr": 138.17742919921875, "lower_third_coverage_percent": 93.396226415094333, "lower_third_retained_pixels": 693.0, "middle_third_speed_m_yr": 249.66162109375, "middle_third_coverage_percent": 98.207885304659499, "middle_third_retained_pixels": 274.0, "upper_third_speed_m_yr": 211.23443603515625, "upper_third_coverage_percent": 94.642857142857139, "upper_third_retained_pixels": 53.0, "lower_upper_speed_ratio": 0.65414253373072917, "speed_rank": 13, "year_balanced_speed_m_yr": 177.09771728515625, "retained_pixels_with_all_6_years_percent": 87.352941176470594, "retained_pixels_with_at_least_5_years_percent": 95.196078431372555, "year_balanced_change_percent": 1.0397109876810307, "status": "analysed" }, "geometry": { "type": "Polygon", "coordinates": [ [ [ 73.412303296117514, -53.054434302193712 ], [ 73.412169271848015, -53.054500472951588 ], [ 73.412015952912981, -53.054446966674654 ], [ 73.411691215557624, -53.054409884099016 ], [ 73.41176000638086, -53.054228354749519 ], [ 73.411814727391871, -53.054171986522363 ], [ 73.411921405960499, -53.05406209620412 ], [ 73.412149553301333, -53.053980935137659 ], [ 73.412304589853619, -53.05398768268352 ], [ 73.412552235929724, -53.054009700391056 ], [ 73.412828689924055, -53.054092917901954 ], [ 73.413021670078692, -53.054123561520349 ], [ 73.413178940897552, -53.054069521792243 ], [ 73.413473837741677, -53.054073455284644 ], [ 73.413726465863121, -53.053959870673118 ], [ 73.413901316875283, -53.053849926645633 ], [ 73.414054979530206, -53.053894078780893 ], [ 73.414217261432483, -53.053914954876859 ], [ 73.41437521675843, -53.053842210109181 ], [ 73.414569226923646, -53.053844796057156 ], [ 73.414763752043882, -53.05383335410626 ], [ 73.414829267982014, -53.053740664220072 ], [ 73.414870129484186, -53.053685070951722 ], [ 73.415135012022731, -53.053660531487829 ], [ 73.415253819896193, -53.053596620277609 ], [ 73.415455760972478, -53.053594632295805 ], [ 73.415545242328108, -53.05348354866414 ], [ 73.415618344834655, -53.05339563755156 ], [ 73.415753014967748, -53.053322580826347 ], [ 73.41601064901343, -53.053283908445444 ], [ 73.416290534689722, -53.053273600649142 ], [ 73.416303096200295, -53.053142779751873 ], [ 73.416275998942055, -53.053034821585399 ], [ 73.416302880616271, -53.052936938375282 ], [ 73.416632239858998, -53.052847759939119 ], [ 73.416652560396955, -53.052717042282431 ], [ 73.41668355523494, -53.052506938185118 ], [ 73.41646811130849, -53.052242094018503 ], [ 73.41649516346115, -53.052139534879196 ], [ 73.416700400855532, -53.052259220558277 ], [ 73.416832712658717, -53.052462141973812 ], [ 73.416980546097165, -53.052665269791341 ], [ 73.417025222037708, -53.052717323954468 ], [ 73.417124219649835, -53.05277010095817 ], [ 73.417222360657917, -53.052846257216977 ], [ 73.4175959305269, -53.053033675064377 ], [ 73.417814074717342, -53.053013186050805 ], [ 73.417962205016664, -53.052996443642549 ], [ 73.418075354750712, -53.053086833233692 ], [ 73.418101428886985, -53.053222846236942 ], [ 73.418245449538858, -53.053318324336608 ], [ 73.418468615411925, -53.053372751232168 ], [ 73.418612123709394, -53.053482256504367 ], [ 73.418623706322975, -53.053590007844271 ], [ 73.418420737836598, -53.05362005642133 ], [ 73.41813708225952, -53.053733238325847 ], [ 73.418115737993602, -53.053892011455254 ], [ 73.418559849857672, -53.054061651650983 ], [ 73.418547582370053, -53.053972603790633 ], [ 73.418615658821039, -53.053809773719536 ], [ 73.418782963854781, -53.053905560683582 ], [ 73.418918029473218, -53.054033665918901 ], [ 73.419043965963937, -53.054199074826528 ], [ 73.419294697740057, -53.05413691286261 ], [ 73.419246193776857, -53.053977211376207 ], [ 73.41942085983743, -53.053871935001652 ], [ 73.419524543190633, -53.054008978839477 ], [ 73.419630793945061, -53.054075884514297 ], [ 73.419804665077407, -53.054204504265655 ], [ 73.419979796704865, -53.054510909990377 ], [ 73.420170047061035, -53.0546163560171 ], [ 73.420342318925819, -53.05457654052011 ], [ 73.420482009018784, -53.054578395446768 ], [ 73.420501357119804, -53.054686249668741 ], [ 73.420683164902741, -53.054810295333759 ], [ 73.420930649339994, -53.054836971536474 ], [ 73.42095112891991, -53.054701577222893 ], [ 73.42103112833243, -53.054637145121632 ], [ 73.420995061016939, -53.054561816070148 ], [ 73.421122820096798, -53.054465270852191 ], [ 73.421392046143922, -53.054534337970836 ], [ 73.4217380243078, -53.054627813540925 ], [ 73.421864756677266, -53.054559322773002 ], [ 73.421667083628421, -53.054444424705416 ], [ 73.421573887454301, -53.054232671647419 ], [ 73.421502777174851, -53.05405395858827 ], [ 73.421318577091739, -53.053995376424808 ], [ 73.42105174796896, -53.053860846909814 ], [ 73.421174240802458, -53.053483543072261 ], [ 73.421286236230983, -53.053180950095417 ], [ 73.421371189017407, -53.052980917312453 ], [ 73.421393546313055, -53.052794088222193 ], [ 73.421122724889784, -53.052556586624512 ], [ 73.420572434806601, -53.052530568675877 ], [ 73.420336422793241, -53.052190608219988 ], [ 73.420072920458622, -53.052177752369225 ], [ 73.419692442395942, -53.051966859787591 ], [ 73.418961567642953, -53.051784056225166 ], [ 73.418291923069475, -53.051625453068162 ], [ 73.417573496335251, -53.05152701308738 ], [ 73.417200282186712, -53.05133024348585 ], [ 73.417176268280102, -53.051138119852055 ], [ 73.417097935297619, -53.050945273381906 ], [ 73.416891160421216, -53.050867671214363 ], [ 73.416433453982265, -53.050646383848218 ], [ 73.415732584191844, -53.050281511785933 ], [ 73.415028084687123, -53.04980431151472 ], [ 73.414654688963168, -53.049401692633154 ], [ 73.414265266079042, -53.049012893307584 ], [ 73.413930371110155, -53.048830658451458 ], [ 73.413348863403755, -53.048387834881652 ], [ 73.413369706761458, -53.048243090163922 ], [ 73.41338399288567, -53.048065510900955 ], [ 73.413319483224541, -53.047919627641299 ], [ 73.413142878798965, -53.047655295100995 ], [ 73.412794026862656, -53.047430767329885 ], [ 73.412273101051909, -53.047241366969352 ], [ 73.411775995779578, -53.047248764872023 ], [ 73.411369421398192, -53.047327542183062 ], [ 73.411045254044211, -53.047276430635961 ], [ 73.410755835133372, -53.047190516705037 ], [ 73.410269661742277, -53.047046193911228 ], [ 73.409586326507835, -53.046840576458052 ], [ 73.409166634756176, -53.046643159592598 ], [ 73.409065929264131, -53.046426617431372 ], [ 73.408761251221449, -53.046268162649113 ], [ 73.408765729553181, -53.046146590462925 ], [ 73.408780894920511, -53.045945632563047 ], [ 73.408758643403672, -53.045706748831641 ], [ 73.408833985162133, -53.045558055682221 ], [ 73.408990713050471, -53.045518048782064 ], [ 73.409089339980653, -53.045580184043885 ], [ 73.409183135587142, -53.045562725923034 ], [ 73.409435896724844, -53.045444474119805 ], [ 73.40963779974247, -53.045442495725631 ], [ 73.409795903500836, -53.045365080906279 ], [ 73.409782967686425, -53.045294735597437 ], [ 73.40959658306744, -53.045296921733218 ], [ 73.409486926169365, -53.045323524395677 ], [ 73.409109325211389, -53.045248302136869 ], [ 73.408707587892096, -53.045196146554126 ], [ 73.408448611229915, -53.045061693088073 ], [ 73.408220499015229, -53.044932330259222 ], [ 73.408087044044507, -53.04476213046852 ], [ 73.408091351721993, -53.044645234144156 ], [ 73.408211350847367, -53.044548598793 ], [ 73.408193415841907, -53.044403335834531 ], [ 73.40792599755423, -53.044287480839905 ], [ 73.407768063418558, -53.044149700109969 ], [ 73.407837198101419, -53.043958821021619 ], [ 73.407943401847987, -53.043815219672865 ], [ 73.407820294827033, -53.043574985634898 ], [ 73.4077104657229, -53.043395745292074 ], [ 73.408028387385201, -53.043194161908914 ], [ 73.408370442712908, -53.042969509838258 ], [ 73.408556120944667, -53.042775511663571 ], [ 73.408623871940847, -53.042622038878214 ], [ 73.408915064548751, -53.042513658733 ], [ 73.409165914456054, -53.042446841740571 ], [ 73.409610721832152, -53.04238261786017 ], [ 73.409858300012786, -53.042404640703204 ], [ 73.410130185907974, -53.042398918996035 ], [ 73.410421717377588, -53.042281183398629 ], [ 73.410480842507852, -53.042150985102104 ], [ 73.410566338479867, -53.041936932310563 ], [ 73.410497701450268, -53.041692750761584 ], [ 73.410419053941723, -53.041298734249914 ], [ 73.410813515128808, -53.041336752581167 ], [ 73.41166205301306, -53.041058041326288 ], [ 73.411669960258706, -53.040842951579918 ], [ 73.411988728259132, -53.04082849542781 ], [ 73.412568349512313, -53.040897048947237 ], [ 73.412694396086991, -53.041057788590749 ], [ 73.412898683259669, -53.04099034237268 ], [ 73.41297365875127, -53.040850998051027 ], [ 73.41333605568569, -53.040916649131525 ], [ 73.414399487007586, -53.041232252833332 ], [ 73.414666880621539, -53.041243153611909 ], [ 73.415002710863732, -53.041186813374686 ], [ 73.41534128424864, -53.041055658226036 ], [ 73.415720189165683, -53.040882935938868 ], [ 73.416157727313276, -53.040804556401774 ], [ 73.416576663233727, -53.040810134432782 ], [ 73.41717420636391, -53.040813409864342 ], [ 73.41670074513344, -53.040601269221135 ], [ 73.416210058560523, -53.040435678856717 ], [ 73.415864891467265, -53.040323484444762 ], [ 73.415815900332149, -53.040177809035967 ], [ 73.415414976685724, -53.039681261672982 ], [ 73.414782739373848, -53.039354721950538 ], [ 73.414631526350135, -53.039278224488278 ], [ 73.41412741002074, -53.039023192731655 ], [ 73.413696924724292, -53.03890985425361 ], [ 73.413753909027463, -53.038414729309594 ], [ 73.414058790122922, -53.037932266483622 ], [ 73.413901203997227, -53.036727877695924 ], [ 73.413573516989658, -53.035717702389036 ], [ 73.413341941431966, -53.035260831420871 ], [ 73.413100694614357, -53.034644773346166 ], [ 73.413079221628294, -53.033961474945507 ], [ 73.413118085850769, -53.033325763208495 ], [ 73.413349144818739, -53.033006824760079 ], [ 73.413617334582824, -53.032621342727964 ], [ 73.414009384035737, -53.032088582720974 ], [ 73.414372487673447, -53.031622196997567 ], [ 73.414449162902486, -53.031523710624548 ], [ 73.414759723154702, -53.031307976917276 ], [ 73.415186755736215, -53.030878599001561 ], [ 73.415286304563836, -53.03049163786855 ], [ 73.414718518653814, -53.030315656668293 ], [ 73.414558345175536, -53.030028153333376 ], [ 73.414929742419702, -53.029845977387218 ], [ 73.415080668443039, -53.029539229947908 ], [ 73.415365200301409, -53.029397998457952 ], [ 73.415508065465289, -53.029311016864405 ], [ 73.416011177850507, -53.029345788031705 ], [ 73.416335559943704, -53.029387533454766 ], [ 73.416299645838137, -53.029097008949677 ], [ 73.416322649170908, -53.028680958549863 ], [ 73.416745798122577, -53.028780156083663 ], [ 73.416822721293968, -53.029010410247317 ], [ 73.417081800479977, -53.029140169415349 ], [ 73.417315558653286, -53.029325729004384 ], [ 73.417554059511801, -53.029169845221972 ], [ 73.41767484985067, -53.029049820161809 ], [ 73.417836013627621, -53.029098746037384 ], [ 73.418013887701136, -53.029115146831614 ], [ 73.418239952980556, -53.028874889306799 ], [ 73.418215602628109, -53.028692117017343 ], [ 73.418657631281647, -53.028487478159086 ], [ 73.419103991331227, -53.028376458537934 ], [ 73.419432975958131, -53.028467269161844 ], [ 73.41950129290916, -53.028450642993803 ], [ 73.419535583647459, -53.028457045712877 ], [ 73.420110714362039, -53.028431940535 ], [ 73.420829447673867, -53.028511659136001 ], [ 73.421607157521223, -53.028676363069827 ], [ 73.422493627310729, -53.028837826449049 ], [ 73.423489540286553, -53.028977343248627 ], [ 73.424431508705297, -53.029106780672969 ], [ 73.425495365129422, -53.029298640475645 ], [ 73.425920414935831, -53.029346370605154 ], [ 73.426559912034662, -53.029471787199327 ], [ 73.427125084820219, -53.029507332348665 ], [ 73.427121511588837, -53.029605526414592 ], [ 73.428079697593489, -53.029716436639525 ], [ 73.428790201837202, -53.029810032593517 ], [ 73.428972950230161, -53.029906010015388 ], [ 73.429182366656406, -53.029908776260505 ], [ 73.429460059481102, -53.029954547229565 ], [ 73.430260928027351, -53.030124178169828 ], [ 73.431003147807559, -53.030199466824875 ], [ 73.431862731741816, -53.030248229502405 ], [ 73.432626868891703, -53.030361222222346 ], [ 73.433072155043902, -53.0304934001433 ], [ 73.433364182109429, -53.030572097882093 ], [ 73.433781497368216, -53.030619697887943 ], [ 73.433982046083216, -53.030653136714584 ], [ 73.434059270348854, -53.030663509944041 ], [ 73.434198037178859, -53.030688727748853 ], [ 73.434313704497953, -53.030708963194741 ], [ 73.434383172692762, -53.03071923403936 ], [ 73.434429202556544, -53.030733874452231 ], [ 73.434459381046594, -53.030757662487801 ], [ 73.434583411871344, -53.030761244384649 ], [ 73.43510830346618, -53.030838324592601 ], [ 73.435150510489379, -53.030958562695474 ], [ 73.435153357333803, -53.031094266570676 ], [ 73.435000567784982, -53.031241956935702 ], [ 73.434887067418828, -53.031376129711553 ], [ 73.434613390117818, -53.031433343719726 ], [ 73.434461444378741, -53.031557653746482 ], [ 73.434103932256008, -53.031786854617344 ], [ 73.433954318591873, -53.032060895584621 ], [ 73.433681504665088, -53.032522389165401 ], [ 73.433524259012742, -53.03300684591094 ], [ 73.433443391496695, -53.03352505557713 ], [ 73.433479763005991, -53.033806223743376 ], [ 73.433668978630536, -53.033724509171677 ], [ 73.43387523228472, -53.033600915306835 ], [ 73.434034604960999, -53.033486060112516 ], [ 73.434132938869624, -53.033342332160359 ], [ 73.433962797615536, -53.033326057451326 ], [ 73.433968050150028, -53.033181103922352 ], [ 73.433759295225826, -53.033159642305648 ], [ 73.433815795458557, -53.033099570400644 ], [ 73.434013780656969, -53.032989901869577 ], [ 73.434297766327774, -53.032862652633284 ], [ 73.434670291728992, -53.032647683231602 ], [ 73.43518073993674, -53.032481309004851 ], [ 73.43548324925888, -53.032485288921038 ], [ 73.435719305137383, -53.032610025939469 ], [ 73.435813203343415, -53.032803065128306 ], [ 73.435844540730869, -53.033009315902582 ], [ 73.435622922173721, -53.03334322780789 ], [ 73.435893536499421, -53.033585372753201 ], [ 73.435890828812219, -53.033660187541948 ], [ 73.436190808509423, -53.033734304586787 ], [ 73.436300224992834, -53.033927547378767 ], [ 73.436727700934725, -53.033909776319369 ], [ 73.43691621181776, -53.034061954803221 ], [ 73.4370578440099, -53.034222873223158 ], [ 73.437283620627667, -53.034417644163582 ], [ 73.437601319713892, -53.034431174495332 ], [ 73.437674851714903, -53.034329221199769 ], [ 73.437618712477217, -53.034164748525527 ], [ 73.437418235214579, -53.033914172830329 ], [ 73.437399360269325, -53.03379229296884 ], [ 73.437568152347623, -53.033845970206507 ], [ 73.437548600797243, -53.033742794076133 ], [ 73.437545577375147, -53.033611766187448 ], [ 73.43773157299627, -53.033618887721133 ], [ 73.43779667033111, -53.033535536143965 ], [ 73.438111169001587, -53.033422713098247 ], [ 73.438479456859397, -53.033324629924628 ], [ 73.438678951762995, -53.033172870175697 ], [ 73.438902716244399, -53.033208554604876 ], [ 73.439330015333752, -53.033195450060369 ], [ 73.439700644483707, -53.033462289382328 ], [ 73.439968596818474, -53.033348850780783 ], [ 73.440284944849338, -53.03318458665737 ], [ 73.440562844097897, -53.033010461262187 ], [ 73.440796896584203, -53.032976104811468 ], [ 73.440990307215714, -53.033207869537947 ], [ 73.441132457929399, -53.033354755411764 ], [ 73.441357237296842, -53.03336237962565 ], [ 73.441668522129689, -53.033338389893558 ], [ 73.442096327540554, -53.033311247600203 ], [ 73.442523795423085, -53.033293455642472 ], [ 73.443112134837577, -53.033333905942129 ], [ 73.443305054239588, -53.033579694816339 ], [ 73.443645672362081, -53.03338767061949 ], [ 73.443775854924056, -53.033436155606402 ], [ 73.443841625719571, -53.033549291694314 ], [ 73.443850067948048, -53.033745884248184 ], [ 73.4439969441312, -53.033761840395677 ], [ 73.44424617526289, -53.033737032026288 ], [ 73.444272658122898, -53.033863688356099 ], [ 73.444118206084354, -53.034058149951505 ], [ 73.444037606105738, -53.034141302100004 ], [ 73.444121249441366, -53.034189177811484 ], [ 73.44425649866831, -53.034312578841202 ], [ 73.444509282288465, -53.034404769978075 ], [ 73.444782965850095, -53.034347533267194 ], [ 73.444818049015467, -53.0344509111954 ], [ 73.444679800452207, -53.034842067415866 ], [ 73.44471961176562, -53.035029713778982 ], [ 73.44509128160486, -53.035053286108401 ], [ 73.445517231891813, -53.034862372169101 ], [ 73.446006580221123, -53.034634859967369 ], [ 73.446139146179561, -53.03483307403274 ], [ 73.446134102275963, -53.034973352414518 ], [ 73.446460574409159, -53.034958904799886 ], [ 73.447022112841651, -53.034882031950886 ], [ 73.447244073872795, -53.035184331123148 ], [ 73.447747985740349, -53.035415459802017 ], [ 73.44782152712834, -53.035528694994994 ], [ 73.44820670271551, -53.03560857150233 ], [ 73.448361512088539, -53.035619947576826 ], [ 73.448553394024344, -53.035463393988493 ], [ 73.448923988973803, -53.035084620179383 ], [ 73.449418098834784, -53.035156557129746 ], [ 73.449914558507047, -53.03516302867996 ], [ 73.450482464901739, -53.034908453186887 ], [ 73.450835847864354, -53.034576230659169 ], [ 73.450842124098315, -53.033968154173451 ], [ 73.45109638041221, -53.033803052704428 ], [ 73.451596611503533, -53.034137036239315 ], [ 73.452205114327057, -53.034481782999286 ], [ 73.452407911637991, -53.034886742013988 ], [ 73.452121726033013, -53.035509888318842 ], [ 73.452056423180238, -53.036032989910176 ], [ 73.452534139636612, -53.036563157944819 ], [ 73.452618857014428, -53.036798167051863 ], [ 73.453129177420152, -53.036851586771249 ], [ 73.453542727505521, -53.037006665077129 ], [ 73.454027833699499, -53.037331084965707 ], [ 73.454333119507041, -53.037475396883444 ], [ 73.454525657327892, -53.037300129758584 ], [ 73.454726685673535, -53.037321454341694 ], [ 73.455044145372113, -53.037559485297265 ], [ 73.455093835288508, -53.037906312752789 ], [ 73.455705092690522, -53.038176226570464 ], [ 73.45594498612131, -53.03841324786444 ], [ 73.456275971490371, -53.038707588603607 ], [ 73.456234916451976, -53.038987743748407 ], [ 73.456552730656384, -53.039216418833433 ], [ 73.456525188421224, -53.039552886997882 ], [ 73.456169657239172, -53.039510847629302 ], [ 73.455920064877191, -53.039545032695706 ], [ 73.455897530584323, -53.039741221745807 ], [ 73.455327448639522, -53.03962154415413 ], [ 73.454460765807454, -53.039114402980857 ], [ 73.454743526209981, -53.039454902651947 ], [ 73.454997934110736, -53.039720183173849 ], [ 73.455796078518972, -53.039973811272198 ], [ 73.45635781362833, -53.040327284876788 ], [ 73.456998322488232, -53.0402139645131 ], [ 73.457052372298065, -53.040439216030919 ], [ 73.456566021514959, -53.040582606047522 ], [ 73.456444377095693, -53.040945921753945 ], [ 73.456922048417781, -53.041045682462702 ], [ 73.457438100707151, -53.040940101239165 ], [ 73.457566397903037, -53.041259878009882 ], [ 73.458035063716295, -53.041612136476765 ], [ 73.458489888643911, -53.041917432353117 ], [ 73.458664080040009, -53.042256515140146 ], [ 73.45890701432883, -53.042409363164978 ], [ 73.458967575551242, -53.042017184944577 ], [ 73.458959730802263, -53.041801889337655 ], [ 73.458418143463746, -53.041317701817107 ], [ 73.458306691109499, -53.040960719301175 ], [ 73.458688393751643, -53.040820362158989 ], [ 73.459433653350416, -53.041648424229322 ], [ 73.460554200385559, -53.042735015293701 ], [ 73.461538923537645, -53.044059298153378 ], [ 73.462082219069842, -53.044976109363972 ], [ 73.462863206397358, -53.046096656399087 ], [ 73.464425181052405, -53.047590719112634 ], [ 73.465172212409158, -53.04915269376766 ], [ 73.466530451239635, -53.05061280051045 ], [ 73.46839802963153, -53.05268411472688 ], [ 73.470265608023425, -53.053702793849766 ], [ 73.471657802824666, -53.054483781177275 ], [ 73.473457469275047, -53.055570372241654 ], [ 73.474908448359102, -53.056110933076909 ], [ 73.474906018065809, -53.05613280571653 ], [ 73.476512645181344, -53.057632324357698 ], [ 73.477797946873778, -53.05902473452452 ], [ 73.479190357040565, -53.061166904011891 ], [ 73.480154333309898, -53.062237988755577 ], [ 73.481118309579216, -53.064380158242962 ], [ 73.482832045169118, -53.067057870102204 ], [ 73.484974214656503, -53.070485341282016 ], [ 73.486045299400203, -53.072199076871918 ], [ 73.48668795024642, -53.073484378564366 ], [ 73.488723011259438, -53.075626548051737 ], [ 73.491186506169925, -53.077554500590374 ], [ 73.492578916336726, -53.078839802282801 ], [ 73.493328675657324, -53.08087486329584 ], [ 73.494292651926628, -53.082588598885742 ], [ 73.495363736670328, -53.083873900578162 ], [ 73.496220604465279, -53.084195226001292 ], [ 73.496756146837129, -53.085373419219309 ], [ 73.498041448529548, -53.086765829386124 ], [ 73.498898316324514, -53.087515588706708 ], [ 73.500383130402085, -53.088509400439747 ], [ 73.498574268107859, -53.088020135393158 ], [ 73.490931894927655, -53.085688563914459 ], [ 73.486268751970258, -53.083227460686956 ], [ 73.483937180491566, -53.081543547952329 ], [ 73.483030458249843, -53.081284484454692 ], [ 73.480828418519962, -53.080507293961801 ], [ 73.478885442287705, -53.079859635217709 ], [ 73.476553870808999, -53.078564317729558 ], [ 73.474222299330307, -53.07778712723664 ], [ 73.47176119610279, -53.076750873246112 ], [ 73.470465878614618, -53.076621341497287 ], [ 73.467616180140652, -53.075585087506774 ], [ 73.465414140410772, -53.074289770018602 ], [ 73.4641188229226, -53.073123984279242 ], [ 73.461787251443909, -53.071958198539896 ], [ 73.459973806960463, -53.070403817554094 ], [ 73.456865044988874, -53.068978968317097 ], [ 73.453885814766082, -53.06768365082894 ], [ 73.449999862301581, -53.066388333340797 ], [ 73.445595782841821, -53.065352079350262 ], [ 73.44222795737258, -53.065222547601437 ], [ 73.438763001375904, -53.064995236553777 ], [ 73.436139965178199, -53.064574888857358 ], [ 73.433808393699493, -53.062890976122716 ], [ 73.430958695225527, -53.061725190383385 ], [ 73.428744707633371, -53.061226213739545 ], [ 73.428248363431564, -53.061204429301142 ], [ 73.42817712038358, -53.06123143449652 ], [ 73.427305650313727, -53.061315374153715 ], [ 73.426832105249929, -53.061309202837471 ], [ 73.425331135597503, -53.06133734290237 ], [ 73.420812761496123, -53.061711012931227 ], [ 73.420645750340213, -53.061565034768421 ], [ 73.420506316005728, -53.06134331102448 ], [ 73.420086947267194, -53.061131904119115 ], [ 73.41960457382487, -53.060732533111114 ], [ 73.418880516621172, -53.060147500604572 ], [ 73.418136159324874, -53.059693181561194 ], [ 73.417737189486942, -53.059561565823664 ], [ 73.417216096299683, -53.059372186219228 ], [ 73.416571384965934, -53.059377640950309 ], [ 73.416242789904217, -53.05923292242398 ], [ 73.415884009402234, -53.059064410299271 ], [ 73.41570515521984, -53.059071384768075 ], [ 73.414848072446475, -53.058727818918527 ], [ 73.414764722311148, -53.05846005398778 ], [ 73.414880417600173, -53.058269791729039 ], [ 73.414821932894583, -53.058170771366811 ], [ 73.414862798717138, -53.058115178172748 ], [ 73.414814650343729, -53.057946123357212 ], [ 73.414547989319928, -53.057806903450931 ], [ 73.414507775281976, -53.057633276095054 ], [ 73.414598984471198, -53.057475434755048 ], [ 73.414334559256574, -53.057275428238789 ], [ 73.414153103138432, -53.057142021266095 ], [ 73.413921271634067, -53.056900344986609 ], [ 73.413710664154721, -53.056715089016265 ], [ 73.413601465343604, -53.056517150634079 ], [ 73.413534537845194, -53.056436729576824 ], [ 73.413258411185396, -53.056344161903475 ], [ 73.412978305582811, -53.056148621248944 ], [ 73.41266939385676, -53.055891879609625 ], [ 73.412426034623721, -53.055752965720167 ], [ 73.411933130351841, -53.055643467185881 ], [ 73.411888607251129, -53.05537621830895 ], [ 73.411882887788465, -53.055109487456733 ], [ 73.41177542101579, -53.054864788906244 ], [ 73.41191474500242, -53.054665488582842 ], [ 73.412017351528391, -53.054620076875594 ], [ 73.412290345663834, -53.054586295695863 ], [ 73.412460062937541, -53.054518470206887 ], [ 73.412471588220043, -53.054513864248236 ], [ 73.412390691976896, -53.054391152724925 ], [ 73.412303296117514, -53.054434302193712 ] ] ] } },
{ "type": "Feature", "properties": { "RGIId": "RGI60-19.00023", "name_1": "Brown", "grid_pixels": 238.0, "observed_pixels": 238.0, "retained_pixels": 154.0, "coverage_percent": 64.705882352941174, "median_speed_m_yr": 207.6824951171875, "pixel_speed_p25_m_yr": 81.431297302246094, "pixel_speed_p75_m_yr": 281.19158935546875, "median_retained_pairs": 14.0, "minimum_elevation_m": 170.25677490234375, "lower_third_limit_m": 521.8055419921875, "upper_third_limit_m": 873.35430908203125, "maximum_elevation_m": 1224.903076171875, "lower_third_speed_m_yr": 39.573261260986328, "lower_third_coverage_percent": 38.46153846153846, "lower_third_retained_pixels": 25.0, "middle_third_speed_m_yr": 235.0517578125, "middle_third_coverage_percent": 66.666666666666671, "middle_third_retained_pixels": 86.0, "upper_third_speed_m_yr": 224.66197204589844, "upper_third_coverage_percent": 97.727272727272734, "upper_third_retained_pixels": 43.0, "lower_upper_speed_ratio": 0.17614579316922185, "speed_rank": 7, "year_balanced_speed_m_yr": 217.21957397460938, "retained_pixels_with_all_6_years_percent": 52.597402597402599, "retained_pixels_with_at_least_5_years_percent": 76.623376623376629, "year_balanced_change_percent": 4.5921438164735262, "status": "analysed" }, "geometry": { "type": "Polygon", "coordinates": [ [ [ 73.618003380364442, -53.079222549996949 ], [ 73.618917899964941, -53.079775817007913 ], [ 73.618839679547804, -53.079307108157174 ], [ 73.619057099204255, -53.078909061799948 ], [ 73.619350500535958, -53.078832032517205 ], [ 73.619941835161939, -53.078852095004024 ], [ 73.620461525139945, -53.07912008971698 ], [ 73.620988993270302, -53.079144915806665 ], [ 73.621675360913017, -53.079059308044521 ], [ 73.621977026807897, -53.079343482452927 ], [ 73.622150263040069, -53.079757153225358 ], [ 73.622876656533293, -53.079391321520383 ], [ 73.623207579010725, -53.078758941859903 ], [ 73.623982351507649, -53.078824039929202 ], [ 73.624679022806632, -53.078902264284324 ], [ 73.625417057580876, -53.078901436269255 ], [ 73.626522013258239, -53.07884402539171 ], [ 73.627791829161168, -53.078732369476256 ], [ 73.629314446280432, -53.078487950232123 ], [ 73.629805119610992, -53.078203565096125 ], [ 73.630066236463009, -53.077808941198249 ], [ 73.630492399077738, -53.077598658608352 ], [ 73.630851834707514, -53.077532624881648 ], [ 73.631249057978479, -53.077499770783646 ], [ 73.631425236505109, -53.077333389084373 ], [ 73.631931024656083, -53.077306459342125 ], [ 73.632498046087832, -53.077308299219162 ], [ 73.633036820699076, -53.077220929827511 ], [ 73.633891308120766, -53.077221387140071 ], [ 73.634830771010769, -53.077236847273603 ], [ 73.635577578654917, -53.077203311002144 ], [ 73.636543736592316, -53.077111469666519 ], [ 73.637364502816126, -53.077195719665617 ], [ 73.637693926060109, -53.077587765736922 ], [ 73.637764346807728, -53.0778177939887 ], [ 73.637797948668364, -53.078229842708126 ], [ 73.638552226293768, -53.078944853156543 ], [ 73.638842602373344, -53.079097871105525 ], [ 73.639073214374974, -53.079175356839137 ], [ 73.63912491977743, -53.079260152165716 ], [ 73.639439629576543, -53.079380700931729 ], [ 73.639430536676898, -53.079422698950694 ], [ 73.639687397497738, -53.079406923634608 ], [ 73.639928873971542, -53.07938629392681 ], [ 73.640183671151277, -53.07943598592832 ], [ 73.64048683187788, -53.079430093975645 ], [ 73.640566951576901, -53.079599417251956 ], [ 73.640867314661591, -53.079682374317692 ], [ 73.641073163091093, -53.079806353257759 ], [ 73.641215452185946, -53.079728452184689 ], [ 73.64138206901157, -53.079618082728331 ], [ 73.641760717221942, -53.079435285491584 ], [ 73.641646438488266, -53.079363811048033 ], [ 73.641876356471982, -53.079216739519026 ], [ 73.642437730479401, -53.078905041623166 ], [ 73.642633050024983, -53.078869845848757 ], [ 73.643129936063119, -53.078632257028467 ], [ 73.643378437202529, -53.078635090433281 ], [ 73.643413001870968, -53.078771146409451 ], [ 73.643871912271891, -53.078752987407498 ], [ 73.644018284620671, -53.078792079462318 ], [ 73.644021200732425, -53.078946486577564 ], [ 73.644296674127318, -53.078832675505538 ], [ 73.644425185809652, -53.078698477699803 ], [ 73.644689953237446, -53.078678103687835 ], [ 73.645025492544235, -53.078630467017405 ], [ 73.645258902999629, -53.078619090665704 ], [ 73.645571584638986, -53.078557158232542 ], [ 73.646051745982206, -53.078356790890666 ], [ 73.646259520581594, -53.078172035040637 ], [ 73.646108610661571, -53.078029978199133 ], [ 73.646135722156686, -53.077908658774945 ], [ 73.646373382664464, -53.077761666727859 ], [ 73.646672285478147, -53.077643438733226 ], [ 73.646858364044832, -53.077654910917595 ], [ 73.647163857405218, -53.077574180608771 ], [ 73.647541144245821, -53.07743345160776 ], [ 73.648041210459297, -53.077340896443452 ], [ 73.648330145074851, -53.077540654735202 ], [ 73.648579665655959, -53.077510742920119 ], [ 73.64867475516067, -53.077451008910153 ], [ 73.64888134280298, -53.077303659012216 ], [ 73.649116941141642, -53.077222130047424 ], [ 73.649498032456179, -53.077207743931886 ], [ 73.649808356807995, -53.077220621589781 ], [ 73.650111208505933, -53.077224057675075 ], [ 73.650328786797388, -53.077221847797617 ], [ 73.650671196862987, -53.07720234117695 ], [ 73.650907977652452, -53.077331331824034 ], [ 73.650944904321264, -53.077392564405919 ], [ 73.651183441059644, -53.077465438475265 ], [ 73.651430474836175, -53.077515018394145 ], [ 73.651558980894421, -53.077628746574 ], [ 73.651791361669368, -53.077650091723299 ], [ 73.651983162046477, -53.077727112618426 ], [ 73.651971159914936, -53.077862638447833 ], [ 73.652123987661085, -53.077943895581377 ], [ 73.652355055984501, -53.078007326686347 ], [ 73.652520641542537, -53.078177609648336 ], [ 73.652662055372602, -53.078375686630253 ], [ 73.653145714885611, -53.078310992202965 ], [ 73.653676550357403, -53.078228117625713 ], [ 73.65408783660061, -53.078242126356834 ], [ 73.653865438951598, -53.078398662337335 ], [ 73.653530234265247, -53.078684905245545 ], [ 73.653320444770998, -53.078935142715345 ], [ 73.653062306325026, -53.079240968440004 ], [ 73.652679034372426, -53.079573444780074 ], [ 73.653268947923422, -53.079589478675082 ], [ 73.653730814421479, -53.07972568877296 ], [ 73.653487914054466, -53.080041043771253 ], [ 73.653853676422912, -53.080269725629329 ], [ 73.653338554723973, -53.080843967899483 ], [ 73.652946454225713, -53.080961157619392 ], [ 73.65306277117115, -53.08071921880655 ], [ 73.652551379158766, -53.080676005194832 ], [ 73.652221991041088, -53.08077519068182 ], [ 73.651718824741138, -53.080965966203102 ], [ 73.650843464254237, -53.081133808335757 ], [ 73.649937325068578, -53.081291938878358 ], [ 73.649343290765501, -53.081406825574291 ], [ 73.648637011268178, -53.081632706478601 ], [ 73.648006628494244, -53.081915581459896 ], [ 73.647312054301025, -53.082263215344845 ], [ 73.646503458020732, -53.082777956078736 ], [ 73.645411430624989, -53.08341109312876 ], [ 73.644351025536224, -53.084025868529459 ], [ 73.643735819147011, -53.084318249960241 ], [ 73.642874128482447, -53.084542325568471 ], [ 73.641901633257461, -53.084830622356819 ], [ 73.641095870581054, -53.085251799158094 ], [ 73.640043909631714, -53.085595309319736 ], [ 73.638434482116665, -53.085876297285523 ], [ 73.637501266969196, -53.08590304006055 ], [ 73.636785525473272, -53.085932266990888 ], [ 73.636021111276136, -53.086026423683847 ], [ 73.63547446519182, -53.086113716727866 ], [ 73.635208020616375, -53.086185509174051 ], [ 73.634724395021465, -53.086245453560018 ], [ 73.634224937974224, -53.086314570282326 ], [ 73.633940290450184, -53.086470354920692 ], [ 73.634316365557751, -53.086371755514193 ], [ 73.634303929287071, -53.086764564455642 ], [ 73.634303772132725, -53.086769528235109 ], [ 73.634203705951009, -53.086769527479696 ], [ 73.63176531768076, -53.086769527479703 ], [ 73.629692687651058, -53.087013366306742 ], [ 73.627498138207841, -53.087622963374265 ], [ 73.624693991697058, -53.088354479855369 ], [ 73.620670651051157, -53.089207915749952 ], [ 73.616159632751206, -53.090670948712102 ], [ 73.610063662075589, -53.092255901087754 ], [ 73.606040321429688, -53.092987417568828 ], [ 73.604333449640521, -53.093231256395875 ], [ 73.603358094332421, -53.093962772876907 ], [ 73.600919706062186, -53.095303886425562 ], [ 73.598359398378435, -53.096157322320131 ], [ 73.596408687762235, -53.096766919387683 ], [ 73.593273605670433, -53.097671530108784 ], [ 73.592836271974491, -53.097672885935111 ], [ 73.591531911221736, -53.097620355282295 ], [ 73.590999926468143, -53.097604714747845 ], [ 73.589820421066932, -53.097295374603746 ], [ 73.589812130164916, -53.097294108404228 ], [ 73.591653830635266, -53.097010758214722 ], [ 73.592834962599284, -53.096078310919943 ], [ 73.593031003948937, -53.096406091529467 ], [ 73.592599064366738, -53.096814229501135 ], [ 73.592857344395114, -53.09710957889115 ], [ 73.59381836034909, -53.096395238804362 ], [ 73.593960479758366, -53.096144939186694 ], [ 73.595051091721288, -53.095563149205496 ], [ 73.595289690436474, -53.094920900097755 ], [ 73.593817739633209, -53.095387316442519 ], [ 73.593054287576024, -53.095905158525177 ], [ 73.593970299491986, -53.09518196701206 ], [ 73.595921010108185, -53.093718934049903 ], [ 73.596530607175751, -53.092377820501255 ], [ 73.597384043070335, -53.090183271058045 ], [ 73.598359398378435, -53.089817512817497 ], [ 73.599456673100036, -53.088720238095902 ], [ 73.601163544889204, -53.087501043960771 ], [ 73.602016980783787, -53.087013366306714 ], [ 73.606893757324286, -53.084453058622962 ], [ 73.611039017383689, -53.082502348006756 ], [ 73.614696599789056, -53.08079547621761 ], [ 73.617070175559675, -53.079251872184528 ], [ 73.617070450194078, -53.079251712886389 ], [ 73.617070610259617, -53.079251692099319 ], [ 73.618071505922131, -53.079121736012922 ], [ 73.618003380364442, -53.079222549996949 ] ], [ [ 73.60158927077083, -53.090157098645101 ], [ 73.602028976566203, -53.090021156665699 ], [ 73.60176610217259, -53.089866881082976 ], [ 73.601129815022361, -53.089869482522325 ], [ 73.600805951548068, -53.090047099864179 ], [ 73.60158927077083, -53.090157098645101 ] ] ] } }
]
}
